{
  "summary": {
    "successRate": 1,
    "total": 10.000406984,
    "slowest": 0.005236292,
    "fastest": 0.000132951,
    "average": 0.0009699210084601883,
    "requestsPerSec": 51462.50555836379,
    "totalData": 6690398,
    "sizePerRequest": 13,
    "sizePerSec": 669012.5722587293
  },
  "responseTimeHistogram": {
    "0.000132951": 1,
    "0.0006432851": 20740,
    "0.0011536192000000001": 472148,
    "0.0016639533000000002": 21458,
    "0.0021742874": 142,
    "0.0026846215": 82,
    "0.0031949556000000004": 31,
    "0.0037052897000000003": 16,
    "0.0042156238": 21,
    "0.0047259579": 4,
    "0.005236292": 3
  },
  "latencyPercentiles": {
    "p10": 0.00082949,
    "p25": 0.000907414,
    "p50": 0.000987576,
    "p75": 0.001049134,
    "p90": 0.001100736,
    "p95": 0.001142671,
    "p99": 0.001249195
  },
  "rps": {
    "mean": 51465.24391160859,
    "stddev": 4210.307711655643,
    "max": 76961.1302257396,
    "percentiles": {
      "p10": 49012.601139753024,
      "p25": 49817.22181358111,
      "p50": 50628.19976550724,
      "p75": 51570.80249787118,
      "p90": 55196.10746230993,
      "p95": 60426.21893639623,
      "p99": 68561.0879293467
    }
  },
  "details": {
    "DNSDialup": {
      "average": 0.0008010488400000001,
      "fastest": 0.000095017,
      "slowest": 0.001692133
    },
    "DNSLookup": {
      "average": 0.000009973680000000001,
      "fastest": 0.000003357,
      "slowest": 0.00019086
    }
  },
  "statusCodeDistribution": {
    "200": 514646
  },
  "errorDistribution": {}
}