{
  "summary": {
    "successRate": 1,
    "total": 10.001249725,
    "slowest": 0.016203671,
    "fastest": 0.000920361,
    "average": 0.0032172862764876507,
    "requestsPerSec": 15509.06179377498,
    "totalData": 2016430,
    "sizePerRequest": 13,
    "sizePerSec": 201617.80331907474
  },
  "responseTimeHistogram": {
    "0.000920361": 1,
    "0.0024486919999999997": 7958,
    "0.003977023": 138193,
    "0.005505354": 7517,
    "0.007033685": 1067,
    "0.008562016": 179,
    "0.010090347": 135,
    "0.011618677999999999": 18,
    "0.013147009": 9,
    "0.01467534": 18,
    "0.016203671": 15
  },
  "latencyPercentiles": {
    "p10": 0.002866191,
    "p25": 0.00303185,
    "p50": 0.003148979,
    "p75": 0.003377364,
    "p90": 0.003755999,
    "p95": 0.004050643,
    "p99": 0.005396662
  },
  "rps": {
    "mean": 15518.193095341336,
    "stddev": 2285.160717297425,
    "max": 27758.520512945845,
    "percentiles": {
      "p10": 13634.59095726056,
      "p25": 14765.774140910602,
      "p50": 15425.13525790308,
      "p75": 16303.276958669398,
      "p90": 17064.186939171665,
      "p95": 19553.261127989575,
      "p99": 24133.714799574253
    }
  },
  "details": {
    "DNSDialup": {
      "average": 0.0006602630400000002,
      "fastest": 0.000078313,
      "slowest": 0.00157468
    },
    "DNSLookup": {
      "average": 0.00003705058,
      "fastest": 0.000003386,
      "slowest": 0.001464543
    }
  },
  "statusCodeDistribution": {
    "200": 155110
  },
  "errorDistribution": {}
}