{
  "summary": {
    "successRate": 1,
    "total": 10.000420665,
    "slowest": 0.022909635,
    "fastest": 0.003172137,
    "average": 0.004179136270858288,
    "requestsPerSec": 11955.197086701752,
    "totalData": 1554241,
    "sizePerRequest": 13,
    "sizePerSec": 155417.56212712277
  },
  "responseTimeHistogram": {
    "0.003172137": 1,
    "0.0051458868": 112047,
    "0.0071196366": 3741,
    "0.0090933864": 1723,
    "0.011067136200000001": 1560,
    "0.013040886000000002": 363,
    "0.0150146358": 39,
    "0.0169883856": 36,
    "0.0189621354": 28,
    "0.0209358852": 13,
    "0.022909635": 6
  },
  "latencyPercentiles": {
    "p10": 0.003401061,
    "p25": 0.003486609,
    "p50": 0.004125616,
    "p75": 0.00426352,
    "p90": 0.004778207,
    "p95": 0.005686211,
    "p99": 0.009931042
  },
  "rps": {
    "mean": 11934.524450223626,
    "stddev": 2189.3008487404304,
    "max": 14514.858623796199,
    "percentiles": {
      "p10": 8936.445220200108,
      "p25": 12111.636860694998,
      "p50": 12666.831858903653,
      "p75": 12988.008311468146,
      "p90": 13311.764241393894,
      "p95": 13698.795800933816,
      "p99": 14040.22169831632
    }
  },
  "details": {
    "DNSDialup": {
      "average": 0.00071675698,
      "fastest": 0.000073617,
      "slowest": 0.001196941
    },
    "DNSLookup": {
      "average": 0.000007609700000000001,
      "fastest": 0.000004058,
      "slowest": 0.000032681
    }
  },
  "statusCodeDistribution": {
    "200": 119557
  },
  "errorDistribution": {}
}