{
  "summary": {
    "successRate": 1,
    "total": 10.000435099,
    "slowest": 0.006465396,
    "fastest": 0.000262484,
    "average": 0.0009692193235346601,
    "requestsPerSec": 51497.95932893939,
    "totalData": 6695026,
    "sizePerRequest": 13,
    "sizePerSec": 669473.4712762121
  },
  "responseTimeHistogram": {
    "0.000262484": 1,
    "0.0008827752": 110022,
    "0.0015030664": 403584,
    "0.0021233576": 1079,
    "0.0027436488": 192,
    "0.0033639399999999997": 66,
    "0.0039842312000000005": 11,
    "0.0046045224": 0,
    "0.0052248136": 8,
    "0.0058451048000000005": 28,
    "0.006465396": 11
  },
  "latencyPercentiles": {
    "p10": 0.000760462,
    "p25": 0.000900614,
    "p50": 0.000991217,
    "p75": 0.001065343,
    "p90": 0.001122561,
    "p95": 0.001169152,
    "p99": 0.001291403
  },
  "rps": {
    "mean": 51489.97360037205,
    "stddev": 5877.482718454785,
    "max": 81682.20497108127,
    "percentiles": {
      "p10": 47910.87576879827,
      "p25": 48819.141985570415,
      "p50": 49749.112323685455,
      "p75": 51227.9602206825,
      "p90": 60114.30720511457,
      "p95": 63398.011007779605,
      "p99": 73652.3299804511
    }
  },
  "details": {
    "DNSDialup": {
      "average": 0.0009145603400000001,
      "fastest": 0.000108046,
      "slowest": 0.001362226
    },
    "DNSLookup": {
      "average": 0.000007624519999999999,
      "fastest": 0.000003897,
      "slowest": 0.000037902
    }
  },
  "statusCodeDistribution": {
    "200": 515002
  },
  "errorDistribution": {}
}