{
  "summary": {
    "successRate": 1,
    "total": 10.000355926,
    "slowest": 0.014012313,
    "fastest": 0.000092433,
    "average": 0.0009542280338802469,
    "requestsPerSec": 52302.93840243462,
    "totalData": 6799624,
    "sizePerRequest": 13,
    "sizePerSec": 679938.1992316501
  },
  "responseTimeHistogram": {
    "0.000092433": 1,
    "0.001484421": 521218,
    "0.002876409": 1701,
    "0.004268397": 71,
    "0.005660385": 30,
    "0.007052373000000001": 22,
    "0.008444361": 2,
    "0.009836349": 0,
    "0.011228337": 2,
    "0.012620325": 0,
    "0.014012313": 1
  },
  "latencyPercentiles": {
    "p10": 0.000761912,
    "p25": 0.000852789,
    "p50": 0.000962804,
    "p75": 0.001061829,
    "p90": 0.001122883,
    "p95": 0.001172817,
    "p99": 0.001318177
  },
  "rps": {
    "mean": 52304.1134129136,
    "stddev": 5989.879310319482,
    "max": 78052.37314237733,
    "percentiles": {
      "p10": 47421.17829822917,
      "p25": 48542.88598489363,
      "p50": 49825.14675156731,
      "p75": 58501.34553094548,
      "p90": 60309.287630304185,
      "p95": 61161.3804183735,
      "p99": 66824.65829891224
    }
  },
  "details": {
    "DNSDialup": {
      "average": 0.0010536016400000004,
      "fastest": 0.000093775,
      "slowest": 0.002364734
    },
    "DNSLookup": {
      "average": 0.00000954212,
      "fastest": 0.000004889,
      "slowest": 0.000030176
    }
  },
  "statusCodeDistribution": {
    "200": 523048
  },
  "errorDistribution": {}
}