{
  "summary": {
    "successRate": 1,
    "total": 10.000632466,
    "slowest": 0.007013003,
    "fastest": 0.000111029,
    "average": 0.0009789199000544966,
    "requestsPerSec": 50985.57533571097,
    "totalData": 6628544,
    "sizePerRequest": 13,
    "sizePerSec": 662812.4793642426
  },
  "responseTimeHistogram": {
    "0.000111029": 1,
    "0.0008012264": 68785,
    "0.0014914237999999998": 438790,
    "0.0021816211999999995": 1966,
    "0.0028718185999999997": 185,
    "0.003562016": 73,
    "0.0042522134": 35,
    "0.0049424108": 1,
    "0.0056326082": 2,
    "0.0063228056": 25,
    "0.007013003": 25
  },
  "latencyPercentiles": {
    "p10": 0.000752615,
    "p25": 0.000897557,
    "p50": 0.000993732,
    "p75": 0.001080496,
    "p90": 0.00114396,
    "p95": 0.00120122,
    "p99": 0.001371306
  },
  "rps": {
    "mean": 50990.46882770082,
    "stddev": 4315.459384376061,
    "max": 66738.7768549091,
    "percentiles": {
      "p10": 47520.966250314916,
      "p25": 48609.717082444615,
      "p50": 50472.20553724135,
      "p75": 53040.42741377141,
      "p90": 56218.839526488366,
      "p95": 58413.19554087622,
      "p99": 62444.76570032255
    }
  },
  "details": {
    "DNSDialup": {
      "average": 0.00056751934,
      "fastest": 0.000083366,
      "slowest": 0.000825228
    },
    "DNSLookup": {
      "average": 0.000007870279999999997,
      "fastest": 0.000003606,
      "slowest": 0.000041718
    }
  },
  "statusCodeDistribution": {
    "200": 509888
  },
  "errorDistribution": {}
}