{
  "summary": {
    "successRate": 1,
    "total": 10.000251889,
    "slowest": 0.005418222,
    "fastest": 0.000125493,
    "average": 0.000989869854582481,
    "requestsPerSec": 50425.929826296204,
    "totalData": 6555536,
    "sizePerRequest": 13,
    "sizePerSec": 655537.0877418506
  },
  "responseTimeHistogram": {
    "0.000125493": 1,
    "0.0006547659": 17615,
    "0.0011840388": 463912,
    "0.0017133117": 22051,
    "0.0022425846": 450,
    "0.0027718574999999997": 124,
    "0.0033011304": 59,
    "0.0038304033": 11,
    "0.0043596762": 7,
    "0.0048889491": 20,
    "0.0054182219999999994": 22
  },
  "latencyPercentiles": {
    "p10": 0.000814841,
    "p25": 0.000917103,
    "p50": 0.001006331,
    "p75": 0.001077535,
    "p90": 0.001135807,
    "p95": 0.001177925,
    "p99": 0.001299034
  },
  "rps": {
    "mean": 50425.20574025359,
    "stddev": 4389.156885397878,
    "max": 69825.52534691572,
    "percentiles": {
      "p10": 47426.70994094924,
      "p25": 48401.6337505488,
      "p50": 49284.47358772918,
      "p75": 51113.96562084805,
      "p90": 57602.353622159164,
      "p95": 58910.433037686904,
      "p99": 63124.40261748981
    }
  },
  "details": {
    "DNSDialup": {
      "average": 0.0006667160599999998,
      "fastest": 0.000078177,
      "slowest": 0.001762378
    },
    "DNSLookup": {
      "average": 0.000007277700000000002,
      "fastest": 0.000003787,
      "slowest": 0.000025739
    }
  },
  "statusCodeDistribution": {
    "200": 504272
  },
  "errorDistribution": {}
}