{
  "summary": {
    "successRate": 1,
    "total": 10.000408403,
    "slowest": 0.009653439,
    "fastest": 0.000224773,
    "average": 0.0009883145640331452,
    "requestsPerSec": 50502.237473470916,
    "totalData": 6565559,
    "sizePerRequest": 13,
    "sizePerSec": 656529.0871551218
  },
  "responseTimeHistogram": {
    "0.000224773": 1,
    "0.0011676396": 468884,
    "0.0021105062000000003": 35525,
    "0.0030533728000000007": 533,
    "0.0039962394000000005": 50,
    "0.004939106": 7,
    "0.005881972600000001": 23,
    "0.006824839200000001": 18,
    "0.007767705800000001": 0,
    "0.0087105724": 1,
    "0.009653439": 1
  },
  "latencyPercentiles": {
    "p10": 0.000755398,
    "p25": 0.000920343,
    "p50": 0.001011994,
    "p75": 0.001085587,
    "p90": 0.001144217,
    "p95": 0.001193726,
    "p99": 0.001326076
  },
  "rps": {
    "mean": 50497.09723151224,
    "stddev": 5355.726980611018,
    "max": 76231.68951332728,
    "percentiles": {
      "p10": 47200.66080925251,
      "p25": 48005.90582885067,
      "p50": 48957.66511828793,
      "p75": 51631.51587729206,
      "p90": 58207.5204116377,
      "p95": 61244.43888466158,
      "p99": 67691.1461282533
    }
  },
  "details": {
    "DNSDialup": {
      "average": 0.00096079062,
      "fastest": 0.000098726,
      "slowest": 0.001904431
    },
    "DNSLookup": {
      "average": 0.000008909520000000001,
      "fastest": 0.000003677,
      "slowest": 0.000052047
    }
  },
  "statusCodeDistribution": {
    "200": 505043
  },
  "errorDistribution": {}
}