{
  "summary": {
    "successRate": 1,
    "total": 10.000172772,
    "slowest": 0.006135142,
    "fastest": 0.000135873,
    "average": 0.0010216704073310685,
    "requestsPerSec": 48854.25593524935,
    "totalData": 6351163,
    "sizePerRequest": 13,
    "sizePerSec": 635105.3271582415
  },
  "responseTimeHistogram": {
    "0.000135873": 1,
    "0.0007357999": 19923,
    "0.0013357268": 464775,
    "0.0019356536999999997": 3407,
    "0.0025355805999999997": 304,
    "0.0031355075": 63,
    "0.0037354343999999994": 0,
    "0.0043353613": 29,
    "0.0049352881999999995": 10,
    "0.005535215099999999": 16,
    "0.006135142": 23
  },
  "latencyPercentiles": {
    "p10": 0.000857994,
    "p25": 0.000950416,
    "p50": 0.001035308,
    "p75": 0.001108443,
    "p90": 0.001157743,
    "p95": 0.001192349,
    "p99": 0.001305101
  },
  "rps": {
    "mean": 48852.89257338564,
    "stddev": 3491.4427908011053,
    "max": 72410.09955637675,
    "percentiles": {
      "p10": 46472.69246484326,
      "p25": 47327.70258663676,
      "p50": 48203.764714024146,
      "p75": 50104.06343954624,
      "p90": 53062.7175092275,
      "p95": 54992.056702919195,
      "p99": 56920.25109500748
    }
  },
  "details": {
    "DNSDialup": {
      "average": 0.0009164969599999999,
      "fastest": 0.000096431,
      "slowest": 0.002091169
    },
    "DNSLookup": {
      "average": 0.000008252260000000001,
      "fastest": 0.000003346,
      "slowest": 0.00003206
    }
  },
  "statusCodeDistribution": {
    "200": 488551
  },
  "errorDistribution": {}
}