{
  "summary": {
    "successRate": 1,
    "total": 10.000675031,
    "slowest": 0.008079067,
    "fastest": 0.000323192,
    "average": 0.0009906923247394977,
    "requestsPerSec": 50377.59935587292,
    "totalData": 6549530,
    "sizePerRequest": 13,
    "sizePerSec": 654908.7916263479
  },
  "responseTimeHistogram": {
    "0.000323192": 1,
    "0.0010987795": 383756,
    "0.001874367": 119494,
    "0.0026499545": 364,
    "0.003425542": 114,
    "0.0042011295": 30,
    "0.004976717": 1,
    "0.0057523045": 13,
    "0.006527892": 23,
    "0.0073034795000000005": 10,
    "0.008079067": 4
  },
  "latencyPercentiles": {
    "p10": 0.000726159,
    "p25": 0.000922585,
    "p50": 0.001014956,
    "p75": 0.00109549,
    "p90": 0.001152013,
    "p95": 0.001200344,
    "p99": 0.0013288
  },
  "rps": {
    "mean": 50372.7217904259,
    "stddev": 5018.40430382071,
    "max": 73501.08046588242,
    "percentiles": {
      "p10": 46392.33534074507,
      "p25": 47554.86880762639,
      "p50": 49011.620655257866,
      "p75": 52747.023971865005,
      "p90": 57028.78242648763,
      "p95": 59808.82285682078,
      "p99": 63832.15864152114
    }
  },
  "details": {
    "DNSDialup": {
      "average": 0.0010372963399999998,
      "fastest": 0.000097262,
      "slowest": 0.002318555
    },
    "DNSLookup": {
      "average": 0.000009672660000000004,
      "fastest": 0.000004238,
      "slowest": 0.00003222
    }
  },
  "statusCodeDistribution": {
    "200": 503810
  },
  "errorDistribution": {}
}