{
  "summary": {
    "successRate": 1,
    "total": 10.000209002,
    "slowest": 0.006851798,
    "fastest": 0.000171703,
    "average": 0.0009752857562739249,
    "requestsPerSec": 51178.5303584798,
    "totalData": 6653348,
    "sizePerRequest": 13,
    "sizePerSec": 665320.8946602374
  },
  "responseTimeHistogram": {
    "0.000171703": 1,
    "0.0008397125": 86288,
    "0.0015077220000000002": 423603,
    "0.0021757315000000004": 1628,
    "0.0028437410000000003": 165,
    "0.0035117505000000003": 61,
    "0.00417976": 0,
    "0.0048477695": 0,
    "0.005515779": 1,
    "0.0061837885000000006": 25,
    "0.006851798": 24
  },
  "latencyPercentiles": {
    "p10": 0.000783236,
    "p25": 0.000890201,
    "p50": 0.000989421,
    "p75": 0.001072884,
    "p90": 0.001135777,
    "p95": 0.001184597,
    "p99": 0.001319278
  },
  "rps": {
    "mean": 51178.07289025001,
    "stddev": 5740.9739086451145,
    "max": 76690.61579023149,
    "percentiles": {
      "p10": 47243.653135493056,
      "p25": 48321.78345998459,
      "p50": 49411.61172875696,
      "p75": 51632.30261221264,
      "p90": 59549.795539036204,
      "p95": 60571.78157254071,
      "p99": 69789.19200751053
    }
  },
  "details": {
    "DNSDialup": {
      "average": 0.0007928329600000002,
      "fastest": 0.00010186,
      "slowest": 0.001124755
    },
    "DNSLookup": {
      "average": 0.00000693488,
      "fastest": 0.000003336,
      "slowest": 0.000028954
    }
  },
  "statusCodeDistribution": {
    "200": 511796
  },
  "errorDistribution": {}
}