{
  "summary": {
    "successRate": 1,
    "total": 10.000380012,
    "slowest": 0.007067769,
    "fastest": 0.000148367,
    "average": 0.000907526907041647,
    "requestsPerSec": 54997.81001722197,
    "totalData": 7149987,
    "sizePerRequest": 13,
    "sizePerSec": 714971.5302238856
  },
  "responseTimeHistogram": {
    "0.000148367": 1,
    "0.0008403072000000001": 155996,
    "0.0015322474": 392795,
    "0.0022241876": 791,
    "0.0029161278": 280,
    "0.003608068": 86,
    "0.0043000082": 2,
    "0.0049919484": 6,
    "0.0056838886": 19,
    "0.0063758288": 22,
    "0.007067769": 1
  },
  "latencyPercentiles": {
    "p10": 0.000596604,
    "p25": 0.000792924,
    "p50": 0.00095004,
    "p75": 0.001042235,
    "p90": 0.001095976,
    "p95": 0.001137493,
    "p99": 0.001270792
  },
  "rps": {
    "mean": 54992.64665060146,
    "stddev": 8352.453754015314,
    "max": 83840.23292487419,
    "percentiles": {
      "p10": 48832.365008591696,
      "p25": 49790.88329928903,
      "p50": 51104.46653038229,
      "p75": 59390.23157883815,
      "p90": 68536.63968757552,
      "p95": 72116.25500387927,
      "p99": 79219.02048681826
    }
  },
  "details": {
    "DNSDialup": {
      "average": 0.0008991700600000001,
      "fastest": 0.000090719,
      "slowest": 0.00192067
    },
    "DNSLookup": {
      "average": 0.000043470920000000006,
      "fastest": 0.000003987,
      "slowest": 0.001834415
    }
  },
  "statusCodeDistribution": {
    "200": 549999
  },
  "errorDistribution": {}
}