{
  "summary": {
    "successRate": 1,
    "total": 10.000289201,
    "slowest": 0.010666863,
    "fastest": 0.000235699,
    "average": 0.0010030882115509465,
    "requestsPerSec": 49760.560919602154,
    "totalData": 6469060,
    "sizePerRequest": 13,
    "sizePerSec": 646887.291954828
  },
  "responseTimeHistogram": {
    "0.000235699": 1,
    "0.0012788154": 488584,
    "0.0023219317999999996": 8827,
    "0.0033650481999999995": 146,
    "0.004408164599999999": 12,
    "0.005451281": 25,
    "0.006494397399999999": 22,
    "0.0075375137999999986": 1,
    "0.0085806302": 1,
    "0.0096237466": 0,
    "0.010666863": 1
  },
  "latencyPercentiles": {
    "p10": 0.000831559,
    "p25": 0.000927808,
    "p50": 0.001017356,
    "p75": 0.001087277,
    "p90": 0.00114936,
    "p95": 0.001199331,
    "p99": 0.001335773
  },
  "rps": {
    "mean": 49757.73834416015,
    "stddev": 4546.860248264562,
    "max": 80556.90539796815,
    "percentiles": {
      "p10": 46987.61213774286,
      "p25": 48081.13123759684,
      "p50": 48820.66090369436,
      "p75": 49896.22796637531,
      "p90": 55130.48835287842,
      "p95": 59966.04598132104,
      "p99": 65097.30093571245
    }
  },
  "details": {
    "DNSDialup": {
      "average": 0.00088428408,
      "fastest": 0.00009123,
      "slowest": 0.002009175
    },
    "DNSLookup": {
      "average": 0.000009374259999999998,
      "fastest": 0.000003316,
      "slowest": 0.000033262
    }
  },
  "statusCodeDistribution": {
    "200": 497620
  },
  "errorDistribution": {}
}