{
  "summary": {
    "successRate": 1,
    "total": 10.000684174,
    "slowest": 0.006548124,
    "fastest": 0.000138029,
    "average": 0.001000097466721566,
    "requestsPerSec": 49901.28588376318,
    "totalData": 6487611,
    "sizePerRequest": 13,
    "sizePerSec": 648716.7164889213
  },
  "responseTimeHistogram": {
    "0.000138029": 1,
    "0.0007790385000000001": 54312,
    "0.0014200480000000001": 441666,
    "0.0020610575": 2662,
    "0.0027020670000000003": 269,
    "0.0033430765000000006": 63,
    "0.003984086": 24,
    "0.0046250955": 0,
    "0.005266105": 22,
    "0.0059071145": 16,
    "0.006548124000000001": 12
  },
  "latencyPercentiles": {
    "p10": 0.000760001,
    "p25": 0.000930358,
    "p50": 0.001022531,
    "p75": 0.001103298,
    "p90": 0.001158682,
    "p95": 0.001204599,
    "p99": 0.001349808
  },
  "rps": {
    "mean": 49894.378403751405,
    "stddev": 5006.284717638963,
    "max": 75856.82085268002,
    "percentiles": {
      "p10": 46207.82564838999,
      "p25": 47292.23173557056,
      "p50": 48372.22446799592,
      "p75": 51877.66085830514,
      "p90": 57095.463313099164,
      "p95": 58735.1294809421,
      "p99": 65248.53165708098
    }
  },
  "details": {
    "DNSDialup": {
      "average": 0.0007308258199999998,
      "fastest": 0.00010259,
      "slowest": 0.001200885
    },
    "DNSLookup": {
      "average": 0.0000072939600000000005,
      "fastest": 0.000003556,
      "slowest": 0.000024836
    }
  },
  "statusCodeDistribution": {
    "200": 499047
  },
  "errorDistribution": {}
}