{
  "summary": {
    "successRate": 1,
    "total": 10.000653915,
    "slowest": 0.006619731,
    "fastest": 0.000235421,
    "average": 0.0010032844930263193,
    "requestsPerSec": 49748.04690059111,
    "totalData": 6467669,
    "sizePerRequest": 13,
    "sizePerSec": 646724.6097076844
  },
  "responseTimeHistogram": {
    "0.000235421": 1,
    "0.0008738519999999999": 68570,
    "0.001512283": 427097,
    "0.0021507139999999998": 1541,
    "0.002789145": 197,
    "0.003427576": 43,
    "0.004066007": 14,
    "0.004704438": 8,
    "0.005342869": 16,
    "0.0059813": 17,
    "0.006619731": 9
  },
  "latencyPercentiles": {
    "p10": 0.000825261,
    "p25": 0.000936041,
    "p50": 0.001019659,
    "p75": 0.001090776,
    "p90": 0.001144671,
    "p95": 0.001192342,
    "p99": 0.001345122
  },
  "rps": {
    "mean": 49746.71462329227,
    "stddev": 3931.2364776024574,
    "max": 72730.37947951091,
    "percentiles": {
      "p10": 46923.639096655126,
      "p25": 47901.94481895991,
      "p50": 48836.091647580695,
      "p75": 51513.77702326968,
      "p90": 54830.33762580923,
      "p95": 56632.951516982284,
      "p99": 60708.84370795078
    }
  },
  "details": {
    "DNSDialup": {
      "average": 0.0007414335599999999,
      "fastest": 0.000079633,
      "slowest": 0.001428041
    },
    "DNSLookup": {
      "average": 0.000006965399999999999,
      "fastest": 0.000003216,
      "slowest": 0.000027141
    }
  },
  "statusCodeDistribution": {
    "200": 497513
  },
  "errorDistribution": {}
}