{
  "summary": {
    "successRate": 1,
    "total": 10.0002439,
    "slowest": 0.006124593,
    "fastest": 0.000230395,
    "average": 0.0010021099545141645,
    "requestsPerSec": 49807.68519055821,
    "totalData": 6475157,
    "sizePerRequest": 13,
    "sizePerSec": 647499.9074772567
  },
  "responseTimeHistogram": {
    "0.000230395": 1,
    "0.0008198147999999999": 43726,
    "0.0014092345999999999": 452331,
    "0.0019986544": 1633,
    "0.0025880741999999997": 262,
    "0.003177494": 74,
    "0.0037669137999999996": 13,
    "0.0043563336": 0,
    "0.004945753399999999": 13,
    "0.0055351732": 17,
    "0.006124592999999999": 19
  },
  "latencyPercentiles": {
    "p10": 0.000842596,
    "p25": 0.000936615,
    "p50": 0.00102159,
    "p75": 0.001087571,
    "p90": 0.001144668,
    "p95": 0.001191053,
    "p99": 0.001306513
  },
  "rps": {
    "mean": 49806.75187202292,
    "stddev": 4455.003394151659,
    "max": 75995.59004133868,
    "percentiles": {
      "p10": 47152.42105563813,
      "p25": 47936.10448904872,
      "p50": 48872.19566686815,
      "p75": 49956.57932202904,
      "p90": 54614.70179671215,
      "p95": 59276.54973633094,
      "p99": 65145.32694042852
    }
  },
  "details": {
    "DNSDialup": {
      "average": 0.00088734222,
      "fastest": 0.000104788,
      "slowest": 0.00130806
    },
    "DNSLookup": {
      "average": 0.000007877479999999997,
      "fastest": 0.000004799,
      "slowest": 0.000028002
    }
  },
  "statusCodeDistribution": {
    "200": 498089
  },
  "errorDistribution": {}
}