{
  "summary": {
    "successRate": 1,
    "total": 10.000662073,
    "slowest": 0.007469225,
    "fastest": 0.000129472,
    "average": 0.0010116768367358603,
    "requestsPerSec": 49332.73381289263,
    "totalData": 6413680,
    "sizePerRequest": 13,
    "sizePerSec": 641325.5395676041
  },
  "responseTimeHistogram": {
    "0.000129472": 1,
    "0.0008634472999999999": 77460,
    "0.0015974226": 414405,
    "0.0023313978999999997": 1254,
    "0.0030653731999999998": 125,
    "0.0037993485": 63,
    "0.0045333238": 2,
    "0.0052672991": 11,
    "0.0060012744": 8,
    "0.0067352497": 21,
    "0.007469225": 10
  },
  "latencyPercentiles": {
    "p10": 0.000808039,
    "p25": 0.000925739,
    "p50": 0.001024022,
    "p75": 0.001109612,
    "p90": 0.001174924,
    "p95": 0.001228424,
    "p99": 0.001387702
  },
  "rps": {
    "mean": 49335.29314005126,
    "stddev": 4697.271612441199,
    "max": 76760.48201150553,
    "percentiles": {
      "p10": 46212.777833070104,
      "p25": 47003.00819252374,
      "p50": 47954.625113468435,
      "p75": 50558.289148030664,
      "p90": 56930.91918220876,
      "p95": 58343.46588208351,
      "p99": 61511.791810494564
    }
  },
  "details": {
    "DNSDialup": {
      "average": 0.00105127306,
      "fastest": 0.000100007,
      "slowest": 0.001988903
    },
    "DNSLookup": {
      "average": 0.00000872614,
      "fastest": 0.000003417,
      "slowest": 0.000030667
    }
  },
  "statusCodeDistribution": {
    "200": 493360
  },
  "errorDistribution": {}
}