{
  "summary": {
    "successRate": 1,
    "total": 10.000275849,
    "slowest": 0.010003579,
    "fastest": 0.000236973,
    "average": 0.0009087869576217133,
    "requestsPerSec": 54920.48502391267,
    "totalData": 7139860,
    "sizePerRequest": 13,
    "sizePerSec": 713966.3053108647
  },
  "responseTimeHistogram": {
    "0.000236973": 1,
    "0.0012136336": 539607,
    "0.0021902942000000002": 9319,
    "0.0031669548000000003": 241,
    "0.0041436154": 1,
    "0.005120276": 20,
    "0.0060969366": 30,
    "0.0070735972": 0,
    "0.0080502578": 0,
    "0.0090269184": 0,
    "0.010003579": 1
  },
  "latencyPercentiles": {
    "p10": 0.000672886,
    "p25": 0.000800836,
    "p50": 0.000914737,
    "p75": 0.001030629,
    "p90": 0.001097859,
    "p95": 0.001140529,
    "p99": 0.001266427
  },
  "rps": {
    "mean": 54918.15997900356,
    "stddev": 6209.935260608037,
    "max": 75407.17876341777,
    "percentiles": {
      "p10": 48599.97919438899,
      "p25": 49688.81876353951,
      "p50": 55162.66478719829,
      "p75": 59510.02148761913,
      "p90": 60604.86657079126,
      "p95": 63792.00756356662,
      "p99": 71926.43228266494
    }
  },
  "details": {
    "DNSDialup": {
      "average": 0.0008108226000000001,
      "fastest": 0.000113592,
      "slowest": 0.001430173
    },
    "DNSLookup": {
      "average": 0.000008056740000000003,
      "fastest": 0.000003698,
      "slowest": 0.000029655
    }
  },
  "statusCodeDistribution": {
    "200": 549220
  },
  "errorDistribution": {}
}