{
  "summary": {
    "successRate": 1,
    "total": 10.000155263,
    "slowest": 0.006759031,
    "fastest": 0.000279666,
    "average": 0.0010285689571257154,
    "requestsPerSec": 48527.14655296448,
    "totalData": 6308627,
    "sizePerRequest": 13,
    "sizePerSec": 630852.9051885381
  },
  "responseTimeHistogram": {
    "0.000279666": 1,
    "0.0009276025": 85674,
    "0.0015755390000000001": 398758,
    "0.0022234755": 623,
    "0.0028714120000000003": 122,
    "0.0035193485000000004": 27,
    "0.004167285": 25,
    "0.0048152215": 8,
    "0.005463158": 26,
    "0.0061110945": 14,
    "0.006759031": 1
  },
  "latencyPercentiles": {
    "p10": 0.000870818,
    "p25": 0.000956231,
    "p50": 0.00104223,
    "p75": 0.001113335,
    "p90": 0.001162767,
    "p95": 0.00120067,
    "p99": 0.001317988
  },
  "rps": {
    "mean": 48524.12862376979,
    "stddev": 3629.796443549375,
    "max": 63134.11136036559,
    "percentiles": {
      "p10": 46056.49750548999,
      "p25": 46847.727255549515,
      "p50": 47706.364028961514,
      "p75": 49103.10331613008,
      "p90": 53769.799650316,
      "p95": 56260.14772393133,
      "p99": 57831.00320081676
    }
  },
  "details": {
    "DNSDialup": {
      "average": 0.0010171325,
      "fastest": 0.000087114,
      "slowest": 0.001935437
    },
    "DNSLookup": {
      "average": 0.00003291344,
      "fastest": 0.000004007,
      "slowest": 0.001169056
    }
  },
  "statusCodeDistribution": {
    "200": 485279
  },
  "errorDistribution": {}
}