{
  "summary": {
    "successRate": 1,
    "total": 10.00019486,
    "slowest": 0.010397286,
    "fastest": 0.000075321,
    "average": 0.0008892547464378527,
    "requestsPerSec": 56123.60637540617,
    "totalData": 7296211,
    "sizePerRequest": 13,
    "sizePerSec": 729606.8828802801
  },
  "responseTimeHistogram": {
    "0.000075321": 1,
    "0.0011075175": 515921,
    "0.0021397140000000005": 45014,
    "0.0031719105000000006": 200,
    "0.004204107": 22,
    "0.005236303500000001": 57,
    "0.006268500000000001": 23,
    "0.0073006965": 6,
    "0.008332893000000001": 0,
    "0.009365089500000002": 2,
    "0.010397286000000002": 1
  },
  "latencyPercentiles": {
    "p10": 0.00064121,
    "p25": 0.000777975,
    "p50": 0.000884998,
    "p75": 0.001016355,
    "p90": 0.001093989,
    "p95": 0.001141027,
    "p99": 0.001284276
  },
  "rps": {
    "mean": 56117.20504141001,
    "stddev": 7693.51653194716,
    "max": 81886.35735246156,
    "percentiles": {
      "p10": 48300.9393029555,
      "p25": 49680.61885792016,
      "p50": 56824.51935843703,
      "p75": 60820.33223706504,
      "p90": 62769.819545332255,
      "p95": 69707.38579598317,
      "p99": 78545.94152119308
    }
  },
  "details": {
    "DNSDialup": {
      "average": 0.0009818381600000003,
      "fastest": 0.000091733,
      "slowest": 0.001834696
    },
    "DNSLookup": {
      "average": 0.00001195964,
      "fastest": 0.000003306,
      "slowest": 0.000198741
    }
  },
  "statusCodeDistribution": {
    "200": 561247
  },
  "errorDistribution": {}
}