{
  "summary": {
    "successRate": 1,
    "total": 10.000490882,
    "slowest": 0.006927811,
    "fastest": 0.000177799,
    "average": 0.0009552416492310371,
    "requestsPerSec": 52256.33483058457,
    "totalData": 6793657,
    "sizePerRequest": 13,
    "sizePerSec": 679332.3527975994
  },
  "responseTimeHistogram": {
    "0.000177799": 1,
    "0.0008528002": 108034,
    "0.0015278014": 413351,
    "0.0022028026000000004": 884,
    "0.0028778038000000002": 220,
    "0.003552805": 31,
    "0.004227806200000001": 20,
    "0.0049028074000000005": 8,
    "0.0055778086": 28,
    "0.0062528098": 11,
    "0.006927811": 1
  },
  "latencyPercentiles": {
    "p10": 0.000653481,
    "p25": 0.000893218,
    "p50": 0.000993734,
    "p75": 0.001070237,
    "p90": 0.001123872,
    "p95": 0.001166299,
    "p99": 0.001278592
  },
  "rps": {
    "mean": 52246.867252752054,
    "stddev": 6694.371088680408,
    "max": 80252.2281500837,
    "percentiles": {
      "p10": 47560.59695658252,
      "p25": 48647.28876296753,
      "p50": 49620.07131884874,
      "p75": 55107.31598715344,
      "p90": 61886.790034347905,
      "p95": 66559.9305614718,
      "p99": 73648.59352285955
    }
  },
  "details": {
    "DNSDialup": {
      "average": 0.0008723985199999999,
      "fastest": 0.000097713,
      "slowest": 0.001968994
    },
    "DNSLookup": {
      "average": 0.000007118099999999999,
      "fastest": 0.000003807,
      "slowest": 0.000034024
    }
  },
  "statusCodeDistribution": {
    "200": 522589
  },
  "errorDistribution": {}
}