{
  "summary": {
    "successRate": 1,
    "total": 10.000667168,
    "slowest": 0.007009257,
    "fastest": 0.00024517,
    "average": 0.0010146981226022385,
    "requestsPerSec": 49188.31831280479,
    "totalData": 6394908,
    "sizePerRequest": 13,
    "sizePerSec": 639448.1380664622
  },
  "responseTimeHistogram": {
    "0.00024517": 1,
    "0.0009215787": 95720,
    "0.0015979873999999999": 395033,
    "0.0022743960999999997": 900,
    "0.0029508047999999994": 157,
    "0.003627213499999999": 36,
    "0.0043036222": 18,
    "0.0049800309": 1,
    "0.005656439599999999": 1,
    "0.006332848299999999": 30,
    "0.007009256999999999": 19
  },
  "latencyPercentiles": {
    "p10": 0.000837388,
    "p25": 0.000944738,
    "p50": 0.001030834,
    "p75": 0.001102318,
    "p90": 0.001160405,
    "p95": 0.001209547,
    "p99": 0.001349068
  },
  "rps": {
    "mean": 49184.56401825392,
    "stddev": 4030.511089126241,
    "max": 70368.01068232825,
    "percentiles": {
      "p10": 46400.97442046614,
      "p25": 47404.27586568421,
      "p50": 48404.406970195225,
      "p75": 50296.79114488351,
      "p90": 54245.229672500864,
      "p95": 57265.90733275124,
      "p99": 60920.603348053926
    }
  },
  "details": {
    "DNSDialup": {
      "average": 0.0005636876000000001,
      "fastest": 0.000088915,
      "slowest": 0.000785065
    },
    "DNSLookup": {
      "average": 0.00000651062,
      "fastest": 0.000003476,
      "slowest": 0.000027321
    }
  },
  "statusCodeDistribution": {
    "200": 491916
  },
  "errorDistribution": {}
}