{
  "summary": {
    "successRate": 1,
    "total": 10.000324076,
    "slowest": 0.007902904,
    "fastest": 0.000171609,
    "average": 0.0009869622501670892,
    "requestsPerSec": 50572.96105170742,
    "totalData": 6574698,
    "sizePerRequest": 13,
    "sizePerSec": 657448.4936721965
  },
  "responseTimeHistogram": {
    "0.000171609": 1,
    "0.0009447385": 166891,
    "0.0017178680000000002": 338283,
    "0.0024909975": 420,
    "0.0032641270000000003": 96,
    "0.0040372565": 5,
    "0.004810386": 6,
    "0.0055835155000000004": 21,
    "0.006356645": 21,
    "0.0071297745": 1,
    "0.007902904": 1
  },
  "latencyPercentiles": {
    "p10": 0.000803875,
    "p25": 0.000915953,
    "p50": 0.001005678,
    "p75": 0.001077483,
    "p90": 0.001137585,
    "p95": 0.001181957,
    "p99": 0.001301408
  },
  "rps": {
    "mean": 50570.518367911325,
    "stddev": 5322.395802413904,
    "max": 80279.9347310103,
    "percentiles": {
      "p10": 47408.69221763668,
      "p25": 48275.098610169596,
      "p50": 49161.80622278291,
      "p75": 50378.85298068241,
      "p90": 58879.092284666636,
      "p95": 61164.281142723165,
      "p99": 69922.58325391232
    }
  },
  "details": {
    "DNSDialup": {
      "average": 0.0008517663400000002,
      "fastest": 0.000097161,
      "slowest": 0.001769019
    },
    "DNSLookup": {
      "average": 0.00000840032,
      "fastest": 0.000003697,
      "slowest": 0.000027491
    }
  },
  "statusCodeDistribution": {
    "200": 505746
  },
  "errorDistribution": {}
}