{
  "summary": {
    "successRate": 1,
    "total": 10.000415511,
    "slowest": 0.006604184,
    "fastest": 0.000185735,
    "average": 0.0009970643037549875,
    "requestsPerSec": 50059.31998018957,
    "totalData": 6507982,
    "sizePerRequest": 13,
    "sizePerSec": 650771.1597424644
  },
  "responseTimeHistogram": {
    "0.000185735": 1,
    "0.0008275799": 45530,
    "0.0014694248": 453297,
    "0.0021112697": 1460,
    "0.0027531146": 201,
    "0.0033949594999999996": 73,
    "0.0040368044": 2,
    "0.0046786493000000005": 3,
    "0.0053204942": 7,
    "0.0059623391": 24,
    "0.006604184": 16
  },
  "latencyPercentiles": {
    "p10": 0.000838658,
    "p25": 0.00092422,
    "p50": 0.001010377,
    "p75": 0.001077863,
    "p90": 0.001140558,
    "p95": 0.001191335,
    "p99": 0.00131915
  },
  "rps": {
    "mean": 50056.62359597684,
    "stddev": 4633.443409861898,
    "max": 79262.77611868632,
    "percentiles": {
      "p10": 47427.57067961397,
      "p25": 48411.58004994772,
      "p50": 49312.00674757726,
      "p75": 50117.31963352996,
      "p90": 54435.0289411222,
      "p95": 59219.329189047596,
      "p99": 68126.20815227991
    }
  },
  "details": {
    "DNSDialup": {
      "average": 0.0010136843400000003,
      "fastest": 0.00017191,
      "slowest": 0.001514473
    },
    "DNSLookup": {
      "average": 0.000008857859999999998,
      "fastest": 0.000003837,
      "slowest": 0.000031719
    }
  },
  "statusCodeDistribution": {
    "200": 500614
  },
  "errorDistribution": {}
}