{
  "summary": {
    "successRate": 1,
    "total": 10.000623028,
    "slowest": 0.00733147,
    "fastest": 0.000188083,
    "average": 0.0010011667750715499,
    "requestsPerSec": 49853.194006424455,
    "totalData": 6481319,
    "sizePerRequest": 13,
    "sizePerSec": 648091.522083518
  },
  "responseTimeHistogram": {
    "0.000188083": 1,
    "0.0009024217": 101804,
    "0.0016167603999999998": 395593,
    "0.0023310990999999997": 898,
    "0.0030454377999999996": 183,
    "0.0037597764999999996": 27,
    "0.0044741152": 5,
    "0.0051884539": 12,
    "0.0059027926": 15,
    "0.0066171313": 22,
    "0.00733147": 3
  },
  "latencyPercentiles": {
    "p10": 0.00081128,
    "p25": 0.00092557,
    "p50": 0.00101484,
    "p75": 0.001094172,
    "p90": 0.001148888,
    "p95": 0.001193418,
    "p99": 0.001333398
  },
  "rps": {
    "mean": 49853.87810780665,
    "stddev": 4264.771596667872,
    "max": 70400.00320454918,
    "percentiles": {
      "p10": 46745.457841168594,
      "p25": 47719.519332833486,
      "p50": 48797.0174133753,
      "p75": 51515.77413003856,
      "p90": 55866.31962014425,
      "p95": 57921.51784388065,
      "p99": 59943.63896916916
    }
  },
  "details": {
    "DNSDialup": {
      "average": 0.0008267853400000001,
      "fastest": 0.000090035,
      "slowest": 0.001886225
    },
    "DNSLookup": {
      "average": 0.0000067416,
      "fastest": 0.000003397,
      "slowest": 0.000030247
    }
  },
  "statusCodeDistribution": {
    "200": 498563
  },
  "errorDistribution": {}
}