{
  "summary": {
    "successRate": 1,
    "total": 10.000382313,
    "slowest": 0.006069981,
    "fastest": 0.000265565,
    "average": 0.0009818468466858475,
    "requestsPerSec": 50834.85651735003,
    "totalData": 6608784,
    "sizePerRequest": 13,
    "sizePerSec": 660853.1347255504
  },
  "responseTimeHistogram": {
    "0.000265565": 1,
    "0.0008460066": 66661,
    "0.0014264482000000002": 439899,
    "0.0020068898000000003": 1444,
    "0.0025873314000000006": 142,
    "0.003167773000000001": 134,
    "0.003748214600000001": 35,
    "0.0043286562": 3,
    "0.0049090978000000006": 4,
    "0.005489539400000001": 10,
    "0.006069981000000001": 35
  },
  "latencyPercentiles": {
    "p10": 0.000791546,
    "p25": 0.000916729,
    "p50": 0.001002998,
    "p75": 0.001071672,
    "p90": 0.001131845,
    "p95": 0.001184519,
    "p99": 0.001299493
  },
  "rps": {
    "mean": 50828.31626206592,
    "stddev": 5369.74383434347,
    "max": 80325.47924201368,
    "percentiles": {
      "p10": 47835.48951297803,
      "p25": 48643.54570211333,
      "p50": 49601.40511261553,
      "p75": 50718.62964703003,
      "p90": 57279.49247966368,
      "p95": 62709.017556725776,
      "p99": 70358.80564715012
    }
  },
  "details": {
    "DNSDialup": {
      "average": 0.0009551340200000003,
      "fastest": 0.000108412,
      "slowest": 0.002086904
    },
    "DNSLookup": {
      "average": 0.00000934488,
      "fastest": 0.000004859,
      "slowest": 0.000031469
    }
  },
  "statusCodeDistribution": {
    "200": 508368
  },
  "errorDistribution": {}
}