{
  "summary": {
    "successRate": 1,
    "total": 10.000410505,
    "slowest": 0.006562272,
    "fastest": 0.000250687,
    "average": 0.00102179449176794,
    "requestsPerSec": 48849.49470381766,
    "totalData": 6350695,
    "sizePerRequest": 13,
    "sizePerSec": 635043.4311496296
  },
  "responseTimeHistogram": {
    "0.000250687": 1,
    "0.0008818455": 57964,
    "0.001513004": 429416,
    "0.0021441625": 820,
    "0.002775321": 234,
    "0.0034064794999999998": 27,
    "0.0040376380000000005": 3,
    "0.0046687965": 0,
    "0.005299955": 9,
    "0.005931113500000001": 11,
    "0.006562272": 30
  },
  "latencyPercentiles": {
    "p10": 0.000861096,
    "p25": 0.000951211,
    "p50": 0.001037188,
    "p75": 0.001107863,
    "p90": 0.00116019,
    "p95": 0.001200268,
    "p99": 0.001322687
  },
  "rps": {
    "mean": 48842.511871038376,
    "stddev": 4224.372522085789,
    "max": 76789.48690532909,
    "percentiles": {
      "p10": 46074.41940221403,
      "p25": 46949.63515428553,
      "p50": 47925.53472490178,
      "p75": 49207.095663197135,
      "p90": 54324.46822159009,
      "p95": 57424.76730213755,
      "p99": 63411.73751261316
    }
  },
  "details": {
    "DNSDialup": {
      "average": 0.0007525927999999999,
      "fastest": 0.000119723,
      "slowest": 0.001466148
    },
    "DNSLookup": {
      "average": 0.000012021120000000002,
      "fastest": 0.000003457,
      "slowest": 0.00019639
    }
  },
  "statusCodeDistribution": {
    "200": 488515
  },
  "errorDistribution": {}
}