{
  "summary": {
    "successRate": 1,
    "total": 10.000648531,
    "slowest": 0.006646903,
    "fastest": 0.000253906,
    "average": 0.0010147607652977696,
    "requestsPerSec": 49183.8102774337,
    "totalData": 6394310,
    "sizePerRequest": 13,
    "sizePerSec": 639389.5336066381
  },
  "responseTimeHistogram": {
    "0.000253906": 1,
    "0.0008932057": 73403,
    "0.0015325054": 416844,
    "0.0021718050999999998": 1249,
    "0.0028111048": 226,
    "0.0034504045": 80,
    "0.0040897042": 13,
    "0.0047290039": 14,
    "0.0053683036": 6,
    "0.0060076033": 16,
    "0.006646903": 18
  },
  "latencyPercentiles": {
    "p10": 0.000839352,
    "p25": 0.000944921,
    "p50": 0.001029795,
    "p75": 0.001101951,
    "p90": 0.001157891,
    "p95": 0.001202954,
    "p99": 0.001334743
  },
  "rps": {
    "mean": 49185.24123060526,
    "stddev": 4099.580985850398,
    "max": 78541.08484147741,
    "percentiles": {
      "p10": 46229.092892739245,
      "p25": 47378.72448860245,
      "p50": 48517.23705161063,
      "p75": 50674.39507941557,
      "p90": 53720.49974270052,
      "p95": 55340.83046471468,
      "p99": 60564.905390277294
    }
  },
  "details": {
    "DNSDialup": {
      "average": 0.00078734822,
      "fastest": 0.000103282,
      "slowest": 0.001212312
    },
    "DNSLookup": {
      "average": 0.000007543999999999998,
      "fastest": 0.000003317,
      "slowest": 0.000029776
    }
  },
  "statusCodeDistribution": {
    "200": 491870
  },
  "errorDistribution": {}
}