{
  "summary": {
    "successRate": 1,
    "total": 10.00062821,
    "slowest": 0.008437736,
    "fastest": 0.000243556,
    "average": 0.001092500516228051,
    "requestsPerSec": 45686.62992022178,
    "totalData": 5939635,
    "sizePerRequest": 13,
    "sizePerSec": 593926.1889628832
  },
  "responseTimeHistogram": {
    "0.000243556": 1,
    "0.001062974": 178688,
    "0.0018823919999999999": 277388,
    "0.00270181": 637,
    "0.0035212279999999995": 114,
    "0.004340645999999999": 14,
    "0.005160064": 3,
    "0.0059794819999999995": 16,
    "0.006798899999999999": 13,
    "0.007618317999999999": 20,
    "0.008437736": 1
  },
  "latencyPercentiles": {
    "p10": 0.000947283,
    "p25": 0.001014309,
    "p50": 0.001100357,
    "p75": 0.001167954,
    "p90": 0.001231621,
    "p95": 0.001280658,
    "p99": 0.001426904
  },
  "rps": {
    "mean": 45684.27680439141,
    "stddev": 3222.435563062361,
    "max": 62504.37605757786,
    "percentiles": {
      "p10": 43284.316632378876,
      "p25": 44605.95461364212,
      "p50": 45643.95782578855,
      "p75": 46594.93342900307,
      "p90": 48239.461087672775,
      "p95": 50059.66543490356,
      "p99": 55487.66443643278
    }
  },
  "details": {
    "DNSDialup": {
      "average": 0.0008899355999999998,
      "fastest": 0.000084481,
      "slowest": 0.002061517
    },
    "DNSLookup": {
      "average": 0.000007522639999999999,
      "fastest": 0.000003747,
      "slowest": 0.000034485
    }
  },
  "statusCodeDistribution": {
    "200": 456895
  },
  "errorDistribution": {}
}