{
  "summary": {
    "successRate": 1,
    "total": 10.000405466,
    "slowest": 0.005971723,
    "fastest": 0.000180476,
    "average": 0.0009512580009795524,
    "requestsPerSec": 52471.67245208575,
    "totalData": 6821594,
    "sizePerRequest": 13,
    "sizePerSec": 682131.7418771147
  },
  "responseTimeHistogram": {
    "0.000180476": 1,
    "0.0007596007": 87914,
    "0.0013387254": 433191,
    "0.0019178500999999998": 3206,
    "0.0024969748": 210,
    "0.0030760995000000003": 117,
    "0.0036552242": 41,
    "0.0042343489": 11,
    "0.0048134736": 4,
    "0.0053925983": 38,
    "0.005971723": 5
  },
  "latencyPercentiles": {
    "p10": 0.000649178,
    "p25": 0.000872497,
    "p50": 0.000984165,
    "p75": 0.001070772,
    "p90": 0.001128915,
    "p95": 0.001169564,
    "p99": 0.001285987
  },
  "rps": {
    "mean": 52472.98732895116,
    "stddev": 5870.517210201152,
    "max": 78148.25654841856,
    "percentiles": {
      "p10": 47744.44347542434,
      "p25": 48727.59931224996,
      "p50": 50523.761324952735,
      "p75": 55841.43993257426,
      "p90": 60421.45921731806,
      "p95": 62764.760680070045,
      "p99": 71113.70388193877
    }
  },
  "details": {
    "DNSDialup": {
      "average": 0.0009362840600000001,
      "fastest": 0.000099706,
      "slowest": 0.00207222
    },
    "DNSLookup": {
      "average": 0.000008644359999999999,
      "fastest": 0.000004318,
      "slowest": 0.000032481
    }
  },
  "statusCodeDistribution": {
    "200": 524738
  },
  "errorDistribution": {}
}