{
  "summary": {
    "successRate": 1,
    "total": 10.000213479,
    "slowest": 0.007048213,
    "fastest": 0.000130898,
    "average": 0.0008946974548308009,
    "requestsPerSec": 55782.40916270744,
    "totalData": 7251868,
    "sizePerRequest": 13,
    "sizePerSec": 725171.3191151967
  },
  "responseTimeHistogram": {
    "0.000130898": 1,
    "0.0008226295": 188029,
    "0.001514361": 368112,
    "0.0022060925000000004": 1029,
    "0.0028978240000000002": 422,
    "0.0035895555": 82,
    "0.004281287000000001": 43,
    "0.004973018500000001": 68,
    "0.0056647500000000005": 48,
    "0.0063564815": 1,
    "0.007048213": 1
  },
  "latencyPercentiles": {
    "p10": 0.000644935,
    "p25": 0.00078173,
    "p50": 0.000896285,
    "p75": 0.00101766,
    "p90": 0.001088853,
    "p95": 0.001140511,
    "p99": 0.001293342
  },
  "rps": {
    "mean": 55785.172052284266,
    "stddev": 7467.070638254902,
    "max": 81412.073410486,
    "percentiles": {
      "p10": 48668.33285318592,
      "p25": 50060.01684384141,
      "p50": 54873.1342248494,
      "p75": 61004.915511198844,
      "p90": 62904.956920622455,
      "p95": 68826.38803717287,
      "p99": 76894.37816433549
    }
  },
  "details": {
    "DNSDialup": {
      "average": 0.0008233244400000001,
      "fastest": 0.000086161,
      "slowest": 0.001880718
    },
    "DNSLookup": {
      "average": 0.000009915459999999999,
      "fastest": 0.000004778,
      "slowest": 0.000051045
    }
  },
  "statusCodeDistribution": {
    "200": 557836
  },
  "errorDistribution": {}
}