{
  "summary": {
    "successRate": 1,
    "total": 10.000317543,
    "slowest": 0.008193855,
    "fastest": 0.000229636,
    "average": 0.0009761622098819415,
    "requestsPerSec": 51129.9764033903,
    "totalData": 6647108,
    "sizePerRequest": 13,
    "sizePerSec": 664689.6932440739
  },
  "responseTimeHistogram": {
    "0.000229636": 1,
    "0.0010260579": 283967,
    "0.0018224798": 226713,
    "0.0026189016999999997": 495,
    "0.0034153236": 72,
    "0.0042117455": 18,
    "0.005008167399999999": 0,
    "0.005804589299999999": 8,
    "0.0066010112": 22,
    "0.0073974331": 19,
    "0.008193855": 1
  },
  "latencyPercentiles": {
    "p10": 0.000679869,
    "p25": 0.000907171,
    "p50": 0.001005114,
    "p75": 0.001085295,
    "p90": 0.001142901,
    "p95": 0.001189634,
    "p99": 0.001325801
  },
  "rps": {
    "mean": 51125.47836328076,
    "stddev": 5679.707071885143,
    "max": 72413.56306035943,
    "percentiles": {
      "p10": 46734.57891493921,
      "p25": 47808.06043898918,
      "p50": 49233.93106266715,
      "p75": 53917.79826520616,
      "p90": 58930.625624760716,
      "p95": 62400.33072175381,
      "p99": 68296.96202056049
    }
  },
  "details": {
    "DNSDialup": {
      "average": 0.0009200717800000001,
      "fastest": 0.000099112,
      "slowest": 0.002392418
    },
    "DNSLookup": {
      "average": 0.00004544324,
      "fastest": 0.000003286,
      "slowest": 0.001946501
    }
  },
  "statusCodeDistribution": {
    "200": 511316
  },
  "errorDistribution": {}
}