{
  "summary": {
    "successRate": 1,
    "total": 10.000648637,
    "slowest": 0.006043729,
    "fastest": 0.000121567,
    "average": 0.001020515531431203,
    "requestsPerSec": 48903.627929749055,
    "totalData": 6357884,
    "sizePerRequest": 13,
    "sizePerSec": 635747.1630867377
  },
  "responseTimeHistogram": {
    "0.000121567": 1,
    "0.0007137832": 21180,
    "0.0013059993999999999": 460305,
    "0.0018982155999999997": 7133,
    "0.0024904318": 273,
    "0.003082648": 92,
    "0.0036748641999999995": 34,
    "0.0042670804000000005": 4,
    "0.0048592966": 4,
    "0.0054515128": 12,
    "0.006043729": 30
  },
  "latencyPercentiles": {
    "p10": 0.000857305,
    "p25": 0.000950237,
    "p50": 0.001034895,
    "p75": 0.001104108,
    "p90": 0.001162222,
    "p95": 0.00121111,
    "p99": 0.001353229
  },
  "rps": {
    "mean": 48898.250893326476,
    "stddev": 3743.9564564009493,
    "max": 69953.19940814804,
    "percentiles": {
      "p10": 46339.96523098352,
      "p25": 47355.52909341748,
      "p50": 48326.59635179712,
      "p75": 49716.11096274372,
      "p90": 53117.18929588098,
      "p95": 55250.947180699724,
      "p99": 60606.721285388136
    }
  },
  "details": {
    "DNSDialup": {
      "average": 0.0006927146799999999,
      "fastest": 0.000086296,
      "slowest": 0.001524254
    },
    "DNSLookup": {
      "average": 0.00000776516,
      "fastest": 0.000003457,
      "slowest": 0.000027983
    }
  },
  "statusCodeDistribution": {
    "200": 489068
  },
  "errorDistribution": {}
}