{
  "summary": {
    "successRate": 1,
    "total": 10.000864696,
    "slowest": 0.00724697,
    "fastest": 0.000314129,
    "average": 0.0010174933827981087,
    "requestsPerSec": 49052.95841030744,
    "totalData": 6377436,
    "sizePerRequest": 13,
    "sizePerSec": 637688.4593339968
  },
  "responseTimeHistogram": {
    "0.000314129": 1,
    "0.0010074131": 219047,
    "0.0017006972": 270683,
    "0.0023939812999999996": 626,
    "0.0030872653999999998": 103,
    "0.0037805495": 57,
    "0.004473833599999999": 4,
    "0.0051671176999999995": 1,
    "0.0058604018": 21,
    "0.0065536859": 18,
    "0.00724697": 11
  },
  "latencyPercentiles": {
    "p10": 0.000844241,
    "p25": 0.00093934,
    "p50": 0.001027804,
    "p75": 0.001100903,
    "p90": 0.001156641,
    "p95": 0.001203317,
    "p99": 0.001330944
  },
  "rps": {
    "mean": 49053.27957967826,
    "stddev": 4367.383739137237,
    "max": 69329.66477293397,
    "percentiles": {
      "p10": 46254.41832315817,
      "p25": 47210.08447497658,
      "p50": 48092.90986754826,
      "p75": 49179.11444140128,
      "p90": 57183.77995600892,
      "p95": 58606.11809803512,
      "p99": 59712.64116614259
    }
  },
  "details": {
    "DNSDialup": {
      "average": 0.0007610170600000002,
      "fastest": 0.000081646,
      "slowest": 0.001477623
    },
    "DNSLookup": {
      "average": 0.00000727218,
      "fastest": 0.000003527,
      "slowest": 0.000030567
    }
  },
  "statusCodeDistribution": {
    "200": 490572
  },
  "errorDistribution": {}
}