{
  "summary": {
    "successRate": 1,
    "total": 10.000613383,
    "slowest": 0.006377586,
    "fastest": 0.000253557,
    "average": 0.0010094737029116298,
    "requestsPerSec": 49443.8671972407,
    "totalData": 6428097,
    "sizePerRequest": 13,
    "sizePerSec": 642770.2735641291
  },
  "responseTimeHistogram": {
    "0.000253557": 1,
    "0.0008659599": 54820,
    "0.0014783628": 437769,
    "0.0020907657000000003": 1562,
    "0.0027031686000000004": 214,
    "0.0033155715000000004": 44,
    "0.0039279744": 9,
    "0.0045403773000000005": 0,
    "0.0051527802": 0,
    "0.0057651831": 32,
    "0.006377586": 18
  },
  "latencyPercentiles": {
    "p10": 0.000853647,
    "p25": 0.000941346,
    "p50": 0.001024014,
    "p75": 0.001090883,
    "p90": 0.001144743,
    "p95": 0.001190614,
    "p99": 0.001329888
  },
  "rps": {
    "mean": 49445.57652800688,
    "stddev": 3748.844369525309,
    "max": 71106.81203258947,
    "percentiles": {
      "p10": 46947.11759809727,
      "p25": 47905.16141032894,
      "p50": 48738.73420270742,
      "p75": 50357.99498635711,
      "p90": 53705.547240953645,
      "p95": 55702.289364090524,
      "p99": 61346.654130464594
    }
  },
  "details": {
    "DNSDialup": {
      "average": 0.0006843741799999999,
      "fastest": 0.000075232,
      "slowest": 0.001176032
    },
    "DNSLookup": {
      "average": 0.00000663042,
      "fastest": 0.000003557,
      "slowest": 0.000026289
    }
  },
  "statusCodeDistribution": {
    "200": 494469
  },
  "errorDistribution": {}
}