{
  "summary": {
    "successRate": 1,
    "total": 10.000593896,
    "slowest": 0.007669096,
    "fastest": 0.000130445,
    "average": 0.001036185264818014,
    "requestsPerSec": 48166.439414429755,
    "totalData": 6262009,
    "sizePerRequest": 13,
    "sizePerSec": 626163.7123875868
  },
  "responseTimeHistogram": {
    "0.000130445": 1,
    "0.0008843101000000001": 44160,
    "0.0016381752000000002": 436365,
    "0.0023920403000000003": 887,
    "0.0031459054": 194,
    "0.0038997705": 29,
    "0.004653635600000001": 7,
    "0.005407500700000001": 14,
    "0.0061613658000000005": 9,
    "0.0069152309": 12,
    "0.007669096": 15
  },
  "latencyPercentiles": {
    "p10": 0.000892265,
    "p25": 0.000962587,
    "p50": 0.001046823,
    "p75": 0.001110999,
    "p90": 0.001170862,
    "p95": 0.001222144,
    "p99": 0.001356947
  },
  "rps": {
    "mean": 48166.82636826825,
    "stddev": 3484.7708003682583,
    "max": 67564.11834831437,
    "percentiles": {
      "p10": 46039.20238082922,
      "p25": 47017.19034694053,
      "p50": 47804.91010680703,
      "p75": 48722.822807075296,
      "p90": 51455.5695227062,
      "p95": 53767.46297219514,
      "p99": 58716.44647665641
    }
  },
  "details": {
    "DNSDialup": {
      "average": 0.0009641700000000002,
      "fastest": 0.000103683,
      "slowest": 0.001838492
    },
    "DNSLookup": {
      "average": 0.000013096360000000004,
      "fastest": 0.000003256,
      "slowest": 0.000188631
    }
  },
  "statusCodeDistribution": {
    "200": 481693
  },
  "errorDistribution": {}
}