{
  "summary": {
    "successRate": 1,
    "total": 10.00065771,
    "slowest": 0.007145203,
    "fastest": 0.000218847,
    "average": 0.0010128954965968769,
    "requestsPerSec": 49274.95913666262,
    "totalData": 6406166,
    "sizePerRequest": 13,
    "sizePerSec": 640574.468776614
  },
  "responseTimeHistogram": {
    "0.000218847": 1,
    "0.0009114826": 88897,
    "0.0016041182": 402542,
    "0.0022967538": 1008,
    "0.0029893894": 210,
    "0.003682025": 74,
    "0.004374660600000001": 2,
    "0.005067296200000001": 9,
    "0.0057599318000000005": 24,
    "0.0064525674": 10,
    "0.007145203": 5
  },
  "latencyPercentiles": {
    "p10": 0.000837384,
    "p25": 0.000941999,
    "p50": 0.001028259,
    "p75": 0.001099051,
    "p90": 0.001157258,
    "p95": 0.00120296,
    "p99": 0.001339096
  },
  "rps": {
    "mean": 49268.11387146253,
    "stddev": 4336.185617505294,
    "max": 79951.6539506914,
    "percentiles": {
      "p10": 46338.09918514974,
      "p25": 47410.26432222545,
      "p50": 48473.18966908058,
      "p75": 50142.907285763926,
      "p90": 54517.08020122754,
      "p95": 57677.35109555462,
      "p99": 61378.82105726708
    }
  },
  "details": {
    "DNSDialup": {
      "average": 0.00078628858,
      "fastest": 0.000085917,
      "slowest": 0.001785874
    },
    "DNSLookup": {
      "average": 0.00000829648,
      "fastest": 0.000003566,
      "slowest": 0.000045955
    }
  },
  "statusCodeDistribution": {
    "200": 492782
  },
  "errorDistribution": {}
}