{
  "summary": {
    "successRate": 1,
    "total": 10.000185197,
    "slowest": 0.005615796,
    "fastest": 0.000179485,
    "average": 0.0009879783698615815,
    "requestsPerSec": 50522.56433726524,
    "totalData": 6568055,
    "sizePerRequest": 13,
    "sizePerSec": 656793.3363844481
  },
  "responseTimeHistogram": {
    "0.000179485": 1,
    "0.0007231161": 18272,
    "0.0012667472": 477632,
    "0.0018103783": 8570,
    "0.0023540094": 475,
    "0.0028976404999999997": 128,
    "0.0034412716": 78,
    "0.0039849027": 30,
    "0.0045285338": 3,
    "0.0050721648999999995": 21,
    "0.005615795999999999": 25
  },
  "latencyPercentiles": {
    "p10": 0.000798852,
    "p25": 0.000896043,
    "p50": 0.000995539,
    "p75": 0.001083482,
    "p90": 0.001145931,
    "p95": 0.001193011,
    "p99": 0.001335417
  },
  "rps": {
    "mean": 50524.09620599467,
    "stddev": 5051.903322079393,
    "max": 67803.3150204242,
    "percentiles": {
      "p10": 46805.757108124606,
      "p25": 47634.12508721246,
      "p50": 48706.681306234575,
      "p75": 53337.54944395946,
      "p90": 58415.89713992812,
      "p95": 58888.49763424584,
      "p99": 59663.25656895655
    }
  },
  "details": {
    "DNSDialup": {
      "average": 0.00102486748,
      "fastest": 0.000114461,
      "slowest": 0.001375649
    },
    "DNSLookup": {
      "average": 0.00000670068,
      "fastest": 0.000003947,
      "slowest": 0.000020078
    }
  },
  "statusCodeDistribution": {
    "200": 505235
  },
  "errorDistribution": {}
}