{
  "summary": {
    "successRate": 1,
    "total": 10.000389717,
    "slowest": 0.005982969,
    "fastest": 0.000088595,
    "average": 0.0010004480984932861,
    "requestsPerSec": 49887.755789347706,
    "totalData": 6485661,
    "sizePerRequest": 13,
    "sizePerSec": 648540.8252615202
  },
  "responseTimeHistogram": {
    "0.000088595": 1,
    "0.0006780324": 24378,
    "0.0012674697999999999": 465033,
    "0.0018569071999999997": 8924,
    "0.0024463446": 358,
    "0.003035782": 126,
    "0.0036252193999999995": 25,
    "0.0042146568": 0,
    "0.0048040942": 13,
    "0.0053935316": 37,
    "0.005982969": 2
  },
  "latencyPercentiles": {
    "p10": 0.000831096,
    "p25": 0.000930586,
    "p50": 0.001017527,
    "p75": 0.001086815,
    "p90": 0.001148894,
    "p95": 0.001195575,
    "p99": 0.001328282
  },
  "rps": {
    "mean": 49883.199934534234,
    "stddev": 4648.227491929066,
    "max": 79798.09264376224,
    "percentiles": {
      "p10": 46902.42081633671,
      "p25": 47924.51267638264,
      "p50": 48946.6097802774,
      "p75": 50308.61786623968,
      "p90": 55268.64429934258,
      "p95": 59387.14469612304,
      "p99": 66732.8525833259
    }
  },
  "details": {
    "DNSDialup": {
      "average": 0.00063021426,
      "fastest": 0.000091049,
      "slowest": 0.001652133
    },
    "DNSLookup": {
      "average": 0.00001087714,
      "fastest": 0.000004027,
      "slowest": 0.000045214
    }
  },
  "statusCodeDistribution": {
    "200": 498897
  },
  "errorDistribution": {}
}