{
  "summary": {
    "successRate": 1,
    "total": 10.000408361,
    "slowest": 0.007118727,
    "fastest": 0.000119735,
    "average": 0.0010003381963387785,
    "requestsPerSec": 49893.862529240374,
    "totalData": 6486467,
    "sizePerRequest": 13,
    "sizePerSec": 648620.2128801248
  },
  "responseTimeHistogram": {
    "0.000119735": 1,
    "0.0008196342": 46258,
    "0.0015195334": 451499,
    "0.0022194326": 923,
    "0.0029193318": 205,
    "0.003619231": 24,
    "0.0043191302": 2,
    "0.0050190294000000005": 0,
    "0.0057189286": 25,
    "0.0064188278": 20,
    "0.007118727": 2
  },
  "latencyPercentiles": {
    "p10": 0.00082952,
    "p25": 0.000932297,
    "p50": 0.001015541,
    "p75": 0.001089238,
    "p90": 0.001137264,
    "p95": 0.001173846,
    "p99": 0.001291923
  },
  "rps": {
    "mean": 49890.60885644582,
    "stddev": 4082.0465907416383,
    "max": 76848.9059213923,
    "percentiles": {
      "p10": 47078.030319869795,
      "p25": 47918.58096163368,
      "p50": 48894.58498507824,
      "p75": 51264.04930319895,
      "p90": 55134.5731301246,
      "p95": 56815.114805521036,
      "p99": 61476.53602083934
    }
  },
  "details": {
    "DNSDialup": {
      "average": 0.00100967212,
      "fastest": 0.000109685,
      "slowest": 0.001972417
    },
    "DNSLookup": {
      "average": 0.00000978112,
      "fastest": 0.000004158,
      "slowest": 0.000034164
    }
  },
  "statusCodeDistribution": {
    "200": 498959
  },
  "errorDistribution": {}
}