{
  "summary": {
    "successRate": 1,
    "total": 10.000368588,
    "slowest": 0.008943542,
    "fastest": 0.000083536,
    "average": 0.0009658449299373942,
    "requestsPerSec": 51677.59522585309,
    "totalData": 6718335,
    "sizePerRequest": 13,
    "sizePerSec": 671808.7379360901
  },
  "responseTimeHistogram": {
    "0.000083536": 1,
    "0.0009695366": 223613,
    "0.0018555372": 292657,
    "0.0027415378000000003": 341,
    "0.0036275384": 55,
    "0.0045135390000000004": 20,
    "0.005399539600000001": 54,
    "0.006285540200000001": 31,
    "0.007171540800000001": 1,
    "0.008057541400000002": 0,
    "0.008943542": 22
  },
  "latencyPercentiles": {
    "p10": 0.00068127,
    "p25": 0.000899945,
    "p50": 0.000994852,
    "p75": 0.001072215,
    "p90": 0.001128159,
    "p95": 0.001171248,
    "p99": 0.001294218
  },
  "rps": {
    "mean": 51662.993344637245,
    "stddev": 6666.756181464515,
    "max": 80181.47473176518,
    "percentiles": {
      "p10": 47525.71140987262,
      "p25": 48551.47913332501,
      "p50": 49440.17508627615,
      "p75": 51625.463888438615,
      "p90": 60756.84897449404,
      "p95": 66644.06153953126,
      "p99": 74233.85063589021
    }
  },
  "details": {
    "DNSDialup": {
      "average": 0.00092183308,
      "fastest": 0.00008673,
      "slowest": 0.001533934
    },
    "DNSLookup": {
      "average": 0.00000770934,
      "fastest": 0.000003366,
      "slowest": 0.000027871
    }
  },
  "statusCodeDistribution": {
    "200": 516795
  },
  "errorDistribution": {}
}