{
  "summary": {
    "successRate": 1,
    "total": 10.000395698,
    "slowest": 0.006867569,
    "fastest": 0.000249948,
    "average": 0.001003585226020417,
    "requestsPerSec": 49732.03211343568,
    "totalData": 6465420,
    "sizePerRequest": 13,
    "sizePerSec": 646516.4174746638
  },
  "responseTimeHistogram": {
    "0.000249948": 1,
    "0.0009117101000000001": 104558,
    "0.0015734722": 391747,
    "0.0022352342999999997": 672,
    "0.0028969964": 263,
    "0.0035587585": 50,
    "0.0042205205999999995": 1,
    "0.0048822827": 0,
    "0.0055440448": 15,
    "0.0062058069": 30,
    "0.0068675690000000005": 3
  },
  "latencyPercentiles": {
    "p10": 0.000806139,
    "p25": 0.000931187,
    "p50": 0.001021339,
    "p75": 0.001099632,
    "p90": 0.001155434,
    "p95": 0.001198645,
    "p99": 0.001327345
  },
  "rps": {
    "mean": 49729.32089183342,
    "stddev": 4286.536408542787,
    "max": 76020.85579024281,
    "percentiles": {
      "p10": 46315.473739129855,
      "p25": 47449.37970491644,
      "p50": 48632.14584840584,
      "p75": 51903.25072183988,
      "p90": 56176.422405047575,
      "p95": 57195.63278674487,
      "p99": 60427.126588918225
    }
  },
  "details": {
    "DNSDialup": {
      "average": 0.0009598579200000001,
      "fastest": 0.000109045,
      "slowest": 0.001688334
    },
    "DNSLookup": {
      "average": 0.000011644200000000003,
      "fastest": 0.000003316,
      "slowest": 0.000166492
    }
  },
  "statusCodeDistribution": {
    "200": 497340
  },
  "errorDistribution": {}
}