{
  "summary": {
    "successRate": 1,
    "total": 10.000371857,
    "slowest": 0.00745536,
    "fastest": 0.000173074,
    "average": 0.0009164001836886378,
    "requestsPerSec": 54466.774614859205,
    "totalData": 7080944,
    "sizePerRequest": 13,
    "sizePerSec": 708068.0699931697
  },
  "responseTimeHistogram": {
    "0.000173074": 1,
    "0.0009013026000000001": 200033,
    "0.0016295312": 343858,
    "0.0023577598": 504,
    "0.0030859884": 103,
    "0.0038142170000000004": 104,
    "0.004542445599999999": 18,
    "0.0052706742": 33,
    "0.0059989028": 25,
    "0.0067271314": 7,
    "0.00745536": 2
  },
  "latencyPercentiles": {
    "p10": 0.000608037,
    "p25": 0.000838791,
    "p50": 0.000949811,
    "p75": 0.001035211,
    "p90": 0.001088555,
    "p95": 0.001130093,
    "p99": 0.001254917
  },
  "rps": {
    "mean": 54459.409234448576,
    "stddev": 8004.463864049907,
    "max": 86787.03146316535,
    "percentiles": {
      "p10": 49072.60291601644,
      "p25": 49972.156927513905,
      "p50": 50938.74423210038,
      "p75": 58211.47930371841,
      "p90": 66512.0652886388,
      "p95": 72000.92387702246,
      "p99": 79361.32249389151
    }
  },
  "details": {
    "DNSDialup": {
      "average": 0.0008197374999999998,
      "fastest": 0.000079315,
      "slowest": 0.00184702
    },
    "DNSLookup": {
      "average": 0.000007114500000000001,
      "fastest": 0.000003787,
      "slowest": 0.000031458
    }
  },
  "statusCodeDistribution": {
    "200": 544688
  },
  "errorDistribution": {}
}