{
  "summary": {
    "successRate": 1,
    "total": 10.000620835,
    "slowest": 0.007489569,
    "fastest": 0.000087464,
    "average": 0.0010120951946987454,
    "requestsPerSec": 49310.03866021484,
    "totalData": 6410703,
    "sizePerRequest": 13,
    "sizePerSec": 641030.5025827929
  },
  "responseTimeHistogram": {
    "0.000087464": 1,
    "0.0008276745": 66790,
    "0.001567885": 423893,
    "0.0023080955": 1919,
    "0.003048306": 291,
    "0.0037885165": 152,
    "0.004528727": 32,
    "0.0052689375": 19,
    "0.006009148": 14,
    "0.006749358499999999": 15,
    "0.007489569": 5
  },
  "latencyPercentiles": {
    "p10": 0.000800817,
    "p25": 0.000907975,
    "p50": 0.001018509,
    "p75": 0.001114642,
    "p90": 0.001193701,
    "p95": 0.001259354,
    "p99": 0.001453097
  },
  "rps": {
    "mean": 49305.44140390118,
    "stddev": 5085.3169133706915,
    "max": 67510.43288092419,
    "percentiles": {
      "p10": 45361.41936181576,
      "p25": 46645.8221093921,
      "p50": 47851.004385575456,
      "p75": 51829.1798282466,
      "p90": 57765.24584518446,
      "p95": 58450.384231208634,
      "p99": 59463.76983368567
    }
  },
  "details": {
    "DNSDialup": {
      "average": 0.00073517688,
      "fastest": 0.000086703,
      "slowest": 0.001380286
    },
    "DNSLookup": {
      "average": 0.0000072381400000000005,
      "fastest": 0.000003346,
      "slowest": 0.000027612
    }
  },
  "statusCodeDistribution": {
    "200": 493131
  },
  "errorDistribution": {}
}