{
  "summary": {
    "successRate": 1,
    "total": 10.000391729,
    "slowest": 0.006303259,
    "fastest": 0.000177137,
    "average": 0.000992384980196168,
    "requestsPerSec": 50296.42974298732,
    "totalData": 6538792,
    "sizePerRequest": 13,
    "sizePerSec": 653853.5866588352
  },
  "responseTimeHistogram": {
    "0.000177137": 1,
    "0.0007897492": 47386,
    "0.0014023614000000001": 453257,
    "0.0020149736000000004": 1975,
    "0.0026275858000000003": 166,
    "0.0032401980000000006": 104,
    "0.0038528102000000004": 19,
    "0.0044654224": 29,
    "0.005078034600000001": 4,
    "0.005690646800000001": 20,
    "0.006303259000000001": 23
  },
  "latencyPercentiles": {
    "p10": 0.000805041,
    "p25": 0.000925228,
    "p50": 0.001013145,
    "p75": 0.001081826,
    "p90": 0.001143561,
    "p95": 0.00118918,
    "p99": 0.001308408
  },
  "rps": {
    "mean": 50299.23272648097,
    "stddev": 4375.812436075001,
    "max": 75214.67019019013,
    "percentiles": {
      "p10": 47156.384547144844,
      "p25": 48209.6528554201,
      "p50": 49287.13966292301,
      "p75": 51431.87747766067,
      "p90": 55981.54767495285,
      "p95": 58539.23299395557,
      "p99": 63920.19553568514
    }
  },
  "details": {
    "DNSDialup": {
      "average": 0.0009934533600000003,
      "fastest": 0.000160585,
      "slowest": 0.001432526
    },
    "DNSLookup": {
      "average": 0.000008125199999999998,
      "fastest": 0.000003286,
      "slowest": 0.000030266
    }
  },
  "statusCodeDistribution": {
    "200": 502984
  },
  "errorDistribution": {}
}