{
  "summary": {
    "successRate": 1,
    "total": 10.000222206,
    "slowest": 0.007091857,
    "fastest": 0.000083586,
    "average": 0.000967752249919031,
    "requestsPerSec": 51574.353986909795,
    "totalData": 6704815,
    "sizePerRequest": 13,
    "sizePerSec": 670466.6018298274
  },
  "responseTimeHistogram": {
    "0.000083586": 1,
    "0.0007844131": 69829,
    "0.0014852402000000002": 444354,
    "0.0021860673000000004": 1279,
    "0.0028868944000000002": 194,
    "0.0035877215": 42,
    "0.004288548600000001": 9,
    "0.0049893757000000006": 4,
    "0.0056902028": 29,
    "0.0063910299": 13,
    "0.007091857": 1
  },
  "latencyPercentiles": {
    "p10": 0.000704666,
    "p25": 0.000896766,
    "p50": 0.000993437,
    "p75": 0.001073419,
    "p90": 0.001129471,
    "p95": 0.001175272,
    "p99": 0.001301733
  },
  "rps": {
    "mean": 51566.985220437076,
    "stddev": 6227.114535443469,
    "max": 79825.78372814516,
    "percentiles": {
      "p10": 47365.18558082892,
      "p25": 48439.1710758727,
      "p50": 49368.14791178834,
      "p75": 53007.13476034642,
      "p90": 60318.3729764086,
      "p95": 64456.358233803854,
      "p99": 72107.39100757653
    }
  },
  "details": {
    "DNSDialup": {
      "average": 0.0010481701799999997,
      "fastest": 0.000280975,
      "slowest": 0.001466522
    },
    "DNSLookup": {
      "average": 0.000008434159999999997,
      "fastest": 0.00000502,
      "slowest": 0.000030016
    }
  },
  "statusCodeDistribution": {
    "200": 515755
  },
  "errorDistribution": {}
}