{
  "summary": {
    "successRate": 1,
    "total": 10.000263858,
    "slowest": 0.006748683,
    "fastest": 0.000200192,
    "average": 0.0009551987052963444,
    "requestsPerSec": 52255.52119626882,
    "totalData": 6793397,
    "sizePerRequest": 13,
    "sizePerSec": 679321.7755514947
  },
  "responseTimeHistogram": {
    "0.000200192": 1,
    "0.0008550411": 112297,
    "0.0015098902000000001": 408650,
    "0.0021647393000000003": 1316,
    "0.0028195884": 179,
    "0.0034744375": 68,
    "0.0041292866000000004": 10,
    "0.0047841357": 0,
    "0.0054389848": 7,
    "0.006093833900000001": 28,
    "0.006748683": 13
  },
  "latencyPercentiles": {
    "p10": 0.000643646,
    "p25": 0.000884457,
    "p50": 0.000987231,
    "p75": 0.001070095,
    "p90": 0.001128454,
    "p95": 0.001176845,
    "p99": 0.001307793
  },
  "rps": {
    "mean": 52249.84224616441,
    "stddev": 6458.785646740611,
    "max": 80945.60495419128,
    "percentiles": {
      "p10": 47745.501462894,
      "p25": 48699.678340635954,
      "p50": 49844.199117001226,
      "p75": 54817.377108543646,
      "p90": 61260.85653488265,
      "p95": 65145.5628066257,
      "p99": 73361.04372447924
    }
  },
  "details": {
    "DNSDialup": {
      "average": 0.0010432740599999996,
      "fastest": 0.000131979,
      "slowest": 0.001564977
    },
    "DNSLookup": {
      "average": 0.00000831606,
      "fastest": 0.000004428,
      "slowest": 0.000025187
    }
  },
  "statusCodeDistribution": {
    "200": 522569
  },
  "errorDistribution": {}
}