{
  "summary": {
    "successRate": 1,
    "total": 10.000606044,
    "slowest": 0.006978171,
    "fastest": 0.000061995,
    "average": 0.0009729148223442365,
    "requestsPerSec": 51297.79112814736,
    "totalData": 6669117,
    "sizePerRequest": 13,
    "sizePerSec": 666871.2846659156
  },
  "responseTimeHistogram": {
    "0.000061995": 1,
    "0.0007536126000000001": 55776,
    "0.0014452302": 455040,
    "0.0021368478": 1882,
    "0.0028284654": 197,
    "0.0035200830000000002": 63,
    "0.0042117006": 0,
    "0.0049033182": 0,
    "0.0055949358": 0,
    "0.0062865533999999995": 31,
    "0.006978171": 19
  },
  "latencyPercentiles": {
    "p10": 0.000736901,
    "p25": 0.000896026,
    "p50": 0.000993006,
    "p75": 0.001080179,
    "p90": 0.001132366,
    "p95": 0.001173653,
    "p99": 0.0013007
  },
  "rps": {
    "mean": 51297.38964893524,
    "stddev": 5334.114445258364,
    "max": 77081.2874800257,
    "percentiles": {
      "p10": 46989.87753876814,
      "p25": 48276.68332748337,
      "p50": 49695.48214858266,
      "p75": 53864.96114313967,
      "p90": 58643.90669293949,
      "p95": 60239.16147887932,
      "p99": 67072.06893806928
    }
  },
  "details": {
    "DNSDialup": {
      "average": 0.0005657512400000002,
      "fastest": 0.000093523,
      "slowest": 0.000965288
    },
    "DNSLookup": {
      "average": 0.000007149100000000002,
      "fastest": 0.000003737,
      "slowest": 0.00002681
    }
  },
  "statusCodeDistribution": {
    "200": 513009
  },
  "errorDistribution": {}
}