{
  "summary": {
    "successRate": 1,
    "total": 10.000440156,
    "slowest": 0.006576402,
    "fastest": 0.000183054,
    "average": 0.0009068483697954778,
    "requestsPerSec": 55040.977338357865,
    "totalData": 7155642,
    "sizePerRequest": 13,
    "sizePerSec": 715532.7053986522
  },
  "responseTimeHistogram": {
    "0.000183054": 1,
    "0.0008223888": 142768,
    "0.0014617236": 406372,
    "0.0021010584000000004": 935,
    "0.0027403932000000003": 239,
    "0.0033797280000000002": 68,
    "0.004019062800000001": 0,
    "0.0046583976": 1,
    "0.0052977324000000004": 1,
    "0.005937067200000001": 11,
    "0.006576402": 38
  },
  "latencyPercentiles": {
    "p10": 0.000600416,
    "p25": 0.00081127,
    "p50": 0.000944892,
    "p75": 0.001034021,
    "p90": 0.00108808,
    "p95": 0.001130751,
    "p99": 0.001257167
  },
  "rps": {
    "mean": 55036.03512104485,
    "stddev": 7804.472443418858,
    "max": 81753.88669512986,
    "percentiles": {
      "p10": 49264.728927338656,
      "p25": 50129.988579477074,
      "p50": 51422.48705358679,
      "p75": 59796.6592529511,
      "p90": 67006.60685143611,
      "p95": 71623.80058893445,
      "p99": 77456.05494696456
    }
  },
  "details": {
    "DNSDialup": {
      "average": 0.00067867214,
      "fastest": 0.000120595,
      "slowest": 0.001064446
    },
    "DNSLookup": {
      "average": 0.000009660799999999999,
      "fastest": 0.000004219,
      "slowest": 0.000051306
    }
  },
  "statusCodeDistribution": {
    "200": 550434
  },
  "errorDistribution": {}
}