{
  "summary": {
    "successRate": 1,
    "total": 10.000244187,
    "slowest": 0.006127304,
    "fastest": 0.00016149,
    "average": 0.000995416703403993,
    "requestsPerSec": 50146.77548093357,
    "totalData": 6519240,
    "sizePerRequest": 13,
    "sizePerSec": 651908.0812521364
  },
  "responseTimeHistogram": {
    "0.00016149": 1,
    "0.0007580714000000001": 30241,
    "0.0013546528": 466666,
    "0.0019512342000000001": 4060,
    "0.0025478156": 330,
    "0.0031443969999999997": 87,
    "0.0037409784": 46,
    "0.004337559800000001": 1,
    "0.0049341412000000005": 8,
    "0.0055307226": 17,
    "0.006127304": 23
  },
  "latencyPercentiles": {
    "p10": 0.000809107,
    "p25": 0.000915676,
    "p50": 0.001009099,
    "p75": 0.001085425,
    "p90": 0.001146765,
    "p95": 0.001195005,
    "p99": 0.001339323
  },
  "rps": {
    "mean": 50150.506977483245,
    "stddev": 4393.696064217502,
    "max": 68916.93135743319,
    "percentiles": {
      "p10": 47270.71699262043,
      "p25": 48101.42184796842,
      "p50": 48835.416574171635,
      "p75": 51408.410055123066,
      "p90": 57553.34406523532,
      "p95": 58624.033496676515,
      "p99": 60526.97687358956
    }
  },
  "details": {
    "DNSDialup": {
      "average": 0.00087885628,
      "fastest": 0.00039224,
      "slowest": 0.001215482
    },
    "DNSLookup": {
      "average": 0.000006597799999999999,
      "fastest": 0.000003537,
      "slowest": 0.000025267
    }
  },
  "statusCodeDistribution": {
    "200": 501480
  },
  "errorDistribution": {}
}