{
  "summary": {
    "successRate": 1,
    "total": 10.000648457,
    "slowest": 0.006979327,
    "fastest": 0.000260141,
    "average": 0.0009769393606765776,
    "requestsPerSec": 51087.887170194925,
    "totalData": 6641856,
    "sizePerRequest": 13,
    "sizePerSec": 664142.533212534
  },
  "responseTimeHistogram": {
    "0.000260141": 1,
    "0.0009320595999999999": 162238,
    "0.0016039782": 347755,
    "0.0022758967999999997": 702,
    "0.0029478153999999996": 17,
    "0.0036197339999999995": 25,
    "0.0042916526": 23,
    "0.0049635712": 69,
    "0.0056354898": 41,
    "0.0063074084": 38,
    "0.006979327": 3
  },
  "latencyPercentiles": {
    "p10": 0.000760288,
    "p25": 0.000901742,
    "p50": 0.000994398,
    "p75": 0.001079326,
    "p90": 0.001130755,
    "p95": 0.00116971,
    "p99": 0.001286679
  },
  "rps": {
    "mean": 51079.37168671162,
    "stddev": 4490.603189136981,
    "max": 73623.2944103579,
    "percentiles": {
      "p10": 47515.01949766199,
      "p25": 48620.916718376575,
      "p50": 50386.357177566584,
      "p75": 53256.91337509925,
      "p90": 57100.81654167432,
      "p95": 58339.09886405911,
      "p99": 62364.141519552104
    }
  },
  "details": {
    "DNSDialup": {
      "average": 0.0009673326000000001,
      "fastest": 0.000108363,
      "slowest": 0.001731934
    },
    "DNSLookup": {
      "average": 0.000010765720000000002,
      "fastest": 0.000003627,
      "slowest": 0.000166471
    }
  },
  "statusCodeDistribution": {
    "200": 510912
  },
  "errorDistribution": {}
}