{
  "summary": {
    "successRate": 1,
    "total": 10.000291742,
    "slowest": 0.00592722,
    "fastest": 0.000065803,
    "average": 0.0010106418333647327,
    "requestsPerSec": 49389.65909620759,
    "totalData": 6420843,
    "sizePerRequest": 13,
    "sizePerSec": 642065.5682506987
  },
  "responseTimeHistogram": {
    "0.000065803": 1,
    "0.0006519447000000001": 11648,
    "0.0012380864000000001": 470627,
    "0.0018242281000000003": 11191,
    "0.0024103698000000006": 219,
    "0.0029965115000000005": 107,
    "0.003582653200000001": 38,
    "0.004168794900000001": 31,
    "0.004754936600000001": 11,
    "0.0053410783000000005": 14,
    "0.00592722": 24
  },
  "latencyPercentiles": {
    "p10": 0.000869195,
    "p25": 0.00094052,
    "p50": 0.001024285,
    "p75": 0.001087293,
    "p90": 0.001144771,
    "p95": 0.001188874,
    "p99": 0.001305496
  },
  "rps": {
    "mean": 49388.59943495274,
    "stddev": 3888.418140137815,
    "max": 80145.58445416058,
    "percentiles": {
      "p10": 47261.226949616015,
      "p25": 48113.03382086251,
      "p50": 48840.91625558946,
      "p75": 49668.50069206665,
      "p90": 52145.09372328431,
      "p95": 56839.071177527956,
      "p99": 63195.97355426059
    }
  },
  "details": {
    "DNSDialup": {
      "average": 0.0008147272000000001,
      "fastest": 0.000077829,
      "slowest": 0.001826692
    },
    "DNSLookup": {
      "average": 0.000007042840000000001,
      "fastest": 0.000003647,
      "slowest": 0.000038983
    }
  },
  "statusCodeDistribution": {
    "200": 493911
  },
  "errorDistribution": {}
}