{
  "summary": {
    "successRate": 1,
    "total": 10.000388943,
    "slowest": 0.008096841,
    "fastest": 0.000103513,
    "average": 0.0009440913746926315,
    "requestsPerSec": 52867.143769450086,
    "totalData": 6872996,
    "sizePerRequest": 13,
    "sizePerSec": 687272.8690028511
  },
  "responseTimeHistogram": {
    "0.000103513": 1,
    "0.0009028458": 164728,
    "0.0017021786000000001": 363318,
    "0.0025015114000000002": 381,
    "0.0033008442000000003": 182,
    "0.004100177000000001": 27,
    "0.004899509800000001": 11,
    "0.005698842600000001": 39,
    "0.006498175400000001": 4,
    "0.007297508200000001": 0,
    "0.008096841": 1
  },
  "latencyPercentiles": {
    "p10": 0.00069719,
    "p25": 0.000878424,
    "p50": 0.000969543,
    "p75": 0.001043538,
    "p90": 0.001099535,
    "p95": 0.001142195,
    "p99": 0.001264942
  },
  "rps": {
    "mean": 52859.47300436961,
    "stddev": 6583.426351554506,
    "max": 83576.17968778631,
    "percentiles": {
      "p10": 49074.976910625766,
      "p25": 49931.811557141926,
      "p50": 50826.82639897304,
      "p75": 52726.23130007037,
      "p90": 61027.260877430555,
      "p95": 66828.54247048983,
      "p99": 77073.54650466362
    }
  },
  "details": {
    "DNSDialup": {
      "average": 0.0010794679200000002,
      "fastest": 0.000147033,
      "slowest": 0.001509438
    },
    "DNSLookup": {
      "average": 0.000010260079999999997,
      "fastest": 0.000004408,
      "slowest": 0.000051826
    }
  },
  "statusCodeDistribution": {
    "200": 528692
  },
  "errorDistribution": {}
}