{
  "summary": {
    "successRate": 1,
    "total": 10.000411135,
    "slowest": 0.025614771,
    "fastest": 0.000159197,
    "average": 0.0009847720549628638,
    "requestsPerSec": 50683.01624381166,
    "totalData": 6589063,
    "sizePerRequest": 13,
    "sizePerSec": 658879.2111695516
  },
  "responseTimeHistogram": {
    "0.000159197": 1,
    "0.0027047544": 506679,
    "0.0052503118": 134,
    "0.0077958692": 33,
    "0.0103414266": 0,
    "0.012886984": 1,
    "0.0154325414": 0,
    "0.0179780988": 2,
    "0.0205236562": 0,
    "0.0230692136": 0,
    "0.025614771": 1
  },
  "latencyPercentiles": {
    "p10": 0.000823545,
    "p25": 0.000909955,
    "p50": 0.000995458,
    "p75": 0.001064626,
    "p90": 0.001122345,
    "p95": 0.001172297,
    "p99": 0.00130668
  },
  "rps": {
    "mean": 50687.87135516872,
    "stddev": 4601.495017526132,
    "max": 78318.11497999984,
    "percentiles": {
      "p10": 47955.92139994362,
      "p25": 49029.93662576831,
      "p50": 49835.9691862623,
      "p75": 50846.86203876604,
      "p90": 55583.12212928795,
      "p95": 60674.28080418243,
      "p99": 66721.58443256159
    }
  },
  "details": {
    "DNSDialup": {
      "average": 0.00094072272,
      "fastest": 0.000098727,
      "slowest": 0.001944097
    },
    "DNSLookup": {
      "average": 0.000008709900000000001,
      "fastest": 0.000004388,
      "slowest": 0.00002674
    }
  },
  "statusCodeDistribution": {
    "200": 506851
  },
  "errorDistribution": {}
}