{
  "summary": {
    "successRate": 1,
    "total": 10.002688562,
    "slowest": 0.007380081,
    "fastest": 0.000142196,
    "average": 0.0009995535749790275,
    "requestsPerSec": 49927.876580828415,
    "totalData": 6492369,
    "sizePerRequest": 13,
    "sizePerSec": 649062.3955507694
  },
  "responseTimeHistogram": {
    "0.000142196": 1,
    "0.0008659845": 92435,
    "0.001589773": 405328,
    "0.0023135614999999997": 1390,
    "0.00303735": 172,
    "0.0037611385": 19,
    "0.004484927": 13,
    "0.0052087155": 0,
    "0.005932504": 24,
    "0.0066562925": 29,
    "0.007380081": 2
  },
  "latencyPercentiles": {
    "p10": 0.000798052,
    "p25": 0.000905292,
    "p50": 0.001006878,
    "p75": 0.001099175,
    "p90": 0.001174779,
    "p95": 0.001238405,
    "p99": 0.001408512
  },
  "rps": {
    "mean": 49925.13513773457,
    "stddev": 4477.321523649452,
    "max": 60802.7543647751,
    "percentiles": {
      "p10": 46204.694396950785,
      "p25": 47513.104114115384,
      "p50": 48681.64398512673,
      "p75": 52242.14617998208,
      "p90": 57373.0703423916,
      "p95": 58115.34826347777,
      "p99": 59164.261963630175
    }
  },
  "details": {
    "DNSDialup": {
      "average": 0.0006864738000000002,
      "fastest": 0.000087804,
      "slowest": 0.001125319
    },
    "DNSLookup": {
      "average": 0.00000675902,
      "fastest": 0.000003877,
      "slowest": 0.00002666
    }
  },
  "statusCodeDistribution": {
    "200": 499413
  },
  "errorDistribution": {}
}