{
  "summary": {
    "successRate": 1,
    "total": 10.00025472,
    "slowest": 0.011844679,
    "fastest": 0.000124164,
    "average": 0.0009862131322914893,
    "requestsPerSec": 50607.41092802885,
    "totalData": 6579131,
    "sizePerRequest": 13,
    "sizePerSec": 657896.3420643749
  },
  "responseTimeHistogram": {
    "0.000124164": 1,
    "0.0012962155": 500564,
    "0.002468267": 5310,
    "0.0036403185": 155,
    "0.004812370000000001": 16,
    "0.005984421500000001": 24,
    "0.007156473000000001": 16,
    "0.0083285245": 0,
    "0.009500576": 0,
    "0.0106726275": 0,
    "0.011844679": 1
  },
  "latencyPercentiles": {
    "p10": 0.000820681,
    "p25": 0.000911983,
    "p50": 0.000998591,
    "p75": 0.001068155,
    "p90": 0.001128009,
    "p95": 0.001177505,
    "p99": 0.001305937
  },
  "rps": {
    "mean": 50607.605014963476,
    "stddev": 4346.61366079134,
    "max": 74435.40892402112,
    "percentiles": {
      "p10": 47849.618944410184,
      "p25": 48880.74120832798,
      "p50": 49832.989439008365,
      "p75": 50868.110550276375,
      "p90": 55334.567504320905,
      "p95": 60229.65034533093,
      "p99": 65367.79776494632
    }
  },
  "details": {
    "DNSDialup": {
      "average": 0.00081726898,
      "fastest": 0.00008509,
      "slowest": 0.0014189
    },
    "DNSLookup": {
      "average": 0.000008410580000000002,
      "fastest": 0.000003817,
      "slowest": 0.000023975
    }
  },
  "statusCodeDistribution": {
    "200": 506087
  },
  "errorDistribution": {}
}