{
  "summary": {
    "successRate": 1,
    "total": 10.000438172,
    "slowest": 0.007190385,
    "fastest": 0.000258603,
    "average": 0.0009446496658579574,
    "requestsPerSec": 52839.584717348516,
    "totalData": 6869447,
    "sizePerRequest": 13,
    "sizePerSec": 686914.6013255308
  },
  "responseTimeHistogram": {
    "0.000258603": 1,
    "0.0009517811999999999": 227312,
    "0.0016449594": 300268,
    "0.0023381376": 584,
    "0.0030313158": 180,
    "0.003724494": 17,
    "0.004417672199999999": 8,
    "0.005110850399999999": 5,
    "0.0058040285999999995": 27,
    "0.0064972068": 16,
    "0.007190385": 1
  },
  "latencyPercentiles": {
    "p10": 0.000628111,
    "p25": 0.000867621,
    "p50": 0.000978984,
    "p75": 0.001064367,
    "p90": 0.001124591,
    "p95": 0.001171618,
    "p99": 0.001298283
  },
  "rps": {
    "mean": 52834.4167632038,
    "stddev": 7245.189393388841,
    "max": 80722.94453745872,
    "percentiles": {
      "p10": 47610.63621612795,
      "p25": 48719.57065153268,
      "p50": 49919.72846907888,
      "p75": 55524.61354818676,
      "p90": 63641.098679881085,
      "p95": 68104.25399201275,
      "p99": 75221.40468873736
    }
  },
  "details": {
    "DNSDialup": {
      "average": 0.0009779921,
      "fastest": 0.000107591,
      "slowest": 0.002038047
    },
    "DNSLookup": {
      "average": 0.0000472062,
      "fastest": 0.000004087,
      "slowest": 0.001930435
    }
  },
  "statusCodeDistribution": {
    "200": 528419
  },
  "errorDistribution": {}
}