{
  "summary": {
    "successRate": 1,
    "total": 10.000573948,
    "slowest": 0.006809749,
    "fastest": 0.000271657,
    "average": 0.0009998612090265932,
    "requestsPerSec": 49918.53493567108,
    "totalData": 6489782,
    "sizePerRequest": 13,
    "sizePerSec": 648940.954163724
  },
  "responseTimeHistogram": {
    "0.000271657": 1,
    "0.0009254662000000001": 123195,
    "0.0015792754000000001": 374614,
    "0.0022330846": 1135,
    "0.0028868938": 130,
    "0.003540703": 88,
    "0.0041945122": 1,
    "0.0048483214": 10,
    "0.0055021306": 6,
    "0.0061559398": 23,
    "0.006809749": 11
  },
  "latencyPercentiles": {
    "p10": 0.000793751,
    "p25": 0.000926869,
    "p50": 0.001016999,
    "p75": 0.001095671,
    "p90": 0.001154894,
    "p95": 0.001203554,
    "p99": 0.001346671
  },
  "rps": {
    "mean": 49915.119940148026,
    "stddev": 4810.033756539722,
    "max": 75511.06644883385,
    "percentiles": {
      "p10": 46321.706351597495,
      "p25": 47427.52312417547,
      "p50": 48672.63979179569,
      "p75": 51889.21922682941,
      "p90": 56841.234985990166,
      "p95": 58293.874677670065,
      "p99": 64633.61594365087
    }
  },
  "details": {
    "DNSDialup": {
      "average": 0.0010066292400000001,
      "fastest": 0.000087823,
      "slowest": 0.001773301
    },
    "DNSLookup": {
      "average": 0.000007856019999999995,
      "fastest": 0.000003556,
      "slowest": 0.000029595
    }
  },
  "statusCodeDistribution": {
    "200": 499214
  },
  "errorDistribution": {}
}