{
  "summary": {
    "successRate": 1,
    "total": 10.000381319,
    "slowest": 0.01710319,
    "fastest": 0.000164056,
    "average": 0.0010195291712746747,
    "requestsPerSec": 48956.33320199797,
    "totalData": 6364566,
    "sizePerRequest": 13,
    "sizePerSec": 636432.3316259737
  },
  "responseTimeHistogram": {
    "0.000164056": 1,
    "0.0018579694000000002": 488726,
    "0.0035518828000000004": 633,
    "0.0052457962000000006": 128,
    "0.006939709600000001": 41,
    "0.008633623": 51,
    "0.0103275364": 1,
    "0.0120214498": 0,
    "0.0137153632": 0,
    "0.0154092766": 0,
    "0.01710319": 1
  },
  "latencyPercentiles": {
    "p10": 0.000834738,
    "p25": 0.000921763,
    "p50": 0.001016892,
    "p75": 0.001120854,
    "p90": 0.001183445,
    "p95": 0.001230858,
    "p99": 0.001384745
  },
  "rps": {
    "mean": 48954.469372650856,
    "stddev": 4781.058767614674,
    "max": 60431.91957777081,
    "percentiles": {
      "p10": 45223.28770671055,
      "p25": 46358.10431476704,
      "p50": 47505.23089314806,
      "p75": 53732.38988462146,
      "p90": 55200.96809073565,
      "p95": 55801.15508390788,
      "p99": 57231.51739663672
    }
  },
  "details": {
    "DNSDialup": {
      "average": 0.0008725129200000001,
      "fastest": 0.000098644,
      "slowest": 0.002166538
    },
    "DNSLookup": {
      "average": 0.000009566619999999999,
      "fastest": 0.000004578,
      "slowest": 0.000031259
    }
  },
  "statusCodeDistribution": {
    "200": 489582
  },
  "errorDistribution": {}
}