{
  "summary": {
    "successRate": 1,
    "total": 10.000168682,
    "slowest": 0.013294763,
    "fastest": 0.000228523,
    "average": 0.0009827223157906205,
    "requestsPerSec": 50793.2432094149,
    "totalData": 6603233,
    "sizePerRequest": 13,
    "sizePerSec": 660312.1617223936
  },
  "responseTimeHistogram": {
    "0.000228523": 1,
    "0.001535147": 506540,
    "0.002841771": 1159,
    "0.004148394999999999": 160,
    "0.005455019": 72,
    "0.0067616429999999995": 7,
    "0.008068266999999999": 0,
    "0.009374891": 0,
    "0.010681514999999999": 1,
    "0.011988138999999998": 0,
    "0.013294763": 1
  },
  "latencyPercentiles": {
    "p10": 0.000757277,
    "p25": 0.000915221,
    "p50": 0.001005887,
    "p75": 0.00107903,
    "p90": 0.001136196,
    "p95": 0.001177399,
    "p99": 0.001292605
  },
  "rps": {
    "mean": 50790.01186733061,
    "stddev": 4469.975208359111,
    "max": 67895.85918499125,
    "percentiles": {
      "p10": 47559.57312129228,
      "p25": 48481.50710975034,
      "p50": 49640.93391410741,
      "p75": 52938.39154317009,
      "p90": 56683.579938618714,
      "p95": 58930.67233070775,
      "p99": 62881.20476778074
    }
  },
  "details": {
    "DNSDialup": {
      "average": 0.00068878546,
      "fastest": 0.000090438,
      "slowest": 0.001493781
    },
    "DNSLookup": {
      "average": 0.000008331060000000001,
      "fastest": 0.000003185,
      "slowest": 0.000060442
    }
  },
  "statusCodeDistribution": {
    "200": 507941
  },
  "errorDistribution": {}
}