{
  "summary": {
    "successRate": 1,
    "total": 10.000266345,
    "slowest": 0.025119929,
    "fastest": 0.000228417,
    "average": 0.0009073230807323547,
    "requestsPerSec": 55009.93483789056,
    "totalData": 7151482,
    "sizePerRequest": 13,
    "sizePerSec": 715129.1528925772
  },
  "responseTimeHistogram": {
    "0.000228417": 1,
    "0.0027175681999999997": 549946,
    "0.0052067193999999995": 132,
    "0.0076958706": 31,
    "0.0101850218": 1,
    "0.012674172999999999": 0,
    "0.0151633242": 0,
    "0.0176524754": 2,
    "0.0201416266": 0,
    "0.0226307778": 0,
    "0.025119929": 1
  },
  "latencyPercentiles": {
    "p10": 0.000597319,
    "p25": 0.000716599,
    "p50": 0.000955046,
    "p75": 0.0010554,
    "p90": 0.001115805,
    "p95": 0.001161018,
    "p99": 0.001304236
  },
  "rps": {
    "mean": 54996.498842790104,
    "stddev": 8495.574955476739,
    "max": 80440.20728129109,
    "percentiles": {
      "p10": 47640.76143548333,
      "p25": 49015.01820157663,
      "p50": 51577.28463995043,
      "p75": 60739.90611832127,
      "p90": 67547.44532560017,
      "p95": 71427.29773001756,
      "p99": 77090.73579602988
    }
  },
  "details": {
    "DNSDialup": {
      "average": 0.0009151841200000005,
      "fastest": 0.000096029,
      "slowest": 0.001996669
    },
    "DNSLookup": {
      "average": 0.000009897199999999997,
      "fastest": 0.000004519,
      "slowest": 0.000040796
    }
  },
  "statusCodeDistribution": {
    "200": 550114
  },
  "errorDistribution": {}
}