{
  "summary": {
    "successRate": 1,
    "total": 10.000660016,
    "slowest": 0.006575533,
    "fastest": 0.000134781,
    "average": 0.0010157589480422038,
    "requestsPerSec": 49134.75702742058,
    "totalData": 6387940,
    "sizePerRequest": 13,
    "sizePerSec": 638751.8413564676
  },
  "responseTimeHistogram": {
    "0.000134781": 1,
    "0.0007788561999999999": 37030,
    "0.0014229314": 450365,
    "0.0020670066": 3339,
    "0.0027110818": 424,
    "0.003355157": 125,
    "0.003999232199999999": 33,
    "0.004643307399999999": 10,
    "0.0052873825999999995": 14,
    "0.0059314578": 9,
    "0.006575533": 30
  },
  "latencyPercentiles": {
    "p10": 0.000826373,
    "p25": 0.000944286,
    "p50": 0.001031334,
    "p75": 0.001104593,
    "p90": 0.001162501,
    "p95": 0.001210651,
    "p99": 0.001380203
  },
  "rps": {
    "mean": 49129.070110563334,
    "stddev": 4700.080266917297,
    "max": 77703.2557664185,
    "percentiles": {
      "p10": 45948.71022771363,
      "p25": 47156.38454714432,
      "p50": 48040.75789985943,
      "p75": 50475.096849093134,
      "p90": 55347.26679771598,
      "p95": 57441.24695993721,
      "p99": 63670.005170688026
    }
  },
  "details": {
    "DNSDialup": {
      "average": 0.0010387887799999998,
      "fastest": 0.000106044,
      "slowest": 0.002020925
    },
    "DNSLookup": {
      "average": 0.000008955799999999998,
      "fastest": 0.000003677,
      "slowest": 0.000034514
    }
  },
  "statusCodeDistribution": {
    "200": 491380
  },
  "errorDistribution": {}
}