{
  "summary": {
    "successRate": 1,
    "total": 10.000220419,
    "slowest": 0.006221261,
    "fastest": 0.000239848,
    "average": 0.0009819069861579047,
    "requestsPerSec": 50829.37962389727,
    "totalData": 6607965,
    "sizePerRequest": 13,
    "sizePerSec": 660781.9351106645
  },
  "responseTimeHistogram": {
    "0.000239848": 1,
    "0.0008379892999999999": 83469,
    "0.0014361305999999999": 422241,
    "0.0020342718999999997": 2140,
    "0.0026324131999999997": 263,
    "0.0032305545": 103,
    "0.0038286957999999994": 36,
    "0.0044268371": 12,
    "0.0050249783999999995": 3,
    "0.005623119699999999": 10,
    "0.006221261": 27
  },
  "latencyPercentiles": {
    "p10": 0.000805088,
    "p25": 0.000884433,
    "p50": 0.000981273,
    "p75": 0.001083851,
    "p90": 0.001145576,
    "p95": 0.001188902,
    "p99": 0.001333765
  },
  "rps": {
    "mean": 50823.55829678112,
    "stddev": 4891.157432093717,
    "max": 62462.01397183908,
    "percentiles": {
      "p10": 46639.67182521507,
      "p25": 47693.6881931566,
      "p50": 48911.358470536274,
      "p75": 56225.61076570664,
      "p90": 57574.43326044215,
      "p95": 58009.10162804752,
      "p99": 59194.83011784943
    }
  },
  "details": {
    "DNSDialup": {
      "average": 0.0010374591799999998,
      "fastest": 0.000198818,
      "slowest": 0.001505763
    },
    "DNSLookup": {
      "average": 0.000009492499999999998,
      "fastest": 0.000004248,
      "slowest": 0.000033803
    }
  },
  "statusCodeDistribution": {
    "200": 508305
  },
  "errorDistribution": {}
}