{
  "summary": {
    "successRate": 1,
    "total": 10.000573598,
    "slowest": 0.007930281,
    "fastest": 0.000089748,
    "average": 0.0009899718627367868,
    "requestsPerSec": 50416.30813064888,
    "totalData": 6554496,
    "sizePerRequest": 13,
    "sizePerSec": 655412.0056984355
  },
  "responseTimeHistogram": {
    "0.000089748": 1,
    "0.0008738013": 91951,
    "0.0016578546": 411247,
    "0.0024419079000000004": 778,
    "0.0032259612000000003": 149,
    "0.0040100145": 16,
    "0.0047940678": 0,
    "0.0055781211": 2,
    "0.0063621744": 12,
    "0.0071462277000000005": 25,
    "0.007930281": 11
  },
  "latencyPercentiles": {
    "p10": 0.00075801,
    "p25": 0.000920006,
    "p50": 0.001010279,
    "p75": 0.001091162,
    "p90": 0.001146194,
    "p95": 0.001189753,
    "p99": 0.001326087
  },
  "rps": {
    "mean": 50411.122663622155,
    "stddev": 4698.011747309592,
    "max": 68518.3834822894,
    "percentiles": {
      "p10": 46343.242879931226,
      "p25": 47620.03790916588,
      "p50": 49563.54303624554,
      "p75": 52840.12150425623,
      "p90": 56237.87150823453,
      "p95": 58356.348890490044,
      "p99": 64768.596420468166
    }
  },
  "details": {
    "DNSDialup": {
      "average": 0.0006879635600000004,
      "fastest": 0.000091651,
      "slowest": 0.001517035
    },
    "DNSLookup": {
      "average": 0.000007077259999999998,
      "fastest": 0.000003667,
      "slowest": 0.000029966
    }
  },
  "statusCodeDistribution": {
    "200": 504192
  },
  "errorDistribution": {}
}