{
  "summary": {
    "successRate": 1,
    "total": 10.000606859,
    "slowest": 0.006991918,
    "fastest": 0.000191966,
    "average": 0.0010293303116653207,
    "requestsPerSec": 48481.75784089185,
    "totalData": 6303011,
    "sizePerRequest": 13,
    "sizePerSec": 630262.851931594
  },
  "responseTimeHistogram": {
    "0.000191966": 1,
    "0.0008719611999999999": 47529,
    "0.0015519563999999999": 435585,
    "0.0022319515999999996": 1421,
    "0.0029119467999999997": 186,
    "0.003591942": 68,
    "0.004271937199999999": 5,
    "0.004951932399999999": 2,
    "0.0056319275999999995": 31,
    "0.0063119228": 10,
    "0.006991918": 9
  },
  "latencyPercentiles": {
    "p10": 0.000874106,
    "p25": 0.000955381,
    "p50": 0.001040547,
    "p75": 0.001108734,
    "p90": 0.001169807,
    "p95": 0.001220836,
    "p99": 0.001369149
  },
  "rps": {
    "mean": 48487.629724050006,
    "stddev": 4070.449264270575,
    "max": 73171.02833336983,
    "percentiles": {
      "p10": 46248.75543798398,
      "p25": 47145.52843681085,
      "p50": 47912.892356970275,
      "p75": 48765.34328832793,
      "p90": 51731.94965210321,
      "p95": 56650.18640012947,
      "p99": 64570.46120008479
    }
  },
  "details": {
    "DNSDialup": {
      "average": 0.0008491310999999999,
      "fastest": 0.000092497,
      "slowest": 0.001759809
    },
    "DNSLookup": {
      "average": 0.000008357179999999999,
      "fastest": 0.000003847,
      "slowest": 0.00003235
    }
  },
  "statusCodeDistribution": {
    "200": 484847
  },
  "errorDistribution": {}
}