{
  "summary": {
    "successRate": 1,
    "total": 10.00035267,
    "slowest": 0.006132723,
    "fastest": 0.000160548,
    "average": 0.0009999445955141675,
    "requestsPerSec": 49915.43963219049,
    "totalData": 6489236,
    "sizePerRequest": 13,
    "sizePerSec": 648900.7152184764
  },
  "responseTimeHistogram": {
    "0.000160548": 1,
    "0.0007577655": 19836,
    "0.001354983": 475784,
    "0.0019522005": 3138,
    "0.002549418": 227,
    "0.0031466355": 97,
    "0.003743853": 39,
    "0.0043410704999999996": 2,
    "0.004938288": 5,
    "0.0055355055": 10,
    "0.006132723": 33
  },
  "latencyPercentiles": {
    "p10": 0.000844335,
    "p25": 0.000925208,
    "p50": 0.001010246,
    "p75": 0.001077307,
    "p90": 0.001137981,
    "p95": 0.001187469,
    "p99": 0.001317497
  },
  "rps": {
    "mean": 49910.67689166102,
    "stddev": 4291.472066661365,
    "max": 77344.75167331989,
    "percentiles": {
      "p10": 47476.0566427443,
      "p25": 48455.66101781262,
      "p50": 49341.27373231514,
      "p75": 50153.15456249522,
      "p90": 52396.272911847824,
      "p95": 59532.97881477908,
      "p99": 62249.84783370516
    }
  },
  "details": {
    "DNSDialup": {
      "average": 0.0010453921799999995,
      "fastest": 0.000127046,
      "slowest": 0.001638949
    },
    "DNSLookup": {
      "average": 0.0000114956,
      "fastest": 0.000004498,
      "slowest": 0.000152186
    }
  },
  "statusCodeDistribution": {
    "200": 499172
  },
  "errorDistribution": {}
}