{
  "summary": {
    "successRate": 1,
    "total": 10.000596721,
    "slowest": 0.010397813,
    "fastest": 0.000168124,
    "average": 0.0009822563504229514,
    "requestsPerSec": 50809.56808637219,
    "totalData": 6605638,
    "sizePerRequest": 13,
    "sizePerSec": 660524.3851228384
  },
  "responseTimeHistogram": {
    "0.000168124": 1,
    "0.0011910929": 476087,
    "0.0022140618": 31777,
    "0.0032370307000000004": 156,
    "0.004259999600000001": 55,
    "0.0052829685000000005": 17,
    "0.006305937400000001": 25,
    "0.007328906300000001": 5,
    "0.0083518752": 1,
    "0.009374844100000002": 1,
    "0.010397813": 1
  },
  "latencyPercentiles": {
    "p10": 0.000777471,
    "p25": 0.000885041,
    "p50": 0.000991227,
    "p75": 0.001088021,
    "p90": 0.00115485,
    "p95": 0.001209928,
    "p99": 0.00137701
  },
  "rps": {
    "mean": 50806.13407680908,
    "stddev": 4803.865623182922,
    "max": 71125.45580062884,
    "percentiles": {
      "p10": 46783.24918217118,
      "p25": 48039.89713457202,
      "p50": 49408.755231426745,
      "p75": 53458.681594790534,
      "p90": 58329.9174146422,
      "p95": 58823.62945195322,
      "p99": 59978.315066992815
    }
  },
  "details": {
    "DNSDialup": {
      "average": 0.0007887138199999999,
      "fastest": 0.000079318,
      "slowest": 0.001294786
    },
    "DNSLookup": {
      "average": 0.0000070031,
      "fastest": 0.000003487,
      "slowest": 0.000028253
    }
  },
  "statusCodeDistribution": {
    "200": 508126
  },
  "errorDistribution": {}
}