{
  "summary": {
    "successRate": 1,
    "total": 10.00068541,
    "slowest": 0.007192406,
    "fastest": 0.000179525,
    "average": 0.001013653524453911,
    "requestsPerSec": 49236.22529988171,
    "totalData": 6401148,
    "sizePerRequest": 13,
    "sizePerSec": 640070.9288984623
  },
  "responseTimeHistogram": {
    "0.000179525": 1,
    "0.0008808131000000001": 60290,
    "0.0015821012": 430886,
    "0.0022833893": 966,
    "0.0029846774": 138,
    "0.0036859655": 39,
    "0.0043872536": 24,
    "0.0050885417": 22,
    "0.0057898298": 7,
    "0.0064911179": 15,
    "0.007192406": 8
  },
  "latencyPercentiles": {
    "p10": 0.000859461,
    "p25": 0.00094241,
    "p50": 0.001025766,
    "p75": 0.001092911,
    "p90": 0.001150719,
    "p95": 0.001199055,
    "p99": 0.001338881
  },
  "rps": {
    "mean": 49234.479301075495,
    "stddev": 3772.251609007224,
    "max": 69811.55887106912,
    "percentiles": {
      "p10": 46710.98530107394,
      "p25": 47647.84835211017,
      "p50": 48615.92657755296,
      "p75": 49864.79817148135,
      "p90": 53433.219432518345,
      "p95": 56422.0140966374,
      "p99": 60429.396030273674
    }
  },
  "details": {
    "DNSDialup": {
      "average": 0.0009040227199999998,
      "fastest": 0.000091117,
      "slowest": 0.001707212
    },
    "DNSLookup": {
      "average": 0.000008327779999999995,
      "fastest": 0.000004048,
      "slowest": 0.000031459
    }
  },
  "statusCodeDistribution": {
    "200": 492396
  },
  "errorDistribution": {}
}