{
  "summary": {
    "successRate": 1,
    "total": 10.00087445,
    "slowest": 0.006399285,
    "fastest": 0.000206636,
    "average": 0.0010089723761382728,
    "requestsPerSec": 49466.574395402,
    "totalData": 6431217,
    "sizePerRequest": 13,
    "sizePerSec": 643065.4671402259
  },
  "responseTimeHistogram": {
    "0.000206636": 1,
    "0.0008259009000000002": 45081,
    "0.0014451658000000003": 447188,
    "0.0020644307": 2056,
    "0.0026836956000000005": 222,
    "0.003302960500000001": 92,
    "0.003922225400000001": 12,
    "0.0045414903": 13,
    "0.0051607552000000004": 6,
    "0.005780020100000001": 18,
    "0.006399285000000001": 20
  },
  "latencyPercentiles": {
    "p10": 0.000839453,
    "p25": 0.000941573,
    "p50": 0.001025061,
    "p75": 0.001094683,
    "p90": 0.001145573,
    "p95": 0.001188851,
    "p99": 0.001325449
  },
  "rps": {
    "mean": 49468.50406167503,
    "stddev": 4006.9901997728516,
    "max": 67600.26364103344,
    "percentiles": {
      "p10": 46952.20496282851,
      "p25": 47734.746121701275,
      "p50": 48589.981970509085,
      "p75": 50211.66416958501,
      "p90": 55024.61801409475,
      "p95": 57540.917346323346,
      "p99": 60577.57838753363
    }
  },
  "details": {
    "DNSDialup": {
      "average": 0.0008607226000000002,
      "fastest": 0.000132552,
      "slowest": 0.001169638
    },
    "DNSLookup": {
      "average": 0.00000704316,
      "fastest": 0.000003697,
      "slowest": 0.000029685
    }
  },
  "statusCodeDistribution": {
    "200": 494709
  },
  "errorDistribution": {}
}