{
  "summary": {
    "successRate": 1,
    "total": 10.000678658,
    "slowest": 0.008703716,
    "fastest": 0.000151443,
    "average": 0.00099417492617979,
    "requestsPerSec": 50200.99306944455,
    "totalData": 6526572,
    "sizePerRequest": 13,
    "sizePerSec": 652612.9099027792
  },
  "responseTimeHistogram": {
    "0.000151443": 1,
    "0.0010066703": 240694,
    "0.0018618976000000001": 260788,
    "0.0027171249": 416,
    "0.0035723522": 54,
    "0.004427579500000001": 33,
    "0.0052828068": 12,
    "0.006138034100000001": 38,
    "0.006993261400000001": 4,
    "0.0078484887": 0,
    "0.008703716": 4
  },
  "latencyPercentiles": {
    "p10": 0.000738833,
    "p25": 0.00091242,
    "p50": 0.00101491,
    "p75": 0.001101323,
    "p90": 0.001171489,
    "p95": 0.00122821,
    "p99": 0.001390475
  },
  "rps": {
    "mean": 50200.86328750417,
    "stddev": 4604.013406174493,
    "max": 68504.85699435961,
    "percentiles": {
      "p10": 46528.6756227863,
      "p25": 47573.93465184242,
      "p50": 49116.04621229793,
      "p75": 52465.5609649834,
      "p90": 56095.48011670601,
      "p95": 58384.296493347014,
      "p99": 62312.767415191876
    }
  },
  "details": {
    "DNSDialup": {
      "average": 0.0010532945600000008,
      "fastest": 0.000103503,
      "slowest": 0.001740716
    },
    "DNSLookup": {
      "average": 0.000009125460000000003,
      "fastest": 0.000004178,
      "slowest": 0.000028033
    }
  },
  "statusCodeDistribution": {
    "200": 502044
  },
  "errorDistribution": {}
}