{
  "summary": {
    "successRate": 1,
    "total": 10.000420011,
    "slowest": 0.00599243,
    "fastest": 0.000055103,
    "average": 0.00097071622434465,
    "requestsPerSec": 51416.94043194323,
    "totalData": 6684483,
    "sizePerRequest": 13,
    "sizePerSec": 668420.2256152619
  },
  "responseTimeHistogram": {
    "0.000055103": 1,
    "0.0006488357000000001": 27214,
    "0.0012425684": 469256,
    "0.0018363011": 16807,
    "0.0024300338": 590,
    "0.0030237665000000004": 215,
    "0.0036174992": 57,
    "0.0042112319": 3,
    "0.0048049646": 2,
    "0.005398697300000001": 17,
    "0.005992430000000001": 29
  },
  "latencyPercentiles": {
    "p10": 0.000753603,
    "p25": 0.000868769,
    "p50": 0.000982601,
    "p75": 0.00107972,
    "p90": 0.001155447,
    "p95": 0.001212412,
    "p99": 0.0013764
  },
  "rps": {
    "mean": 51412.28500271232,
    "stddev": 6101.873654821688,
    "max": 77655.95888396856,
    "percentiles": {
      "p10": 46647.81400936002,
      "p25": 47814.013753928644,
      "p50": 49234.434563532785,
      "p75": 55435.251276284755,
      "p90": 59499.70365341085,
      "p95": 60850.3429423069,
      "p99": 71961.08926449662
    }
  },
  "details": {
    "DNSDialup": {
      "average": 0.00096497662,
      "fastest": 0.000420712,
      "slowest": 0.001293617
    },
    "DNSLookup": {
      "average": 0.00000802456,
      "fastest": 0.000004148,
      "slowest": 0.000029776
    }
  },
  "statusCodeDistribution": {
    "200": 514191
  },
  "errorDistribution": {}
}