{
  "summary": {
    "successRate": 1,
    "total": 10.00020482,
    "slowest": 0.009421843,
    "fastest": 0.000115253,
    "average": 0.00105286848980034,
    "requestsPerSec": 47402.62909935079,
    "totalData": 6162468,
    "sizePerRequest": 13,
    "sizePerSec": 616234.1782915602
  },
  "responseTimeHistogram": {
    "0.000115253": 1,
    "0.001045912": 223162,
    "0.001976571": 250367,
    "0.0029072300000000002": 314,
    "0.003837889": 89,
    "0.004768548": 5,
    "0.005699207": 62,
    "0.006629866": 35,
    "0.007560525": 0,
    "0.008491183999999999": 0,
    "0.009421843": 1
  },
  "latencyPercentiles": {
    "p10": 0.000860142,
    "p25": 0.000955974,
    "p50": 0.00105765,
    "p75": 0.001141607,
    "p90": 0.001230376,
    "p95": 0.001300895,
    "p99": 0.001488919
  },
  "rps": {
    "mean": 47394.7532185715,
    "stddev": 4460.149822508699,
    "max": 68311.6129742093,
    "percentiles": {
      "p10": 43767.4280997282,
      "p25": 45220.000314836914,
      "p50": 46500.77632140145,
      "p75": 48603.20781171438,
      "p90": 54325.737733854825,
      "p95": 55211.99204466513,
      "p99": 57229.576445911494
    }
  },
  "details": {
    "DNSDialup": {
      "average": 0.0005716075,
      "fastest": 0.000082298,
      "slowest": 0.000898797
    },
    "DNSLookup": {
      "average": 0.00000727454,
      "fastest": 0.000003767,
      "slowest": 0.000028273
    }
  },
  "statusCodeDistribution": {
    "200": 474036
  },
  "errorDistribution": {}
}