{
  "summary": {
    "successRate": 1,
    "total": 10.000675877,
    "slowest": 0.006220693,
    "fastest": 0.000097962,
    "average": 0.0008945585603109661,
    "requestsPerSec": 55797.028807156086,
    "totalData": 7254104,
    "sizePerRequest": 13,
    "sizePerSec": 725361.3744930291
  },
  "responseTimeHistogram": {
    "0.000097962": 1,
    "0.0007102351000000001": 128612,
    "0.0013225082": 426116,
    "0.0019347813": 2856,
    "0.0025470544": 290,
    "0.0031593275": 76,
    "0.0037716006": 7,
    "0.004383873700000001": 1,
    "0.0049961468": 4,
    "0.0056084199": 20,
    "0.006220693": 25
  },
  "latencyPercentiles": {
    "p10": 0.000592418,
    "p25": 0.000748432,
    "p50": 0.00093715,
    "p75": 0.001037466,
    "p90": 0.001097511,
    "p95": 0.001138738,
    "p99": 0.001259973
  },
  "rps": {
    "mean": 55781.13730458944,
    "stddev": 9011.195796640068,
    "max": 83823.8646542705,
    "percentiles": {
      "p10": 48360.72172219406,
      "p25": 49634.7732999413,
      "p50": 51721.91457520068,
      "p75": 61031.40065564565,
      "p90": 69874.72874670236,
      "p95": 73904.78220020361,
      "p99": 80088.76922907264
    }
  },
  "details": {
    "DNSDialup": {
      "average": 0.0008658125000000003,
      "fastest": 0.000242602,
      "slowest": 0.001214772
    },
    "DNSLookup": {
      "average": 0.000008483780000000002,
      "fastest": 0.000004177,
      "slowest": 0.000029224
    }
  },
  "statusCodeDistribution": {
    "200": 558008
  },
  "errorDistribution": {}
}