{
  "summary": {
    "successRate": 1,
    "total": 10.000645089,
    "slowest": 0.007790734,
    "fastest": 0.000337128,
    "average": 0.001004348731465736,
    "requestsPerSec": 49693.99429509141,
    "totalData": 6460636,
    "sizePerRequest": 13,
    "sizePerSec": 646021.9258361884
  },
  "responseTimeHistogram": {
    "0.000337128": 1,
    "0.0010824886000000001": 352541,
    "0.0018278492": 143869,
    "0.0025732098": 414,
    "0.0033185704": 85,
    "0.004063931": 9,
    "0.0048092916000000005": 2,
    "0.0055546522": 12,
    "0.0063000128": 18,
    "0.0070453734": 14,
    "0.007790734": 7
  },
  "latencyPercentiles": {
    "p10": 0.000825902,
    "p25": 0.000932571,
    "p50": 0.001018317,
    "p75": 0.001093043,
    "p90": 0.001145294,
    "p95": 0.001187427,
    "p99": 0.001312039
  },
  "rps": {
    "mean": 49691.170888322114,
    "stddev": 4200.979911876002,
    "max": 71684.26481232526,
    "percentiles": {
      "p10": 46823.80053782069,
      "p25": 47607.68864171564,
      "p50": 48655.827475283855,
      "p75": 50985.05535692567,
      "p90": 55506.17783759295,
      "p95": 58407.86189892603,
      "p99": 60138.512703529035
    }
  },
  "details": {
    "DNSDialup": {
      "average": 0.0007798476000000001,
      "fastest": 0.000088802,
      "slowest": 0.001741714
    },
    "DNSLookup": {
      "average": 0.000007260780000000002,
      "fastest": 0.000003937,
      "slowest": 0.000033682
    }
  },
  "statusCodeDistribution": {
    "200": 496972
  },
  "errorDistribution": {}
}