{
  "summary": {
    "successRate": 1,
    "total": 10.000426531,
    "slowest": 0.005687116,
    "fastest": 0.000239529,
    "average": 0.0009593096657564016,
    "requestsPerSec": 52034.68055956662,
    "totalData": 6764797,
    "sizePerRequest": 13,
    "sizePerSec": 676450.8472743661
  },
  "responseTimeHistogram": {
    "0.000239529": 1,
    "0.0007842877000000001": 86484,
    "0.0013290464": 430261,
    "0.0018738051000000001": 3157,
    "0.0024185638": 202,
    "0.0029633225": 128,
    "0.0035080812": 78,
    "0.0040528399": 8,
    "0.0045975986": 12,
    "0.0051423573": 17,
    "0.005687116": 21
  },
  "latencyPercentiles": {
    "p10": 0.000668923,
    "p25": 0.00088687,
    "p50": 0.000990804,
    "p75": 0.001075827,
    "p90": 0.001127971,
    "p95": 0.001166055,
    "p99": 0.001268754
  },
  "rps": {
    "mean": 52028.93127939987,
    "stddev": 5615.410493575869,
    "max": 73016.43599974313,
    "percentiles": {
      "p10": 47656.35840945468,
      "p25": 48542.178298726714,
      "p50": 49773.43013694752,
      "p75": 55574.74803610959,
      "p90": 59417.89667048153,
      "p95": 62115.230654549116,
      "p99": 68410.85680297512
    }
  },
  "details": {
    "DNSDialup": {
      "average": 0.00074056166,
      "fastest": 0.000079461,
      "slowest": 0.00171176
    },
    "DNSLookup": {
      "average": 0.000006892219999999998,
      "fastest": 0.000003667,
      "slowest": 0.000031229
    }
  },
  "statusCodeDistribution": {
    "200": 520369
  },
  "errorDistribution": {}
}