{
  "summary": {
    "successRate": 1,
    "total": 10.000323488,
    "slowest": 0.020639802,
    "fastest": 0.000102902,
    "average": 0.0008936600639667152,
    "requestsPerSec": 55845.99344912712,
    "totalData": 7260214,
    "sizePerRequest": 13,
    "sizePerSec": 725997.9148386525
  },
  "responseTimeHistogram": {
    "0.000102902": 1,
    "0.002156592": 557973,
    "0.004210282": 398,
    "0.006263972": 101,
    "0.008317662": 1,
    "0.010371352": 1,
    "0.012425041999999999": 1,
    "0.014478732": 0,
    "0.016532421999999998": 1,
    "0.018586112": 0,
    "0.020639802": 1
  },
  "latencyPercentiles": {
    "p10": 0.000667538,
    "p25": 0.000786631,
    "p50": 0.000879745,
    "p75": 0.001011862,
    "p90": 0.001100839,
    "p95": 0.001158522,
    "p99": 0.001322214
  },
  "rps": {
    "mean": 55841.07245466484,
    "stddev": 7190.3459918515655,
    "max": 80738.83354350632,
    "percentiles": {
      "p10": 47911.441252173994,
      "p25": 49819.23452344264,
      "p50": 58426.47888022036,
      "p75": 59735.15077863627,
      "p90": 61488.00162792857,
      "p95": 67531.7476865596,
      "p99": 76322.18685972044
    }
  },
  "details": {
    "DNSDialup": {
      "average": 0.0007789307599999999,
      "fastest": 0.000102672,
      "slowest": 0.001954927
    },
    "DNSLookup": {
      "average": 0.000011163119999999998,
      "fastest": 0.00000564,
      "slowest": 0.000029816
    }
  },
  "statusCodeDistribution": {
    "200": 558478
  },
  "errorDistribution": {}
}