{
  "summary": {
    "successRate": 1,
    "total": 10.000527886,
    "slowest": 0.006670135,
    "fastest": 0.000059672,
    "average": 0.0009960539841359136,
    "requestsPerSec": 50110.55473397037,
    "totalData": 6514716,
    "sizePerRequest": 13,
    "sizePerSec": 651437.2115416148
  },
  "responseTimeHistogram": {
    "0.000059672": 1,
    "0.0007207183": 24393,
    "0.0013817646": 474202,
    "0.0020428109000000002": 2195,
    "0.0027038572": 223,
    "0.0033649035": 60,
    "0.0040259498": 7,
    "0.0046869961": 4,
    "0.0053480424": 11,
    "0.0060090887": 29,
    "0.006670135": 7
  },
  "latencyPercentiles": {
    "p10": 0.000850069,
    "p25": 0.000928287,
    "p50": 0.001011392,
    "p75": 0.001075607,
    "p90": 0.001131378,
    "p95": 0.001175717,
    "p99": 0.001301903
  },
  "rps": {
    "mean": 50105.588992027544,
    "stddev": 4114.017048813375,
    "max": 75851.40416240889,
    "percentiles": {
      "p10": 47603.07039804205,
      "p25": 48504.04842418502,
      "p50": 49433.43621014301,
      "p75": 50501.46454247736,
      "p90": 54822.96534018332,
      "p95": 58470.00613834744,
      "p99": 63248.22677290628
    }
  },
  "details": {
    "DNSDialup": {
      "average": 0.00104923898,
      "fastest": 0.000095478,
      "slowest": 0.001826819
    },
    "DNSLookup": {
      "average": 0.000013344860000000002,
      "fastest": 0.000004598,
      "slowest": 0.000180056
    }
  },
  "statusCodeDistribution": {
    "200": 501132
  },
  "errorDistribution": {}
}