{
  "summary": {
    "successRate": 1,
    "total": 10.000301685,
    "slowest": 0.009481437,
    "fastest": 0.000135283,
    "average": 0.0009142466896849951,
    "requestsPerSec": 54592.55302456408,
    "totalData": 7097246,
    "sizePerRequest": 13,
    "sizePerSec": 709703.1893193331
  },
  "responseTimeHistogram": {
    "0.000135283": 1,
    "0.0010698984": 444127,
    "0.0020045138": 101398,
    "0.0029391292000000005": 264,
    "0.0038737446000000004": 100,
    "0.00480836": 7,
    "0.005742975400000001": 39,
    "0.006677590800000001": 5,
    "0.007612206200000001": 0,
    "0.0085468216": 0,
    "0.009481437": 1
  },
  "latencyPercentiles": {
    "p10": 0.000608384,
    "p25": 0.000794491,
    "p50": 0.000952471,
    "p75": 0.001048518,
    "p90": 0.001108179,
    "p95": 0.001151696,
    "p99": 0.001282899
  },
  "rps": {
    "mean": 54611.34950138766,
    "stddev": 8066.557849974111,
    "max": 81003.93679132457,
    "percentiles": {
      "p10": 48165.29523209921,
      "p25": 49292.67515856427,
      "p50": 51100.22601559429,
      "p75": 59763.25528446067,
      "p90": 66003.78201670732,
      "p95": 71037.82759309726,
      "p99": 78002.4336759328
    }
  },
  "details": {
    "DNSDialup": {
      "average": 0.0009950803999999999,
      "fastest": 0.000109545,
      "slowest": 0.001467868
    },
    "DNSLookup": {
      "average": 0.000008152900000000003,
      "fastest": 0.000004068,
      "slowest": 0.000038291
    }
  },
  "statusCodeDistribution": {
    "200": 545942
  },
  "errorDistribution": {}
}