{
  "summary": {
    "successRate": 1,
    "total": 10.000433883,
    "slowest": 0.005995071,
    "fastest": 0.000210966,
    "average": 0.0010020432416615326,
    "requestsPerSec": 49809.238861801496,
    "totalData": 6475482,
    "sizePerRequest": 13,
    "sizePerSec": 647520.1052034195
  },
  "responseTimeHistogram": {
    "0.000210966": 1,
    "0.0007893765000000001": 38786,
    "0.001367787": 455730,
    "0.0019461975000000002": 3155,
    "0.0025246080000000002": 208,
    "0.0031030185000000005": 150,
    "0.0036814290000000004": 35,
    "0.0042598395": 0,
    "0.0048382500000000005": 0,
    "0.005416660500000001": 11,
    "0.005995071000000001": 38
  },
  "latencyPercentiles": {
    "p10": 0.000835791,
    "p25": 0.000932513,
    "p50": 0.001019525,
    "p75": 0.00108686,
    "p90": 0.001149056,
    "p95": 0.001200232,
    "p99": 0.001328662
  },
  "rps": {
    "mean": 49808.01335454173,
    "stddev": 4276.990481061371,
    "max": 70618.90811749027,
    "percentiles": {
      "p10": 46985.60724429709,
      "p25": 48056.672951724795,
      "p50": 49012.26777062261,
      "p75": 50338.87671448523,
      "p90": 54871.81073871322,
      "p95": 58103.3284260457,
      "p99": 64856.929351710874
    }
  },
  "details": {
    "DNSDialup": {
      "average": 0.0008361138800000002,
      "fastest": 0.000083576,
      "slowest": 0.002010523
    },
    "DNSLookup": {
      "average": 0.000011259639999999999,
      "fastest": 0.000004268,
      "slowest": 0.000048761
    }
  },
  "statusCodeDistribution": {
    "200": 498114
  },
  "errorDistribution": {}
}