{
  "summary": {
    "successRate": 1,
    "total": 10.000233401,
    "slowest": 0.007147629,
    "fastest": 0.000085577,
    "average": 0.0010003817980654773,
    "requestsPerSec": 49892.735498564194,
    "totalData": 6486207,
    "sizePerRequest": 13,
    "sizePerSec": 648605.5614813345
  },
  "responseTimeHistogram": {
    "0.000085577": 1,
    "0.0007917822": 40542,
    "0.0014979874": 456633,
    "0.0022041926": 1415,
    "0.0029103977999999997": 211,
    "0.0036166029999999995": 79,
    "0.0043228082": 8,
    "0.0050290134": 1,
    "0.0057352186": 10,
    "0.006441423799999999": 35,
    "0.007147628999999999": 4
  },
  "latencyPercentiles": {
    "p10": 0.000813621,
    "p25": 0.000916111,
    "p50": 0.001009875,
    "p75": 0.001098006,
    "p90": 0.001159003,
    "p95": 0.001207651,
    "p99": 0.001349955
  },
  "rps": {
    "mean": 49894.285581111246,
    "stddev": 4537.713681135817,
    "max": 66112.89201394211,
    "percentiles": {
      "p10": 46227.68113546419,
      "p25": 47281.69012526043,
      "p50": 48547.59120365678,
      "p75": 52674.028079064534,
      "p90": 56594.72547192878,
      "p95": 57143.220597970794,
      "p99": 60510.00719308154
    }
  },
  "details": {
    "DNSDialup": {
      "average": 0.0011872801999999998,
      "fastest": 0.000138428,
      "slowest": 0.002065664
    },
    "DNSLookup": {
      "average": 0.000029228700000000007,
      "fastest": 0.000003737,
      "slowest": 0.000926844
    }
  },
  "statusCodeDistribution": {
    "200": 498939
  },
  "errorDistribution": {}
}