{
  "summary": {
    "successRate": 1,
    "total": 10.000446024,
    "slowest": 0.006030795,
    "fastest": 0.00014454,
    "average": 0.0009145443410913942,
    "requestsPerSec": 54568.86609760677,
    "totalData": 7094269,
    "sizePerRequest": 13,
    "sizePerSec": 709395.2592688879
  },
  "responseTimeHistogram": {
    "0.00014454": 1,
    "0.0007331655": 49282,
    "0.0013217910000000001": 491906,
    "0.0019104165000000002": 4012,
    "0.002499042": 313,
    "0.0030876675": 141,
    "0.003676293": 9,
    "0.0042649185": 2,
    "0.0048535440000000004": 6,
    "0.005442169500000001": 22,
    "0.006030795": 19
  },
  "latencyPercentiles": {
    "p10": 0.000740443,
    "p25": 0.000803159,
    "p50": 0.000905406,
    "p75": 0.001026226,
    "p90": 0.00109812,
    "p95": 0.001147396,
    "p99": 0.001296017
  },
  "rps": {
    "mean": 54556.415244872725,
    "stddev": 5905.929659336203,
    "max": 71250.6592187019,
    "percentiles": {
      "p10": 48513.97687674089,
      "p25": 49602.58310211327,
      "p50": 53780.530967069746,
      "p75": 60117.14687042096,
      "p90": 60800.541124818876,
      "p95": 61214.01109566729,
      "p99": 65691.71877775693
    }
  },
  "details": {
    "DNSDialup": {
      "average": 0.0008454262999999998,
      "fastest": 0.000328485,
      "slowest": 0.001087131
    },
    "DNSLookup": {
      "average": 0.000006542480000000004,
      "fastest": 0.000003437,
      "slowest": 0.00002685
    }
  },
  "statusCodeDistribution": {
    "200": 545713
  },
  "errorDistribution": {}
}