{
  "summary": {
    "successRate": 1,
    "total": 10.000464984,
    "slowest": 0.006625581,
    "fastest": 0.000168826,
    "average": 0.0009312318421718376,
    "requestsPerSec": 53594.40794578157,
    "totalData": 6967597,
    "sizePerRequest": 13,
    "sizePerSec": 696727.3032951604
  },
  "responseTimeHistogram": {
    "0.000168826": 1,
    "0.0008145015": 120075,
    "0.001460177": 414035,
    "0.0021058525000000002": 1474,
    "0.002751528": 240,
    "0.0033972035": 76,
    "0.004042879": 16,
    "0.004688554500000001": 6,
    "0.005334230000000001": 15,
    "0.0059799055": 20,
    "0.006625581": 11
  },
  "latencyPercentiles": {
    "p10": 0.000765694,
    "p25": 0.000825867,
    "p50": 0.000921656,
    "p75": 0.001034037,
    "p90": 0.001102144,
    "p95": 0.001149623,
    "p99": 0.001289033
  },
  "rps": {
    "mean": 53604.32337432003,
    "stddev": 5546.842741294239,
    "max": 66940.99466513135,
    "percentiles": {
      "p10": 48124.02949024165,
      "p25": 49323.71977684061,
      "p50": 51594.01461342746,
      "p75": 59225.348449141246,
      "p90": 59825.47967178689,
      "p95": 60153.56000799033,
      "p99": 61741.1999026944
    }
  },
  "details": {
    "DNSDialup": {
      "average": 0.0011250722400000003,
      "fastest": 0.000103256,
      "slowest": 0.002136694
    },
    "DNSLookup": {
      "average": 0.000012142399999999999,
      "fastest": 0.000003606,
      "slowest": 0.000108653
    }
  },
  "statusCodeDistribution": {
    "200": 535969
  },
  "errorDistribution": {}
}