{
  "summary": {
    "successRate": 1,
    "total": 10.000188675,
    "slowest": 0.008993928,
    "fastest": 0.000199215,
    "average": 0.0009845467848402462,
    "requestsPerSec": 50692.54355843441,
    "totalData": 6590155,
    "sizePerRequest": 13,
    "sizePerSec": 659003.0662596474
  },
  "responseTimeHistogram": {
    "0.000199215": 1,
    "0.0010786863": 354841,
    "0.0019581576": 151669,
    "0.0028376289": 300,
    "0.0037171001999999997": 44,
    "0.0045965714999999996": 30,
    "0.0054760428": 25,
    "0.006355514099999999": 24,
    "0.0072349853999999995": 0,
    "0.0081144567": 0,
    "0.008993928": 1
  },
  "latencyPercentiles": {
    "p10": 0.000797921,
    "p25": 0.00086891,
    "p50": 0.000981176,
    "p75": 0.001102384,
    "p90": 0.001170012,
    "p95": 0.00121166,
    "p99": 0.001341664
  },
  "rps": {
    "mean": 50689.1091325268,
    "stddev": 5158.939239965848,
    "max": 61064.34961162036,
    "percentiles": {
      "p10": 45422.89768272174,
      "p25": 46636.12434191457,
      "p50": 49582.28179664235,
      "p75": 56294.633064352005,
      "p90": 57248.81256337609,
      "p95": 57710.763057310076,
      "p99": 58316.74429039057
    }
  },
  "details": {
    "DNSDialup": {
      "average": 0.00108158832,
      "fastest": 0.000086342,
      "slowest": 0.002329407
    },
    "DNSLookup": {
      "average": 0.000009200080000000002,
      "fastest": 0.000005,
      "slowest": 0.000026179
    }
  },
  "statusCodeDistribution": {
    "200": 506935
  },
  "errorDistribution": {}
}