{
  "summary": {
    "successRate": 1,
    "total": 10.000914583,
    "slowest": 0.010393265,
    "fastest": 0.000119026,
    "average": 0.001003462244330636,
    "requestsPerSec": 49737.05113385629,
    "totalData": 6466408,
    "sizePerRequest": 13,
    "sizePerSec": 646581.6647401317
  },
  "responseTimeHistogram": {
    "0.000119026": 1,
    "0.0011464499": 430549,
    "0.0021738738": 66439,
    "0.0032012977": 263,
    "0.004228721600000001": 105,
    "0.005256145500000001": 12,
    "0.0062835694": 17,
    "0.0073109933000000005": 26,
    "0.0083384172": 1,
    "0.0093658411": 2,
    "0.010393265": 1
  },
  "latencyPercentiles": {
    "p10": 0.000775447,
    "p25": 0.00092511,
    "p50": 0.001019079,
    "p75": 0.001102165,
    "p90": 0.001169213,
    "p95": 0.001227495,
    "p99": 0.001399959
  },
  "rps": {
    "mean": 49737.531308321944,
    "stddev": 4328.880757297443,
    "max": 69263.7919523895,
    "percentiles": {
      "p10": 46333.15600643769,
      "p25": 47640.22744834582,
      "p50": 49021.525351778895,
      "p75": 51774.7886822522,
      "p90": 54853.38746339815,
      "p95": 57188.76925338491,
      "p99": 60924.491645640104
    }
  },
  "details": {
    "DNSDialup": {
      "average": 0.0007781876399999999,
      "fastest": 0.000087214,
      "slowest": 0.001754604
    },
    "DNSLookup": {
      "average": 0.000006754000000000001,
      "fastest": 0.000003426,
      "slowest": 0.000030457
    }
  },
  "statusCodeDistribution": {
    "200": 497416
  },
  "errorDistribution": {}
}