{
  "summary": {
    "successRate": 1,
    "total": 10.000188454,
    "slowest": 0.006563557,
    "fastest": 0.000166228,
    "average": 0.0009521711162815068,
    "requestsPerSec": 52419.21213897956,
    "totalData": 6814626,
    "sizePerRequest": 13,
    "sizePerSec": 681449.7578067342
  },
  "responseTimeHistogram": {
    "0.000166228": 1,
    "0.0008059609000000001": 79176,
    "0.0014456938000000001": 443683,
    "0.0020854267000000003": 1037,
    "0.0027251596": 178,
    "0.0033648925": 73,
    "0.0040046254000000005": 4,
    "0.0046443583": 0,
    "0.0052840912": 0,
    "0.005923824100000001": 22,
    "0.006563557": 28
  },
  "latencyPercentiles": {
    "p10": 0.000741373,
    "p25": 0.000880958,
    "p50": 0.000974444,
    "p75": 0.001051878,
    "p90": 0.00110669,
    "p95": 0.001151388,
    "p99": 0.001273212
  },
  "rps": {
    "mean": 52421.50987899481,
    "stddev": 6398.645856555774,
    "max": 82846.02925385213,
    "percentiles": {
      "p10": 48479.6489791225,
      "p25": 49374.71035446608,
      "p50": 50260.790426020176,
      "p75": 52003.79577415023,
      "p90": 61121.56368767389,
      "p95": 65572.24093783862,
      "p99": 75274.54438129932
    }
  },
  "details": {
    "DNSDialup": {
      "average": 0.0006330522199999999,
      "fastest": 0.00008987,
      "slowest": 0.00099547
    },
    "DNSLookup": {
      "average": 0.00000877186,
      "fastest": 0.000003927,
      "slowest": 0.000034053
    }
  },
  "statusCodeDistribution": {
    "200": 524202
  },
  "errorDistribution": {}
}