{
  "summary": {
    "successRate": 1,
    "total": 10.000420837,
    "slowest": 0.007018633,
    "fastest": 0.00012247,
    "average": 0.001036335058852841,
    "requestsPerSec": 48162.17315755349,
    "totalData": 6261346,
    "sizePerRequest": 13,
    "sizePerSec": 626108.2510481954
  },
  "responseTimeHistogram": {
    "0.00012247": 1,
    "0.0008120862999999999": 31734,
    "0.0015017026": 447605,
    "0.0021913188999999997": 1942,
    "0.0028809352": 257,
    "0.0035705515": 52,
    "0.0042601678": 1,
    "0.0049497841": 2,
    "0.0056394004": 13,
    "0.0063290167000000005": 31,
    "0.007018633000000001": 4
  },
  "latencyPercentiles": {
    "p10": 0.000850004,
    "p25": 0.000950646,
    "p50": 0.001044539,
    "p75": 0.001132905,
    "p90": 0.001193238,
    "p95": 0.001239827,
    "p99": 0.001387763
  },
  "rps": {
    "mean": 48160.86206683199,
    "stddev": 4169.845046200527,
    "max": 62094.420776231185,
    "percentiles": {
      "p10": 44862.46649835226,
      "p25": 45928.77437714676,
      "p50": 47044.179188676426,
      "p75": 50289.896106095985,
      "p90": 54541.003926755024,
      "p95": 55092.41753040704,
      "p99": 57334.280166117576
    }
  },
  "details": {
    "DNSDialup": {
      "average": 0.0010825614399999997,
      "fastest": 0.000118803,
      "slowest": 0.00177437
    },
    "DNSLookup": {
      "average": 0.000012319499999999998,
      "fastest": 0.000004509,
      "slowest": 0.000082635
    }
  },
  "statusCodeDistribution": {
    "200": 481642
  },
  "errorDistribution": {}
}