{
  "summary": {
    "successRate": 1,
    "total": 10.000500883,
    "slowest": 0.01740373,
    "fastest": 0.00012294,
    "average": 0.0009086952637304054,
    "requestsPerSec": 54924.54892271619,
    "totalData": 7140549,
    "sizePerRequest": 13,
    "sizePerSec": 714019.1359953105
  },
  "responseTimeHistogram": {
    "0.00012294": 1,
    "0.001851019": 548708,
    "0.003579098": 449,
    "0.005307177": 76,
    "0.007035256": 37,
    "0.008763335": 0,
    "0.010491414": 0,
    "0.012219493": 1,
    "0.013947572": 0,
    "0.015675651": 0,
    "0.01740373": 1
  },
  "latencyPercentiles": {
    "p10": 0.000618781,
    "p25": 0.000792853,
    "p50": 0.000932789,
    "p75": 0.001040528,
    "p90": 0.001102045,
    "p95": 0.001146978,
    "p99": 0.001279351
  },
  "rps": {
    "mean": 54923.815237529474,
    "stddev": 7826.703308415814,
    "max": 80876.53304177988,
    "percentiles": {
      "p10": 48222.82319915532,
      "p25": 49533.772125837095,
      "p50": 51916.01402985072,
      "p75": 59929.35939315935,
      "p90": 65051.88538378218,
      "p95": 70210.12429992139,
      "p99": 77834.69870868111
    }
  },
  "details": {
    "DNSDialup": {
      "average": 0.0009549627,
      "fastest": 0.000095746,
      "slowest": 0.001895647
    },
    "DNSLookup": {
      "average": 0.000029691660000000003,
      "fastest": 0.000004077,
      "slowest": 0.001117588
    }
  },
  "statusCodeDistribution": {
    "200": 549273
  },
  "errorDistribution": {}
}