{
  "summary": {
    "successRate": 1,
    "total": 10.000155379,
    "slowest": 0.00652115,
    "fastest": 0.000390946,
    "average": 0.001054547832720272,
    "requestsPerSec": 47331.96456066785,
    "totalData": 6153251,
    "sizePerRequest": 13,
    "sizePerSec": 615315.539288682
  },
  "responseTimeHistogram": {
    "0.000390946": 1,
    "0.0010039664": 153944,
    "0.0016169868000000002": 318451,
    "0.0022300072": 611,
    "0.0028430276000000003": 192,
    "0.003456048": 76,
    "0.0040690684000000005": 4,
    "0.0046820888": 0,
    "0.0052951092": 15,
    "0.0059081296": 26,
    "0.00652115": 7
  },
  "latencyPercentiles": {
    "p10": 0.000926909,
    "p25": 0.000980552,
    "p50": 0.001060422,
    "p75": 0.001119786,
    "p90": 0.001173155,
    "p95": 0.001217059,
    "p99": 0.001333684
  },
  "rps": {
    "mean": 47331.89857321831,
    "stddev": 2550.9843354375107,
    "max": 62111.77639280334,
    "percentiles": {
      "p10": 45811.7302288562,
      "p25": 46647.14627073493,
      "p50": 47512.994804079026,
      "p75": 48109.08299486995,
      "p90": 48808.40296783294,
      "p95": 49657.84241791107,
      "p99": 53725.19711744879
    }
  },
  "details": {
    "DNSDialup": {
      "average": 0.0010506546600000002,
      "fastest": 0.000104217,
      "slowest": 0.001730311
    },
    "DNSLookup": {
      "average": 0.00000864856,
      "fastest": 0.000003507,
      "slowest": 0.00002664
    }
  },
  "statusCodeDistribution": {
    "200": 473327
  },
  "errorDistribution": {}
}