{
  "summary": {
    "successRate": 1,
    "total": 10.00039869,
    "slowest": 0.006863087,
    "fastest": 0.000167662,
    "average": 0.000966571271440365,
    "requestsPerSec": 51636.5413027348,
    "totalData": 6713018,
    "sizePerRequest": 13,
    "sizePerSec": 671275.0369355524
  },
  "responseTimeHistogram": {
    "0.000167662": 1,
    "0.0008372045": 79523,
    "0.0015067470000000001": 435809,
    "0.0021762895": 781,
    "0.002845832": 194,
    "0.0035153745": 29,
    "0.004184917": 2,
    "0.0048544595": 4,
    "0.005524002": 25,
    "0.0061935445": 15,
    "0.006863087": 3
  },
  "latencyPercentiles": {
    "p10": 0.000736012,
    "p25": 0.000901565,
    "p50": 0.000990757,
    "p75": 0.001063901,
    "p90": 0.001118967,
    "p95": 0.001167943,
    "p99": 0.001291349
  },
  "rps": {
    "mean": 51633.07631451827,
    "stddev": 5836.826313801934,
    "max": 78730.59765260313,
    "percentiles": {
      "p10": 48031.87875793175,
      "p25": 48908.69958482581,
      "p50": 49832.25480424443,
      "p75": 51560.356553380196,
      "p90": 59523.403921009456,
      "p95": 64369.8664274794,
      "p99": 73772.45354700722
    }
  },
  "details": {
    "DNSDialup": {
      "average": 0.0008969762400000002,
      "fastest": 0.000127838,
      "slowest": 0.001895339
    },
    "DNSLookup": {
      "average": 0.00001085136,
      "fastest": 0.000003607,
      "slowest": 0.000197979
    }
  },
  "statusCodeDistribution": {
    "200": 516386
  },
  "errorDistribution": {}
}