{
  "summary": {
    "successRate": 0.8882492569467808,
    "total": 10.000339283,
    "slowest": 0.011398282,
    "fastest": 0.00013335,
    "average": 0.0009371577545133269,
    "requestsPerSec": 53796.47477706482,
    "totalData": 6212219,
    "sizePerRequest": 13,
    "sizePerSec": 621200.8237120928
  },
  "responseTimeHistogram": {
    "0.00013335": 1,
    "0.0012598431999999997": 471320,
    "0.0023863363999999995": 6252,
    "0.003512829599999999": 95,
    "0.004639322799999999": 75,
    "0.005765815999999999": 20,
    "0.0068923091999999984": 28,
    "0.008018802399999999": 46,
    "0.009145295599999999": 24,
    "0.010271788799999999": 1,
    "0.011398282": 1
  },
  "latencyPercentiles": {
    "p10": 0.000613861,
    "p25": 0.000860638,
    "p50": 0.000974974,
    "p75": 0.001060567,
    "p90": 0.00111602,
    "p95": 0.001160811,
    "p99": 0.001293019
  },
  "rps": {
    "mean": 53237.473245200556,
    "stddev": 7911.9403810218855,
    "max": 80926.74628964963,
    "percentiles": {
      "p10": 47996.34459839721,
      "p25": 48990.03259907658,
      "p50": 50134.95910698453,
      "p75": 55517.41377840204,
      "p90": 65502.19432350953,
      "p95": 70430.84871173743,
      "p99": 76503.65687479705
    }
  },
  "details": {
    "DNSDialup": {
      "average": 0.0017571247799999996,
      "fastest": 0.000132558,
      "slowest": 0.005474185
    },
    "DNSLookup": {
      "average": 0.0000436876,
      "fastest": 0.00000501,
      "slowest": 0.00180067
    }
  },
  "statusCodeDistribution": {
    "200": 477863
  },
  "errorDistribution": {
    "Connection refused (os error 111)": 60120
  }
}