{
  "summary": {
    "successRate": 1,
    "total": 10.000369607,
    "slowest": 0.007727278,
    "fastest": 0.000221723,
    "average": 0.0010160252479400331,
    "requestsPerSec": 49125.38429140882,
    "totalData": 6386536,
    "sizePerRequest": 13,
    "sizePerSec": 638629.9957883147
  },
  "responseTimeHistogram": {
    "0.000221723": 1,
    "0.0009722785": 165855,
    "0.001722834": 324704,
    "0.0024733895": 572,
    "0.0032239449999999998": 87,
    "0.0039745004999999995": 3,
    "0.004725056": 0,
    "0.0054756115": 28,
    "0.0062261669999999995": 20,
    "0.006976722499999999": 1,
    "0.007727277999999999": 1
  },
  "latencyPercentiles": {
    "p10": 0.000870641,
    "p25": 0.000942968,
    "p50": 0.001028227,
    "p75": 0.001092958,
    "p90": 0.001153671,
    "p95": 0.001200529,
    "p99": 0.001322336
  },
  "rps": {
    "mean": 49123.06148947645,
    "stddev": 3909.460875809396,
    "max": 78002.47184726609,
    "percentiles": {
      "p10": 46935.54898480448,
      "p25": 47713.10679043594,
      "p50": 48580.60812683227,
      "p75": 49514.32944694178,
      "p90": 51919.2758697065,
      "p95": 57504.939674319365,
      "p99": 62618.52255897183
    }
  },
  "details": {
    "DNSDialup": {
      "average": 0.0007669914000000001,
      "fastest": 0.000080819,
      "slowest": 0.001346205
    },
    "DNSLookup": {
      "average": 0.000027398140000000004,
      "fastest": 0.000003677,
      "slowest": 0.000902964
    }
  },
  "statusCodeDistribution": {
    "200": 491272
  },
  "errorDistribution": {}
}