{
  "summary": {
    "successRate": 1,
    "total": 10.00077082,
    "slowest": 0.006221531,
    "fastest": 0.000152945,
    "average": 0.0010004336308856339,
    "requestsPerSec": 49886.65463688728,
    "totalData": 6485765,
    "sizePerRequest": 13,
    "sizePerSec": 648526.5102795346
  },
  "responseTimeHistogram": {
    "0.000152945": 1,
    "0.0007598036000000001": 41406,
    "0.0013666622000000001": 452116,
    "0.0019735208": 4957,
    "0.0025803794": 230,
    "0.0031872380000000002": 94,
    "0.0037940966": 49,
    "0.0044009552": 4,
    "0.0050078138": 1,
    "0.0056146724": 13,
    "0.006221531000000001": 34
  },
  "latencyPercentiles": {
    "p10": 0.000788885,
    "p25": 0.00091988,
    "p50": 0.001014965,
    "p75": 0.001100019,
    "p90": 0.00116224,
    "p95": 0.001214898,
    "p99": 0.001378975
  },
  "rps": {
    "mean": 49881.048604941454,
    "stddev": 4295.349701170629,
    "max": 68510.04082757745,
    "percentiles": {
      "p10": 46514.033283840894,
      "p25": 47600.19516080041,
      "p50": 48772.79485749423,
      "p75": 52160.67262852156,
      "p90": 55984.08810032651,
      "p95": 57307.925686122784,
      "p99": 59799.21886393856
    }
  },
  "details": {
    "DNSDialup": {
      "average": 0.0008352472400000001,
      "fastest": 0.000116675,
      "slowest": 0.001386298
    },
    "DNSLookup": {
      "average": 0.000008461620000000004,
      "fastest": 0.000003877,
      "slowest": 0.00003218
    }
  },
  "statusCodeDistribution": {
    "200": 498905
  },
  "errorDistribution": {}
}