{
  "summary": {
    "successRate": 1,
    "total": 10.000648564,
    "slowest": 0.006737768,
    "fastest": 0.000150161,
    "average": 0.0010161896814799808,
    "requestsPerSec": 49117.11444077898,
    "totalData": 6385639,
    "sizePerRequest": 13,
    "sizePerSec": 638522.4877301267
  },
  "responseTimeHistogram": {
    "0.000150161": 1,
    "0.0008089217": 32043,
    "0.0014676824": 456638,
    "0.0021264431": 2121,
    "0.0027852038000000003": 221,
    "0.0034439645000000005": 127,
    "0.0041027252": 2,
    "0.0047614859": 1,
    "0.0054202466": 10,
    "0.0060790073000000005": 23,
    "0.006737768000000001": 16
  },
  "latencyPercentiles": {
    "p10": 0.000856763,
    "p25": 0.000942971,
    "p50": 0.001027489,
    "p75": 0.001095267,
    "p90": 0.001152382,
    "p95": 0.00120286,
    "p99": 0.001341934
  },
  "rps": {
    "mean": 49112.314714093874,
    "stddev": 4141.408398419641,
    "max": 75923.55911068227,
    "percentiles": {
      "p10": 46610.44073872925,
      "p25": 47519.57846818624,
      "p50": 48510.81306023064,
      "p75": 49585.38487844113,
      "p90": 53932.1759361636,
      "p95": 57646.451510626765,
      "p99": 62538.04189088176
    }
  },
  "details": {
    "DNSDialup": {
      "average": 0.0008522342200000001,
      "fastest": 0.00016701,
      "slowest": 0.001364169
    },
    "DNSLookup": {
      "average": 0.00000792002,
      "fastest": 0.000004298,
      "slowest": 0.00002679
    }
  },
  "statusCodeDistribution": {
    "200": 491203
  },
  "errorDistribution": {}
}