{
  "summary": {
    "successRate": 1,
    "total": 10.000423688,
    "slowest": 0.007410232,
    "fastest": 0.000112711,
    "average": 0.0009238464039342686,
    "requestsPerSec": 54031.01077091085,
    "totalData": 7024329,
    "sizePerRequest": 13,
    "sizePerSec": 702403.140021841
  },
  "responseTimeHistogram": {
    "0.000112711": 1,
    "0.0008424631": 132752,
    "0.0015722152": 406539,
    "0.0023019673000000004": 839,
    "0.0030317194": 85,
    "0.0037614715": 67,
    "0.0044912236": 5,
    "0.0052209757": 1,
    "0.0059507278": 32,
    "0.0066804798999999995": 11,
    "0.007410231999999999": 1
  },
  "latencyPercentiles": {
    "p10": 0.000611213,
    "p25": 0.000846443,
    "p50": 0.000959594,
    "p75": 0.001043711,
    "p90": 0.001102893,
    "p95": 0.001149889,
    "p99": 0.001276015
  },
  "rps": {
    "mean": 54022.337968628206,
    "stddev": 7924.637681707655,
    "max": 82763.36363119201,
    "percentiles": {
      "p10": 48502.934427531145,
      "p25": 49546.018341835836,
      "p50": 50836.56796904539,
      "p75": 56770.02132197523,
      "p90": 66397.30251639045,
      "p95": 71414.38999958461,
      "p99": 78813.52440078786
    }
  },
  "details": {
    "DNSDialup": {
      "average": 0.0010678381200000002,
      "fastest": 0.000093398,
      "slowest": 0.002025162
    },
    "DNSLookup": {
      "average": 0.00003162604,
      "fastest": 0.000004088,
      "slowest": 0.001142496
    }
  },
  "statusCodeDistribution": {
    "200": 540333
  },
  "errorDistribution": {}
}