{
  "summary": {
    "successRate": 1,
    "total": 10.000485496,
    "slowest": 0.006766754,
    "fastest": 0.000121096,
    "average": 0.0009162813923599846,
    "requestsPerSec": 54471.055452046225,
    "totalData": 7081581,
    "sizePerRequest": 13,
    "sizePerSec": 708123.720876601
  },
  "responseTimeHistogram": {
    "0.000121096": 1,
    "0.0007856618": 121895,
    "0.0014502275999999999": 421316,
    "0.0021147933999999995": 1247,
    "0.0027793591999999995": 200,
    "0.0034439249999999996": 1,
    "0.0041084908": 30,
    "0.0047730566": 7,
    "0.0054376224": 26,
    "0.0061021882": 13,
    "0.006766754": 1
  },
  "latencyPercentiles": {
    "p10": 0.000604344,
    "p25": 0.000820834,
    "p50": 0.000954552,
    "p75": 0.001045086,
    "p90": 0.00109989,
    "p95": 0.001143316,
    "p99": 0.001270738
  },
  "rps": {
    "mean": 54465.22802407709,
    "stddev": 8417.66919303115,
    "max": 83268.15498486054,
    "percentiles": {
      "p10": 48686.77443808135,
      "p25": 49552.52567721657,
      "p50": 50689.559401913655,
      "p75": 58722.349726304776,
      "p90": 67612.06142495052,
      "p95": 73519.74740415576,
      "p99": 80079.73539254321
    }
  },
  "details": {
    "DNSDialup": {
      "average": 0.0006036462399999998,
      "fastest": 0.000071544,
      "slowest": 0.001963495
    },
    "DNSLookup": {
      "average": 0.00004398852,
      "fastest": 0.000003336,
      "slowest": 0.0018441
    }
  },
  "statusCodeDistribution": {
    "200": 544737
  },
  "errorDistribution": {}
}