{
  "summary": {
    "successRate": 1,
    "total": 10.001469056,
    "slowest": 0.01024942,
    "fastest": 0.000126758,
    "average": 0.0010147007654089846,
    "requestsPerSec": 49186.47423149114,
    "totalData": 6395181,
    "sizePerRequest": 13,
    "sizePerSec": 639424.1650093849
  },
  "responseTimeHistogram": {
    "0.000126758": 1,
    "0.0011390242": 418526,
    "0.0021512904": 73016,
    "0.0031635566": 259,
    "0.0041758228": 59,
    "0.005188089000000001": 27,
    "0.0062003552": 38,
    "0.0072126214": 7,
    "0.0082248876": 0,
    "0.0092371538": 0,
    "0.01024942": 4
  },
  "latencyPercentiles": {
    "p10": 0.00081706,
    "p25": 0.00094428,
    "p50": 0.001032605,
    "p75": 0.001106863,
    "p90": 0.001164651,
    "p95": 0.001213801,
    "p99": 0.001360154
  },
  "rps": {
    "mean": 49190.82031551718,
    "stddev": 4447.668186768544,
    "max": 77942.51764337733,
    "percentiles": {
      "p10": 46224.05037340903,
      "p25": 47203.04459636945,
      "p50": 48180.29245738326,
      "p75": 50702.215686825286,
      "p90": 54302.18585334015,
      "p95": 57244.74821968562,
      "p99": 62905.23009026292
    }
  },
  "details": {
    "DNSDialup": {
      "average": 0.00087919346,
      "fastest": 0.000081181,
      "slowest": 0.001909307
    },
    "DNSLookup": {
      "average": 0.000007246420000000001,
      "fastest": 0.000003947,
      "slowest": 0.000026379
    }
  },
  "statusCodeDistribution": {
    "200": 491937
  },
  "errorDistribution": {}
}