{
  "summary": {
    "successRate": 1,
    "total": 10.000658432,
    "slowest": 0.006905564,
    "fastest": 0.000148597,
    "average": 0.0010048785060843579,
    "requestsPerSec": 49665.1298889197,
    "totalData": 6456892,
    "sizePerRequest": 13,
    "sizePerSec": 645646.6885559561
  },
  "responseTimeHistogram": {
    "0.000148597": 1,
    "0.0008242936999999999": 49691,
    "0.0014999903999999998": 445511,
    "0.0021756871": 1152,
    "0.0028513837999999997": 139,
    "0.0035270804999999994": 36,
    "0.0042027772000000005": 42,
    "0.0048784739": 62,
    "0.0055541706": 17,
    "0.0062298673": 23,
    "0.0069055639999999995": 10
  },
  "latencyPercentiles": {
    "p10": 0.000824239,
    "p25": 0.00093497,
    "p50": 0.001019747,
    "p75": 0.00109272,
    "p90": 0.001145908,
    "p95": 0.001193655,
    "p99": 0.001329448
  },
  "rps": {
    "mean": 49660.09161639473,
    "stddev": 4171.487491049624,
    "max": 68214.7986847064,
    "percentiles": {
      "p10": 46968.37185891641,
      "p25": 47727.96858959411,
      "p50": 48650.85169585234,
      "p75": 50728.68199680078,
      "p90": 55031.4780054147,
      "p95": 57818.44408366224,
      "p99": 62886.05957251996
    }
  },
  "details": {
    "DNSDialup": {
      "average": 0.00083882804,
      "fastest": 0.000100355,
      "slowest": 0.001530147
    },
    "DNSLookup": {
      "average": 0.000019446579999999996,
      "fastest": 0.000003397,
      "slowest": 0.000651571
    }
  },
  "statusCodeDistribution": {
    "200": 496684
  },
  "errorDistribution": {}
}