{
  "summary": {
    "successRate": 1,
    "total": 10.000566782,
    "slowest": 0.006902294,
    "fastest": 0.000105487,
    "average": 0.0009704543878761176,
    "requestsPerSec": 51429.48506935934,
    "totalData": 6686212,
    "sizePerRequest": 13,
    "sizePerSec": 668583.3059016714
  },
  "responseTimeHistogram": {
    "0.000105487": 1,
    "0.0007851677": 57038,
    "0.0014648484": 454999,
    "0.0021445291": 1929,
    "0.0028242098": 144,
    "0.0035038905": 109,
    "0.0041835712": 2,
    "0.0048632519": 17,
    "0.0055429326": 18,
    "0.0062226133": 66,
    "0.006902294": 1
  },
  "latencyPercentiles": {
    "p10": 0.0007737,
    "p25": 0.000881465,
    "p50": 0.000980407,
    "p75": 0.00107436,
    "p90": 0.001127728,
    "p95": 0.001166904,
    "p99": 0.001306474
  },
  "rps": {
    "mean": 51435.53686117557,
    "stddev": 4748.727397796904,
    "max": 68425.34474769027,
    "percentiles": {
      "p10": 47414.86456004079,
      "p25": 48551.82154597111,
      "p50": 50432.29684289823,
      "p75": 54449.28749504052,
      "p90": 58025.165514284905,
      "p95": 58618.50363952508,
      "p99": 60832.86251863979
    }
  },
  "details": {
    "DNSDialup": {
      "average": 0.0007456018199999999,
      "fastest": 0.0001227,
      "slowest": 0.001700562
    },
    "DNSLookup": {
      "average": 0.0000072719,
      "fastest": 0.000003486,
      "slowest": 0.000027842
    }
  },
  "statusCodeDistribution": {
    "200": 514324
  },
  "errorDistribution": {}
}