{
  "summary": {
    "successRate": 1,
    "total": 10.000820158,
    "slowest": 0.007221893,
    "fastest": 0.000248155,
    "average": 0.001006214236858469,
    "requestsPerSec": 49601.931857877134,
    "totalData": 6448780,
    "sizePerRequest": 13,
    "sizePerSec": 644825.1141524027
  },
  "responseTimeHistogram": {
    "0.000248155": 1,
    "0.0009455288": 133497,
    "0.0016429026000000001": 361476,
    "0.0023402763999999998": 834,
    "0.0030376502": 158,
    "0.003735024": 37,
    "0.0044323978": 8,
    "0.0051297716": 8,
    "0.0058271454": 26,
    "0.0065245191999999995": 8,
    "0.007221893": 7
  },
  "latencyPercentiles": {
    "p10": 0.000831582,
    "p25": 0.000938847,
    "p50": 0.001023282,
    "p75": 0.001093093,
    "p90": 0.001148054,
    "p95": 0.001193373,
    "p99": 0.00132997
  },
  "rps": {
    "mean": 49600.11365092763,
    "stddev": 4206.5486523902455,
    "max": 72778.89609858616,
    "percentiles": {
      "p10": 47019.71536665261,
      "p25": 47756.25208933408,
      "p50": 48650.385811687585,
      "p75": 50415.66918998771,
      "p90": 54645.27446216168,
      "p95": 57498.00011319084,
      "p99": 62948.003345463374
    }
  },
  "details": {
    "DNSDialup": {
      "average": 0.0007414462599999998,
      "fastest": 0.000077268,
      "slowest": 0.001459489
    },
    "DNSLookup": {
      "average": 0.000007449180000000001,
      "fastest": 0.000004047,
      "slowest": 0.000030888
    }
  },
  "statusCodeDistribution": {
    "200": 496060
  },
  "errorDistribution": {}
}