{
  "summary": {
    "successRate": 1,
    "total": 10.000362482,
    "slowest": 0.029646299,
    "fastest": 0.000130463,
    "average": 0.0009422035878230055,
    "requestsPerSec": 52971.67987195367,
    "totalData": 6886568,
    "sizePerRequest": 13,
    "sizePerSec": 688631.8383353977
  },
  "responseTimeHistogram": {
    "0.000130463": 1,
    "0.0030820466": 529579,
    "0.0060336302": 152,
    "0.0089852138": 2,
    "0.0119367974": 1,
    "0.014888381000000001": 0,
    "0.0178399646": 0,
    "0.0207915482": 0,
    "0.0237431318": 0,
    "0.026694715400000003": 0,
    "0.029646299": 1
  },
  "latencyPercentiles": {
    "p10": 0.000630742,
    "p25": 0.000871873,
    "p50": 0.000973814,
    "p75": 0.001056898,
    "p90": 0.001113763,
    "p95": 0.00115977,
    "p99": 0.001289841
  },
  "rps": {
    "mean": 52965.25451088818,
    "stddev": 6911.119118877189,
    "max": 78050.24875014526,
    "percentiles": {
      "p10": 48253.164340931005,
      "p25": 49119.952635482754,
      "p50": 50283.04748121921,
      "p75": 55802.32137657419,
      "p90": 62869.502929567265,
      "p95": 67764.4575520256,
      "p99": 73624.67162746505
    }
  },
  "details": {
    "DNSDialup": {
      "average": 0.0009239742,
      "fastest": 0.000103052,
      "slowest": 0.002104546
    },
    "DNSLookup": {
      "average": 0.000008675020000000002,
      "fastest": 0.000004278,
      "slowest": 0.000027952
    }
  },
  "statusCodeDistribution": {
    "200": 529736
  },
  "errorDistribution": {}
}