{
  "summary": {
    "successRate": 1,
    "total": 10.00035085,
    "slowest": 0.008332088,
    "fastest": 0.000130623,
    "average": 0.0009536827950340667,
    "requestsPerSec": 52338.56370149253,
    "totalData": 6804252,
    "sizePerRequest": 13,
    "sizePerSec": 680401.3281194029
  },
  "responseTimeHistogram": {
    "0.000130623": 1,
    "0.0009507694999999999": 251080,
    "0.001770916": 271605,
    "0.0025910624999999996": 517,
    "0.0034112089999999997": 102,
    "0.0042313555": 54,
    "0.005051501999999999": 11,
    "0.0058716485": 33,
    "0.0066917949999999995": 0,
    "0.007511941499999999": 0,
    "0.008332088": 1
  },
  "latencyPercentiles": {
    "p10": 0.000767416,
    "p25": 0.000855993,
    "p50": 0.000958944,
    "p75": 0.001056837,
    "p90": 0.001120295,
    "p95": 0.00116709,
    "p99": 0.001300881
  },
  "rps": {
    "mean": 52338.07824941855,
    "stddev": 5537.326545675841,
    "max": 76680.6860648232,
    "percentiles": {
      "p10": 47681.010036051186,
      "p25": 48785.858231903265,
      "p50": 49991.63466634259,
      "p75": 58101.09008663702,
      "p90": 59450.72930732402,
      "p95": 59970.825544970896,
      "p99": 64316.22698406966
    }
  },
  "details": {
    "DNSDialup": {
      "average": 0.0007964660999999997,
      "fastest": 0.000090459,
      "slowest": 0.001825958
    },
    "DNSLookup": {
      "average": 0.000007091499999999999,
      "fastest": 0.000003536,
      "slowest": 0.000030226
    }
  },
  "statusCodeDistribution": {
    "200": 523404
  },
  "errorDistribution": {}
}