{
  "summary": {
    "successRate": 1,
    "total": 10.000467214,
    "slowest": 0.006629835,
    "fastest": 0.00022873,
    "average": 0.0009093645574179605,
    "requestsPerSec": 54884.435722324844,
    "totalData": 7135310,
    "sizePerRequest": 13,
    "sizePerSec": 713497.664390223
  },
  "responseTimeHistogram": {
    "0.00022873": 1,
    "0.0008688405": 203641,
    "0.001508951": 343555,
    "0.0021490615": 1279,
    "0.002789172": 257,
    "0.0034292825": 87,
    "0.004069393": 0,
    "0.0047095035": 0,
    "0.005349614": 15,
    "0.0059897245": 22,
    "0.006629835": 13
  },
  "latencyPercentiles": {
    "p10": 0.000624882,
    "p25": 0.000792308,
    "p50": 0.000931819,
    "p75": 0.001044584,
    "p90": 0.001105357,
    "p95": 0.001144742,
    "p99": 0.001279723
  },
  "rps": {
    "mean": 54884.715403948525,
    "stddev": 7166.686492923113,
    "max": 79650.12382291807,
    "percentiles": {
      "p10": 47960.5912437227,
      "p25": 49432.046795936396,
      "p50": 53694.21320114447,
      "p75": 59828.963201081475,
      "p90": 63845.6796634019,
      "p95": 67332.31951336878,
      "p99": 73392.43777537846
    }
  },
  "details": {
    "DNSDialup": {
      "average": 0.0009788216,
      "fastest": 0.000112473,
      "slowest": 0.001831601
    },
    "DNSLookup": {
      "average": 0.00000984716,
      "fastest": 0.000003927,
      "slowest": 0.000047389
    }
  },
  "statusCodeDistribution": {
    "200": 548870
  },
  "errorDistribution": {}
}