{
  "summary": {
    "successRate": 1,
    "total": 10.000660387,
    "slowest": 0.007486566,
    "fastest": 0.000243464,
    "average": 0.0009865150328335983,
    "requestsPerSec": 50591.15902562645,
    "totalData": 6577285,
    "sizePerRequest": 13,
    "sizePerSec": 657685.0673331439
  },
  "responseTimeHistogram": {
    "0.000243464": 1,
    "0.0009677742": 194061,
    "0.0016920844": 311100,
    "0.0024163946000000003": 607,
    "0.0031407048": 100,
    "0.003865015": 24,
    "0.0045893252": 4,
    "0.0053136354": 7,
    "0.0060379456": 18,
    "0.006762255799999999": 16,
    "0.007486565999999999": 7
  },
  "latencyPercentiles": {
    "p10": 0.000754294,
    "p25": 0.000920792,
    "p50": 0.001008657,
    "p75": 0.001083877,
    "p90": 0.001139112,
    "p95": 0.001185389,
    "p99": 0.001324889
  },
  "rps": {
    "mean": 50586.71943428159,
    "stddev": 4830.504266026781,
    "max": 72869.13655285617,
    "percentiles": {
      "p10": 47143.65841236293,
      "p25": 48205.678628943475,
      "p50": 49201.96315832744,
      "p75": 52328.82271555336,
      "p90": 56477.12848051572,
      "p95": 60168.06879574603,
      "p99": 66415.54977349588
    }
  },
  "details": {
    "DNSDialup": {
      "average": 0.00089458822,
      "fastest": 0.000122187,
      "slowest": 0.001685029
    },
    "DNSLookup": {
      "average": 0.000006682660000000002,
      "fastest": 0.000003296,
      "slowest": 0.000031639
    }
  },
  "statusCodeDistribution": {
    "200": 505945
  },
  "errorDistribution": {}
}