{
  "summary": {
    "successRate": 1,
    "total": 10.00040863,
    "slowest": 0.007443965,
    "fastest": 0.000207415,
    "average": 0.0009208565841979949,
    "requestsPerSec": 54200.985185142374,
    "totalData": 7046416,
    "sizePerRequest": 13,
    "sizePerSec": 704612.8074068509
  },
  "responseTimeHistogram": {
    "0.000207415": 1,
    "0.00093107": 230434,
    "0.0016547250000000001": 310809,
    "0.00237838": 536,
    "0.003102035": 192,
    "0.00382569": 10,
    "0.004549345": 1,
    "0.005273": 7,
    "0.005996655": 33,
    "0.00672031": 4,
    "0.007443965": 5
  },
  "latencyPercentiles": {
    "p10": 0.000607191,
    "p25": 0.000783317,
    "p50": 0.00096248,
    "p75": 0.001062616,
    "p90": 0.001125135,
    "p95": 0.001174534,
    "p99": 0.001303715
  },
  "rps": {
    "mean": 54189.422323678664,
    "stddev": 8386.001668995299,
    "max": 80980.66484024868,
    "percentiles": {
      "p10": 47346.76439919648,
      "p25": 48534.23605011135,
      "p50": 50427.63938915294,
      "p75": 58931.659219865556,
      "p90": 66860.56229732928,
      "p95": 71321.44635890976,
      "p99": 77041.18404454256
    }
  },
  "details": {
    "DNSDialup": {
      "average": 0.00100132248,
      "fastest": 0.000095598,
      "slowest": 0.00214423
    },
    "DNSLookup": {
      "average": 0.000009081500000000001,
      "fastest": 0.000004118,
      "slowest": 0.000031529
    }
  },
  "statusCodeDistribution": {
    "200": 542032
  },
  "errorDistribution": {}
}