{
  "summary": {
    "successRate": 1,
    "total": 10.00039062,
    "slowest": 0.012467656,
    "fastest": 0.000077345,
    "average": 0.0009322960660055788,
    "requestsPerSec": 53535.80878423728,
    "totalData": 6959927,
    "sizePerRequest": 13,
    "sizePerSec": 695965.5141950846
  },
  "responseTimeHistogram": {
    "0.000077345": 1,
    "0.0013163761": 527172,
    "0.0025554072": 8005,
    "0.0037944383": 142,
    "0.005033469400000001": 15,
    "0.006272500500000001": 42,
    "0.0075115316": 1,
    "0.0087505627": 0,
    "0.0099895938": 0,
    "0.0112286249": 0,
    "0.012467656": 1
  },
  "latencyPercentiles": {
    "p10": 0.000664483,
    "p25": 0.000815576,
    "p50": 0.00094111,
    "p75": 0.001055538,
    "p90": 0.00113668,
    "p95": 0.001200337,
    "p99": 0.001370365
  },
  "rps": {
    "mean": 53534.51642029086,
    "stddev": 6882.377301482148,
    "max": 81711.97897611652,
    "percentiles": {
      "p10": 47613.1122265318,
      "p25": 48847.63132530364,
      "p50": 51202.85711942827,
      "p75": 58809.19017035466,
      "p90": 60801.71460834931,
      "p95": 65938.9831268245,
      "p99": 74139.48470044277
    }
  },
  "details": {
    "DNSDialup": {
      "average": 0.0009581184200000003,
      "fastest": 0.000092563,
      "slowest": 0.001915377
    },
    "DNSLookup": {
      "average": 0.00000965712,
      "fastest": 0.000004008,
      "slowest": 0.000027923
    }
  },
  "statusCodeDistribution": {
    "200": 535379
  },
  "errorDistribution": {}
}