{
  "summary": {
    "successRate": 1,
    "total": 10.000346506,
    "slowest": 0.006157655,
    "fastest": 0.000105728,
    "average": 0.0010037140482171774,
    "requestsPerSec": 49727.476913088474,
    "totalData": 6464796,
    "sizePerRequest": 13,
    "sizePerSec": 646457.1998701502
  },
  "responseTimeHistogram": {
    "0.000105728": 1,
    "0.0007109207": 17986,
    "0.0013161134": 474885,
    "0.0019213061": 3967,
    "0.0025264987999999997": 243,
    "0.0031316914999999996": 137,
    "0.0037368842": 17,
    "0.0043420769": 8,
    "0.0049472696": 0,
    "0.0055524623": 30,
    "0.006157655": 18
  },
  "latencyPercentiles": {
    "p10": 0.000870045,
    "p25": 0.000935799,
    "p50": 0.001015727,
    "p75": 0.001077842,
    "p90": 0.001133307,
    "p95": 0.001176978,
    "p99": 0.001301366
  },
  "rps": {
    "mean": 49723.85867884246,
    "stddev": 4375.001355688089,
    "max": 80349.52242628168,
    "percentiles": {
      "p10": 47562.868599715104,
      "p25": 48532.93656654906,
      "p50": 49362.86714009468,
      "p75": 50160.19850062295,
      "p90": 51225.928700526,
      "p95": 52763.20504331751,
      "p99": 69903.99151791215
    }
  },
  "details": {
    "DNSDialup": {
      "average": 0.0010866070599999994,
      "fastest": 0.00022668,
      "slowest": 0.001456841
    },
    "DNSLookup": {
      "average": 0.000008188139999999996,
      "fastest": 0.000004499,
      "slowest": 0.000023725
    }
  },
  "statusCodeDistribution": {
    "200": 497292
  },
  "errorDistribution": {}
}