{
  "summary": {
    "successRate": 1,
    "total": 10.000438336,
    "slowest": 0.007175711,
    "fastest": 0.000060103,
    "average": 0.0009729724953516236,
    "requestsPerSec": 51295.05155322824,
    "totalData": 6668649,
    "sizePerRequest": 13,
    "sizePerSec": 666835.670191967
  },
  "responseTimeHistogram": {
    "0.000060103": 1,
    "0.0007716638000000001": 38371,
    "0.0014832246": 472504,
    "0.0021947854": 1535,
    "0.0029063462000000003": 304,
    "0.0036179070000000005": 69,
    "0.0043294677999999994": 126,
    "0.0050410286": 13,
    "0.0057525894": 16,
    "0.0064641502": 17,
    "0.007175711": 17
  },
  "latencyPercentiles": {
    "p10": 0.000787785,
    "p25": 0.00087658,
    "p50": 0.00097768,
    "p75": 0.001064894,
    "p90": 0.001129735,
    "p95": 0.001183495,
    "p99": 0.001333647
  },
  "rps": {
    "mean": 51298.5245562531,
    "stddev": 5500.713837862819,
    "max": 76208.47514352093,
    "percentiles": {
      "p10": 47539.89072230529,
      "p25": 48600.868536764734,
      "p50": 49649.99760777225,
      "p75": 51618.480380057634,
      "p90": 60202.2756460165,
      "p95": 60701.76660200137,
      "p99": 61836.83140434047
    }
  },
  "details": {
    "DNSDialup": {
      "average": 0.0009459967399999999,
      "fastest": 0.000110847,
      "slowest": 0.001630534
    },
    "DNSLookup": {
      "average": 0.000027866039999999983,
      "fastest": 0.000004077,
      "slowest": 0.000932607
    }
  },
  "statusCodeDistribution": {
    "200": 512973
  },
  "errorDistribution": {}
}