{
  "summary": {
    "successRate": 1,
    "total": 10.000367815,
    "slowest": 0.006009398,
    "fastest": 0.00005891,
    "average": 0.000945277665404725,
    "requestsPerSec": 52800.65791260098,
    "totalData": 6864338,
    "sizePerRequest": 13,
    "sizePerSec": 686408.5528638128
  },
  "responseTimeHistogram": {
    "0.00005891": 1,
    "0.0006539588": 65284,
    "0.0012490075999999999": 452929,
    "0.0018440563999999999": 8978,
    "0.0024391052": 577,
    "0.0030341540000000003": 133,
    "0.0036292028": 46,
    "0.004224251599999999": 29,
    "0.0048193004": 5,
    "0.0054143492": 18,
    "0.006009398": 26
  },
  "latencyPercentiles": {
    "p10": 0.000629261,
    "p25": 0.000863711,
    "p50": 0.000979188,
    "p75": 0.00106664,
    "p90": 0.001124312,
    "p95": 0.001172558,
    "p99": 0.001308847
  },
  "rps": {
    "mean": 52790.77095184598,
    "stddev": 7347.836913193512,
    "max": 80896.61923304902,
    "percentiles": {
      "p10": 47702.42328310279,
      "p25": 48719.08894100904,
      "p50": 49912.55723306677,
      "p75": 55550.09079030761,
      "p90": 63423.29537639122,
      "p95": 68969.4246228251,
      "p99": 74228.77849741957
    }
  },
  "details": {
    "DNSDialup": {
      "average": 0.0008117212,
      "fastest": 0.000094149,
      "slowest": 0.001159665
    },
    "DNSLookup": {
      "average": 0.00000717816,
      "fastest": 0.000003437,
      "slowest": 0.000029265
    }
  },
  "statusCodeDistribution": {
    "200": 528026
  },
  "errorDistribution": {}
}