{
  "summary": {
    "successRate": 1,
    "total": 10.000424269,
    "slowest": 0.006632215,
    "fastest": 0.000104515,
    "average": 0.0009842427587453927,
    "requestsPerSec": 50707.3486443898,
    "totalData": 6592235,
    "sizePerRequest": 13,
    "sizePerSec": 659195.5323770674
  },
  "responseTimeHistogram": {
    "0.000104515": 1,
    "0.000757285": 42938,
    "0.001410055": 461915,
    "0.002062825": 1896,
    "0.002715595": 201,
    "0.003368365": 78,
    "0.004021135": 17,
    "0.004673905": 2,
    "0.005326675": 4,
    "0.005979445000000001": 24,
    "0.006632215": 19
  },
  "latencyPercentiles": {
    "p10": 0.00078748,
    "p25": 0.000913459,
    "p50": 0.00100398,
    "p75": 0.001079039,
    "p90": 0.001137267,
    "p95": 0.001184848,
    "p99": 0.001309101
  },
  "rps": {
    "mean": 50704.25056566331,
    "stddev": 5413.77034371533,
    "max": 80638.14119969004,
    "percentiles": {
      "p10": 47424.56592514837,
      "p25": 48304.42450489088,
      "p50": 49145.98815782054,
      "p75": 50701.064722358286,
      "p90": 58865.70590092694,
      "p95": 61644.38299193526,
      "p99": 69992.2266512764
    }
  },
  "details": {
    "DNSDialup": {
      "average": 0.0009688304000000002,
      "fastest": 0.000109605,
      "slowest": 0.001611347
    },
    "DNSLookup": {
      "average": 0.00003064467999999999,
      "fastest": 0.000004208,
      "slowest": 0.000617307
    }
  },
  "statusCodeDistribution": {
    "200": 507095
  },
  "errorDistribution": {}
}