{
  "summary": {
    "successRate": 1,
    "total": 10.000161303,
    "slowest": 0.0066436,
    "fastest": 0.000124974,
    "average": 0.0009845228495057228,
    "requestsPerSec": 50698.78221343326,
    "totalData": 6590948,
    "sizePerRequest": 13,
    "sizePerSec": 659084.1687746324
  },
  "responseTimeHistogram": {
    "0.000124974": 1,
    "0.0007768366": 43063,
    "0.0014286992": 462230,
    "0.0020805618": 1413,
    "0.0027324244": 142,
    "0.0033842869999999997": 98,
    "0.0040361496": 1,
    "0.0046880122": 10,
    "0.0053398748": 16,
    "0.0059917374": 19,
    "0.0066435999999999995": 3
  },
  "latencyPercentiles": {
    "p10": 0.000808776,
    "p25": 0.000919691,
    "p50": 0.00100429,
    "p75": 0.00107386,
    "p90": 0.001126009,
    "p95": 0.001165451,
    "p99": 0.00128024
  },
  "rps": {
    "mean": 50694.227247273804,
    "stddev": 4522.937817711733,
    "max": 79703.25189267898,
    "percentiles": {
      "p10": 47825.476631403624,
      "p25": 48627.659412674446,
      "p50": 49525.50563540223,
      "p75": 51821.896177242,
      "p90": 55909.49902388423,
      "p95": 59018.11294944887,
      "p99": 65032.56180369326
    }
  },
  "details": {
    "DNSDialup": {
      "average": 0.0007893046200000002,
      "fastest": 0.000086482,
      "slowest": 0.001592889
    },
    "DNSLookup": {
      "average": 0.0000238752,
      "fastest": 0.000003396,
      "slowest": 0.000876927
    }
  },
  "statusCodeDistribution": {
    "200": 506996
  },
  "errorDistribution": {}
}