{
  "summary": {
    "successRate": 1,
    "total": 10.000326082,
    "slowest": 0.00754432,
    "fastest": 0.00020282,
    "average": 0.0009054826487039279,
    "requestsPerSec": 55117.802707665745,
    "totalData": 7165548,
    "sizePerRequest": 13,
    "sizePerSec": 716531.4351996547
  },
  "responseTimeHistogram": {
    "0.00020282": 1,
    "0.0009369700000000001": 260470,
    "0.0016711200000000001": 289837,
    "0.0024052699999999997": 702,
    "0.00313942": 107,
    "0.0038735700000000002": 29,
    "0.00460772": 2,
    "0.00534187": 9,
    "0.0060760200000000006": 24,
    "0.006810170000000001": 14,
    "0.007544320000000001": 1
  },
  "latencyPercentiles": {
    "p10": 0.000595034,
    "p25": 0.000761299,
    "p50": 0.000948455,
    "p75": 0.001048734,
    "p90": 0.001108911,
    "p95": 0.00115219,
    "p99": 0.001284975
  },
  "rps": {
    "mean": 55119.99288964511,
    "stddev": 8831.10926138182,
    "max": 82665.4793261753,
    "percentiles": {
      "p10": 48073.53877903522,
      "p25": 49150.05933542898,
      "p50": 50814.527873519386,
      "p75": 60549.099264591794,
      "p90": 68623.0573472702,
      "p95": 73070.60236172707,
      "p99": 78698.70391444684
    }
  },
  "details": {
    "DNSDialup": {
      "average": 0.0008339215600000002,
      "fastest": 0.000102151,
      "slowest": 0.001924953
    },
    "DNSLookup": {
      "average": 0.000043516920000000005,
      "fastest": 0.000003416,
      "slowest": 0.001823867
    }
  },
  "statusCodeDistribution": {
    "200": 551196
  },
  "errorDistribution": {}
}