{
  "summary": {
    "successRate": 1,
    "total": 10.000432862,
    "slowest": 0.006171863,
    "fastest": 0.000146487,
    "average": 0.0009278961846639502,
    "requestsPerSec": 53793.7714720493,
    "totalData": 6993493,
    "sizePerRequest": 13,
    "sizePerSec": 699319.029136641
  },
  "responseTimeHistogram": {
    "0.000146487": 1,
    "0.0007490246": 98872,
    "0.0013515622": 435555,
    "0.0019540997999999998": 2964,
    "0.0025566373999999998": 213,
    "0.0031591749999999997": 142,
    "0.0037617125999999997": 158,
    "0.0043642502": 6,
    "0.0049667878": 4,
    "0.005569325399999999": 32,
    "0.006171863": 14
  },
  "latencyPercentiles": {
    "p10": 0.000618367,
    "p25": 0.000843207,
    "p50": 0.000961733,
    "p75": 0.001048473,
    "p90": 0.001106186,
    "p95": 0.001151801,
    "p99": 0.001284957
  },
  "rps": {
    "mean": 53781.783848154155,
    "stddev": 7540.420099545825,
    "max": 81503.56170564618,
    "percentiles": {
      "p10": 48200.49164501367,
      "p25": 49438.65608519581,
      "p50": 50812.71334087482,
      "p75": 57732.38786959409,
      "p90": 64583.134033821654,
      "p95": 68740.47480300436,
      "p99": 76657.92272640619
    }
  },
  "details": {
    "DNSDialup": {
      "average": 0.00101182504,
      "fastest": 0.00008554,
      "slowest": 0.002210706
    },
    "DNSLookup": {
      "average": 0.000009745,
      "fastest": 0.000004709,
      "slowest": 0.000030978
    }
  },
  "statusCodeDistribution": {
    "200": 537961
  },
  "errorDistribution": {}
}