{
  "summary": {
    "successRate": 1,
    "total": 10.000359238,
    "slowest": 0.006817159,
    "fastest": 0.000130193,
    "average": 0.0009403533637183928,
    "requestsPerSec": 53078.99320086405,
    "totalData": 6900517,
    "sizePerRequest": 13,
    "sizePerSec": 690026.9116112327
  },
  "responseTimeHistogram": {
    "0.000130193": 1,
    "0.0007988896": 92470,
    "0.0014675862": 436990,
    "0.0021362827999999996": 1076,
    "0.0028049793999999997": 173,
    "0.0034736759999999998": 50,
    "0.004142372599999999": 1,
    "0.0048110691999999995": 9,
    "0.0054797657999999996": 19,
    "0.0061484624": 19,
    "0.006817159": 1
  },
  "latencyPercentiles": {
    "p10": 0.000670921,
    "p25": 0.000867174,
    "p50": 0.000965706,
    "p75": 0.001050753,
    "p90": 0.001103516,
    "p95": 0.001140573,
    "p99": 0.001247081
  },
  "rps": {
    "mean": 53074.93758742424,
    "stddev": 5297.899924015771,
    "max": 80048.82677874863,
    "percentiles": {
      "p10": 48545.21816562474,
      "p25": 49635.89314826221,
      "p50": 51601.800902851515,
      "p75": 56638.42754763965,
      "p90": 59813.28453049365,
      "p95": 62035.980868904255,
      "p99": 67096.58553487889
    }
  },
  "details": {
    "DNSDialup": {
      "average": 0.0010936314200000001,
      "fastest": 0.000368346,
      "slowest": 0.002130688
    },
    "DNSLookup": {
      "average": 0.000028445640000000004,
      "fastest": 0.000004178,
      "slowest": 0.00103681
    }
  },
  "statusCodeDistribution": {
    "200": 530809
  },
  "errorDistribution": {}
}