{
  "summary": {
    "successRate": 1,
    "total": 10.000602824,
    "slowest": 0.007434826,
    "fastest": 0.000209398,
    "average": 0.0009945421019262961,
    "requestsPerSec": 50186.174656944866,
    "totalData": 6524596,
    "sizePerRequest": 13,
    "sizePerSec": 652420.2705402832
  },
  "responseTimeHistogram": {
    "0.000209398": 1,
    "0.0009319408": 128028,
    "0.0016544836": 372992,
    "0.0023770264": 679,
    "0.0030995692": 123,
    "0.003822112": 19,
    "0.004544654800000001": 0,
    "0.005267197600000001": 0,
    "0.0059897404000000005": 0,
    "0.0067122832": 33,
    "0.007434826": 17
  },
  "latencyPercentiles": {
    "p10": 0.000806122,
    "p25": 0.000930099,
    "p50": 0.001013764,
    "p75": 0.001085241,
    "p90": 0.001136712,
    "p95": 0.001178005,
    "p99": 0.0013
  },
  "rps": {
    "mean": 50184.724343111375,
    "stddev": 4030.7750733898183,
    "max": 65799.27484176318,
    "percentiles": {
      "p10": 47329.21158939279,
      "p25": 48198.77173463385,
      "p50": 49268.611468331015,
      "p75": 51841.589749925246,
      "p90": 55108.54170328805,
      "p95": 57273.929469007635,
      "p99": 61124.2479891762
    }
  },
  "details": {
    "DNSDialup": {
      "average": 0.0007720549800000003,
      "fastest": 0.000112141,
      "slowest": 0.001293428
    },
    "DNSLookup": {
      "average": 0.00000825766,
      "fastest": 0.000003546,
      "slowest": 0.00004256
    }
  },
  "statusCodeDistribution": {
    "200": 501892
  },
  "errorDistribution": {}
}