{
  "summary": {
    "successRate": 1,
    "total": 10.000433825,
    "slowest": 0.008526029,
    "fastest": 0.000191556,
    "average": 0.0009977670730299704,
    "requestsPerSec": 50021.129958329584,
    "totalData": 6503029,
    "sizePerRequest": 13,
    "sizePerSec": 650274.6894582845
  },
  "responseTimeHistogram": {
    "0.000191556": 1,
    "0.0010250033": 282595,
    "0.0018584505999999998": 217148,
    "0.0026918978999999994": 298,
    "0.0035253451999999992": 86,
    "0.004358792499999999": 17,
    "0.005192239799999999": 48,
    "0.006025687099999999": 37,
    "0.006859134399999999": 2,
    "0.0076925816999999985": 0,
    "0.008526029": 1
  },
  "latencyPercentiles": {
    "p10": 0.000829131,
    "p25": 0.000911315,
    "p50": 0.000998085,
    "p75": 0.00109053,
    "p90": 0.001146185,
    "p95": 0.001187441,
    "p99": 0.001315485
  },
  "rps": {
    "mean": 50018.10431618866,
    "stddev": 4550.529952156859,
    "max": 63421.71896303451,
    "percentiles": {
      "p10": 46420.61002897716,
      "p25": 47430.711385621915,
      "p50": 48450.07315060124,
      "p75": 53401.201527030564,
      "p90": 56837.404425189416,
      "p95": 57279.704709095204,
      "p99": 58451.56436950312
    }
  },
  "details": {
    "DNSDialup": {
      "average": 0.0009204394400000002,
      "fastest": 0.000093664,
      "slowest": 0.002167845
    },
    "DNSLookup": {
      "average": 0.000010483499999999997,
      "fastest": 0.000004779,
      "slowest": 0.00003719
    }
  },
  "statusCodeDistribution": {
    "200": 500233
  },
  "errorDistribution": {}
}