{
  "summary": {
    "successRate": 1,
    "total": 10.000387529,
    "slowest": 0.007216019,
    "fastest": 0.000205315,
    "average": 0.0010343286359584586,
    "requestsPerSec": 48254.43000089962,
    "totalData": 6273319,
    "sizePerRequest": 13,
    "sizePerSec": 627307.590011695
  },
  "responseTimeHistogram": {
    "0.000205315": 1,
    "0.0009063853999999999": 61742,
    "0.0016074557999999999": 419936,
    "0.0023085262": 654,
    "0.0030095966": 152,
    "0.003710667": 2,
    "0.0044117374": 28,
    "0.0051128078": 0,
    "0.0058138782": 26,
    "0.0065149486": 20,
    "0.007216019": 2
  },
  "latencyPercentiles": {
    "p10": 0.000882746,
    "p25": 0.000960756,
    "p50": 0.001045983,
    "p75": 0.00111608,
    "p90": 0.00116942,
    "p95": 0.001210558,
    "p99": 0.001340683
  },
  "rps": {
    "mean": 48249.83955430801,
    "stddev": 3676.5953863955424,
    "max": 67595.37707705687,
    "percentiles": {
      "p10": 45628.03961404168,
      "p25": 46537.33224792742,
      "p50": 47576.76354891842,
      "p75": 48951.746295514284,
      "p90": 52914.75792598582,
      "p95": 55219.31571663758,
      "p99": 59097.20899908304
    }
  },
  "details": {
    "DNSDialup": {
      "average": 0.00104248498,
      "fastest": 0.00009422,
      "slowest": 0.002139358
    },
    "DNSLookup": {
      "average": 0.000032192640000000004,
      "fastest": 0.000004147,
      "slowest": 0.001200315
    }
  },
  "statusCodeDistribution": {
    "200": 482563
  },
  "errorDistribution": {}
}