{
  "summary": {
    "successRate": 1,
    "total": 10.000471601,
    "slowest": 0.005883849,
    "fastest": 0.000123578,
    "average": 0.0010104635664923388,
    "requestsPerSec": 49396.570452797794,
    "totalData": 6421857,
    "sizePerRequest": 13,
    "sizePerSec": 642155.4158863713
  },
  "responseTimeHistogram": {
    "0.000123578": 1,
    "0.0006996051000000001": 21476,
    "0.0012756322000000001": 464969,
    "0.0018516593000000002": 7054,
    "0.0024276864": 271,
    "0.0030037135000000005": 142,
    "0.0035797406000000003": 23,
    "0.0041557677": 2,
    "0.0047317948": 4,
    "0.005307821900000001": 9,
    "0.005883849000000001": 38
  },
  "latencyPercentiles": {
    "p10": 0.000852219,
    "p25": 0.000942344,
    "p50": 0.001026508,
    "p75": 0.001094014,
    "p90": 0.00114817,
    "p95": 0.001192003,
    "p99": 0.001312984
  },
  "rps": {
    "mean": 49392.94851641481,
    "stddev": 3650.3123631360486,
    "max": 62713.67804383121,
    "percentiles": {
      "p10": 46816.70888339932,
      "p25": 47768.079066284925,
      "p50": 48712.49475490329,
      "p75": 50401.80942495694,
      "p90": 53784.271387994006,
      "p95": 56060.186376552956,
      "p99": 60010.11170382188
    }
  },
  "details": {
    "DNSDialup": {
      "average": 0.0008306525,
      "fastest": 0.00011323,
      "slowest": 0.001961422
    },
    "DNSLookup": {
      "average": 0.00001092992,
      "fastest": 0.000004038,
      "slowest": 0.000040535
    }
  },
  "statusCodeDistribution": {
    "200": 493989
  },
  "errorDistribution": {}
}