{
  "summary": {
    "successRate": 1,
    "total": 10.000439808,
    "slowest": 0.007008852,
    "fastest": 0.000252151,
    "average": 0.000977202171917912,
    "requestsPerSec": 51074.45370466651,
    "totalData": 6639971,
    "sizePerRequest": 13,
    "sizePerSec": 663967.8981606646
  },
  "responseTimeHistogram": {
    "0.000252151": 1,
    "0.0009278210999999999": 157113,
    "0.0016034912": 352473,
    "0.0022791612999999997": 865,
    "0.0029548314": 193,
    "0.0036305015": 43,
    "0.0043061715999999995": 16,
    "0.0049818417": 21,
    "0.0056575118": 14,
    "0.0063331819": 13,
    "0.007008852": 15
  },
  "latencyPercentiles": {
    "p10": 0.000728653,
    "p25": 0.000902377,
    "p50": 0.001001103,
    "p75": 0.001079416,
    "p90": 0.001144806,
    "p95": 0.001196872,
    "p99": 0.001333067
  },
  "rps": {
    "mean": 51065.45190141075,
    "stddev": 5969.590218658685,
    "max": 80121.41645462009,
    "percentiles": {
      "p10": 47012.521102556144,
      "p25": 48116.702249634895,
      "p50": 49248.90396061878,
      "p75": 52215.495454396914,
      "p90": 59680.88809984293,
      "p95": 62201.158546739876,
      "p99": 71657.46728435656
    }
  },
  "details": {
    "DNSDialup": {
      "average": 0.00078329812,
      "fastest": 0.000085449,
      "slowest": 0.001287536
    },
    "DNSLookup": {
      "average": 0.0000079392,
      "fastest": 0.000003797,
      "slowest": 0.000028954
    }
  },
  "statusCodeDistribution": {
    "200": 510767
  },
  "errorDistribution": {}
}