{
  "summary": {
    "successRate": 1,
    "total": 10.000240273,
    "slowest": 0.005606087,
    "fastest": 0.000243066,
    "average": 0.000982081359330999,
    "requestsPerSec": 50821.278901885446,
    "totalData": 6606925,
    "sizePerRequest": 13,
    "sizePerSec": 660676.6257245108
  },
  "responseTimeHistogram": {
    "0.000243066": 1,
    "0.0007793681": 27687,
    "0.0013156702000000002": 477447,
    "0.0018519723": 2705,
    "0.0023882744000000003": 236,
    "0.0029245765000000005": 93,
    "0.0034608786000000003": 7,
    "0.0039971807": 5,
    "0.0045334828": 0,
    "0.005069784900000001": 30,
    "0.005606087000000001": 14
  },
  "latencyPercentiles": {
    "p10": 0.000836603,
    "p25": 0.00091334,
    "p50": 0.000990591,
    "p75": 0.001061868,
    "p90": 0.001115198,
    "p95": 0.001152908,
    "p99": 0.001261011
  },
  "rps": {
    "mean": 50822.07766420924,
    "stddev": 4263.058947579829,
    "max": 84228.37246247043,
    "percentiles": {
      "p10": 48317.795444061354,
      "p25": 48973.15734701476,
      "p50": 50011.83780201104,
      "p75": 51565.79589494064,
      "p90": 53665.12096996009,
      "p95": 59519.63552775831,
      "p99": 65401.03987653434
    }
  },
  "details": {
    "DNSDialup": {
      "average": 0.0008303013400000001,
      "fastest": 0.000089328,
      "slowest": 0.001917825
    },
    "DNSLookup": {
      "average": 0.000008433540000000003,
      "fastest": 0.000003487,
      "slowest": 0.000036338
    }
  },
  "statusCodeDistribution": {
    "200": 508225
  },
  "errorDistribution": {}
}