{
  "summary": {
    "successRate": 1,
    "total": 10.000851726,
    "slowest": 0.006561501,
    "fastest": 0.000219418,
    "average": 0.0009992972153502612,
    "requestsPerSec": 49942.746246451046,
    "totalData": 6493110,
    "sizePerRequest": 13,
    "sizePerSec": 649255.7012038636
  },
  "responseTimeHistogram": {
    "0.000219418": 1,
    "0.0008536263": 67163,
    "0.0014878346000000001": 430273,
    "0.0021220429": 1754,
    "0.0027562512": 133,
    "0.0033904595": 50,
    "0.0040246678": 43,
    "0.0046588761": 11,
    "0.0052930844": 5,
    "0.0059272927000000005": 22,
    "0.006561501": 15
  },
  "latencyPercentiles": {
    "p10": 0.000804587,
    "p25": 0.000929122,
    "p50": 0.001015402,
    "p75": 0.001090712,
    "p90": 0.001148277,
    "p95": 0.001199652,
    "p99": 0.001351325
  },
  "rps": {
    "mean": 49937.95641032114,
    "stddev": 4055.9703852553853,
    "max": 65015.67589054559,
    "percentiles": {
      "p10": 46979.42811911787,
      "p25": 47928.16571107486,
      "p50": 49066.13301978933,
      "p75": 51546.21117832089,
      "p90": 55028.90889104265,
      "p95": 57630.29624673675,
      "p99": 61163.33669063238
    }
  },
  "details": {
    "DNSDialup": {
      "average": 0.0007000197399999999,
      "fastest": 0.000080552,
      "slowest": 0.00136592
    },
    "DNSLookup": {
      "average": 0.0000077279,
      "fastest": 0.000003487,
      "slowest": 0.000029825
    }
  },
  "statusCodeDistribution": {
    "200": 499470
  },
  "errorDistribution": {}
}