{
  "summary": {
    "successRate": 1,
    "total": 10.000230597,
    "slowest": 0.013958822,
    "fastest": 0.000119353,
    "average": 0.0009776563396697963,
    "requestsPerSec": 51052.22275105903,
    "totalData": 6636942,
    "sizePerRequest": 13,
    "sizePerSec": 663678.8957637674
  },
  "responseTimeHistogram": {
    "0.000119353": 1,
    "0.0015032999": 509106,
    "0.0028872468": 1274,
    "0.004271193699999999": 101,
    "0.0056551406": 30,
    "0.0070390875": 20,
    "0.008423034399999998": 1,
    "0.0098069813": 0,
    "0.011190928199999998": 0,
    "0.0125748751": 0,
    "0.013958822": 1
  },
  "latencyPercentiles": {
    "p10": 0.000689937,
    "p25": 0.000914815,
    "p50": 0.001006368,
    "p75": 0.001081396,
    "p90": 0.001137028,
    "p95": 0.00118181,
    "p99": 0.00130132
  },
  "rps": {
    "mean": 51048.00366250084,
    "stddev": 6015.3829730080115,
    "max": 75826.832222932,
    "percentiles": {
      "p10": 47317.67067772466,
      "p25": 48056.153615499854,
      "p50": 49011.8020419298,
      "p75": 51430.16975966195,
      "p90": 59722.6647512719,
      "p95": 64963.01168522079,
      "p99": 69986.91022918453
    }
  },
  "details": {
    "DNSDialup": {
      "average": 0.0010078219000000002,
      "fastest": 0.000093675,
      "slowest": 0.002060737
    },
    "DNSLookup": {
      "average": 0.000010094299999999998,
      "fastest": 0.000004057,
      "slowest": 0.000031519
    }
  },
  "statusCodeDistribution": {
    "200": 510534
  },
  "errorDistribution": {}
}