{
  "summary": {
    "successRate": 1,
    "total": 10.000381516,
    "slowest": 0.007058622,
    "fastest": 0.000276508,
    "average": 0.0010305844702445384,
    "requestsPerSec": 48431.25227023589,
    "totalData": 6296303,
    "sizePerRequest": 13,
    "sizePerSec": 629606.2795130666
  },
  "responseTimeHistogram": {
    "0.000276508": 1,
    "0.0009547194000000001": 117241,
    "0.0016329308": 366295,
    "0.0023111422": 568,
    "0.0029893536": 159,
    "0.003667565": 19,
    "0.0043457764": 1,
    "0.0050239878": 4,
    "0.0057021992": 24,
    "0.0063804106": 17,
    "0.007058622": 2
  },
  "latencyPercentiles": {
    "p10": 0.000890463,
    "p25": 0.000957306,
    "p50": 0.001040538,
    "p75": 0.001107313,
    "p90": 0.001157351,
    "p95": 0.001194647,
    "p99": 0.001308741
  },
  "rps": {
    "mean": 48428.52708543215,
    "stddev": 3177.4395782766637,
    "max": 74961.66002495615,
    "percentiles": {
      "p10": 46368.43052977607,
      "p25": 47254.29946403933,
      "p50": 48030.864633613004,
      "p75": 48918.848432301726,
      "p90": 51561.666448979995,
      "p95": 54826.81579560501,
      "p99": 56731.99116982094
    }
  },
  "details": {
    "DNSDialup": {
      "average": 0.0010490829799999998,
      "fastest": 0.000155662,
      "slowest": 0.002069976
    },
    "DNSLookup": {
      "average": 0.000031383,
      "fastest": 0.000003356,
      "slowest": 0.001155864
    }
  },
  "statusCodeDistribution": {
    "200": 484331
  },
  "errorDistribution": {}
}