{
  "summary": {
    "successRate": 1,
    "total": 10.000371784,
    "slowest": 0.006738184,
    "fastest": 0.000118401,
    "average": 0.000910914214167211,
    "requestsPerSec": 54790.66297081581,
    "totalData": 7123051,
    "sizePerRequest": 13,
    "sizePerSec": 712278.6186206054
  },
  "responseTimeHistogram": {
    "0.000118401": 1,
    "0.0007803793": 134825,
    "0.0014423576": 411237,
    "0.0021043359": 1513,
    "0.0027663142000000003": 259,
    "0.0034282925000000005": 40,
    "0.004090270799999999": 1,
    "0.0047522491": 10,
    "0.0054142274": 39,
    "0.0060762057": 1,
    "0.006738184": 1
  },
  "latencyPercentiles": {
    "p10": 0.000614309,
    "p25": 0.000785631,
    "p50": 0.000948696,
    "p75": 0.001048912,
    "p90": 0.001104129,
    "p95": 0.001141217,
    "p99": 0.001255607
  },
  "rps": {
    "mean": 54779.081644863654,
    "stddev": 6712.401091497138,
    "max": 79166.40778917572,
    "percentiles": {
      "p10": 48641.83684386719,
      "p25": 50140.61149464033,
      "p50": 53326.13513883535,
      "p75": 58938.53991125004,
      "p90": 63686.65284215259,
      "p95": 66832.5237165167,
      "p99": 73428.15969924792
    }
  },
  "details": {
    "DNSDialup": {
      "average": 0.0007902863000000001,
      "fastest": 0.000094487,
      "slowest": 0.001843837
    },
    "DNSLookup": {
      "average": 0.000009403580000000001,
      "fastest": 0.000003406,
      "slowest": 0.000030968
    }
  },
  "statusCodeDistribution": {
    "200": 547927
  },
  "errorDistribution": {}
}