{
  "summary": {
    "successRate": 1,
    "total": 10.000338762,
    "slowest": 0.00573178,
    "fastest": 0.000241409,
    "average": 0.0009550014248940202,
    "requestsPerSec": 52263.02952715913,
    "totalData": 6794424,
    "sizePerRequest": 13,
    "sizePerSec": 679419.3838530687
  },
  "responseTimeHistogram": {
    "0.000241409": 1,
    "0.0007904461": 98695,
    "0.0013394831999999999": 419691,
    "0.0018885202999999998": 3865,
    "0.0024375574": 157,
    "0.0029865945": 166,
    "0.0035356316": 21,
    "0.0040846686999999994": 1,
    "0.0046337057999999995": 2,
    "0.0051827429": 8,
    "0.00573178": 41
  },
  "latencyPercentiles": {
    "p10": 0.000643257,
    "p25": 0.000866703,
    "p50": 0.000988739,
    "p75": 0.00107997,
    "p90": 0.001138927,
    "p95": 0.001183916,
    "p99": 0.001311551
  },
  "rps": {
    "mean": 52252.783301977164,
    "stddev": 6188.692828878701,
    "max": 77710.00802096579,
    "percentiles": {
      "p10": 46976.31620762192,
      "p25": 48226.133741874975,
      "p50": 50401.31167660022,
      "p75": 55925.39070071604,
      "p90": 60272.126133963,
      "p95": 63481.83892081638,
      "p99": 70232.03552952231
    }
  },
  "details": {
    "DNSDialup": {
      "average": 0.00042261531999999996,
      "fastest": 0.00009171,
      "slowest": 0.000762099
    },
    "DNSLookup": {
      "average": 0.0000094299,
      "fastest": 0.000003747,
      "slowest": 0.00002671
    }
  },
  "statusCodeDistribution": {
    "200": 522648
  },
  "errorDistribution": {}
}