{
  "summary": {
    "successRate": 1,
    "total": 10.000395286,
    "slowest": 0.025758942,
    "fastest": 0.0000691,
    "average": 0.001000179007250376,
    "requestsPerSec": 49899.02756129914,
    "totalData": 6487130,
    "sizePerRequest": 13,
    "sizePerSec": 648687.3582968889
  },
  "responseTimeHistogram": {
    "0.0000691": 1,
    "0.0026380842": 498836,
    "0.0052070684": 131,
    "0.0077760526": 39,
    "0.0103450368": 0,
    "0.012914021": 1,
    "0.0154830052": 0,
    "0.0180519894": 0,
    "0.0206209736": 1,
    "0.023189957799999997": 0,
    "0.025758941999999996": 1
  },
  "latencyPercentiles": {
    "p10": 0.000791404,
    "p25": 0.000931358,
    "p50": 0.00102091,
    "p75": 0.001099146,
    "p90": 0.001150199,
    "p95": 0.001188758,
    "p99": 0.0013134
  },
  "rps": {
    "mean": 49901.58888577959,
    "stddev": 4696.4333440118235,
    "max": 69163.60977190113,
    "percentiles": {
      "p10": 46223.66651725768,
      "p25": 47309.15432135908,
      "p50": 48524.95153008218,
      "p75": 52121.99548209281,
      "p90": 56715.72727117011,
      "p95": 58216.72453268828,
      "p99": 63685.60532816398
    }
  },
  "details": {
    "DNSDialup": {
      "average": 0.0010337483599999993,
      "fastest": 0.00013286,
      "slowest": 0.00219148
    },
    "DNSLookup": {
      "average": 0.0000101598,
      "fastest": 0.000003687,
      "slowest": 0.000040967
    }
  },
  "statusCodeDistribution": {
    "200": 499010
  },
  "errorDistribution": {}
}