{
  "summary": {
    "successRate": 1,
    "total": 10.000335468,
    "slowest": 0.006157843,
    "fastest": 0.000210061,
    "average": 0.0009938885213516071,
    "requestsPerSec": 50217.01537982846,
    "totalData": 6528431,
    "sizePerRequest": 13,
    "sizePerSec": 652821.1999377699
  },
  "responseTimeHistogram": {
    "0.000210061": 1,
    "0.0008048392": 31878,
    "0.0013996173999999998": 468141,
    "0.0019943956": 1836,
    "0.0025891738": 183,
    "0.003183952": 92,
    "0.0037787302": 6,
    "0.0043735084": 6,
    "0.0049682866": 0,
    "0.0055630648": 15,
    "0.006157843": 29
  },
  "latencyPercentiles": {
    "p10": 0.000848314,
    "p25": 0.000921863,
    "p50": 0.001005204,
    "p75": 0.001070315,
    "p90": 0.001127336,
    "p95": 0.001170461,
    "p99": 0.001287239
  },
  "rps": {
    "mean": 50211.37337511539,
    "stddev": 4111.055433378309,
    "max": 80140.58319132801,
    "percentiles": {
      "p10": 47961.88522050108,
      "p25": 48764.270884107726,
      "p50": 49630.82685960133,
      "p75": 50489.010660306485,
      "p90": 53205.886893167684,
      "p95": 58620.16547721107,
      "p99": 64159.835462552524
    }
  },
  "details": {
    "DNSDialup": {
      "average": 0.0009492299399999997,
      "fastest": 0.000088109,
      "slowest": 0.001387701
    },
    "DNSLookup": {
      "average": 0.000009488039999999997,
      "fastest": 0.000004919,
      "slowest": 0.00003757
    }
  },
  "statusCodeDistribution": {
    "200": 502187
  },
  "errorDistribution": {}
}