{
  "summary": {
    "successRate": 1,
    "total": 10.0002199,
    "slowest": 0.009256624,
    "fastest": 0.000092854,
    "average": 0.0009394357988696436,
    "requestsPerSec": 53131.53163761929,
    "totalData": 6907251,
    "sizePerRequest": 13,
    "sizePerSec": 690709.9112890508
  },
  "responseTimeHistogram": {
    "0.000092854": 1,
    "0.001009231": 338882,
    "0.001925608": 192006,
    "0.002841985": 308,
    "0.003758362": 29,
    "0.004674739": 9,
    "0.005591116": 36,
    "0.006507493": 5,
    "0.00742387": 0,
    "0.008340247": 0,
    "0.009256624": 51
  },
  "latencyPercentiles": {
    "p10": 0.000728809,
    "p25": 0.000848687,
    "p50": 0.000953314,
    "p75": 0.001046657,
    "p90": 0.00110731,
    "p95": 0.001151914,
    "p99": 0.001285584
  },
  "rps": {
    "mean": 53132.99672941861,
    "stddev": 6127.786577399664,
    "max": 75055.51856708624,
    "percentiles": {
      "p10": 48316.649917561364,
      "p25": 49444.005164595794,
      "p50": 50652.49624710926,
      "p75": 58655.76037166714,
      "p90": 60434.16343258231,
      "p95": 62540.41574142715,
      "p99": 70422.7465471356
    }
  },
  "details": {
    "DNSDialup": {
      "average": 0.0007458063,
      "fastest": 0.000129037,
      "slowest": 0.001377179
    },
    "DNSLookup": {
      "average": 0.00000760158,
      "fastest": 0.000004148,
      "slowest": 0.000025097
    }
  },
  "statusCodeDistribution": {
    "200": 531327
  },
  "errorDistribution": {}
}