{
  "summary": {
    "successRate": 1,
    "total": 10.000637599,
    "slowest": 0.006795704,
    "fastest": 0.000158946,
    "average": 0.0009756335948060309,
    "requestsPerSec": 51152.238538386024,
    "totalData": 6650215,
    "sizePerRequest": 13,
    "sizePerSec": 664979.1009990183
  },
  "responseTimeHistogram": {
    "0.000158946": 1,
    "0.0008226217999999999": 84842,
    "0.0014862976": 423718,
    "0.0021499733999999996": 2484,
    "0.0028136491999999997": 365,
    "0.003477325": 56,
    "0.004141000799999999": 20,
    "0.004804676599999999": 19,
    "0.005468352399999999": 11,
    "0.0061320281999999995": 20,
    "0.006795704": 19
  },
  "latencyPercentiles": {
    "p10": 0.000787763,
    "p25": 0.000864646,
    "p50": 0.00097261,
    "p75": 0.001084492,
    "p90": 0.00115292,
    "p95": 0.001208363,
    "p99": 0.00137795
  },
  "rps": {
    "mean": 51147.64239242941,
    "stddev": 5743.83737116885,
    "max": 69175.82362027226,
    "percentiles": {
      "p10": 46030.97424256822,
      "p25": 47407.328507269056,
      "p50": 48822.84420880584,
      "p75": 57002.5765164603,
      "p90": 58205.52078864336,
      "p95": 58726.68500411649,
      "p99": 62884.57346284523
    }
  },
  "details": {
    "DNSDialup": {
      "average": 0.0009431074799999999,
      "fastest": 0.000092973,
      "slowest": 0.001611114
    },
    "DNSLookup": {
      "average": 0.000008193299999999998,
      "fastest": 0.000003718,
      "slowest": 0.000032751
    }
  },
  "statusCodeDistribution": {
    "200": 511555
  },
  "errorDistribution": {}
}