{
  "summary": {
    "successRate": 1,
    "total": 10.000762623,
    "slowest": 0.007233838,
    "fastest": 0.000084319,
    "average": 0.0010083536831163556,
    "requestsPerSec": 49492.62557854034,
    "totalData": 6434532,
    "sizePerRequest": 13,
    "sizePerSec": 643404.1325210244
  },
  "responseTimeHistogram": {
    "0.000084319": 1,
    "0.0007992709": 36872,
    "0.0015142228": 456024,
    "0.0022291747": 1714,
    "0.0029441266": 198,
    "0.0036590785": 86,
    "0.0043740304": 24,
    "0.0050889823": 10,
    "0.0058039342": 18,
    "0.0065188861": 16,
    "0.007233838": 1
  },
  "latencyPercentiles": {
    "p10": 0.000846242,
    "p25": 0.000939925,
    "p50": 0.001022837,
    "p75": 0.001090095,
    "p90": 0.001145154,
    "p95": 0.001192366,
    "p99": 0.001346383
  },
  "rps": {
    "mean": 49489.35349827993,
    "stddev": 3795.23006926832,
    "max": 66039.70038218785,
    "percentiles": {
      "p10": 46967.89679159744,
      "p25": 48001.35967108723,
      "p50": 48837.71248157872,
      "p75": 50355.83454934796,
      "p90": 53808.786974912364,
      "p95": 56201.628964068266,
      "p99": 61566.36238201367
    }
  },
  "details": {
    "DNSDialup": {
      "average": 0.0008278850600000001,
      "fastest": 0.000100948,
      "slowest": 0.001296814
    },
    "DNSLookup": {
      "average": 0.00002243346,
      "fastest": 0.000003527,
      "slowest": 0.000801807
    }
  },
  "statusCodeDistribution": {
    "200": 494964
  },
  "errorDistribution": {}
}