{
  "summary": {
    "successRate": 1,
    "total": 10.000432058,
    "slowest": 0.007709088,
    "fastest": 0.000167393,
    "average": 0.0009422715814656149,
    "requestsPerSec": 52968.51145308786,
    "totalData": 6886204,
    "sizePerRequest": 13,
    "sizePerSec": 688590.6488901422
  },
  "responseTimeHistogram": {
    "0.000167393": 1,
    "0.0009215625000000001": 208915,
    "0.001675732": 319974,
    "0.0024299015": 468,
    "0.003184071": 166,
    "0.0039382405": 31,
    "0.00469241": 76,
    "0.0054465795": 14,
    "0.006200749": 24,
    "0.006954918500000001": 9,
    "0.007709088": 30
  },
  "latencyPercentiles": {
    "p10": 0.00068617,
    "p25": 0.000851245,
    "p50": 0.000962108,
    "p75": 0.001054084,
    "p90": 0.001114036,
    "p95": 0.001162507,
    "p99": 0.001296294
  },
  "rps": {
    "mean": 52969.00748749721,
    "stddev": 6801.778440011557,
    "max": 81622.67071181498,
    "percentiles": {
      "p10": 47903.5448623195,
      "p25": 49006.47865647793,
      "p50": 50315.46194145243,
      "p75": 57601.860540097136,
      "p90": 61046.793118734946,
      "p95": 66461.63706847667,
      "p99": 72621.46496308828
    }
  },
  "details": {
    "DNSDialup": {
      "average": 0.00065031554,
      "fastest": 0.000071935,
      "slowest": 0.00154235
    },
    "DNSLookup": {
      "average": 0.000007608560000000003,
      "fastest": 0.000003476,
      "slowest": 0.00003171
    }
  },
  "statusCodeDistribution": {
    "200": 529708
  },
  "errorDistribution": {}
}