{
  "summary": {
    "successRate": 1,
    "total": 10.000670327,
    "slowest": 0.006439721,
    "fastest": 0.000193285,
    "average": 0.0010012041894820456,
    "requestsPerSec": 49848.35852993717,
    "totalData": 6480721,
    "sizePerRequest": 13,
    "sizePerSec": 648028.6608891832
  },
  "responseTimeHistogram": {
    "0.000193285": 1,
    "0.0008179286": 60511,
    "0.0014425722": 435373,
    "0.0020672158": 2273,
    "0.0026918594": 187,
    "0.003316503": 111,
    "0.0039411466": 11,
    "0.004565790199999999": 6,
    "0.0051904338": 10,
    "0.0058150774": 12,
    "0.006439721": 22
  },
  "latencyPercentiles": {
    "p10": 0.000776033,
    "p25": 0.000930592,
    "p50": 0.001021181,
    "p75": 0.001099207,
    "p90": 0.001158031,
    "p95": 0.001206867,
    "p99": 0.001350063
  },
  "rps": {
    "mean": 49848.91591662069,
    "stddev": 4246.035933345529,
    "max": 78759.41777025627,
    "percentiles": {
      "p10": 46526.69181927566,
      "p25": 47634.291926758095,
      "p50": 48992.90348881932,
      "p75": 51755.38519296532,
      "p90": 54539.998722723765,
      "p95": 56646.05072387327,
      "p99": 62030.50039704685
    }
  },
  "details": {
    "DNSDialup": {
      "average": 0.00090316478,
      "fastest": 0.000111669,
      "slowest": 0.00163865
    },
    "DNSLookup": {
      "average": 0.00000766892,
      "fastest": 0.000003616,
      "slowest": 0.000030537
    }
  },
  "statusCodeDistribution": {
    "200": 498517
  },
  "errorDistribution": {}
}