{
  "summary": {
    "successRate": 1,
    "total": 10.000473507,
    "slowest": 0.007363049,
    "fastest": 0.000067305,
    "average": 0.0010023938795418103,
    "requestsPerSec": 49793.342250389105,
    "totalData": 6473441,
    "sizePerRequest": 13,
    "sizePerSec": 647313.4492550583
  },
  "responseTimeHistogram": {
    "0.000067305": 1,
    "0.0007968794": 41877,
    "0.0015264538": 454489,
    "0.0022560282000000003": 1297,
    "0.0029856026": 158,
    "0.003715177": 65,
    "0.0044447514": 18,
    "0.0051743258": 13,
    "0.0059039002": 26,
    "0.0066334746000000005": 11,
    "0.007363049": 2
  },
  "latencyPercentiles": {
    "p10": 0.000821839,
    "p25": 0.000928657,
    "p50": 0.001018618,
    "p75": 0.001090953,
    "p90": 0.001152266,
    "p95": 0.001197578,
    "p99": 0.001323324
  },
  "rps": {
    "mean": 49789.21100650685,
    "stddev": 4683.7103792763555,
    "max": 75336.38747514508,
    "percentiles": {
      "p10": 46984.61665421805,
      "p25": 47723.44175458913,
      "p50": 48681.31843865599,
      "p75": 50054.57465442408,
      "p90": 57001.20842561857,
      "p95": 59291.09067021796,
      "p99": 64602.299841870954
    }
  },
  "details": {
    "DNSDialup": {
      "average": 0.0010237014399999999,
      "fastest": 0.000127593,
      "slowest": 0.002063779
    },
    "DNSLookup": {
      "average": 0.000011048540000000002,
      "fastest": 0.000004238,
      "slowest": 0.000153516
    }
  },
  "statusCodeDistribution": {
    "200": 497957
  },
  "errorDistribution": {}
}