{
  "summary": {
    "successRate": 1,
    "total": 10.000154443,
    "slowest": 0.007377026,
    "fastest": 0.000246211,
    "average": 0.0009898548678561661,
    "requestsPerSec": 50425.321216211545,
    "totalData": 6555393,
    "sizePerRequest": 13,
    "sizePerSec": 655529.1758107501
  },
  "responseTimeHistogram": {
    "0.000246211": 1,
    "0.0009592925": 179294,
    "0.001672374": 323947,
    "0.0023854555": 810,
    "0.003098537": 131,
    "0.0038116185000000003": 30,
    "0.0045246999999999996": 0,
    "0.0052377815": 7,
    "0.005950863": 21,
    "0.0066639444999999995": 18,
    "0.007377026": 2
  },
  "latencyPercentiles": {
    "p10": 0.000756054,
    "p25": 0.000918846,
    "p50": 0.001013395,
    "p75": 0.001089557,
    "p90": 0.001153737,
    "p95": 0.001207008,
    "p99": 0.00133167
  },
  "rps": {
    "mean": 50423.99566609504,
    "stddev": 5709.490909087163,
    "max": 75846.0491522481,
    "percentiles": {
      "p10": 46500.50220542093,
      "p25": 47627.81464375208,
      "p50": 48677.07747242972,
      "p75": 51078.33489846785,
      "p90": 58488.01276160403,
      "p95": 61668.84312559793,
      "p99": 70405.95368838185
    }
  },
  "details": {
    "DNSDialup": {
      "average": 0.0008781107200000001,
      "fastest": 0.000092863,
      "slowest": 0.001795139
    },
    "DNSLookup": {
      "average": 0.000022404460000000003,
      "fastest": 0.000003868,
      "slowest": 0.000723724
    }
  },
  "statusCodeDistribution": {
    "200": 504261
  },
  "errorDistribution": {}
}