{
  "summary": {
    "successRate": 1,
    "total": 10.000805632,
    "slowest": 0.011223068,
    "fastest": 0.000070662,
    "average": 0.0010257796541734386,
    "requestsPerSec": 48654.28025548892,
    "totalData": 6325566,
    "sizePerRequest": 13,
    "sizePerSec": 632505.6433213559
  },
  "responseTimeHistogram": {
    "0.000070662": 1,
    "0.0011859025999999997": 426789,
    "0.0023011431999999995": 59465,
    "0.0034163837999999992": 257,
    "0.004531624399999999": 16,
    "0.005646864999999998": 23,
    "0.0067621055999999985": 21,
    "0.0078773462": 5,
    "0.008992586799999999": 1,
    "0.010107827399999998": 1,
    "0.011223067999999998": 3
  },
  "latencyPercentiles": {
    "p10": 0.000812585,
    "p25": 0.00093667,
    "p50": 0.001037859,
    "p75": 0.001122898,
    "p90": 0.001206243,
    "p95": 0.001270109,
    "p99": 0.001449393
  },
  "rps": {
    "mean": 48653.86498765368,
    "stddev": 4373.580114139038,
    "max": 77726.84685290304,
    "percentiles": {
      "p10": 45626.391680820845,
      "p25": 46661.21017550783,
      "p50": 47698.707705726396,
      "p75": 49786.69826408639,
      "p90": 54336.405391609456,
      "p95": 57022.324239944755,
      "p99": 59452.95474679293
    }
  },
  "details": {
    "DNSDialup": {
      "average": 0.00086294324,
      "fastest": 0.000083794,
      "slowest": 0.001874685
    },
    "DNSLookup": {
      "average": 0.00000720404,
      "fastest": 0.000003957,
      "slowest": 0.000031729
    }
  },
  "statusCodeDistribution": {
    "200": 486582
  },
  "errorDistribution": {}
}