{
  "summary": {
    "successRate": 1,
    "total": 10.000330372,
    "slowest": 0.007096176,
    "fastest": 0.000241493,
    "average": 0.0010245700545078353,
    "requestsPerSec": 48712.49067570305,
    "totalData": 6332833,
    "sizePerRequest": 13,
    "sizePerSec": 633262.3787841396
  },
  "responseTimeHistogram": {
    "0.000241493": 1,
    "0.0009269613": 95629,
    "0.0016124296": 390523,
    "0.0022978979000000004": 770,
    "0.0029833662000000004": 111,
    "0.0036688345000000003": 24,
    "0.0043543028": 30,
    "0.0050397711": 15,
    "0.0057252394": 16,
    "0.0064107077000000005": 13,
    "0.007096176": 9
  },
  "latencyPercentiles": {
    "p10": 0.000865925,
    "p25": 0.000947358,
    "p50": 0.001035828,
    "p75": 0.001104643,
    "p90": 0.001172378,
    "p95": 0.001224638,
    "p99": 0.001343782
  },
  "rps": {
    "mean": 48710.953210379215,
    "stddev": 4201.310816451039,
    "max": 77859.26111862004,
    "percentiles": {
      "p10": 46214.39578428855,
      "p25": 47066.15618914012,
      "p50": 47905.87677826386,
      "p75": 48988.37496808732,
      "p90": 54480.32716393168,
      "p95": 57549.95335951655,
      "p99": 63427.32989307028
    }
  },
  "details": {
    "DNSDialup": {
      "average": 0.0011458114599999997,
      "fastest": 0.000118943,
      "slowest": 0.002067029
    },
    "DNSLookup": {
      "average": 0.000029948560000000004,
      "fastest": 0.000004959,
      "slowest": 0.001050337
    }
  },
  "statusCodeDistribution": {
    "200": 487141
  },
  "errorDistribution": {}
}