{
  "summary": {
    "successRate": 1,
    "total": 10.000637204,
    "slowest": 0.006719067,
    "fastest": 0.000118417,
    "average": 0.0010181292026427429,
    "requestsPerSec": 49022.07629368974,
    "totalData": 6373276,
    "sizePerRequest": 13,
    "sizePerSec": 637286.9918179666
  },
  "responseTimeHistogram": {
    "0.000118417": 1,
    "0.0007784819999999999": 33327,
    "0.0014385469999999999": 454457,
    "0.0020986119999999997": 2133,
    "0.0027586769999999997": 201,
    "0.003418742": 77,
    "0.004078806999999999": 3,
    "0.004738872": 3,
    "0.0053989369999999995": 12,
    "0.006059001999999999": 22,
    "0.006719067": 16
  },
  "latencyPercentiles": {
    "p10": 0.000851264,
    "p25": 0.000950808,
    "p50": 0.00103488,
    "p75": 0.001103444,
    "p90": 0.001159102,
    "p95": 0.001204091,
    "p99": 0.001340151
  },
  "rps": {
    "mean": 49019.01974542645,
    "stddev": 4105.408944956474,
    "max": 78665.2921925299,
    "percentiles": {
      "p10": 46284.64999637836,
      "p25": 47444.7546370491,
      "p50": 48361.85261213677,
      "p75": 49785.262240113094,
      "p90": 53443.54759072815,
      "p95": 56241.098938976254,
      "p99": 62124.37460375531
    }
  },
  "details": {
    "DNSDialup": {
      "average": 0.00093898096,
      "fastest": 0.00012278,
      "slowest": 0.001463477
    },
    "DNSLookup": {
      "average": 0.000007315540000000001,
      "fastest": 0.000003736,
      "slowest": 0.000025588
    }
  },
  "statusCodeDistribution": {
    "200": 490252
  },
  "errorDistribution": {}
}