{
  "summary": {
    "successRate": 1,
    "total": 10.00045882,
    "slowest": 0.006776561,
    "fastest": 0.000147099,
    "average": 0.0008765251948009261,
    "requestsPerSec": 56942.187378558694,
    "totalData": 7402824,
    "sizePerRequest": 13,
    "sizePerSec": 740248.4359212631
  },
  "responseTimeHistogram": {
    "0.000147099": 1,
    "0.0008100452000000001": 193453,
    "0.0014729914": 374543,
    "0.0021359376": 1197,
    "0.0027988838": 80,
    "0.0034618300000000004": 83,
    "0.0041247762": 24,
    "0.0047877224000000005": 17,
    "0.005450668600000001": 5,
    "0.006113614800000001": 21,
    "0.006776561000000001": 24
  },
  "latencyPercentiles": {
    "p10": 0.00058948,
    "p25": 0.000677655,
    "p50": 0.000921198,
    "p75": 0.001029202,
    "p90": 0.001088151,
    "p95": 0.001126612,
    "p99": 0.001256565
  },
  "rps": {
    "mean": 56962.653347962696,
    "stddev": 8670.568163962762,
    "max": 84243.70216392094,
    "percentiles": {
      "p10": 48941.73261540155,
      "p25": 50283.57129549318,
      "p50": 54433.31318767261,
      "p75": 62022.43351420038,
      "p90": 69463.57908775663,
      "p95": 74089.68556437509,
      "p99": 79584.49657831849
    }
  },
  "details": {
    "DNSDialup": {
      "average": 0.0006602322799999998,
      "fastest": 0.000094567,
      "slowest": 0.001146695
    },
    "DNSLookup": {
      "average": 0.000008597880000000003,
      "fastest": 0.000004047,
      "slowest": 0.000025038
    }
  },
  "statusCodeDistribution": {
    "200": 569448
  },
  "errorDistribution": {}
}