{
  "summary": {
    "successRate": 1,
    "total": 10.000299154,
    "slowest": 0.006288646,
    "fastest": 0.000148587,
    "average": 0.0010065392956284639,
    "requestsPerSec": 49587.11658157261,
    "totalData": 6446518,
    "sizePerRequest": 13,
    "sizePerSec": 644632.515560444
  },
  "responseTimeHistogram": {
    "0.000148587": 1,
    "0.0007625929": 32252,
    "0.0013765988": 460572,
    "0.0019906047000000002": 2664,
    "0.0026046106": 227,
    "0.0032186165": 99,
    "0.0038326224": 19,
    "0.004446628300000001": 2,
    "0.0050606342000000006": 9,
    "0.0056746401": 20,
    "0.006288646": 21
  },
  "latencyPercentiles": {
    "p10": 0.000848635,
    "p25": 0.000939632,
    "p50": 0.001025142,
    "p75": 0.001090975,
    "p90": 0.00114802,
    "p95": 0.001193105,
    "p99": 0.001315543
  },
  "rps": {
    "mean": 49591.46475310616,
    "stddev": 4960.40910048123,
    "max": 80659.42179603736,
    "percentiles": {
      "p10": 47093.711777065095,
      "p25": 47823.026787401504,
      "p50": 48660.07705548874,
      "p75": 49582.56797353265,
      "p90": 52849.09257506494,
      "p95": 60039.962599106206,
      "p99": 70061.16339564443
    }
  },
  "details": {
    "DNSDialup": {
      "average": 0.0008519106,
      "fastest": 0.000126526,
      "slowest": 0.001244936
    },
    "DNSLookup": {
      "average": 0.000009001060000000002,
      "fastest": 0.000004027,
      "slowest": 0.000039253
    }
  },
  "statusCodeDistribution": {
    "200": 495886
  },
  "errorDistribution": {}
}