{
  "summary": {
    "successRate": 1,
    "total": 10.000646765,
    "slowest": 0.006667615,
    "fastest": 0.000286262,
    "average": 0.0009816884044954403,
    "requestsPerSec": 50839.31189124446,
    "totalData": 6609538,
    "sizePerRequest": 13,
    "sizePerSec": 660911.054586178
  },
  "responseTimeHistogram": {
    "0.000286262": 1,
    "0.0009243973000000001": 165687,
    "0.0015625326000000001": 341105,
    "0.0022006679": 1339,
    "0.0028388032": 181,
    "0.0034769385000000003": 47,
    "0.004115073800000001": 17,
    "0.0047532091": 0,
    "0.0053913444": 8,
    "0.006029479700000001": 12,
    "0.006667615000000001": 29
  },
  "latencyPercentiles": {
    "p10": 0.000795641,
    "p25": 0.000890878,
    "p50": 0.00098847,
    "p75": 0.00107954,
    "p90": 0.001136666,
    "p95": 0.001182311,
    "p99": 0.001334155
  },
  "rps": {
    "mean": 50838.71064792807,
    "stddev": 5048.300107559504,
    "max": 67340.85363238909,
    "percentiles": {
      "p10": 46900.642538798624,
      "p25": 47907.46398289015,
      "p50": 48968.07110123922,
      "p75": 53813.937809890456,
      "p90": 58804.992543863475,
      "p95": 59332.73980582634,
      "p99": 61217.508207345505
    }
  },
  "details": {
    "DNSDialup": {
      "average": 0.0007401538800000001,
      "fastest": 0.000080677,
      "slowest": 0.001351293
    },
    "DNSLookup": {
      "average": 0.000007219179999999999,
      "fastest": 0.000003817,
      "slowest": 0.000025888
    }
  },
  "statusCodeDistribution": {
    "200": 508426
  },
  "errorDistribution": {}
}