{
  "summary": {
    "successRate": 1,
    "total": 10.000635363,
    "slowest": 0.006459261,
    "fastest": 0.000218968,
    "average": 0.0010259948645654036,
    "requestsPerSec": 48646.209199858415,
    "totalData": 6324409,
    "sizePerRequest": 13,
    "sizePerSec": 632400.7195981593
  },
  "responseTimeHistogram": {
    "0.000218968": 1,
    "0.0008429973": 53325,
    "0.0014670266": 430624,
    "0.0020910559": 2200,
    "0.0027150852": 206,
    "0.0033391145": 53,
    "0.0039631438": 24,
    "0.0045871730999999995": 14,
    "0.0052112024": 8,
    "0.0058352317": 17,
    "0.006459261": 21
  },
  "latencyPercentiles": {
    "p10": 0.000825299,
    "p25": 0.00095618,
    "p50": 0.001042895,
    "p75": 0.001120223,
    "p90": 0.001175853,
    "p95": 0.00122596,
    "p99": 0.001359028
  },
  "rps": {
    "mean": 48643.08852791536,
    "stddev": 3800.004117948276,
    "max": 69006.76956409501,
    "percentiles": {
      "p10": 45663.348763740396,
      "p25": 46764.78793721171,
      "p50": 48097.4984390859,
      "p75": 50230.7348806718,
      "p90": 52721.23083965625,
      "p95": 54661.87724504033,
      "p99": 59449.015987128834
    }
  },
  "details": {
    "DNSDialup": {
      "average": 0.0009436859999999998,
      "fastest": 0.000093011,
      "slowest": 0.001589484
    },
    "DNSLookup": {
      "average": 0.000009951920000000002,
      "fastest": 0.000003506,
      "slowest": 0.000183221
    }
  },
  "statusCodeDistribution": {
    "200": 486493
  },
  "errorDistribution": {}
}