{
  "summary": {
    "successRate": 1,
    "total": 10.000592101,
    "slowest": 0.010074637,
    "fastest": 0.000147775,
    "average": 0.0010343090678605752,
    "requestsPerSec": 48254.94282001013,
    "totalData": 6273514,
    "sizePerRequest": 13,
    "sizePerSec": 627314.2566601317
  },
  "responseTimeHistogram": {
    "0.000147775": 1,
    "0.0011404612": 392620,
    "0.0021331474000000003": 89489,
    "0.0031258336000000004": 362,
    "0.0041185198000000004": 47,
    "0.005111206000000001": 16,
    "0.006103892200000001": 22,
    "0.0070965784": 14,
    "0.0080892646": 0,
    "0.0090819508": 2,
    "0.010074637000000001": 5
  },
  "latencyPercentiles": {
    "p10": 0.000855755,
    "p25": 0.000955491,
    "p50": 0.001045927,
    "p75": 0.001119155,
    "p90": 0.001188264,
    "p95": 0.001248527,
    "p99": 0.001425108
  },
  "rps": {
    "mean": 48233.90073740637,
    "stddev": 3930.530373640316,
    "max": 72593.9893584462,
    "percentiles": {
      "p10": 45435.93982840448,
      "p25": 46735.85574853004,
      "p50": 47709.040863242626,
      "p75": 49009.66470587977,
      "p90": 52667.20862493105,
      "p95": 55548.87189749462,
      "p99": 58913.312780029555
    }
  },
  "details": {
    "DNSDialup": {
      "average": 0.0008237051400000001,
      "fastest": 0.000082624,
      "slowest": 0.001523184
    },
    "DNSLookup": {
      "average": 0.000007052539999999999,
      "fastest": 0.000002985,
      "slowest": 0.000025748
    }
  },
  "statusCodeDistribution": {
    "200": 482578
  },
  "errorDistribution": {}
}