{
  "summary": {
    "successRate": 1,
    "total": 10.000295711,
    "slowest": 0.006962444,
    "fastest": 0.00026115,
    "average": 0.0009614566391286159,
    "requestsPerSec": 51910.86493862182,
    "totalData": 6748612,
    "sizePerRequest": 13,
    "sizePerSec": 674841.2442020836
  },
  "responseTimeHistogram": {
    "0.00026115": 1,
    "0.0009312794": 219449,
    "0.0016014088": 298453,
    "0.0022715382": 832,
    "0.0029416676": 247,
    "0.003611797": 42,
    "0.0042819264": 7,
    "0.0049520558": 47,
    "0.0056221852": 13,
    "0.0062923146000000004": 19,
    "0.006962444": 14
  },
  "latencyPercentiles": {
    "p10": 0.000789554,
    "p25": 0.000862187,
    "p50": 0.000956665,
    "p75": 0.00106635,
    "p90": 0.001131142,
    "p95": 0.001171911,
    "p99": 0.0013149
  },
  "rps": {
    "mean": 51911.14596962293,
    "stddev": 4945.1206948425615,
    "max": 65024.021645145294,
    "percentiles": {
      "p10": 46970.84142303522,
      "p25": 48178.473096980735,
      "p50": 51626.27797637079,
      "p75": 56440.38982565201,
      "p90": 57300.44768478781,
      "p95": 57699.009654199996,
      "p99": 60608.225619941244
    }
  },
  "details": {
    "DNSDialup": {
      "average": 0.00107182264,
      "fastest": 0.000116977,
      "slowest": 0.001711682
    },
    "DNSLookup": {
      "average": 0.00001392326,
      "fastest": 0.000004328,
      "slowest": 0.00026632
    }
  },
  "statusCodeDistribution": {
    "200": 519124
  },
  "errorDistribution": {}
}