{
  "summary": {
    "successRate": 1,
    "total": 10.000695239,
    "slowest": 0.007390509,
    "fastest": 0.00018196,
    "average": 0.001007492672375547,
    "requestsPerSec": 49539.55581687534,
    "totalData": 6440590,
    "sizePerRequest": 13,
    "sizePerSec": 644014.2256193794
  },
  "responseTimeHistogram": {
    "0.00018196": 1,
    "0.0009028149": 85499,
    "0.0016236698000000002": 408893,
    "0.0023445247000000004": 800,
    "0.0030653796000000002": 146,
    "0.0037862345": 40,
    "0.004507089400000001": 1,
    "0.0052279443000000005": 0,
    "0.0059487992": 0,
    "0.0066696541": 30,
    "0.007390509": 20
  },
  "latencyPercentiles": {
    "p10": 0.000823376,
    "p25": 0.000939888,
    "p50": 0.001023995,
    "p75": 0.001097272,
    "p90": 0.001150749,
    "p95": 0.001195902,
    "p99": 0.001335888
  },
  "rps": {
    "mean": 49535.9147805627,
    "stddev": 3826.950569144257,
    "max": 64533.56228485702,
    "percentiles": {
      "p10": 46919.79076774605,
      "p25": 47622.99591154165,
      "p50": 48774.15965259863,
      "p75": 51062.74590216439,
      "p90": 53806.62744492839,
      "p95": 56234.03979161363,
      "p99": 60375.01335796964
    }
  },
  "details": {
    "DNSDialup": {
      "average": 0.0007255369,
      "fastest": 0.000095919,
      "slowest": 0.001146312
    },
    "DNSLookup": {
      "average": 0.000008237619999999999,
      "fastest": 0.000003697,
      "slowest": 0.000029885
    }
  },
  "statusCodeDistribution": {
    "200": 495430
  },
  "errorDistribution": {}
}