{
  "summary": {
    "successRate": 1,
    "total": 10.000409301,
    "slowest": 0.005924252,
    "fastest": 0.000162473,
    "average": 0.0009679624480959953,
    "requestsPerSec": 51565.18943164005,
    "totalData": 6703749,
    "sizePerRequest": 13,
    "sizePerSec": 670347.4626113207
  },
  "responseTimeHistogram": {
    "0.000162473": 1,
    "0.0007386509": 64228,
    "0.0013148288": 446815,
    "0.0018910066999999998": 4083,
    "0.0024671846": 386,
    "0.0030433624999999997": 86,
    "0.0036195403999999994": 24,
    "0.0041957183": 1,
    "0.0047718961999999995": 4,
    "0.005348074099999999": 10,
    "0.005924252": 35
  },
  "latencyPercentiles": {
    "p10": 0.000677092,
    "p25": 0.00090121,
    "p50": 0.000997677,
    "p75": 0.001075515,
    "p90": 0.001134344,
    "p95": 0.001178236,
    "p99": 0.001301847
  },
  "rps": {
    "mean": 51560.15248145447,
    "stddev": 5750.701372961127,
    "max": 74362.78757828464,
    "percentiles": {
      "p10": 47424.51847605207,
      "p25": 48563.23008279177,
      "p50": 49621.91800117987,
      "p75": 53634.39573798514,
      "p90": 59396.48959735133,
      "p95": 63004.870276470974,
      "p99": 69834.55413739452
    }
  },
  "details": {
    "DNSDialup": {
      "average": 0.0010689691,
      "fastest": 0.000105206,
      "slowest": 0.00235509
    },
    "DNSLookup": {
      "average": 0.000011733,
      "fastest": 0.00000514,
      "slowest": 0.000039504
    }
  },
  "statusCodeDistribution": {
    "200": 515673
  },
  "errorDistribution": {}
}