{
  "summary": {
    "successRate": 1,
    "total": 10.00032641,
    "slowest": 0.014940561,
    "fastest": 0.000201347,
    "average": 0.0009736804634178593,
    "requestsPerSec": 51262.42674312868,
    "totalData": 6664333,
    "sizePerRequest": 13,
    "sizePerSec": 666411.5476606728
  },
  "responseTimeHistogram": {
    "0.000201347": 1,
    "0.0016752684": 511713,
    "0.0031491898000000004": 796,
    "0.004623111200000001": 35,
    "0.006097032600000001": 81,
    "0.007570954": 13,
    "0.009044875400000001": 1,
    "0.0105187968": 0,
    "0.0119927182": 0,
    "0.0134666396": 0,
    "0.014940561": 1
  },
  "latencyPercentiles": {
    "p10": 0.000791361,
    "p25": 0.000881691,
    "p50": 0.000980024,
    "p75": 0.001068514,
    "p90": 0.001132192,
    "p95": 0.00118176,
    "p99": 0.00130995
  },
  "rps": {
    "mean": 51264.74777901373,
    "stddev": 5323.963771128179,
    "max": 71638.21771782658,
    "percentiles": {
      "p10": 47406.07271791758,
      "p25": 48432.963474942204,
      "p50": 49439.924875382436,
      "p75": 53103.58980266695,
      "p90": 59511.083388247825,
      "p95": 60044.28642027224,
      "p99": 64201.206782370435
    }
  },
  "details": {
    "DNSDialup": {
      "average": 0.00094239772,
      "fastest": 0.000103434,
      "slowest": 0.001795053
    },
    "DNSLookup": {
      "average": 0.000007697720000000004,
      "fastest": 0.000004528,
      "slowest": 0.000025597
    }
  },
  "statusCodeDistribution": {
    "200": 512641
  },
  "errorDistribution": {}
}