{
  "summary": {
    "successRate": 1,
    "total": 10.000370911,
    "slowest": 0.013763129,
    "fastest": 0.000140382,
    "average": 0.0009309652383364001,
    "requestsPerSec": 53607.11165326096,
    "totalData": 6969183,
    "sizePerRequest": 13,
    "sizePerSec": 696892.4514923925
  },
  "responseTimeHistogram": {
    "0.000140382": 1,
    "0.0015026567000000002": 534679,
    "0.0028649314000000004": 1200,
    "0.0042272061": 72,
    "0.0055894808": 88,
    "0.0069517555": 46,
    "0.008314030200000001": 1,
    "0.0096763049": 1,
    "0.0110385796": 1,
    "0.012400854300000002": 1,
    "0.013763129": 1
  },
  "latencyPercentiles": {
    "p10": 0.000686436,
    "p25": 0.000826657,
    "p50": 0.000942984,
    "p75": 0.001047686,
    "p90": 0.001112067,
    "p95": 0.00116301,
    "p99": 0.001295339
  },
  "rps": {
    "mean": 53603.13845465936,
    "stddev": 6836.124078655279,
    "max": 80711.19698916074,
    "percentiles": {
      "p10": 48005.040529255275,
      "p25": 49199.06927409498,
      "p50": 50801.39195814091,
      "p75": 59099.56741926125,
      "p90": 60949.99728277328,
      "p95": 65913.64768742677,
      "p99": 74542.96656592992
    }
  },
  "details": {
    "DNSDialup": {
      "average": 0.0010107112399999995,
      "fastest": 0.000137877,
      "slowest": 0.00227852
    },
    "DNSLookup": {
      "average": 0.000009407079999999999,
      "fastest": 0.000004198,
      "slowest": 0.000030547
    }
  },
  "statusCodeDistribution": {
    "200": 536091
  },
  "errorDistribution": {}
}