{
  "summary": {
    "successRate": 1,
    "total": 10.000136353,
    "slowest": 0.007327716,
    "fastest": 0.000159822,
    "average": 0.0009439678246776947,
    "requestsPerSec": 52872.1790719767,
    "totalData": 6873477,
    "sizePerRequest": 13,
    "sizePerSec": 687338.327935697
  },
  "responseTimeHistogram": {
    "0.000159822": 1,
    "0.0008766113999999999": 161270,
    "0.0015934007999999999": 366294,
    "0.0023101902": 912,
    "0.0030269795999999997": 180,
    "0.0037437689999999997": 22,
    "0.0044605584": 3,
    "0.005177347799999999": 5,
    "0.0058941372": 18,
    "0.006610926599999999": 13,
    "0.007327716": 11
  },
  "latencyPercentiles": {
    "p10": 0.000665818,
    "p25": 0.000839263,
    "p50": 0.000964777,
    "p75": 0.001065775,
    "p90": 0.001129878,
    "p95": 0.001181088,
    "p99": 0.001308787
  },
  "rps": {
    "mean": 52872.762326352604,
    "stddev": 6765.797372301975,
    "max": 79900.5193533779,
    "percentiles": {
      "p10": 47202.92186086488,
      "p25": 48467.78938312188,
      "p50": 50258.45057802296,
      "p75": 58400.22646866037,
      "p90": 60716.844137152846,
      "p95": 64836.27682311916,
      "p99": 73094.6460890161
    }
  },
  "details": {
    "DNSDialup": {
      "average": 0.0010476857799999997,
      "fastest": 0.000105377,
      "slowest": 0.002027567
    },
    "DNSLookup": {
      "average": 0.000020324899999999996,
      "fastest": 0.000004178,
      "slowest": 0.000471101
    }
  },
  "statusCodeDistribution": {
    "200": 528729
  },
  "errorDistribution": {}
}