{
  "summary": {
    "successRate": 1,
    "total": 10.000362182,
    "slowest": 0.006811833,
    "fastest": 0.000141524,
    "average": 0.0009483670479603006,
    "requestsPerSec": 52631.19379289697,
    "totalData": 6842303,
    "sizePerRequest": 13,
    "sizePerSec": 684205.5193076606
  },
  "responseTimeHistogram": {
    "0.000141524": 1,
    "0.0008085548999999999": 107932,
    "0.0014755858": 416259,
    "0.0021426167": 1626,
    "0.0028096476": 318,
    "0.0034766784999999997": 99,
    "0.0041437094": 45,
    "0.0048107403": 9,
    "0.005477771199999999": 16,
    "0.006144802099999999": 21,
    "0.006811832999999999": 5
  },
  "latencyPercentiles": {
    "p10": 0.000661358,
    "p25": 0.000848595,
    "p50": 0.000972224,
    "p75": 0.001069587,
    "p90": 0.001133037,
    "p95": 0.001179766,
    "p99": 0.001320963
  },
  "rps": {
    "mean": 52634.256784600046,
    "stddev": 5750.3103509728035,
    "max": 74564.63872229986,
    "percentiles": {
      "p10": 47413.44615260815,
      "p25": 48777.32185091218,
      "p50": 51181.02729353823,
      "p75": 56871.936779336305,
      "p90": 59355.166275675554,
      "p95": 61925.89121511831,
      "p99": 70006.81166276784
    }
  },
  "details": {
    "DNSDialup": {
      "average": 0.0007675774799999999,
      "fastest": 0.000089665,
      "slowest": 0.001530553
    },
    "DNSLookup": {
      "average": 0.0000260978,
      "fastest": 0.000003867,
      "slowest": 0.000960505
    }
  },
  "statusCodeDistribution": {
    "200": 526331
  },
  "errorDistribution": {}
}