{
  "summary": {
    "successRate": 1,
    "total": 10.000412784,
    "slowest": 0.017919137,
    "fastest": 0.000222564,
    "average": 0.0009386990641987894,
    "requestsPerSec": 53171.705157085846,
    "totalData": 6912607,
    "sizePerRequest": 13,
    "sizePerSec": 691232.1670421159
  },
  "responseTimeHistogram": {
    "0.000222564": 1,
    "0.0019922213000000003": 531002,
    "0.0037618786000000004": 671,
    "0.0055315359000000005": 41,
    "0.0073011932": 19,
    "0.0090708505": 1,
    "0.010840507800000001": 1,
    "0.012610165100000001": 2,
    "0.0143798224": 0,
    "0.016149479700000004": 0,
    "0.017919137": 1
  },
  "latencyPercentiles": {
    "p10": 0.000625363,
    "p25": 0.000835144,
    "p50": 0.000974601,
    "p75": 0.001068407,
    "p90": 0.001125082,
    "p95": 0.001169552,
    "p99": 0.00131271
  },
  "rps": {
    "mean": 53162.50761391048,
    "stddev": 6609.38338498305,
    "max": 78344.0281884454,
    "percentiles": {
      "p10": 47825.46053061011,
      "p25": 48758.26124636329,
      "p50": 51533.45551932322,
      "p75": 57096.44159950959,
      "p90": 62040.63661698093,
      "p95": 65215.716987794054,
      "p99": 71240.25068151498
    }
  },
  "details": {
    "DNSDialup": {
      "average": 0.00098421052,
      "fastest": 0.000100107,
      "slowest": 0.002046163
    },
    "DNSLookup": {
      "average": 0.000007709,
      "fastest": 0.000003837,
      "slowest": 0.00003177
    }
  },
  "statusCodeDistribution": {
    "200": 531739
  },
  "errorDistribution": {}
}