{
  "summary": {
    "successRate": 1,
    "total": 10.000659163,
    "slowest": 0.006674878,
    "fastest": 0.000175065,
    "average": 0.0010030183423686766,
    "requestsPerSec": 49756.820214511696,
    "totalData": 6468813,
    "sizePerRequest": 13,
    "sizePerSec": 646838.662788652
  },
  "responseTimeHistogram": {
    "0.000175065": 1,
    "0.0008250463": 53463,
    "0.0014750276": 442113,
    "0.0021250088999999997": 1722,
    "0.0027749902": 152,
    "0.0034249715": 99,
    "0.0040749528": 3,
    "0.0047249341000000005": 1,
    "0.0053749154": 4,
    "0.0060248967": 19,
    "0.006674878": 24
  },
  "latencyPercentiles": {
    "p10": 0.000814266,
    "p25": 0.000932477,
    "p50": 0.001018663,
    "p75": 0.001094416,
    "p90": 0.001149896,
    "p95": 0.001195263,
    "p99": 0.001328834
  },
  "rps": {
    "mean": 49752.071649562095,
    "stddev": 3999.0943966874015,
    "max": 65593.24079178245,
    "percentiles": {
      "p10": 46774.72699268172,
      "p25": 47831.17220665949,
      "p50": 48828.509231310156,
      "p75": 51206.697836077365,
      "p90": 54735.01946545527,
      "p95": 57034.15775708152,
      "p99": 61117.34510253804
    }
  },
  "details": {
    "DNSDialup": {
      "average": 0.0009159851600000002,
      "fastest": 0.000129526,
      "slowest": 0.001293118
    },
    "DNSLookup": {
      "average": 0.000007748220000000001,
      "fastest": 0.000003236,
      "slowest": 0.000027211
    }
  },
  "statusCodeDistribution": {
    "200": 497601
  },
  "errorDistribution": {}
}