{
  "summary": {
    "successRate": 1,
    "total": 10.000391191,
    "slowest": 0.006129666,
    "fastest": 0.000282106,
    "average": 0.001002950430681294,
    "requestsPerSec": 49771.05300120054,
    "totalData": 6470490,
    "sizePerRequest": 13,
    "sizePerSec": 647023.689015607
  },
  "responseTimeHistogram": {
    "0.000282106": 1,
    "0.0008668619999999999": 45639,
    "0.001451618": 450662,
    "0.0020363739999999996": 1135,
    "0.0026211299999999997": 152,
    "0.003205886": 77,
    "0.0037906419999999994": 17,
    "0.004375398": 0,
    "0.004960154": 15,
    "0.005544909999999999": 20,
    "0.006129666": 12
  },
  "latencyPercentiles": {
    "p10": 0.000873489,
    "p25": 0.000934912,
    "p50": 0.001016254,
    "p75": 0.001075414,
    "p90": 0.001129926,
    "p95": 0.001169836,
    "p99": 0.001273589
  },
  "rps": {
    "mean": 49767.40571150409,
    "stddev": 3450.7052796529756,
    "max": 69704.11951346508,
    "percentiles": {
      "p10": 47742.041641870186,
      "p25": 48627.54750566185,
      "p50": 49379.298215004594,
      "p75": 50083.12787446683,
      "p90": 52213.021927669106,
      "p95": 55721.10158116892,
      "p99": 62649.67776077984
    }
  },
  "details": {
    "DNSDialup": {
      "average": 0.0008010276600000001,
      "fastest": 0.00008259,
      "slowest": 0.001183746
    },
    "DNSLookup": {
      "average": 0.000018152720000000008,
      "fastest": 0.000003486,
      "slowest": 0.000586313
    }
  },
  "statusCodeDistribution": {
    "200": 497730
  },
  "errorDistribution": {}
}