{
  "summary": {
    "successRate": 1,
    "total": 10.000678046,
    "slowest": 0.006874921,
    "fastest": 0.000201997,
    "average": 0.0009733366822706587,
    "requestsPerSec": 51278.22310059395,
    "totalData": 6666621,
    "sizePerRequest": 13,
    "sizePerSec": 666616.9003077213
  },
  "responseTimeHistogram": {
    "0.000201997": 1,
    "0.0008692894": 106633,
    "0.0015365818": 404756,
    "0.0022038742000000003": 1091,
    "0.0028711666000000003": 227,
    "0.0035384590000000003": 59,
    "0.0042057514": 0,
    "0.0048730438": 9,
    "0.0055403362": 9,
    "0.0062076286": 15,
    "0.006874921": 17
  },
  "latencyPercentiles": {
    "p10": 0.000718368,
    "p25": 0.000901476,
    "p50": 0.000996425,
    "p75": 0.001080955,
    "p90": 0.001132181,
    "p95": 0.001171827,
    "p99": 0.001298553
  },
  "rps": {
    "mean": 51272.646321301334,
    "stddev": 4489.2353952778,
    "max": 67355.1706202568,
    "percentiles": {
      "p10": 47643.30299809501,
      "p25": 48653.69496163736,
      "p50": 50469.00555891874,
      "p75": 53461.35653368826,
      "p90": 57074.253603939826,
      "p95": 59100.99177474528,
      "p99": 63201.40032668895
    }
  },
  "details": {
    "DNSDialup": {
      "average": 0.0007710906999999999,
      "fastest": 0.000086212,
      "slowest": 0.001355508
    },
    "DNSLookup": {
      "average": 0.00000700422,
      "fastest": 0.000003687,
      "slowest": 0.000031218
    }
  },
  "statusCodeDistribution": {
    "200": 512817
  },
  "errorDistribution": {}
}