{
  "summary": {
    "successRate": 1,
    "total": 10.00020698,
    "slowest": 0.007162742,
    "fastest": 0.000238819,
    "average": 0.0010467587027998212,
    "requestsPerSec": 47683.71304250745,
    "totalData": 6199011,
    "sizePerRequest": 13,
    "sizePerSec": 619888.2695525968
  },
  "responseTimeHistogram": {
    "0.000238819": 1,
    "0.0009312112999999999": 69732,
    "0.0016236035999999997": 406132,
    "0.0023159959": 741,
    "0.0030083881999999995": 147,
    "0.003700780499999999": 48,
    "0.0043931728": 0,
    "0.0050855651": 8,
    "0.0057779573999999995": 16,
    "0.006470349699999999": 14,
    "0.007162741999999999": 8
  },
  "latencyPercentiles": {
    "p10": 0.000892502,
    "p25": 0.00097592,
    "p50": 0.001062133,
    "p75": 0.001130928,
    "p90": 0.001187618,
    "p95": 0.001232767,
    "p99": 0.001354502
  },
  "rps": {
    "mean": 47682.149779160754,
    "stddev": 3485.7506629712475,
    "max": 63957.984308573046,
    "percentiles": {
      "p10": 45163.81647267812,
      "p25": 46230.021776141235,
      "p50": 47042.79483046017,
      "p75": 48449.9470504147,
      "p90": 52089.907179790636,
      "p95": 53843.5756057385,
      "p99": 58097.974658447005
    }
  },
  "details": {
    "DNSDialup": {
      "average": 0.0009642397600000001,
      "fastest": 0.00011059,
      "slowest": 0.001769036
    },
    "DNSLookup": {
      "average": 0.000010108500000000002,
      "fastest": 0.000003537,
      "slowest": 0.000055504
    }
  },
  "statusCodeDistribution": {
    "200": 476847
  },
  "errorDistribution": {}
}