{
  "summary": {
    "successRate": 1,
    "total": 10.000571967,
    "slowest": 0.00663474,
    "fastest": 0.000153409,
    "average": 0.0010222415655141027,
    "requestsPerSec": 48824.107422175,
    "totalData": 6347497,
    "sizePerRequest": 13,
    "sizePerSec": 634713.396488275
  },
  "responseTimeHistogram": {
    "0.000153409": 1,
    "0.0008015421": 29043,
    "0.0014496752": 456683,
    "0.0020978083": 2081,
    "0.0027459414": 341,
    "0.0033940745": 61,
    "0.0040422076": 8,
    "0.0046903407": 1,
    "0.0053384738": 7,
    "0.0059866069": 11,
    "0.00663474": 32
  },
  "latencyPercentiles": {
    "p10": 0.000874831,
    "p25": 0.000953519,
    "p50": 0.001035617,
    "p75": 0.001100545,
    "p90": 0.001155045,
    "p95": 0.001201383,
    "p99": 0.00134275
  },
  "rps": {
    "mean": 48819.025495123045,
    "stddev": 3754.415606138565,
    "max": 72809.43610292522,
    "percentiles": {
      "p10": 46516.79721547712,
      "p25": 47518.86106149181,
      "p50": 48312.37279867295,
      "p75": 49253.14907316486,
      "p90": 52704.674904663436,
      "p95": 55539.57194501075,
      "p99": 60246.0460529996
    }
  },
  "details": {
    "DNSDialup": {
      "average": 0.0006095143000000002,
      "fastest": 0.000107061,
      "slowest": 0.001146846
    },
    "DNSLookup": {
      "average": 0.000007779159999999999,
      "fastest": 0.000003767,
      "slowest": 0.000029024
    }
  },
  "statusCodeDistribution": {
    "200": 488269
  },
  "errorDistribution": {}
}