{
  "summary": {
    "successRate": 1,
    "total": 10.000353961,
    "slowest": 0.010467803,
    "fastest": 0.000216384,
    "average": 0.0009813328530125808,
    "requestsPerSec": 50863.09964463867,
    "totalData": 6612437,
    "sizePerRequest": 13,
    "sizePerSec": 661220.2953803027
  },
  "responseTimeHistogram": {
    "0.000216384": 1,
    "0.0012415259": 500074,
    "0.0022666678": 8219,
    "0.0032918096999999995": 201,
    "0.0043169516": 37,
    "0.0053420935": 82,
    "0.006367235399999999": 33,
    "0.007392377299999999": 0,
    "0.0084175192": 0,
    "0.0094426611": 1,
    "0.010467803": 1
  },
  "latencyPercentiles": {
    "p10": 0.000792993,
    "p25": 0.000915688,
    "p50": 0.001002663,
    "p75": 0.001071064,
    "p90": 0.001127306,
    "p95": 0.001169271,
    "p99": 0.001289647
  },
  "rps": {
    "mean": 50855.67095332877,
    "stddev": 4919.120087055076,
    "max": 76748.2528722286,
    "percentiles": {
      "p10": 48028.307884666945,
      "p25": 48822.22387630814,
      "p50": 49650.281471959,
      "p75": 50849.31875426325,
      "p90": 57501.69054970281,
      "p95": 60569.06036128283,
      "p99": 67112.90543942945
    }
  },
  "details": {
    "DNSDialup": {
      "average": 0.00079241072,
      "fastest": 0.000080309,
      "slowest": 0.001851899
    },
    "DNSLookup": {
      "average": 0.000006794520000000001,
      "fastest": 0.000003586,
      "slowest": 0.000029575
    }
  },
  "statusCodeDistribution": {
    "200": 508649
  },
  "errorDistribution": {}
}