{
  "summary": {
    "successRate": 1,
    "total": 10.000202276,
    "slowest": 0.005813973,
    "fastest": 0.000260628,
    "average": 0.0009497875553261305,
    "requestsPerSec": 52551.83700246185,
    "totalData": 6831877,
    "sizePerRequest": 13,
    "sizePerSec": 683173.881032004
  },
  "responseTimeHistogram": {
    "0.000260628": 1,
    "0.0008159625000000001": 86913,
    "0.001371297": 436400,
    "0.0019266315000000002": 1849,
    "0.0024819660000000004": 161,
    "0.0030373005000000003": 138,
    "0.0035926350000000007": 18,
    "0.0041479695": 0,
    "0.004703304": 4,
    "0.0052586385": 21,
    "0.005813973": 24
  },
  "latencyPercentiles": {
    "p10": 0.000667089,
    "p25": 0.000885859,
    "p50": 0.000979003,
    "p75": 0.001055023,
    "p90": 0.001107865,
    "p95": 0.00114803,
    "p99": 0.00126573
  },
  "rps": {
    "mean": 52545.99199842305,
    "stddev": 6669.644632395321,
    "max": 81268.42801638889,
    "percentiles": {
      "p10": 48426.70248374915,
      "p25": 49307.328223189004,
      "p50": 50175.90611076671,
      "p75": 52389.53371311245,
      "p90": 62021.982878924355,
      "p95": 67623.73114086989,
      "p99": 75210.68769945487
    }
  },
  "details": {
    "DNSDialup": {
      "average": 0.0009090508600000003,
      "fastest": 0.000075502,
      "slowest": 0.002034133
    },
    "DNSLookup": {
      "average": 0.000009107960000000002,
      "fastest": 0.000004218,
      "slowest": 0.000028914
    }
  },
  "statusCodeDistribution": {
    "200": 525529
  },
  "errorDistribution": {}
}