{
  "summary": {
    "successRate": 1,
    "total": 10.000638346,
    "slowest": 0.009238314,
    "fastest": 0.000109444,
    "average": 0.001023670242272353,
    "requestsPerSec": 48753.58783422203,
    "totalData": 6338371,
    "sizePerRequest": 13,
    "sizePerSec": 633796.6418448865
  },
  "responseTimeHistogram": {
    "0.000109444": 1,
    "0.001022331": 223784,
    "0.0019352179999999998": 263307,
    "0.002848105": 318,
    "0.003760992": 101,
    "0.004673879": 3,
    "0.005586766": 0,
    "0.006499652999999999": 33,
    "0.00741254": 17,
    "0.008325427": 1,
    "0.009238314": 2
  },
  "latencyPercentiles": {
    "p10": 0.000867164,
    "p25": 0.000952877,
    "p50": 0.001036841,
    "p75": 0.001104554,
    "p90": 0.001163233,
    "p95": 0.001213891,
    "p99": 0.001353973
  },
  "rps": {
    "mean": 48750.193932605136,
    "stddev": 3650.480849249462,
    "max": 66693.17602878269,
    "percentiles": {
      "p10": 46328.070177720656,
      "p25": 47272.923211351226,
      "p50": 48137.12334953002,
      "p75": 49605.40560066231,
      "p90": 53146.14148003312,
      "p95": 55083.42936210794,
      "p99": 59434.34116232097
    }
  },
  "details": {
    "DNSDialup": {
      "average": 0.0006348129199999999,
      "fastest": 0.000101179,
      "slowest": 0.001133434
    },
    "DNSLookup": {
      "average": 0.0000088334,
      "fastest": 0.000003908,
      "slowest": 0.000029105
    }
  },
  "statusCodeDistribution": {
    "200": 487567
  },
  "errorDistribution": {}
}