{
  "summary": {
    "successRate": 1,
    "total": 10.000210412,
    "slowest": 0.006004928,
    "fastest": 0.000162048,
    "average": 0.0009451607441988436,
    "requestsPerSec": 52811.3887850063,
    "totalData": 6865625,
    "sizePerRequest": 13,
    "sizePerSec": 686548.0542050819
  },
  "responseTimeHistogram": {
    "0.000162048": 1,
    "0.000746336": 84371,
    "0.0013306239999999999": 440383,
    "0.0019149119999999997": 2990,
    "0.0024992": 167,
    "0.003083488": 109,
    "0.0036677759999999998": 39,
    "0.004252064": 19,
    "0.0048363519999999995": 6,
    "0.005420639999999999": 21,
    "0.006004928": 19
  },
  "latencyPercentiles": {
    "p10": 0.000633609,
    "p25": 0.000867867,
    "p50": 0.00097866,
    "p75": 0.00106451,
    "p90": 0.001123079,
    "p95": 0.001169135,
    "p99": 0.001282972
  },
  "rps": {
    "mean": 52818.38427228296,
    "stddev": 6566.161353166931,
    "max": 81431.11034147575,
    "percentiles": {
      "p10": 47604.33919063831,
      "p25": 48680.390053383024,
      "p50": 50222.253480517305,
      "p75": 56322.438859638576,
      "p90": 61704.80561233539,
      "p95": 66199.32617110832,
      "p99": 71950.65748169365
    }
  },
  "details": {
    "DNSDialup": {
      "average": 0.0008834501800000003,
      "fastest": 0.000358341,
      "slowest": 0.001145146
    },
    "DNSLookup": {
      "average": 0.000006770580000000001,
      "fastest": 0.000003386,
      "slowest": 0.000026299
    }
  },
  "statusCodeDistribution": {
    "200": 528125
  },
  "errorDistribution": {}
}