{
  "summary": {
    "successRate": 1,
    "total": 10.000432991,
    "slowest": 0.006266078,
    "fastest": 0.000098453,
    "average": 0.0009168504845732644,
    "requestsPerSec": 54442.04270854856,
    "totalData": 7077772,
    "sizePerRequest": 13,
    "sizePerSec": 707746.5552111312
  },
  "responseTimeHistogram": {
    "0.000098453": 1,
    "0.0007152154999999999": 109573,
    "0.001331978": 431277,
    "0.0019487404999999998": 3231,
    "0.002565503": 177,
    "0.0031822655": 78,
    "0.0037990279999999994": 12,
    "0.0044157905": 15,
    "0.0050325529999999995": 42,
    "0.005649315499999999": 21,
    "0.006266078": 17
  },
  "latencyPercentiles": {
    "p10": 0.000608323,
    "p25": 0.000801762,
    "p50": 0.000955446,
    "p75": 0.001051646,
    "p90": 0.001109063,
    "p95": 0.001152828,
    "p99": 0.001276816
  },
  "rps": {
    "mean": 54426.841034279816,
    "stddev": 7948.103485169655,
    "max": 81155.34756630752,
    "percentiles": {
      "p10": 48010.826441363846,
      "p25": 49229.20768892159,
      "p50": 51047.84787418515,
      "p75": 59425.654054857594,
      "p90": 66350.11048997153,
      "p95": 70227.72624888823,
      "p99": 76621.84842305428
    }
  },
  "details": {
    "DNSDialup": {
      "average": 0.0008338764199999999,
      "fastest": 0.000093962,
      "slowest": 0.001405516
    },
    "DNSLookup": {
      "average": 0.000006678339999999998,
      "fastest": 0.000003507,
      "slowest": 0.000025006
    }
  },
  "statusCodeDistribution": {
    "200": 544444
  },
  "errorDistribution": {}
}