{
  "summary": {
    "successRate": 1,
    "total": 10.000728322,
    "slowest": 0.007240312,
    "fastest": 0.000122274,
    "average": 0.0010078779959454215,
    "requestsPerSec": 49520.79329167882,
    "totalData": 6438172,
    "sizePerRequest": 13,
    "sizePerSec": 643770.3127918247
  },
  "responseTimeHistogram": {
    "0.000122274": 1,
    "0.0008340778": 56375,
    "0.0015458815999999998": 437275,
    "0.0022576854": 1327,
    "0.0029694891999999997": 168,
    "0.0036812929999999995": 46,
    "0.0043930968": 5,
    "0.0051049006": 2,
    "0.0058167044": 9,
    "0.0065285082": 21,
    "0.007240312": 15
  },
  "latencyPercentiles": {
    "p10": 0.000815377,
    "p25": 0.000933107,
    "p50": 0.001023487,
    "p75": 0.001099709,
    "p90": 0.001160552,
    "p95": 0.001209805,
    "p99": 0.001358403
  },
  "rps": {
    "mean": 49523.28338690724,
    "stddev": 4324.153962046157,
    "max": 68754.27772378807,
    "percentiles": {
      "p10": 46502.05539084793,
      "p25": 47469.313547561345,
      "p50": 48457.31046108237,
      "p75": 50860.33177687854,
      "p90": 55541.44979052928,
      "p95": 58461.51161814693,
      "p99": 60609.10954916661
    }
  },
  "details": {
    "DNSDialup": {
      "average": 0.0008617530799999998,
      "fastest": 0.000124327,
      "slowest": 0.001359942
    },
    "DNSLookup": {
      "average": 0.00000683842,
      "fastest": 0.000003757,
      "slowest": 0.000031459
    }
  },
  "statusCodeDistribution": {
    "200": 495244
  },
  "errorDistribution": {}
}