{
  "summary": {
    "successRate": 1,
    "total": 10.000416575,
    "slowest": 0.007320864,
    "fastest": 0.000124683,
    "average": 0.0009358881513346156,
    "requestsPerSec": 53329.278435583576,
    "totalData": 6933095,
    "sizePerRequest": 13,
    "sizePerSec": 693280.6196625865
  },
  "responseTimeHistogram": {
    "0.000124683": 1,
    "0.0008443010999999999": 160208,
    "0.0015639191999999998": 371440,
    "0.0022835372999999996": 1408,
    "0.0030031553999999997": 166,
    "0.0037227734999999997": 39,
    "0.0044423916": 4,
    "0.005162009699999999": 2,
    "0.005881627799999999": 34,
    "0.0066012458999999985": 12,
    "0.007320864": 1
  },
  "latencyPercentiles": {
    "p10": 0.000752964,
    "p25": 0.00082044,
    "p50": 0.000933229,
    "p75": 0.001048906,
    "p90": 0.001118966,
    "p95": 0.001172506,
    "p99": 0.00131828
  },
  "rps": {
    "mean": 53328.24586329379,
    "stddev": 6628.331504691507,
    "max": 81304.43554746322,
    "percentiles": {
      "p10": 47334.91397180258,
      "p25": 48733.080861069175,
      "p50": 50302.38385920574,
      "p75": 60000.305018274106,
      "p90": 60891.19064712051,
      "p95": 61594.680232523126,
      "p99": 71276.48679798236
    }
  },
  "details": {
    "DNSDialup": {
      "average": 0.0009437306599999999,
      "fastest": 0.000093314,
      "slowest": 0.001903545
    },
    "DNSLookup": {
      "average": 0.00004415098,
      "fastest": 0.000003466,
      "slowest": 0.001790794
    }
  },
  "statusCodeDistribution": {
    "200": 533315
  },
  "errorDistribution": {}
}