{
  "summary": {
    "successRate": 1,
    "total": 10.000674952,
    "slowest": 0.009284753,
    "fastest": 0.000204391,
    "average": 0.0010285906249260044,
    "requestsPerSec": 48524.22484773905,
    "totalData": 6308575,
    "sizePerRequest": 13,
    "sizePerSec": 630814.9230206077
  },
  "responseTimeHistogram": {
    "0.000204391": 1,
    "0.0011124271999999999": 372907,
    "0.0020204634": 111670,
    "0.0029284995999999995": 602,
    "0.0038365357999999997": 41,
    "0.004744572": 4,
    "0.005652608199999999": 1,
    "0.006560644399999999": 0,
    "0.0074686805999999994": 9,
    "0.0083767168": 14,
    "0.009284753": 26
  },
  "latencyPercentiles": {
    "p10": 0.000874801,
    "p25": 0.000956586,
    "p50": 0.001041318,
    "p75": 0.00110757,
    "p90": 0.001164918,
    "p95": 0.001211593,
    "p99": 0.00136219
  },
  "rps": {
    "mean": 48526.173960447595,
    "stddev": 3977.309091669044,
    "max": 69892.75467473213,
    "percentiles": {
      "p10": 46186.08161892137,
      "p25": 47203.148450003195,
      "p50": 48007.50837431054,
      "p75": 49293.34611398542,
      "p90": 52526.9679842052,
      "p95": 55255.77920396869,
      "p99": 60544.59714017442
    }
  },
  "details": {
    "DNSDialup": {
      "average": 0.0008913973200000004,
      "fastest": 0.000114243,
      "slowest": 0.001917447
    },
    "DNSLookup": {
      "average": 0.000008041880000000004,
      "fastest": 0.000003938,
      "slowest": 0.000028774
    }
  },
  "statusCodeDistribution": {
    "200": 485275
  },
  "errorDistribution": {}
}