{
  "summary": {
    "successRate": 1,
    "total": 10.000537733,
    "slowest": 0.007251071,
    "fastest": 0.000179475,
    "average": 0.000984537957921723,
    "requestsPerSec": 50690.87418441522,
    "totalData": 6590168,
    "sizePerRequest": 13,
    "sizePerSec": 658981.3643973978
  },
  "responseTimeHistogram": {
    "0.000179475": 1,
    "0.0008866346000000001": 105403,
    "0.0015937942": 400237,
    "0.0023009538000000004": 964,
    "0.0030081134000000003": 191,
    "0.0037152730000000003": 34,
    "0.004422432600000001": 6,
    "0.005129592200000001": 9,
    "0.0058367518000000005": 62,
    "0.0065439114000000005": 14,
    "0.007251071": 15
  },
  "latencyPercentiles": {
    "p10": 0.000765315,
    "p25": 0.000910849,
    "p50": 0.001002872,
    "p75": 0.001082273,
    "p90": 0.001142644,
    "p95": 0.001192196,
    "p99": 0.001330367
  },
  "rps": {
    "mean": 50690.100315831,
    "stddev": 4870.106528584753,
    "max": 72452.52083236128,
    "percentiles": {
      "p10": 46638.25269485956,
      "p25": 48114.872307028774,
      "p50": 49573.17992821192,
      "p75": 52829.462991509325,
      "p90": 57521.415222887816,
      "p95": 59274.28152325078,
      "p99": 63371.17216345672
    }
  },
  "details": {
    "DNSDialup": {
      "average": 0.0007699706999999998,
      "fastest": 0.000122101,
      "slowest": 0.001254637
    },
    "DNSLookup": {
      "average": 0.000006810359999999999,
      "fastest": 0.000003386,
      "slowest": 0.000032461
    }
  },
  "statusCodeDistribution": {
    "200": 506936
  },
  "errorDistribution": {}
}