{
  "summary": {
    "successRate": 1,
    "total": 10.000438323,
    "slowest": 0.007285952,
    "fastest": 0.000274322,
    "average": 0.0009845328225544072,
    "requestsPerSec": 50695.57789622098,
    "totalData": 6590714,
    "sizePerRequest": 13,
    "sizePerSec": 659042.5126508728
  },
  "responseTimeHistogram": {
    "0.000274322": 1,
    "0.000975485": 212353,
    "0.001676648": 293864,
    "0.002377811": 525,
    "0.003078974": 165,
    "0.003780137": 13,
    "0.0044813000000000006": 6,
    "0.005182463": 13,
    "0.0058836259999999994": 8,
    "0.006584789000000001": 10,
    "0.007285952": 20
  },
  "latencyPercentiles": {
    "p10": 0.000814561,
    "p25": 0.000919225,
    "p50": 0.001003602,
    "p75": 0.001071183,
    "p90": 0.001128768,
    "p95": 0.001176467,
    "p99": 0.00130005
  },
  "rps": {
    "mean": 50707.95102692028,
    "stddev": 5177.016505807022,
    "max": 78807.74680150929,
    "percentiles": {
      "p10": 47943.19202169232,
      "p25": 48707.24276699411,
      "p50": 49608.8254100403,
      "p75": 50723.88428379494,
      "p90": 55070.315966190195,
      "p95": 61793.68540644801,
      "p99": 71906.0686418498
    }
  },
  "details": {
    "DNSDialup": {
      "average": 0.00098282366,
      "fastest": 0.000111848,
      "slowest": 0.001968379
    },
    "DNSLookup": {
      "average": 0.000033043259999999986,
      "fastest": 0.000003727,
      "slowest": 0.001273454
    }
  },
  "statusCodeDistribution": {
    "200": 506978
  },
  "errorDistribution": {}
}