{
  "summary": {
    "successRate": 1,
    "total": 10.000213333,
    "slowest": 0.005606422,
    "fastest": 0.000244184,
    "average": 0.0009401624893819161,
    "requestsPerSec": 53087.46746913024,
    "totalData": 6901518,
    "sizePerRequest": 13,
    "sizePerSec": 690137.0770986931
  },
  "responseTimeHistogram": {
    "0.000244184": 1,
    "0.0007804077999999999": 87638,
    "0.0013166316": 439129,
    "0.0018528554": 3659,
    "0.0023890792": 309,
    "0.002925303": 75,
    "0.0034615268": 26,
    "0.0039977506": 4,
    "0.0045339744": 2,
    "0.0050701982": 21,
    "0.005606422": 22
  },
  "latencyPercentiles": {
    "p10": 0.000674873,
    "p25": 0.000849987,
    "p50": 0.000962434,
    "p75": 0.001056032,
    "p90": 0.001113223,
    "p95": 0.001154109,
    "p99": 0.001281196
  },
  "rps": {
    "mean": 53088.13143174635,
    "stddev": 5572.456925706998,
    "max": 74380.26056147012,
    "percentiles": {
      "p10": 48284.382310699286,
      "p25": 49214.199802373005,
      "p50": 51566.66345628654,
      "p75": 57613.360538310226,
      "p90": 60008.653247798386,
      "p95": 62239.70893430055,
      "p99": 67785.42319030568
    }
  },
  "details": {
    "DNSDialup": {
      "average": 0.0007486824000000001,
      "fastest": 0.000072054,
      "slowest": 0.001706196
    },
    "DNSLookup": {
      "average": 0.000006931500000000001,
      "fastest": 0.000003627,
      "slowest": 0.000029435
    }
  },
  "statusCodeDistribution": {
    "200": 530886
  },
  "errorDistribution": {}
}