{
  "summary": {
    "successRate": 1,
    "total": 10.000235249,
    "slowest": 0.006671737,
    "fastest": 0.00024526,
    "average": 0.0009563402918164491,
    "requestsPerSec": 52193.5721514345,
    "totalData": 6785324,
    "sizePerRequest": 13,
    "sizePerSec": 678516.4379686485
  },
  "responseTimeHistogram": {
    "0.00024526": 1,
    "0.0008879077000000001": 129567,
    "0.0015305554": 391266,
    "0.0021732031000000003": 854,
    "0.0028158508000000002": 176,
    "0.0034584985": 33,
    "0.0041011462": 1,
    "0.0047437938999999995": 4,
    "0.0053864416": 10,
    "0.0060290893": 24,
    "0.006671737": 12
  },
  "latencyPercentiles": {
    "p10": 0.000670003,
    "p25": 0.000888939,
    "p50": 0.000985532,
    "p75": 0.001064426,
    "p90": 0.001121212,
    "p95": 0.001164694,
    "p99": 0.001283541
  },
  "rps": {
    "mean": 52197.87872596236,
    "stddev": 6174.621172071048,
    "max": 80606.25516555917,
    "percentiles": {
      "p10": 48073.21069256342,
      "p25": 48920.53221915313,
      "p50": 49904.725977552116,
      "p75": 53901.595487226434,
      "p90": 60941.73289868865,
      "p95": 65014.738841303566,
      "p99": 72835.13897075129
    }
  },
  "details": {
    "DNSDialup": {
      "average": 0.0008044410200000003,
      "fastest": 0.000071818,
      "slowest": 0.001762718
    },
    "DNSLookup": {
      "average": 0.000006942219999999998,
      "fastest": 0.000003566,
      "slowest": 0.00002638
    }
  },
  "statusCodeDistribution": {
    "200": 521948
  },
  "errorDistribution": {}
}