{
  "summary": {
    "successRate": 1,
    "total": 10.000358891,
    "slowest": 0.007201754,
    "fastest": 0.000111572,
    "average": 0.000987769726350849,
    "requestsPerSec": 50528.58657450357,
    "totalData": 6568952,
    "sizePerRequest": 13,
    "sizePerSec": 656871.6254685464
  },
  "responseTimeHistogram": {
    "0.000111572": 1,
    "0.0008205902": 62819,
    "0.0015296084000000001": 441131,
    "0.0022386266": 1043,
    "0.0029476448": 181,
    "0.003656663": 65,
    "0.0043656812": 19,
    "0.0050746994": 6,
    "0.0057837176": 19,
    "0.0064927358": 19,
    "0.007201754": 1
  },
  "latencyPercentiles": {
    "p10": 0.000795722,
    "p25": 0.000909007,
    "p50": 0.001001646,
    "p75": 0.001087052,
    "p90": 0.001143518,
    "p95": 0.001186621,
    "p99": 0.001322574
  },
  "rps": {
    "mean": 50530.316301078645,
    "stddev": 4903.262368966856,
    "max": 72360.57303568856,
    "percentiles": {
      "p10": 46818.793063536425,
      "p25": 47748.30696215664,
      "p50": 48900.78313997903,
      "p75": 53373.03453043918,
      "p90": 57206.81656789392,
      "p95": 58199.089770244565,
      "p99": 63135.04260803369
    }
  },
  "details": {
    "DNSDialup": {
      "average": 0.0008184370799999998,
      "fastest": 0.00008599,
      "slowest": 0.001818968
    },
    "DNSLookup": {
      "average": 0.000006946740000000001,
      "fastest": 0.000003667,
      "slowest": 0.000032161
    }
  },
  "statusCodeDistribution": {
    "200": 505304
  },
  "errorDistribution": {}
}