{
  "summary": {
    "successRate": 1,
    "total": 10.000631871,
    "slowest": 0.006713267,
    "fastest": 0.000218409,
    "average": 0.001016861090322134,
    "requestsPerSec": 49081.19870138954,
    "totalData": 6380959,
    "sizePerRequest": 13,
    "sizePerSec": 638055.583118064
  },
  "responseTimeHistogram": {
    "0.000218409": 1,
    "0.0008678948000000001": 59941,
    "0.0015173806": 429150,
    "0.0021668664": 1465,
    "0.0028163522000000003": 113,
    "0.0034658380000000006": 85,
    "0.0041153238": 38,
    "0.0047648096": 13,
    "0.0054142954000000005": 5,
    "0.006063781200000001": 17,
    "0.006713267000000001": 15
  },
  "latencyPercentiles": {
    "p10": 0.000838393,
    "p25": 0.000946412,
    "p50": 0.001032246,
    "p75": 0.001103983,
    "p90": 0.001162985,
    "p95": 0.001217481,
    "p99": 0.001353431
  },
  "rps": {
    "mean": 49079.38946796949,
    "stddev": 4109.683195852386,
    "max": 76130.74159345144,
    "percentiles": {
      "p10": 46143.176169941864,
      "p25": 47206.914219324215,
      "p50": 48273.37866682009,
      "p75": 50476.8542337913,
      "p90": 54102.35886284573,
      "p95": 56487.561368879266,
      "p99": 60770.299081977406
    }
  },
  "details": {
    "DNSDialup": {
      "average": 0.0008076713200000001,
      "fastest": 0.000147173,
      "slowest": 0.001302623
    },
    "DNSLookup": {
      "average": 0.000007903240000000002,
      "fastest": 0.000003897,
      "slowest": 0.000030938
    }
  },
  "statusCodeDistribution": {
    "200": 490843
  },
  "errorDistribution": {}
}