{
  "summary": {
    "successRate": 1,
    "total": 10.000345282,
    "slowest": 0.006265225,
    "fastest": 0.000219586,
    "average": 0.0010315654217407828,
    "requestsPerSec": 48387.52926571201,
    "totalData": 6290596,
    "sizePerRequest": 13,
    "sizePerSec": 629037.8804542561
  },
  "responseTimeHistogram": {
    "0.000219586": 1,
    "0.0008241499": 11181,
    "0.0014287138": 471073,
    "0.0020332777": 1317,
    "0.0026378416": 151,
    "0.0032424055": 60,
    "0.0038469693999999997": 30,
    "0.0044515333": 33,
    "0.0050560972": 10,
    "0.0056606611": 35,
    "0.006265225": 1
  },
  "latencyPercentiles": {
    "p10": 0.000906415,
    "p25": 0.000959114,
    "p50": 0.001037831,
    "p75": 0.001095469,
    "p90": 0.001149636,
    "p95": 0.001191517,
    "p99": 0.001298329
  },
  "rps": {
    "mean": 48385.121361620564,
    "stddev": 2493.9870932749095,
    "max": 68425.95396433919,
    "percentiles": {
      "p10": 47012.32663203665,
      "p25": 47725.90598500961,
      "p50": 48506.72788315502,
      "p75": 49083.653270269264,
      "p90": 49818.816567017784,
      "p95": 50459.15311411994,
      "p99": 54207.18787311205
    }
  },
  "details": {
    "DNSDialup": {
      "average": 0.0010889121200000002,
      "fastest": 0.000195723,
      "slowest": 0.001735456
    },
    "DNSLookup": {
      "average": 0.000025401839999999994,
      "fastest": 0.000004849,
      "slowest": 0.000799662
    }
  },
  "statusCodeDistribution": {
    "200": 483892
  },
  "errorDistribution": {}
}