{
  "summary": {
    "successRate": 1,
    "total": 10.000388097,
    "slowest": 0.005533305,
    "fastest": 0.000101469,
    "average": 0.0010104657821364143,
    "requestsPerSec": 49396.88292179287,
    "totalData": 6421844,
    "sizePerRequest": 13,
    "sizePerSec": 642159.4779833073
  },
  "responseTimeHistogram": {
    "0.000101469": 1,
    "0.0006446526": 11272,
    "0.0011878362000000001": 457573,
    "0.0017310198000000001": 24473,
    "0.0022742034": 411,
    "0.002817387": 138,
    "0.0033605706": 71,
    "0.0039037542": 0,
    "0.0044469378": 0,
    "0.0049901214": 11,
    "0.0055333050000000005": 38
  },
  "latencyPercentiles": {
    "p10": 0.000862819,
    "p25": 0.000939927,
    "p50": 0.001024457,
    "p75": 0.001089786,
    "p90": 0.001146826,
    "p95": 0.001188862,
    "p99": 0.001313203
  },
  "rps": {
    "mean": 49394.74345405149,
    "stddev": 3775.4173019524255,
    "max": 66680.74147372908,
    "percentiles": {
      "p10": 47016.507495781785,
      "p25": 47934.340161290995,
      "p50": 48805.98849478633,
      "p75": 49803.09775268103,
      "p90": 54103.819729672956,
      "p95": 57373.86000798315,
      "p99": 60582.68931264145
    }
  },
  "details": {
    "DNSDialup": {
      "average": 0.0007388185999999999,
      "fastest": 0.000089683,
      "slowest": 0.001056905
    },
    "DNSLookup": {
      "average": 0.000008681659999999997,
      "fastest": 0.000004599,
      "slowest": 0.000038622
    }
  },
  "statusCodeDistribution": {
    "200": 493988
  },
  "errorDistribution": {}
}