{
  "summary": {
    "successRate": 1,
    "total": 10.000697727,
    "slowest": 0.006668379,
    "fastest": 0.000168103,
    "average": 0.0010230523240917005,
    "requestsPerSec": 48786.49603444814,
    "totalData": 6342687,
    "sizePerRequest": 13,
    "sizePerSec": 634224.4484478257
  },
  "responseTimeHistogram": {
    "0.000168103": 1,
    "0.0008181306": 35938,
    "0.0014681582": 449764,
    "0.0021181858": 1721,
    "0.0027682134000000004": 310,
    "0.0034182410000000007": 109,
    "0.0040682686": 1,
    "0.0047182962": 6,
    "0.005368323800000001": 10,
    "0.006018351400000001": 15,
    "0.006668379000000001": 24
  },
  "latencyPercentiles": {
    "p10": 0.000863916,
    "p25": 0.000953891,
    "p50": 0.001037317,
    "p75": 0.001105287,
    "p90": 0.001159525,
    "p95": 0.001206203,
    "p99": 0.001342867
  },
  "rps": {
    "mean": 48784.70548114596,
    "stddev": 3610.538708584068,
    "max": 70646.60556569042,
    "percentiles": {
      "p10": 46419.78875595231,
      "p25": 47399.178040131024,
      "p50": 48243.56393823602,
      "p75": 49642.892100625446,
      "p90": 52860.7581554238,
      "p95": 54864.13068235537,
      "p99": 58344.70617686678
    }
  },
  "details": {
    "DNSDialup": {
      "average": 0.0008932938200000001,
      "fastest": 0.000119176,
      "slowest": 0.001303795
    },
    "DNSLookup": {
      "average": 0.00000665092,
      "fastest": 0.000003356,
      "slowest": 0.000026158
    }
  },
  "statusCodeDistribution": {
    "200": 487899
  },
  "errorDistribution": {}
}