{
  "summary": {
    "successRate": 1,
    "total": 10.000731955,
    "slowest": 0.00663716,
    "fastest": 0.00010245,
    "average": 0.0010416383107009675,
    "requestsPerSec": 47912.992984522,
    "totalData": 6229145,
    "sizePerRequest": 13,
    "sizePerSec": 622868.9087987861
  },
  "responseTimeHistogram": {
    "0.00010245": 1,
    "0.000755921": 18287,
    "0.001409392": 457052,
    "0.002062863": 3418,
    "0.002716334": 265,
    "0.003369805": 70,
    "0.004023275999999999": 4,
    "0.004676746999999999": 17,
    "0.005330217999999999": 2,
    "0.0059836889999999995": 30,
    "0.00663716": 19
  },
  "latencyPercentiles": {
    "p10": 0.000890766,
    "p25": 0.000966888,
    "p50": 0.001052659,
    "p75": 0.001118902,
    "p90": 0.001183491,
    "p95": 0.001240898,
    "p99": 0.001380487
  },
  "rps": {
    "mean": 47911.041558664096,
    "stddev": 3401.4355285147253,
    "max": 67300.55859463617,
    "percentiles": {
      "p10": 45690.99222216593,
      "p25": 46677.60572452584,
      "p50": 47557.44075539292,
      "p75": 48505.77118251006,
      "p90": 51518.69098108778,
      "p95": 53507.507103248674,
      "p99": 57762.83441127056
    }
  },
  "details": {
    "DNSDialup": {
      "average": 0.00070677996,
      "fastest": 0.000088088,
      "slowest": 0.001035136
    },
    "DNSLookup": {
      "average": 0.00000809038,
      "fastest": 0.000003847,
      "slowest": 0.000028613
    }
  },
  "statusCodeDistribution": {
    "200": 479165
  },
  "errorDistribution": {}
}