{
  "summary": {
    "successRate": 1,
    "total": 10.000396211,
    "slowest": 0.005965159,
    "fastest": 0.00020284,
    "average": 0.0009227599127549416,
    "requestsPerSec": 54091.456836979516,
    "totalData": 7032168,
    "sizePerRequest": 13,
    "sizePerSec": 703188.9388807337
  },
  "responseTimeHistogram": {
    "0.00020284": 1,
    "0.0007790719000000001": 114032,
    "0.0013553038": 423615,
    "0.0019315357": 2798,
    "0.0025077676000000004": 243,
    "0.0030839995": 139,
    "0.0036602314000000005": 8,
    "0.004236463300000001": 7,
    "0.004812695200000001": 52,
    "0.0053889271": 9,
    "0.005965159": 32
  },
  "latencyPercentiles": {
    "p10": 0.000612348,
    "p25": 0.000828179,
    "p50": 0.000957956,
    "p75": 0.001048583,
    "p90": 0.0011055,
    "p95": 0.001151436,
    "p99": 0.0012876
  },
  "rps": {
    "mean": 54087.87474114915,
    "stddev": 7952.345782743352,
    "max": 82076.12560650203,
    "percentiles": {
      "p10": 48511.50207714299,
      "p25": 49494.03415812675,
      "p50": 50600.293481705085,
      "p75": 57924.53775617126,
      "p90": 66224.92043755943,
      "p95": 70674.23621772318,
      "p99": 79901.7418579693
    }
  },
  "details": {
    "DNSDialup": {
      "average": 0.00076004876,
      "fastest": 0.000091632,
      "slowest": 0.001734926
    },
    "DNSLookup": {
      "average": 0.000006960039999999999,
      "fastest": 0.000003737,
      "slowest": 0.000025187
    }
  },
  "statusCodeDistribution": {
    "200": 540936
  },
  "errorDistribution": {}
}