{
  "summary": {
    "successRate": 1,
    "total": 10.000319198,
    "slowest": 0.006663013,
    "fastest": 0.000219837,
    "average": 0.0009528768054843977,
    "requestsPerSec": 52379.72804955661,
    "totalData": 6809582,
    "sizePerRequest": 13,
    "sizePerSec": 680936.4646442359
  },
  "responseTimeHistogram": {
    "0.000219837": 1,
    "0.0008641546": 125703,
    "0.0015084722000000001": 396561,
    "0.0021527898000000003": 1202,
    "0.0027971074": 215,
    "0.003441425": 65,
    "0.0040857426": 18,
    "0.0047300601999999995": 0,
    "0.0053743778": 4,
    "0.0060186954": 10,
    "0.006663013": 35
  },
  "latencyPercentiles": {
    "p10": 0.000674709,
    "p25": 0.000871123,
    "p50": 0.00097765,
    "p75": 0.001065284,
    "p90": 0.001123901,
    "p95": 0.001171321,
    "p99": 0.001286445
  },
  "rps": {
    "mean": 52386.181421291694,
    "stddev": 6389.362955514693,
    "max": 77113.41069310158,
    "percentiles": {
      "p10": 47509.2926870748,
      "p25": 48640.585885385684,
      "p50": 49780.793544064094,
      "p75": 56498.19361880537,
      "p90": 60803.03407139868,
      "p95": 64237.990347492494,
      "p99": 70989.17906329075
    }
  },
  "details": {
    "DNSDialup": {
      "average": 0.0010230583399999998,
      "fastest": 0.000131284,
      "slowest": 0.002307862
    },
    "DNSLookup": {
      "average": 0.000010905019999999998,
      "fastest": 0.000004458,
      "slowest": 0.000031449
    }
  },
  "statusCodeDistribution": {
    "200": 523814
  },
  "errorDistribution": {}
}