{
  "summary": {
    "successRate": 1,
    "total": 10.000358588,
    "slowest": 0.006312384,
    "fastest": 0.000247667,
    "average": 0.001021766236700664,
    "requestsPerSec": 48850.24828871667,
    "totalData": 6350760,
    "sizePerRequest": 13,
    "sizePerSec": 635053.2277533166
  },
  "responseTimeHistogram": {
    "0.000247667": 1,
    "0.0008541387": 43746,
    "0.0014606104": 442918,
    "0.0020670821": 1443,
    "0.0026735538": 109,
    "0.0032800254999999995": 133,
    "0.0038864971999999997": 28,
    "0.0044929689": 35,
    "0.0050994405999999996": 35,
    "0.005705912299999999": 23,
    "0.006312383999999999": 49
  },
  "latencyPercentiles": {
    "p10": 0.000869288,
    "p25": 0.000952886,
    "p50": 0.001038122,
    "p75": 0.001104128,
    "p90": 0.001162337,
    "p95": 0.001204936,
    "p99": 0.001329075
  },
  "rps": {
    "mean": 48850.85976760266,
    "stddev": 3922.3522990123565,
    "max": 67644.57777675576,
    "percentiles": {
      "p10": 46422.58347392187,
      "p25": 47337.81818294835,
      "p50": 48198.65104277603,
      "p75": 49500.09405017874,
      "p90": 53329.14971323059,
      "p95": 56008.98384100798,
      "p99": 60719.676955232775
    }
  },
  "details": {
    "DNSDialup": {
      "average": 0.00051147716,
      "fastest": 0.000070338,
      "slowest": 0.001315426
    },
    "DNSLookup": {
      "average": 0.00000752732,
      "fastest": 0.000003346,
      "slowest": 0.000029164
    }
  },
  "statusCodeDistribution": {
    "200": 488520
  },
  "errorDistribution": {}
}