{
  "summary": {
    "successRate": 1,
    "total": 10.000402548,
    "slowest": 0.006364814,
    "fastest": 0.000120821,
    "average": 0.0008966694063319572,
    "requestsPerSec": 55664.559234300934,
    "totalData": 7236684,
    "sizePerRequest": 13,
    "sizePerSec": 723639.2700459121
  },
  "responseTimeHistogram": {
    "0.000120821": 1,
    "0.0007452203": 163830,
    "0.0013696195999999999": 389369,
    "0.0019940189": 3048,
    "0.0026184182": 220,
    "0.0032428175": 103,
    "0.0038672168": 41,
    "0.0044916161": 1,
    "0.0051160154": 10,
    "0.0057404147": 10,
    "0.006364814": 35
  },
  "latencyPercentiles": {
    "p10": 0.0005996,
    "p25": 0.000683117,
    "p50": 0.000945743,
    "p75": 0.001056795,
    "p90": 0.00111709,
    "p95": 0.001156814,
    "p99": 0.001284398
  },
  "rps": {
    "mean": 55632.97427936601,
    "stddev": 8636.817995666615,
    "max": 81065.1702844569,
    "percentiles": {
      "p10": 47517.10114405947,
      "p25": 49101.25208192807,
      "p50": 53656.16727590519,
      "p75": 60625.73562477106,
      "p90": 68414.24139019242,
      "p95": 72274.41985743171,
      "p99": 77219.39751265004
    }
  },
  "details": {
    "DNSDialup": {
      "average": 0.0010618800999999999,
      "fastest": 0.000116355,
      "slowest": 0.002365702
    },
    "DNSLookup": {
      "average": 0.00000917626,
      "fastest": 0.000004288,
      "slowest": 0.000026109
    }
  },
  "statusCodeDistribution": {
    "200": 556668
  },
  "errorDistribution": {}
}