{
  "summary": {
    "successRate": 1,
    "total": 10.000401131,
    "slowest": 0.007401695,
    "fastest": 0.000071623,
    "average": 0.0009261961936021944,
    "requestsPerSec": 53888.23837570521,
    "totalData": 7005752,
    "sizePerRequest": 13,
    "sizePerSec": 700547.0988841677
  },
  "responseTimeHistogram": {
    "0.000071623": 1,
    "0.0008046302": 137665,
    "0.0015376374": 398810,
    "0.0022706446": 1753,
    "0.0030036518": 267,
    "0.003736659": 137,
    "0.0044696662": 91,
    "0.0052026734": 46,
    "0.0059356806": 55,
    "0.0066686878": 45,
    "0.007401695": 34
  },
  "latencyPercentiles": {
    "p10": 0.000605506,
    "p25": 0.000794266,
    "p50": 0.000965239,
    "p75": 0.001060856,
    "p90": 0.00112478,
    "p95": 0.001176129,
    "p99": 0.00135661
  },
  "rps": {
    "mean": 53886.266845978826,
    "stddev": 8446.519903942488,
    "max": 80770.12462219004,
    "percentiles": {
      "p10": 47281.577588815184,
      "p25": 48792.801569756215,
      "p50": 51227.69881674995,
      "p75": 58415.11365604232,
      "p90": 65633.86050863547,
      "p95": 70712.2049265768,
      "p99": 78018.78692389517
    }
  },
  "details": {
    "DNSDialup": {
      "average": 0.0011745454999999999,
      "fastest": 0.000136531,
      "slowest": 0.002161013
    },
    "DNSLookup": {
      "average": 0.00003285366,
      "fastest": 0.000004468,
      "slowest": 0.00116782
    }
  },
  "statusCodeDistribution": {
    "200": 538904
  },
  "errorDistribution": {}
}