{
  "summary": {
    "successRate": 1,
    "total": 10.001087786,
    "slowest": 0.00725061,
    "fastest": 0.000139628,
    "average": 0.0010029045762998325,
    "requestsPerSec": 49770.58602533099,
    "totalData": 6470880,
    "sizePerRequest": 13,
    "sizePerSec": 647017.6183293029
  },
  "responseTimeHistogram": {
    "0.000139628": 1,
    "0.0008507262000000001": 59141,
    "0.0015618244": 437163,
    "0.0022729226000000003": 1184,
    "0.0029840208000000003": 199,
    "0.003695119": 20,
    "0.0044062172000000005": 2,
    "0.0051173154": 13,
    "0.0058284136": 8,
    "0.006539511800000001": 15,
    "0.00725061": 14
  },
  "latencyPercentiles": {
    "p10": 0.000829778,
    "p25": 0.000927562,
    "p50": 0.001016326,
    "p75": 0.001087451,
    "p90": 0.001150782,
    "p95": 0.001200088,
    "p99": 0.001348505
  },
  "rps": {
    "mean": 49769.500094347124,
    "stddev": 3939.5910332154,
    "max": 62032.34987045775,
    "percentiles": {
      "p10": 47114.46414048792,
      "p25": 48130.88558928278,
      "p50": 48978.47001581482,
      "p75": 50302.19393720652,
      "p90": 55186.48962358448,
      "p95": 57905.923775999916,
      "p99": 59842.0950547088
    }
  },
  "details": {
    "DNSDialup": {
      "average": 0.0008125915400000001,
      "fastest": 0.000108582,
      "slowest": 0.00163743
    },
    "DNSLookup": {
      "average": 0.00000729712,
      "fastest": 0.000003306,
      "slowest": 0.000038402
    }
  },
  "statusCodeDistribution": {
    "200": 497760
  },
  "errorDistribution": {}
}