{
  "summary": {
    "successRate": 1,
    "total": 10.00076487,
    "slowest": 0.006152313,
    "fastest": 0.000237203,
    "average": 0.0010096635222866276,
    "requestsPerSec": 49429.41929200661,
    "totalData": 6426316,
    "sizePerRequest": 13,
    "sizePerSec": 642582.450796086
  },
  "responseTimeHistogram": {
    "0.000237203": 1,
    "0.0008287140000000001": 43718,
    "0.0014202250000000002": 447836,
    "0.002011736": 2405,
    "0.0026032470000000004": 226,
    "0.0031947580000000007": 89,
    "0.0037862690000000005": 7,
    "0.00437778": 2,
    "0.004969291000000001": 7,
    "0.005560802000000001": 5,
    "0.006152313000000001": 36
  },
  "latencyPercentiles": {
    "p10": 0.000847426,
    "p25": 0.000941344,
    "p50": 0.001025074,
    "p75": 0.001093097,
    "p90": 0.001151962,
    "p95": 0.001200667,
    "p99": 0.001339526
  },
  "rps": {
    "mean": 49427.82093086328,
    "stddev": 3999.9017436563904,
    "max": 68941.73732777956,
    "percentiles": {
      "p10": 46735.626568130305,
      "p25": 47730.75575142742,
      "p50": 48677.52869996024,
      "p75": 50204.39857201392,
      "p90": 54110.189990894076,
      "p95": 56924.728101887034,
      "p99": 62942.44208870265
    }
  },
  "details": {
    "DNSDialup": {
      "average": 0.0009996728599999999,
      "fastest": 0.000110086,
      "slowest": 0.001868794
    },
    "DNSLookup": {
      "average": 0.000009058399999999998,
      "fastest": 0.000003246,
      "slowest": 0.00003241
    }
  },
  "statusCodeDistribution": {
    "200": 494332
  },
  "errorDistribution": {}
}