{
  "summary": {
    "successRate": 1,
    "total": 10.00023515,
    "slowest": 0.011093552,
    "fastest": 0.000228157,
    "average": 0.0010078456537237674,
    "requestsPerSec": 49521.43550344414,
    "totalData": 6437938,
    "sizePerRequest": 13,
    "sizePerSec": 643778.6615447737
  },
  "responseTimeHistogram": {
    "0.000228157": 1,
    "0.0013146965": 489320,
    "0.002401236": 5382,
    "0.0034877755000000004": 255,
    "0.004574315": 166,
    "0.0056608545": 28,
    "0.006747394": 73,
    "0.007833933500000001": 0,
    "0.008920473": 0,
    "0.0100070125": 0,
    "0.011093552": 1
  },
  "latencyPercentiles": {
    "p10": 0.00081777,
    "p25": 0.000909831,
    "p50": 0.001012204,
    "p75": 0.001109646,
    "p90": 0.001167103,
    "p95": 0.001206343,
    "p99": 0.001337055
  },
  "rps": {
    "mean": 49525.37057827323,
    "stddev": 5077.644778395284,
    "max": 70845.31266197907,
    "percentiles": {
      "p10": 45619.045951685526,
      "p25": 46605.75508756036,
      "p50": 47712.81867173807,
      "p75": 52787.304923613025,
      "p90": 57231.67773362488,
      "p95": 57717.86565345403,
      "p99": 58700.3991627173
    }
  },
  "details": {
    "DNSDialup": {
      "average": 0.00105267504,
      "fastest": 0.000147636,
      "slowest": 0.002302311
    },
    "DNSLookup": {
      "average": 0.00000965824,
      "fastest": 0.000004228,
      "slowest": 0.000035576
    }
  },
  "statusCodeDistribution": {
    "200": 495226
  },
  "errorDistribution": {}
}