{
  "summary": {
    "successRate": 1,
    "total": 10.000243758,
    "slowest": 0.005865406,
    "fastest": 0.000221431,
    "average": 0.000988615669726147,
    "requestsPerSec": 50486.56934948285,
    "totalData": 6563414,
    "sizePerRequest": 13,
    "sizePerSec": 656325.4015432771
  },
  "responseTimeHistogram": {
    "0.000221431": 1,
    "0.0007858285": 30231,
    "0.001350226": 471620,
    "0.0019146234999999998": 2601,
    "0.0024790209999999997": 244,
    "0.0030434184999999997": 75,
    "0.0036078159999999994": 19,
    "0.0041722135": 32,
    "0.004736611": 10,
    "0.0053010085": 3,
    "0.005865406": 42
  },
  "latencyPercentiles": {
    "p10": 0.000824935,
    "p25": 0.000909677,
    "p50": 0.00099721,
    "p75": 0.001066715,
    "p90": 0.001124834,
    "p95": 0.001172417,
    "p99": 0.001296077
  },
  "rps": {
    "mean": 50492.84094852664,
    "stddev": 4227.659395487438,
    "max": 73066.27110789601,
    "percentiles": {
      "p10": 47950.54946925178,
      "p25": 48818.708297324105,
      "p50": 49684.09032287115,
      "p75": 50720.176385926614,
      "p90": 57838.64778444956,
      "p95": 60531.09987026096,
      "p99": 61415.31698005796
    }
  },
  "details": {
    "DNSDialup": {
      "average": 0.0011465468,
      "fastest": 0.000099946,
      "slowest": 0.002147677
    },
    "DNSLookup": {
      "average": 0.000010386779999999999,
      "fastest": 0.000004799,
      "slowest": 0.000033071
    }
  },
  "statusCodeDistribution": {
    "200": 504878
  },
  "errorDistribution": {}
}