{
  "summary": {
    "successRate": 1,
    "total": 10.000803015,
    "slowest": 0.006529528,
    "fastest": 0.000117015,
    "average": 0.0010029445903060135,
    "requestsPerSec": 49765.1037875182,
    "totalData": 6469983,
    "sizePerRequest": 13,
    "sizePerSec": 646946.3492377367
  },
  "responseTimeHistogram": {
    "0.000117015": 1,
    "0.0007582663000000001": 35891,
    "0.0013995176": 457941,
    "0.0020407689": 3230,
    "0.0026820202": 489,
    "0.0033232714999999998": 82,
    "0.0039645228": 6,
    "0.0046057741": 1,
    "0.0052470254": 5,
    "0.0058882767": 28,
    "0.006529528": 17
  },
  "latencyPercentiles": {
    "p10": 0.000817884,
    "p25": 0.000934702,
    "p50": 0.00101903,
    "p75": 0.001091,
    "p90": 0.001143791,
    "p95": 0.001188445,
    "p99": 0.001347085
  },
  "rps": {
    "mean": 49764.495794416114,
    "stddev": 4476.303785872977,
    "max": 72728.16162702105,
    "percentiles": {
      "p10": 47014.97897230492,
      "p25": 47843.49452086737,
      "p50": 48809.85470966729,
      "p75": 50836.19537110432,
      "p90": 55110.31113921188,
      "p95": 57946.64705087676,
      "p99": 62686.80869266805
    }
  },
  "details": {
    "DNSDialup": {
      "average": 0.00066196678,
      "fastest": 0.000084287,
      "slowest": 0.001042458
    },
    "DNSLookup": {
      "average": 0.000007048920000000001,
      "fastest": 0.000003106,
      "slowest": 0.000033282
    }
  },
  "statusCodeDistribution": {
    "200": 497691
  },
  "errorDistribution": {}
}