{
  "summary": {
    "successRate": 1,
    "total": 10.000364982,
    "slowest": 0.006247986,
    "fastest": 0.000153076,
    "average": 0.0009889312301139086,
    "requestsPerSec": 50470.557915483085,
    "totalData": 6561412,
    "sizePerRequest": 13,
    "sizePerSec": 656117.2529012801
  },
  "responseTimeHistogram": {
    "0.000153076": 1,
    "0.000762567": 44936,
    "0.001372058": 456737,
    "0.001981549": 2630,
    "0.0025910399999999997": 216,
    "0.003200531": 125,
    "0.0038100219999999997": 31,
    "0.004419513": 0,
    "0.005029004": 11,
    "0.005638495": 18,
    "0.0062479860000000005": 19
  },
  "latencyPercentiles": {
    "p10": 0.000799592,
    "p25": 0.000923811,
    "p50": 0.001011053,
    "p75": 0.001079802,
    "p90": 0.001138678,
    "p95": 0.001185095,
    "p99": 0.001306445
  },
  "rps": {
    "mean": 50462.90123550105,
    "stddev": 5464.4279197626165,
    "max": 81071.79718358752,
    "percentiles": {
      "p10": 47299.04274014307,
      "p25": 48288.95791827709,
      "p50": 49177.95197166976,
      "p75": 50327.83632627203,
      "p90": 56820.330314189225,
      "p95": 62117.43015090939,
      "p99": 71485.94039754706
    }
  },
  "details": {
    "DNSDialup": {
      "average": 0.0009358872599999999,
      "fastest": 0.000129622,
      "slowest": 0.00161533
    },
    "DNSLookup": {
      "average": 0.0000072091999999999995,
      "fastest": 0.000004027,
      "slowest": 0.000030778
    }
  },
  "statusCodeDistribution": {
    "200": 504724
  },
  "errorDistribution": {}
}