{
  "summary": {
    "successRate": 1,
    "total": 10.000143176,
    "slowest": 0.005918412,
    "fastest": 0.000217948,
    "average": 0.0009093807178515335,
    "requestsPerSec": 54881.314231295364,
    "totalData": 7134673,
    "sizePerRequest": 13,
    "sizePerSec": 713457.0850068397
  },
  "responseTimeHistogram": {
    "0.000217948": 1,
    "0.0007879944": 128068,
    "0.0013580407999999999": 418052,
    "0.0019280871999999998": 2277,
    "0.0024981336": 223,
    "0.0030681799999999998": 110,
    "0.0036382263999999997": 40,
    "0.0042082728": 1,
    "0.0047783192": 2,
    "0.005348365599999999": 1,
    "0.005918412": 46
  },
  "latencyPercentiles": {
    "p10": 0.000690961,
    "p25": 0.000795447,
    "p50": 0.000914158,
    "p75": 0.00103318,
    "p90": 0.001098945,
    "p95": 0.001142775,
    "p99": 0.00126832
  },
  "rps": {
    "mean": 54883.93145355125,
    "stddev": 7157.4463537156735,
    "max": 81247.50541641648,
    "percentiles": {
      "p10": 48235.146338400395,
      "p25": 49306.0202650743,
      "p50": 52031.81745637468,
      "p75": 60706.447024669564,
      "p90": 61885.37706620295,
      "p95": 66952.18880959027,
      "p99": 74236.63577975713
    }
  },
  "details": {
    "DNSDialup": {
      "average": 0.00109273876,
      "fastest": 0.000118982,
      "slowest": 0.002381617
    },
    "DNSLookup": {
      "average": 0.000010469159999999997,
      "fastest": 0.000004768,
      "slowest": 0.000033192
    }
  },
  "statusCodeDistribution": {
    "200": 548821
  },
  "errorDistribution": {}
}