{
  "summary": {
    "successRate": 1,
    "total": 10.000247001,
    "slowest": 0.006900764,
    "fastest": 0.000172098,
    "average": 0.0009474562613220015,
    "requestsPerSec": 52679.29881605131,
    "totalData": 6848478,
    "sizePerRequest": 13,
    "sizePerSec": 684830.8846086671
  },
  "responseTimeHistogram": {
    "0.000172098": 1,
    "0.0008449646": 118645,
    "0.0015178312000000002": 406778,
    "0.0021906978": 1055,
    "0.0028635644": 243,
    "0.003536431": 33,
    "0.0042092976": 1,
    "0.0048821642": 0,
    "0.0055550308": 11,
    "0.006227897400000001": 26,
    "0.006900764": 13
  },
  "latencyPercentiles": {
    "p10": 0.000639192,
    "p25": 0.000868217,
    "p50": 0.00097963,
    "p75": 0.001066036,
    "p90": 0.001123539,
    "p95": 0.001170587,
    "p99": 0.001299848
  },
  "rps": {
    "mean": 52668.093913431716,
    "stddev": 7057.105824112384,
    "max": 80482.98622787402,
    "percentiles": {
      "p10": 47806.51291076428,
      "p25": 48729.89579106678,
      "p50": 49759.1806442239,
      "p75": 55521.29241563893,
      "p90": 62717.64247282923,
      "p95": 66905.76869161282,
      "p99": 76156.00512617195
    }
  },
  "details": {
    "DNSDialup": {
      "average": 0.00078815486,
      "fastest": 0.000079208,
      "slowest": 0.001187499
    },
    "DNSLookup": {
      "average": 0.000007656460000000003,
      "fastest": 0.000004118,
      "slowest": 0.000025999
    }
  },
  "statusCodeDistribution": {
    "200": 526806
  },
  "errorDistribution": {}
}