{
  "summary": {
    "successRate": 1,
    "total": 10.000402854,
    "slowest": 0.00727397,
    "fastest": 0.000063638,
    "average": 0.0008782143864269901,
    "requestsPerSec": 56828.11065683094,
    "totalData": 7387952,
    "sizePerRequest": 13,
    "sizePerSec": 738765.4385388022
  },
  "responseTimeHistogram": {
    "0.000063638": 1,
    "0.0007846712": 160885,
    "0.0015057044": 406286,
    "0.0022267376": 813,
    "0.0029477708": 181,
    "0.003668804": 37,
    "0.004389837200000001": 47,
    "0.0051108704": 21,
    "0.0058319036000000005": 15,
    "0.006552936800000001": 17,
    "0.00727397": 1
  },
  "latencyPercentiles": {
    "p10": 0.000585919,
    "p25": 0.000763046,
    "p50": 0.000905253,
    "p75": 0.001012108,
    "p90": 0.001075627,
    "p95": 0.001121995,
    "p99": 0.001250484
  },
  "rps": {
    "mean": 56827.35338763939,
    "stddev": 9122.566360644283,
    "max": 86650.10108844838,
    "percentiles": {
      "p10": 49544.51143094157,
      "p25": 50762.6994878376,
      "p50": 52500.409503191826,
      "p75": 62029.75454543268,
      "p90": 69907.31230486512,
      "p95": 77790.11985385133,
      "p99": 82508.17637982169
    }
  },
  "details": {
    "DNSDialup": {
      "average": 0.0009100038200000001,
      "fastest": 0.000123099,
      "slowest": 0.001197739
    },
    "DNSLookup": {
      "average": 0.000009279080000000001,
      "fastest": 0.000004278,
      "slowest": 0.000033522
    }
  },
  "statusCodeDistribution": {
    "200": 568304
  },
  "errorDistribution": {}
}