{
  "summary": {
    "successRate": 1,
    "total": 10.000411337,
    "slowest": 0.006770386,
    "fastest": 0.000175996,
    "average": 0.0010458498119698967,
    "requestsPerSec": 47724.43691732918,
    "totalData": 6204432,
    "sizePerRequest": 13,
    "sizePerSec": 620417.6799252793
  },
  "responseTimeHistogram": {
    "0.000175996": 1,
    "0.0008354349999999999": 17502,
    "0.0014948739999999998": 458195,
    "0.0021543129999999997": 1253,
    "0.0028137519999999997": 163,
    "0.0034731909999999996": 100,
    "0.00413263": 3,
    "0.004792069": 0,
    "0.005451508": 9,
    "0.006110946999999999": 24,
    "0.006770386": 14
  },
  "latencyPercentiles": {
    "p10": 0.000912212,
    "p25": 0.000971224,
    "p50": 0.001053253,
    "p75": 0.001114882,
    "p90": 0.001174961,
    "p95": 0.001226127,
    "p99": 0.001346432
  },
  "rps": {
    "mean": 47724.84742881642,
    "stddev": 2907.386040837868,
    "max": 64136.405306803725,
    "percentiles": {
      "p10": 45855.83428505807,
      "p25": 46742.67138470678,
      "p50": 47605.79435680113,
      "p75": 48491.8190887706,
      "p90": 49678.1486957119,
      "p95": 51964.18069825308,
      "p99": 56454.79012855647
    }
  },
  "details": {
    "DNSDialup": {
      "average": 0.0008441307400000001,
      "fastest": 0.000148779,
      "slowest": 0.001527513
    },
    "DNSLookup": {
      "average": 0.00000897036,
      "fastest": 0.000004108,
      "slowest": 0.000032731
    }
  },
  "statusCodeDistribution": {
    "200": 477264
  },
  "errorDistribution": {}
}