{
  "summary": {
    "successRate": 1,
    "total": 10.00060609,
    "slowest": 0.010090271,
    "fastest": 0.00013706,
    "average": 0.0009752041202846107,
    "requestsPerSec": 51185.49769817001,
    "totalData": 6654518,
    "sizePerRequest": 13,
    "sizePerSec": 665411.4700762102
  },
  "responseTimeHistogram": {
    "0.00013706": 1,
    "0.0011323811": 445220,
    "0.0021277022": 66400,
    "0.0031230233": 155,
    "0.0041183444": 54,
    "0.0051136655": 18,
    "0.0061089866": 18,
    "0.0071043077": 19,
    "0.0080996288": 0,
    "0.0090949499": 0,
    "0.010090271": 1
  },
  "latencyPercentiles": {
    "p10": 0.000759184,
    "p25": 0.000882856,
    "p50": 0.000984626,
    "p75": 0.001082404,
    "p90": 0.001152091,
    "p95": 0.001203693,
    "p99": 0.001363397
  },
  "rps": {
    "mean": 51184.202774041165,
    "stddev": 4211.616231468448,
    "max": 65120.378874819384,
    "percentiles": {
      "p10": 47421.07073569537,
      "p25": 48806.04186529821,
      "p50": 50508.29621358505,
      "p75": 53660.50393331814,
      "p90": 56686.78179425076,
      "p95": 57781.6044273286,
      "p99": 60049.81131848858
    }
  },
  "details": {
    "DNSDialup": {
      "average": 0.0009825482000000003,
      "fastest": 0.000135213,
      "slowest": 0.001880979
    },
    "DNSLookup": {
      "average": 0.0000073384799999999996,
      "fastest": 0.000003006,
      "slowest": 0.000028714
    }
  },
  "statusCodeDistribution": {
    "200": 511886
  },
  "errorDistribution": {}
}