{
  "summary": {
    "successRate": 1,
    "total": 10.000453262,
    "slowest": 0.006595507,
    "fastest": 0.000101109,
    "average": 0.0009960413437788776,
    "requestsPerSec": 50111.62863029837,
    "totalData": 6514807,
    "sizePerRequest": 13,
    "sizePerSec": 651451.1721938789
  },
  "responseTimeHistogram": {
    "0.000101109": 1,
    "0.0007505488": 40839,
    "0.0013999886": 457529,
    "0.0020494284": 2406,
    "0.0026988681999999997": 195,
    "0.003348308": 54,
    "0.0039977478": 65,
    "0.0046471876": 3,
    "0.0052966274": 15,
    "0.0059460672": 16,
    "0.0065955070000000005": 16
  },
  "latencyPercentiles": {
    "p10": 0.000811021,
    "p25": 0.000930831,
    "p50": 0.001017508,
    "p75": 0.001087008,
    "p90": 0.001143903,
    "p95": 0.001189289,
    "p99": 0.001318921
  },
  "rps": {
    "mean": 50125.087643324616,
    "stddev": 5234.084224393351,
    "max": 81026.73372900391,
    "percentiles": {
      "p10": 47252.58267399919,
      "p25": 48107.220893856465,
      "p50": 48855.641690322016,
      "p75": 50100.701409818765,
      "p90": 55003.968216044785,
      "p95": 61011.29069536024,
      "p99": 70544.18489671484
    }
  },
  "details": {
    "DNSDialup": {
      "average": 0.0010613245999999998,
      "fastest": 0.000169305,
      "slowest": 0.001656127
    },
    "DNSLookup": {
      "average": 0.000008324479999999998,
      "fastest": 0.000004369,
      "slowest": 0.000036268
    }
  },
  "statusCodeDistribution": {
    "200": 501139
  },
  "errorDistribution": {}
}