{
  "summary": {
    "successRate": 1,
    "total": 10.000584766,
    "slowest": 0.006255516,
    "fastest": 0.000306894,
    "average": 0.0010253157461115677,
    "requestsPerSec": 48679.553385228515,
    "totalData": 6328712,
    "sizePerRequest": 13,
    "sizePerSec": 632834.1940079707
  },
  "responseTimeHistogram": {
    "0.000306894": 1,
    "0.0009017561999999999": 73195,
    "0.0014966184": 411492,
    "0.0020914806": 1814,
    "0.0026863428": 185,
    "0.0032812049999999997": 60,
    "0.0038760672": 28,
    "0.0044709294": 0,
    "0.0050657916": 8,
    "0.0056606538": 10,
    "0.006255516": 31
  },
  "latencyPercentiles": {
    "p10": 0.000852337,
    "p25": 0.000951559,
    "p50": 0.001038415,
    "p75": 0.001111183,
    "p90": 0.001167167,
    "p95": 0.001210939,
    "p99": 0.001344623
  },
  "rps": {
    "mean": 48674.38950594917,
    "stddev": 4306.246402875001,
    "max": 76810.97628851069,
    "percentiles": {
      "p10": 45944.03247737106,
      "p25": 46842.50957744004,
      "p50": 47709.44647039983,
      "p75": 49105.31617159185,
      "p90": 54698.528005191045,
      "p95": 57625.62865581439,
      "p99": 60142.61705843881
    }
  },
  "details": {
    "DNSDialup": {
      "average": 0.00070154842,
      "fastest": 0.00008096,
      "slowest": 0.001638742
    },
    "DNSLookup": {
      "average": 0.000007100340000000001,
      "fastest": 0.000003727,
      "slowest": 0.000030547
    }
  },
  "statusCodeDistribution": {
    "200": 486824
  },
  "errorDistribution": {}
}