{
  "summary": {
    "successRate": 1,
    "total": 10.000699498,
    "slowest": 0.009051821,
    "fastest": 0.000163583,
    "average": 0.0009669906078164964,
    "requestsPerSec": 51612.78969568335,
    "totalData": 6710132,
    "sizePerRequest": 13,
    "sizePerSec": 670966.2660438835
  },
  "responseTimeHistogram": {
    "0.000163583": 1,
    "0.0010524068": 360422,
    "0.0019412306": 155221,
    "0.0028300544000000004": 405,
    "0.0037188782": 56,
    "0.004607702": 14,
    "0.005496525800000001": 8,
    "0.0063853496000000004": 33,
    "0.0072741734": 3,
    "0.008162997200000001": 0,
    "0.009051821": 1
  },
  "latencyPercentiles": {
    "p10": 0.000753097,
    "p25": 0.000877479,
    "p50": 0.00097714,
    "p75": 0.001069277,
    "p90": 0.001140711,
    "p95": 0.001198478,
    "p99": 0.001369148
  },
  "rps": {
    "mean": 51613.458620462065,
    "stddev": 4358.209536381348,
    "max": 63000.03150000851,
    "percentiles": {
      "p10": 47549.28664509456,
      "p25": 49285.416666038924,
      "p50": 51125.31325532067,
      "p75": 54121.34545864722,
      "p90": 57457.3181370587,
      "p95": 58459.10876211121,
      "p99": 60423.686084942165
    }
  },
  "details": {
    "DNSDialup": {
      "average": 0.0008369984,
      "fastest": 0.000143086,
      "slowest": 0.001169807
    },
    "DNSLookup": {
      "average": 0.0000071833599999999994,
      "fastest": 0.000003306,
      "slowest": 0.000030047
    }
  },
  "statusCodeDistribution": {
    "200": 516164
  },
  "errorDistribution": {}
}