{
  "summary": {
    "successRate": 1,
    "total": 10.000626177,
    "slowest": 0.007309612,
    "fastest": 0.00015306,
    "average": 0.0010113160349957003,
    "requestsPerSec": 49348.609903549645,
    "totalData": 6415721,
    "sizePerRequest": 13,
    "sizePerSec": 641531.9287461455
  },
  "responseTimeHistogram": {
    "0.00015306": 1,
    "0.0008687152": 69672,
    "0.0015843704": 422478,
    "0.0023000256": 1147,
    "0.0030156808": 113,
    "0.003731336": 56,
    "0.0044469912": 0,
    "0.0051626464": 18,
    "0.0058783016": 7,
    "0.0065939568": 24,
    "0.007309612": 1
  },
  "latencyPercentiles": {
    "p10": 0.000808001,
    "p25": 0.000940841,
    "p50": 0.001029927,
    "p75": 0.001105458,
    "p90": 0.001164898,
    "p95": 0.001218229,
    "p99": 0.001354504
  },
  "rps": {
    "mean": 49348.72023518917,
    "stddev": 4821.0505781942975,
    "max": 78013.50413756272,
    "percentiles": {
      "p10": 46342.23467707666,
      "p25": 47219.38355694447,
      "p50": 48128.92066842975,
      "p75": 50204.55355300607,
      "p90": 55028.93421360492,
      "p95": 57912.6770850141,
      "p99": 66621.28259012286
    }
  },
  "details": {
    "DNSDialup": {
      "average": 0.0008833470800000002,
      "fastest": 0.000106215,
      "slowest": 0.00183595
    },
    "DNSLookup": {
      "average": 0.000007780599999999996,
      "fastest": 0.000003347,
      "slowest": 0.000027923
    }
  },
  "statusCodeDistribution": {
    "200": 493517
  },
  "errorDistribution": {}
}