{
  "summary": {
    "successRate": 1,
    "total": 10.000202827,
    "slowest": 0.00749098,
    "fastest": 0.000070491,
    "average": 0.0009591528100734241,
    "requestsPerSec": 52036.944550264765,
    "totalData": 6764940,
    "sizePerRequest": 13,
    "sizePerSec": 676480.279153442
  },
  "responseTimeHistogram": {
    "0.000070491": 1,
    "0.0008125399": 98229,
    "0.0015545888": 420972,
    "0.0022966376999999996": 932,
    "0.0030386866": 126,
    "0.0037807355": 67,
    "0.0045227843999999994": 5,
    "0.0052648333": 9,
    "0.0060068822": 29,
    "0.0067489311": 9,
    "0.00749098": 1
  },
  "latencyPercentiles": {
    "p10": 0.000649544,
    "p25": 0.00087629,
    "p50": 0.000990049,
    "p75": 0.00107842,
    "p90": 0.001138705,
    "p95": 0.001188016,
    "p99": 0.001309121
  },
  "rps": {
    "mean": 52024.32404434303,
    "stddev": 6621.7605634876345,
    "max": 75873.81004241246,
    "percentiles": {
      "p10": 46894.17366616803,
      "p25": 48032.6557747763,
      "p50": 49363.91145616273,
      "p75": 55962.75087208841,
      "p90": 61107.84013588814,
      "p95": 64921.28594640858,
      "p99": 71593.80442858825
    }
  },
  "details": {
    "DNSDialup": {
      "average": 0.0008391701199999999,
      "fastest": 0.000100647,
      "slowest": 0.001829815
    },
    "DNSLookup": {
      "average": 0.000041159420000000006,
      "fastest": 0.000003317,
      "slowest": 0.00173919
    }
  },
  "statusCodeDistribution": {
    "200": 520380
  },
  "errorDistribution": {}
}