{
  "summary": {
    "successRate": 1,
    "total": 10.000331471,
    "slowest": 0.008668476,
    "fastest": 0.000129863,
    "average": 0.0009339519012772124,
    "requestsPerSec": 53442.82852521859,
    "totalData": 6947798,
    "sizePerRequest": 13,
    "sizePerSec": 694756.7708278416
  },
  "responseTimeHistogram": {
    "0.000129863": 1,
    "0.0009837243": 306579,
    "0.0018375856": 227246,
    "0.0026914469": 470,
    "0.0035453082": 45,
    "0.0043991695": 5,
    "0.0052530308": 29,
    "0.0061068921000000005": 58,
    "0.0069607534": 11,
    "0.0078146147": 1,
    "0.008668476": 1
  },
  "latencyPercentiles": {
    "p10": 0.000695282,
    "p25": 0.000826388,
    "p50": 0.000951031,
    "p75": 0.001050675,
    "p90": 0.001113987,
    "p95": 0.001165731,
    "p99": 0.001301143
  },
  "rps": {
    "mean": 53435.74438226167,
    "stddev": 7326.937548039797,
    "max": 80113.45104843033,
    "percentiles": {
      "p10": 48049.85717785587,
      "p25": 49106.31016085544,
      "p50": 50248.87766619393,
      "p75": 59672.208025140644,
      "p90": 61868.771822652154,
      "p95": 68089.2649254434,
      "p99": 76178.97516565415
    }
  },
  "details": {
    "DNSDialup": {
      "average": 0.0008783984199999999,
      "fastest": 0.000085527,
      "slowest": 0.001214374
    },
    "DNSLookup": {
      "average": 0.00000774106,
      "fastest": 0.000003427,
      "slowest": 0.000030448
    }
  },
  "statusCodeDistribution": {
    "200": 534446
  },
  "errorDistribution": {}
}