{
  "summary": {
    "successRate": 1,
    "total": 10.00039206,
    "slowest": 0.007311469,
    "fastest": 0.000181269,
    "average": 0.0009658382050768628,
    "requestsPerSec": 51679.57385062762,
    "totalData": 6718608,
    "sizePerRequest": 13,
    "sizePerSec": 671834.460058159
  },
  "responseTimeHistogram": {
    "0.000181269": 1,
    "0.0008942889999999999": 125454,
    "0.001607309": 390441,
    "0.002320329": 663,
    "0.003033349": 140,
    "0.003746369": 17,
    "0.004459389": 2,
    "0.005172409": 16,
    "0.005885429": 58,
    "0.006598449": 23,
    "0.007311469": 1
  },
  "latencyPercentiles": {
    "p10": 0.000684724,
    "p25": 0.0008979,
    "p50": 0.000993241,
    "p75": 0.00106935,
    "p90": 0.001130935,
    "p95": 0.001179766,
    "p99": 0.001305209
  },
  "rps": {
    "mean": 51681.23135001581,
    "stddev": 6666.152478458096,
    "max": 79827.79603858499,
    "percentiles": {
      "p10": 47601.79934801727,
      "p25": 48591.37121443149,
      "p50": 49603.57641786592,
      "p75": 51377.96924791326,
      "p90": 60419.84792004314,
      "p95": 67022.32244068325,
      "p99": 76406.89190165135
    }
  },
  "details": {
    "DNSDialup": {
      "average": 0.0009810201799999997,
      "fastest": 0.000115345,
      "slowest": 0.002137711
    },
    "DNSLookup": {
      "average": 0.000008728640000000003,
      "fastest": 0.000004599,
      "slowest": 0.00003749
    }
  },
  "statusCodeDistribution": {
    "200": 516816
  },
  "errorDistribution": {}
}