{
  "summary": {
    "successRate": 1,
    "total": 10.000403319,
    "slowest": 0.00600992,
    "fastest": 0.000069811,
    "average": 0.000990670179368215,
    "requestsPerSec": 50381.46801966998,
    "totalData": 6549855,
    "sizePerRequest": 13,
    "sizePerSec": 654959.0842557097
  },
  "responseTimeHistogram": {
    "0.000069811": 1,
    "0.0006638219": 18737,
    "0.0012578327999999998": 474144,
    "0.0018518436999999997": 10349,
    "0.0024458545999999997": 386,
    "0.0030398654999999994": 110,
    "0.0036338763999999996": 7,
    "0.0042278873": 20,
    "0.0048218982": 35,
    "0.0054159091": 11,
    "0.006009919999999999": 35
  },
  "latencyPercentiles": {
    "p10": 0.000794719,
    "p25": 0.000904788,
    "p50": 0.001003609,
    "p75": 0.001093013,
    "p90": 0.001150854,
    "p95": 0.001194016,
    "p99": 0.001332205
  },
  "rps": {
    "mean": 50379.553459331924,
    "stddev": 4866.612709212202,
    "max": 73326.6909154889,
    "percentiles": {
      "p10": 46236.0641300219,
      "p25": 47431.18125855793,
      "p50": 48709.918802767854,
      "p75": 53501.77090861268,
      "p90": 57880.749433534096,
      "p95": 58516.489946860565,
      "p99": 60725.62621425899
    }
  },
  "details": {
    "DNSDialup": {
      "average": 0.0009239719999999999,
      "fastest": 0.000113473,
      "slowest": 0.002104353
    },
    "DNSLookup": {
      "average": 0.000009102240000000002,
      "fastest": 0.000004348,
      "slowest": 0.000038191
    }
  },
  "statusCodeDistribution": {
    "200": 503835
  },
  "errorDistribution": {}
}