{
  "summary": {
    "successRate": 1,
    "total": 10.000424363,
    "slowest": 0.008115007,
    "fastest": 0.0001235,
    "average": 0.0009902601134842324,
    "requestsPerSec": 50403.961042388015,
    "totalData": 6552793,
    "sizePerRequest": 13,
    "sizePerSec": 655251.4935510441
  },
  "responseTimeHistogram": {
    "0.0001235": 1,
    "0.0009226507": 164807,
    "0.0017218014": 338303,
    "0.0025209521": 748,
    "0.0033201028": 101,
    "0.0041192535": 50,
    "0.0049184042": 7,
    "0.0057175549": 11,
    "0.0065167056000000004": 32,
    "0.0073158563000000005": 0,
    "0.008115007": 1
  },
  "latencyPercentiles": {
    "p10": 0.000805613,
    "p25": 0.000889198,
    "p50": 0.000987401,
    "p75": 0.001094923,
    "p90": 0.001164052,
    "p95": 0.001219187,
    "p99": 0.001376216
  },
  "rps": {
    "mean": 50401.564636673465,
    "stddev": 4815.922101032306,
    "max": 62248.09910617972,
    "percentiles": {
      "p10": 45956.892234401224,
      "p25": 47329.82571193012,
      "p50": 48745.557598130734,
      "p75": 55403.23000830728,
      "p90": 56806.78272985527,
      "p95": 57252.3450530321,
      "p99": 59617.742240093175
    }
  },
  "details": {
    "DNSDialup": {
      "average": 0.00087677804,
      "fastest": 0.000104239,
      "slowest": 0.002032166
    },
    "DNSLookup": {
      "average": 0.000008777939999999999,
      "fastest": 0.000004017,
      "slowest": 0.000027301
    }
  },
  "statusCodeDistribution": {
    "200": 504061
  },
  "errorDistribution": {}
}