{
  "summary": {
    "successRate": 1,
    "total": 10.000356981,
    "slowest": 0.021890699,
    "fastest": 0.000122307,
    "average": 0.0009827564711682953,
    "requestsPerSec": 50787.68697607156,
    "totalData": 6602635,
    "sizePerRequest": 13,
    "sizePerSec": 660239.9306889303
  },
  "responseTimeHistogram": {
    "0.000122307": 1,
    "0.0022991462": 507589,
    "0.0044759854": 254,
    "0.0066528246": 28,
    "0.0088296638": 20,
    "0.011006502999999999": 0,
    "0.0131833422": 0,
    "0.0153601814": 1,
    "0.017537020599999998": 1,
    "0.019713859799999997": 0,
    "0.021890698999999996": 1
  },
  "latencyPercentiles": {
    "p10": 0.00070301,
    "p25": 0.000914419,
    "p50": 0.001009334,
    "p75": 0.001086722,
    "p90": 0.001149336,
    "p95": 0.001197467,
    "p99": 0.001329314
  },
  "rps": {
    "mean": 50785.958362448146,
    "stddev": 5484.344901145491,
    "max": 76808.31065921357,
    "percentiles": {
      "p10": 46776.022851592184,
      "p25": 47894.02347851013,
      "p50": 49020.711250502594,
      "p75": 52754.58306696375,
      "p90": 58121.89905889638,
      "p95": 62011.35427897019,
      "p99": 67182.50474910991
    }
  },
  "details": {
    "DNSDialup": {
      "average": 0.0011032278599999998,
      "fastest": 0.000141234,
      "slowest": 0.001928699
    },
    "DNSLookup": {
      "average": 0.00000910208,
      "fastest": 0.000004378,
      "slowest": 0.000029075
    }
  },
  "statusCodeDistribution": {
    "200": 507895
  },
  "errorDistribution": {}
}