{
  "summary": {
    "successRate": 1,
    "total": 10.000400284,
    "slowest": 0.008047235,
    "fastest": 0.000134431,
    "average": 0.0010371384682121498,
    "requestsPerSec": 48124.97363430538,
    "totalData": 6256497,
    "sizePerRequest": 13,
    "sizePerSec": 625624.65724597
  },
  "responseTimeHistogram": {
    "0.000134431": 1,
    "0.0009257113999999999": 76220,
    "0.0017169917999999998": 404333,
    "0.0025082722": 461,
    "0.0032995525999999996": 147,
    "0.0040908329999999994": 10,
    "0.0048821134": 52,
    "0.005673393799999999": 19,
    "0.006464674199999999": 19,
    "0.0072559545999999996": 6,
    "0.008047235": 1
  },
  "latencyPercentiles": {
    "p10": 0.000878242,
    "p25": 0.000964557,
    "p50": 0.001051051,
    "p75": 0.001121467,
    "p90": 0.001172112,
    "p95": 0.001210323,
    "p99": 0.001332702
  },
  "rps": {
    "mean": 48123.34275836214,
    "stddev": 3624.343151880448,
    "max": 73464.11082482201,
    "percentiles": {
      "p10": 45542.40346146508,
      "p25": 46500.60450786005,
      "p50": 47557.88269903324,
      "p75": 49460.3515209278,
      "p90": 51968.526573657706,
      "p95": 54103.53073988618,
      "p99": 57216.66721515778
    }
  },
  "details": {
    "DNSDialup": {
      "average": 0.00103123076,
      "fastest": 0.000120622,
      "slowest": 0.001769111
    },
    "DNSLookup": {
      "average": 0.000009143359999999998,
      "fastest": 0.000004248,
      "slowest": 0.000032029
    }
  },
  "statusCodeDistribution": {
    "200": 481269
  },
  "errorDistribution": {}
}