{
  "summary": {
    "successRate": 1,
    "total": 10.000424949,
    "slowest": 0.00678492,
    "fastest": 0.000111371,
    "average": 0.0009356478194520219,
    "requestsPerSec": 53346.43304866224,
    "totalData": 6935331,
    "sizePerRequest": 13,
    "sizePerSec": 693503.6296326092
  },
  "responseTimeHistogram": {
    "0.000111371": 1,
    "0.0007787259": 68816,
    "0.0014460808": 462349,
    "0.0021134356999999997": 1874,
    "0.0027807905999999998": 286,
    "0.0034481455": 54,
    "0.0041155003999999995": 17,
    "0.0047828553": 45,
    "0.0054502102": 42,
    "0.0061175651": 2,
    "0.00678492": 1
  },
  "latencyPercentiles": {
    "p10": 0.00076571,
    "p25": 0.000826304,
    "p50": 0.000926278,
    "p75": 0.001040996,
    "p90": 0.001110965,
    "p95": 0.0011607,
    "p99": 0.001305921
  },
  "rps": {
    "mean": 53342.39652204998,
    "stddev": 6005.546167655742,
    "max": 77532.42690142774,
    "percentiles": {
      "p10": 47898.767258085725,
      "p25": 48882.73716719826,
      "p50": 50515.46953070249,
      "p75": 59268.72026598197,
      "p90": 60012.51030022967,
      "p95": 60344.449721667326,
      "p99": 66436.72678372041
    }
  },
  "details": {
    "DNSDialup": {
      "average": 0.0009519680199999999,
      "fastest": 0.000168926,
      "slowest": 0.002119254
    },
    "DNSLookup": {
      "average": 0.000009059240000000002,
      "fastest": 0.000003928,
      "slowest": 0.000071674
    }
  },
  "statusCodeDistribution": {
    "200": 533487
  },
  "errorDistribution": {}
}