{
  "summary": {
    "successRate": 1,
    "total": 10.000427802,
    "slowest": 0.006890236,
    "fastest": 0.000133769,
    "average": 0.0009320665967924228,
    "requestsPerSec": 53552.00903434311,
    "totalData": 6962059,
    "sizePerRequest": 13,
    "sizePerSec": 696176.1174464604
  },
  "responseTimeHistogram": {
    "0.000133769": 1,
    "0.0008094157": 129055,
    "0.0014850624": 404718,
    "0.0021607091000000003": 1432,
    "0.0028363558000000003": 216,
    "0.0035120025000000003": 51,
    "0.0041876492": 23,
    "0.0048632959": 1,
    "0.0055389426": 30,
    "0.0062145893": 15,
    "0.006890236": 1
  },
  "latencyPercentiles": {
    "p10": 0.000615047,
    "p25": 0.000821899,
    "p50": 0.000970845,
    "p75": 0.001065293,
    "p90": 0.001125424,
    "p95": 0.001172713,
    "p99": 0.001307213
  },
  "rps": {
    "mean": 53543.20462942152,
    "stddev": 8002.179462653784,
    "max": 81595.97273825313,
    "percentiles": {
      "p10": 47702.57484669455,
      "p25": 48691.33520657914,
      "p50": 49905.98652988435,
      "p75": 58144.74819821169,
      "p90": 64631.28800652232,
      "p95": 70035.44855750962,
      "p99": 78845.94446593603
    }
  },
  "details": {
    "DNSDialup": {
      "average": 0.0009394526800000001,
      "fastest": 0.000102231,
      "slowest": 0.001959298
    },
    "DNSLookup": {
      "average": 0.000007529680000000002,
      "fastest": 0.000003997,
      "slowest": 0.000028904
    }
  },
  "statusCodeDistribution": {
    "200": 535543
  },
  "errorDistribution": {}
}