{
  "summary": {
    "successRate": 1,
    "total": 10.000842053,
    "slowest": 0.006546374,
    "fastest": 0.000197547,
    "average": 0.0009902423220509967,
    "requestsPerSec": 50404.85564400904,
    "totalData": 6553183,
    "sizePerRequest": 13,
    "sizePerSec": 655263.1233721175
  },
  "responseTimeHistogram": {
    "0.000197547": 1,
    "0.0008324297": 70676,
    "0.0014673123999999998": 431436,
    "0.0021021951": 1633,
    "0.0027370778": 203,
    "0.0033719605": 69,
    "0.0040068432": 23,
    "0.0046417259": 0,
    "0.0052766086": 19,
    "0.005911491299999999": 17,
    "0.006546374": 14
  },
  "latencyPercentiles": {
    "p10": 0.000760523,
    "p25": 0.000923664,
    "p50": 0.001010561,
    "p75": 0.001090299,
    "p90": 0.001141273,
    "p95": 0.001180878,
    "p99": 0.001307942
  },
  "rps": {
    "mean": 50404.53202047212,
    "stddev": 4315.931134246575,
    "max": 65045.649036493916,
    "percentiles": {
      "p10": 46809.684923810666,
      "p25": 47974.964574092104,
      "p50": 49633.53738120938,
      "p75": 52556.05628963786,
      "p90": 55820.09134451824,
      "p95": 58293.415197855014,
      "p99": 62288.34750518692
    }
  },
  "details": {
    "DNSDialup": {
      "average": 0.00072140876,
      "fastest": 0.000083996,
      "slowest": 0.001150787
    },
    "DNSLookup": {
      "average": 0.000006886580000000001,
      "fastest": 0.000003286,
      "slowest": 0.000033662
    }
  },
  "statusCodeDistribution": {
    "200": 504091
  },
  "errorDistribution": {}
}