{
  "summary": {
    "successRate": 1,
    "total": 10.00015376,
    "slowest": 0.006419479,
    "fastest": 0.000103012,
    "average": 0.0009999702869177326,
    "requestsPerSec": 49915.63249723472,
    "totalData": 6489132,
    "sizePerRequest": 13,
    "sizePerSec": 648903.2224640514
  },
  "responseTimeHistogram": {
    "0.000103012": 1,
    "0.0007346586999999999": 41691,
    "0.0013663053999999999": 453638,
    "0.0019979521": 3234,
    "0.0026295987999999998": 193,
    "0.0032612454999999996": 153,
    "0.0038928922": 22,
    "0.0045245389": 67,
    "0.0051561856": 125,
    "0.0057878323": 35,
    "0.006419479": 5
  },
  "latencyPercentiles": {
    "p10": 0.000780454,
    "p25": 0.000929484,
    "p50": 0.001021534,
    "p75": 0.001098138,
    "p90": 0.001154364,
    "p95": 0.001197193,
    "p99": 0.001329783
  },
  "rps": {
    "mean": 49915.10347387761,
    "stddev": 4766.432858843728,
    "max": 75511.58347690632,
    "percentiles": {
      "p10": 46601.919999104466,
      "p25": 47547.54754754676,
      "p50": 48621.309058781684,
      "p75": 52013.77324715086,
      "p90": 56087.88972319633,
      "p95": 58212.040714764946,
      "p99": 62669.500476024325
    }
  },
  "details": {
    "DNSDialup": {
      "average": 0.0005455168000000001,
      "fastest": 0.000065406,
      "slowest": 0.001452464
    },
    "DNSLookup": {
      "average": 0.00000749596,
      "fastest": 0.000003787,
      "slowest": 0.000024386
    }
  },
  "statusCodeDistribution": {
    "200": 499164
  },
  "errorDistribution": {}
}