{
  "summary": {
    "successRate": 1,
    "total": 10.000350624,
    "slowest": 0.006951881,
    "fastest": 0.000089406,
    "average": 0.0009006784643829136,
    "requestsPerSec": 55415.25700809268,
    "totalData": 7204236,
    "sizePerRequest": 13,
    "sizePerSec": 720398.3411052049
  },
  "responseTimeHistogram": {
    "0.000089406": 1,
    "0.0007756535": 137477,
    "0.001461901": 414885,
    "0.0021481485000000005": 1389,
    "0.0028343960000000003": 233,
    "0.0035206435": 77,
    "0.004206891000000001": 33,
    "0.004893138500000001": 30,
    "0.005579386": 12,
    "0.0062656335": 25,
    "0.006951881": 10
  },
  "latencyPercentiles": {
    "p10": 0.00060616,
    "p25": 0.000778129,
    "p50": 0.000936925,
    "p75": 0.001034658,
    "p90": 0.001090419,
    "p95": 0.001129449,
    "p99": 0.001255799
  },
  "rps": {
    "mean": 55411.20931582193,
    "stddev": 7411.257031512823,
    "max": 80201.92392154562,
    "percentiles": {
      "p10": 48917.47531697116,
      "p25": 50145.391608481776,
      "p50": 53505.51106764088,
      "p75": 59545.905331833936,
      "p90": 66014.3713286385,
      "p95": 69803.56696227081,
      "p99": 74708.59895974999
    }
  },
  "details": {
    "DNSDialup": {
      "average": 0.00115039456,
      "fastest": 0.000130312,
      "slowest": 0.001940654
    },
    "DNSLookup": {
      "average": 0.000013954019999999999,
      "fastest": 0.000005109,
      "slowest": 0.000128318
    }
  },
  "statusCodeDistribution": {
    "200": 554172
  },
  "errorDistribution": {}
}