{
  "summary": {
    "successRate": 1,
    "total": 10.000301567,
    "slowest": 0.006645877,
    "fastest": 0.000296152,
    "average": 0.0009571554449990298,
    "requestsPerSec": 52148.427375520165,
    "totalData": 6779500,
    "sizePerRequest": 13,
    "sizePerSec": 677929.5558817622
  },
  "responseTimeHistogram": {
    "0.000296152": 1,
    "0.0009311244999999999": 175723,
    "0.001566097": 344836,
    "0.0022010695": 682,
    "0.002836042": 191,
    "0.0034710145": 12,
    "0.004105987": 7,
    "0.0047409595": 7,
    "0.005375932": 21,
    "0.0060109045": 19,
    "0.006645877": 1
  },
  "latencyPercentiles": {
    "p10": 0.000659546,
    "p25": 0.000896119,
    "p50": 0.000988513,
    "p75": 0.001065574,
    "p90": 0.001117517,
    "p95": 0.001158942,
    "p99": 0.00127014
  },
  "rps": {
    "mean": 52147.52355905211,
    "stddev": 5694.406265672634,
    "max": 75792.80070517573,
    "percentiles": {
      "p10": 47762.449402593986,
      "p25": 48722.52442304037,
      "p50": 50174.15660912772,
      "p75": 54704.288255130516,
      "p90": 60411.719392672865,
      "p95": 63832.23527881685,
      "p99": 69239.4387843338
    }
  },
  "details": {
    "DNSDialup": {
      "average": 0.0008624205800000001,
      "fastest": 0.00011219,
      "slowest": 0.001674978
    },
    "DNSLookup": {
      "average": 0.000006365279999999999,
      "fastest": 0.000003216,
      "slowest": 0.000024676
    }
  },
  "statusCodeDistribution": {
    "200": 521500
  },
  "errorDistribution": {}
}