{
  "summary": {
    "successRate": 1,
    "total": 10.00073727,
    "slowest": 0.007139503,
    "fastest": 0.000152264,
    "average": 0.0010229138732199396,
    "requestsPerSec": 48792.702660410956,
    "totalData": 6343519,
    "sizePerRequest": 13,
    "sizePerSec": 634305.1345853424
  },
  "responseTimeHistogram": {
    "0.000152264": 1,
    "0.0008509879": 58928,
    "0.0015497118000000001": 426906,
    "0.0022484357000000003": 1760,
    "0.0029471596": 262,
    "0.0036458835": 35,
    "0.0043446074000000005": 17,
    "0.0050433313": 14,
    "0.0057420552": 18,
    "0.0064407791": 18,
    "0.007139503": 4
  },
  "latencyPercentiles": {
    "p10": 0.000821269,
    "p25": 0.000945929,
    "p50": 0.001038238,
    "p75": 0.00111488,
    "p90": 0.001185206,
    "p95": 0.001246085,
    "p99": 0.0014051
  },
  "rps": {
    "mean": 48791.38707184432,
    "stddev": 4418.680286616277,
    "max": 66347.95630281321,
    "percentiles": {
      "p10": 45469.47484265484,
      "p25": 46724.26021691508,
      "p50": 47936.18702758706,
      "p75": 50122.31946885534,
      "p90": 54691.20305020522,
      "p95": 57400.157534881306,
      "p99": 61862.05385639648
    }
  },
  "details": {
    "DNSDialup": {
      "average": 0.0008114638399999999,
      "fastest": 0.000091059,
      "slowest": 0.001799685
    },
    "DNSLookup": {
      "average": 0.00000725748,
      "fastest": 0.000003957,
      "slowest": 0.00003243
    }
  },
  "statusCodeDistribution": {
    "200": 487963
  },
  "errorDistribution": {}
}