{
  "summary": {
    "successRate": 1,
    "total": 10.000598034,
    "slowest": 0.007243833,
    "fastest": 0.000142357,
    "average": 0.0009907864439278732,
    "requestsPerSec": 50370.48767357747,
    "totalData": 6548555,
    "sizePerRequest": 13,
    "sizePerSec": 654816.3397565071
  },
  "responseTimeHistogram": {
    "0.000142357": 1,
    "0.0008525045999999999": 81093,
    "0.0015626522": 421176,
    "0.0022727998": 1233,
    "0.0029829474": 124,
    "0.0036930949999999995": 45,
    "0.0044032426": 7,
    "0.0051133902": 6,
    "0.0058235377999999996": 0,
    "0.006533685399999999": 22,
    "0.007243832999999999": 28
  },
  "latencyPercentiles": {
    "p10": 0.000764634,
    "p25": 0.000919214,
    "p50": 0.001010035,
    "p75": 0.001091568,
    "p90": 0.001145944,
    "p95": 0.001190613,
    "p99": 0.001329273
  },
  "rps": {
    "mean": 50365.12546750095,
    "stddev": 4449.599376860719,
    "max": 66352.70508650134,
    "percentiles": {
      "p10": 46554.305597483275,
      "p25": 47924.75313499592,
      "p50": 49531.7052445272,
      "p75": 52659.79181695005,
      "p90": 55934.9266921061,
      "p95": 57812.27456491932,
      "p99": 61988.40665604357
    }
  },
  "details": {
    "DNSDialup": {
      "average": 0.0006114828600000001,
      "fastest": 0.000139819,
      "slowest": 0.000858219
    },
    "DNSLookup": {
      "average": 0.0000073838199999999975,
      "fastest": 0.000003637,
      "slowest": 0.000035316
    }
  },
  "statusCodeDistribution": {
    "200": 503735
  },
  "errorDistribution": {}
}