{
  "summary": {
    "successRate": 1,
    "total": 10.000907096,
    "slowest": 0.006138889,
    "fastest": 0.000096899,
    "average": 0.0009939155670983292,
    "requestsPerSec": 50213.54514940491,
    "totalData": 6528353,
    "sizePerRequest": 13,
    "sizePerSec": 652776.0869422639
  },
  "responseTimeHistogram": {
    "0.000096899": 1,
    "0.0007010979999999999": 26320,
    "0.0013052969999999998": 466823,
    "0.0019094959999999997": 8495,
    "0.002513695": 328,
    "0.0031178939999999995": 139,
    "0.0037220929999999997": 23,
    "0.004326292": 1,
    "0.0049304909999999995": 8,
    "0.005534689999999999": 22,
    "0.006138888999999999": 21
  },
  "latencyPercentiles": {
    "p10": 0.000790747,
    "p25": 0.000908256,
    "p50": 0.001004929,
    "p75": 0.001094386,
    "p90": 0.001159356,
    "p95": 0.001213598,
    "p99": 0.001377184
  },
  "rps": {
    "mean": 50213.61445778149,
    "stddev": 4403.90219630215,
    "max": 72183.72815446413,
    "percentiles": {
      "p10": 46522.6150041048,
      "p25": 47834.27079813107,
      "p50": 49120.16382725393,
      "p75": 52592.64123361525,
      "p90": 56705.21120890935,
      "p95": 57703.90078368895,
      "p99": 59769.94497950331
    }
  },
  "details": {
    "DNSDialup": {
      "average": 0.0008164256799999998,
      "fastest": 0.000090399,
      "slowest": 0.001986902
    },
    "DNSLookup": {
      "average": 0.000007678220000000002,
      "fastest": 0.000003807,
      "slowest": 0.000031418
    }
  },
  "statusCodeDistribution": {
    "200": 502181
  },
  "errorDistribution": {}
}