{
  "summary": {
    "successRate": 1,
    "total": 10.000314653,
    "slowest": 0.006557679,
    "fastest": 0.000113933,
    "average": 0.0009833260160718134,
    "requestsPerSec": 50764.402682840264,
    "totalData": 6599580,
    "sizePerRequest": 13,
    "sizePerSec": 659937.2348769234
  },
  "responseTimeHistogram": {
    "0.000113933": 1,
    "0.0007583076": 37254,
    "0.0014026822000000002": 467939,
    "0.0020470568": 2102,
    "0.0026914314000000003": 171,
    "0.003335806": 142,
    "0.0039801806": 1,
    "0.004624555200000001": 6,
    "0.005268929800000001": 20,
    "0.0059133044000000004": 23,
    "0.006557679": 1
  },
  "latencyPercentiles": {
    "p10": 0.000809735,
    "p25": 0.000914331,
    "p50": 0.001000513,
    "p75": 0.001070044,
    "p90": 0.001128112,
    "p95": 0.001171252,
    "p99": 0.001302846
  },
  "rps": {
    "mean": 50758.62502800207,
    "stddev": 4374.709080577538,
    "max": 71362.54927444072,
    "percentiles": {
      "p10": 47530.71910375598,
      "p25": 48715.96909466755,
      "p50": 49802.25604220066,
      "p75": 51798.40661288336,
      "p90": 56809.782644571555,
      "p95": 58935.259971952335,
      "p99": 62928.4234419442
    }
  },
  "details": {
    "DNSDialup": {
      "average": 0.0008400460600000004,
      "fastest": 0.000121518,
      "slowest": 0.00160872
    },
    "DNSLookup": {
      "average": 0.0000070382600000000015,
      "fastest": 0.000003306,
      "slowest": 0.000028554
    }
  },
  "statusCodeDistribution": {
    "200": 507660
  },
  "errorDistribution": {}
}