{
  "summary": {
    "successRate": 1,
    "total": 10.000397293,
    "slowest": 0.006091822,
    "fastest": 0.000240263,
    "average": 0.0009037045370642087,
    "requestsPerSec": 55229.00579026026,
    "totalData": 7180056,
    "sizePerRequest": 13,
    "sizePerSec": 717977.0752733833
  },
  "responseTimeHistogram": {
    "0.000240263": 1,
    "0.0008254189": 166268,
    "0.0014105748000000002": 384331,
    "0.0019957307": 1414,
    "0.0025808866000000003": 84,
    "0.0031660425000000006": 87,
    "0.0037511984000000004": 73,
    "0.0043363543": 7,
    "0.0049215102000000005": 3,
    "0.005506666100000001": 23,
    "0.006091822000000001": 21
  },
  "latencyPercentiles": {
    "p10": 0.000593489,
    "p25": 0.000756434,
    "p50": 0.000947553,
    "p75": 0.001050202,
    "p90": 0.001107741,
    "p95": 0.001150361,
    "p99": 0.001272967
  },
  "rps": {
    "mean": 55218.98213735368,
    "stddev": 8469.305081891835,
    "max": 82333.73981434017,
    "percentiles": {
      "p10": 47819.150978494996,
      "p25": 49084.32382590756,
      "p50": 51280.032747109086,
      "p75": 60485.84756344638,
      "p90": 67694.47774764811,
      "p95": 71760.83243372096,
      "p99": 79437.30305541836
    }
  },
  "details": {
    "DNSDialup": {
      "average": 0.0010617900800000003,
      "fastest": 0.000129464,
      "slowest": 0.001564752
    },
    "DNSLookup": {
      "average": 0.000008309239999999996,
      "fastest": 0.000004128,
      "slowest": 0.000026821
    }
  },
  "statusCodeDistribution": {
    "200": 552312
  },
  "errorDistribution": {}
}