{
  "summary": {
    "successRate": 1,
    "total": 10.000416009,
    "slowest": 0.005911151,
    "fastest": 0.000209263,
    "average": 0.0009318788778663556,
    "requestsPerSec": 53558.77190688578,
    "totalData": 6962930,
    "sizePerRequest": 13,
    "sizePerSec": 696264.0347895151
  },
  "responseTimeHistogram": {
    "0.000209263": 1,
    "0.0007794518": 77278,
    "0.0013496405999999998": 455105,
    "0.0019198293999999998": 2398,
    "0.0024900181999999997": 314,
    "0.0030602069999999997": 120,
    "0.0036303957999999996": 253,
    "0.0042005846000000005": 41,
    "0.0047707734": 3,
    "0.0053409621999999995": 15,
    "0.005911151": 82
  },
  "latencyPercentiles": {
    "p10": 0.000761887,
    "p25": 0.000821314,
    "p50": 0.000923563,
    "p75": 0.001036317,
    "p90": 0.001100948,
    "p95": 0.001148945,
    "p99": 0.001286627
  },
  "rps": {
    "mean": 53558.603455822085,
    "stddev": 6525.7554813364795,
    "max": 76832.07739231247,
    "percentiles": {
      "p10": 48220.03542472029,
      "p25": 49215.76380914861,
      "p50": 50634.90263838864,
      "p75": 60175.35700785627,
      "p90": 60932.39775588441,
      "p95": 61363.946054680426,
      "p99": 71762.41547660675
    }
  },
  "details": {
    "DNSDialup": {
      "average": 0.0012076327600000001,
      "fastest": 0.000165,
      "slowest": 0.002492784
    },
    "DNSLookup": {
      "average": 0.000011017579999999998,
      "fastest": 0.000004829,
      "slowest": 0.00004826
    }
  },
  "statusCodeDistribution": {
    "200": 535610
  },
  "errorDistribution": {}
}