{
  "summary": {
    "successRate": 1,
    "total": 10.000387249,
    "slowest": 0.007185131,
    "fastest": 0.000276281,
    "average": 0.0009316476534083791,
    "requestsPerSec": 53574.52533186398,
    "totalData": 6964958,
    "sizePerRequest": 13,
    "sizePerSec": 696468.8293142318
  },
  "responseTimeHistogram": {
    "0.000276281": 1,
    "0.000967166": 266642,
    "0.001658051": 268178,
    "0.0023489360000000003": 571,
    "0.0030398210000000003": 306,
    "0.0037307060000000003": 20,
    "0.004421591": 1,
    "0.0051124759999999995": 4,
    "0.005803361": 30,
    "0.006494246": 12,
    "0.007185131": 1
  },
  "latencyPercentiles": {
    "p10": 0.000614631,
    "p25": 0.000841679,
    "p50": 0.000968056,
    "p75": 0.001058204,
    "p90": 0.001115351,
    "p95": 0.001159576,
    "p99": 0.001285401
  },
  "rps": {
    "mean": 53564.08332499585,
    "stddev": 8212.693599736804,
    "max": 82374.21917147048,
    "percentiles": {
      "p10": 47823.51275154749,
      "p25": 48853.834754618096,
      "p50": 50101.78760142434,
      "p75": 57686.91136150051,
      "p90": 66682.30597025364,
      "p95": 71128.44426486011,
      "p99": 77755.42909931813
    }
  },
  "details": {
    "DNSDialup": {
      "average": 0.0009525542400000001,
      "fastest": 0.000104827,
      "slowest": 0.002081437
    },
    "DNSLookup": {
      "average": 0.00004777328,
      "fastest": 0.000004138,
      "slowest": 0.001970827
    }
  },
  "statusCodeDistribution": {
    "200": 535766
  },
  "errorDistribution": {}
}