{
  "summary": {
    "successRate": 1,
    "total": 10.000798388,
    "slowest": 0.006828727,
    "fastest": 0.000239803,
    "average": 0.000982057081079059,
    "requestsPerSec": 50820.442556850794,
    "totalData": 6607185,
    "sizePerRequest": 13,
    "sizePerSec": 660665.7532390603
  },
  "responseTimeHistogram": {
    "0.000239803": 1,
    "0.0008986954": 118170,
    "0.0015575877999999999": 388728,
    "0.0022164801999999995": 1084,
    "0.0028753725999999995": 156,
    "0.0035342649999999995": 50,
    "0.0041931574": 3,
    "0.0048520498": 3,
    "0.0055109422": 23,
    "0.006169834599999999": 18,
    "0.006828727": 9
  },
  "latencyPercentiles": {
    "p10": 0.000764223,
    "p25": 0.00090862,
    "p50": 0.001001004,
    "p75": 0.001084212,
    "p90": 0.001135806,
    "p95": 0.001176541,
    "p99": 0.0012977
  },
  "rps": {
    "mean": 50815.24563531493,
    "stddev": 4618.146406871305,
    "max": 69046.96313992474,
    "percentiles": {
      "p10": 47302.663139933466,
      "p25": 48155.55151735817,
      "p50": 49712.30379519286,
      "p75": 52933.745262604876,
      "p90": 57872.48528782318,
      "p95": 59276.787150068936,
      "p99": 63494.52213143064
    }
  },
  "details": {
    "DNSDialup": {
      "average": 0.0007397786399999998,
      "fastest": 0.000075693,
      "slowest": 0.001225773
    },
    "DNSLookup": {
      "average": 0.000006857020000000001,
      "fastest": 0.000003226,
      "slowest": 0.000028294
    }
  },
  "statusCodeDistribution": {
    "200": 508245
  },
  "errorDistribution": {}
}