{
  "summary": {
    "successRate": 1,
    "total": 10.000413468,
    "slowest": 0.006517742,
    "fastest": 0.000131397,
    "average": 0.0008797849945273311,
    "requestsPerSec": 56734.05422840663,
    "totalData": 7375732,
    "sizePerRequest": 13,
    "sizePerSec": 737542.7049692862
  },
  "responseTimeHistogram": {
    "0.000131397": 1,
    "0.0007700315": 189975,
    "0.0014086659999999998": 375326,
    "0.0020473005": 1729,
    "0.002685935": 162,
    "0.0033245695": 118,
    "0.003963204": 0,
    "0.0046018385": 5,
    "0.005240473": 18,
    "0.0058791074999999995": 27,
    "0.006517742": 3
  },
  "latencyPercentiles": {
    "p10": 0.000591168,
    "p25": 0.000680556,
    "p50": 0.000931586,
    "p75": 0.001042312,
    "p90": 0.001100063,
    "p95": 0.001137321,
    "p99": 0.001259761
  },
  "rps": {
    "mean": 56716.73544469187,
    "stddev": 8639.942894228378,
    "max": 82409.98809055764,
    "percentiles": {
      "p10": 48747.523961109386,
      "p25": 49789.97047665117,
      "p50": 54931.10198994523,
      "p75": 62756.74123691332,
      "p90": 68973.15858256487,
      "p95": 72396.11307972463,
      "p99": 79591.50512047177
    }
  },
  "details": {
    "DNSDialup": {
      "average": 0.0009282712800000002,
      "fastest": 0.000110287,
      "slowest": 0.00174821
    },
    "DNSLookup": {
      "average": 0.00002620898,
      "fastest": 0.000003887,
      "slowest": 0.000935729
    }
  },
  "statusCodeDistribution": {
    "200": 567364
  },
  "errorDistribution": {}
}