{
  "summary": {
    "successRate": 1,
    "total": 10.000601372,
    "slowest": 0.006351733,
    "fastest": 0.000161336,
    "average": 0.0009993900021965324,
    "requestsPerSec": 49941.0966822806,
    "totalData": 6492733,
    "sizePerRequest": 13,
    "sizePerSec": 649234.2568696478
  },
  "responseTimeHistogram": {
    "0.000161336": 1,
    "0.0007803757000000001": 46547,
    "0.0013994154000000001": 449952,
    "0.0020184551": 2530,
    "0.0026374948": 168,
    "0.0032565345": 119,
    "0.0038755742000000006": 61,
    "0.0044946139000000005": 9,
    "0.0051136536": 6,
    "0.0057326933": 20,
    "0.006351733": 28
  },
  "latencyPercentiles": {
    "p10": 0.000791756,
    "p25": 0.000925779,
    "p50": 0.001015471,
    "p75": 0.001097738,
    "p90": 0.001150949,
    "p95": 0.001197936,
    "p99": 0.001319146
  },
  "rps": {
    "mean": 49938.08047258334,
    "stddev": 4112.312561651627,
    "max": 70642.06735110126,
    "percentiles": {
      "p10": 46727.592643453194,
      "p25": 47646.32652327862,
      "p50": 49290.49735314304,
      "p75": 51888.72972783105,
      "p90": 54880.2655113312,
      "p95": 57067.06521504084,
      "p99": 59431.646102473256
    }
  },
  "details": {
    "DNSDialup": {
      "average": 0.0007968078400000003,
      "fastest": 0.000088238,
      "slowest": 0.001822481
    },
    "DNSLookup": {
      "average": 0.00000774168,
      "fastest": 0.000003948,
      "slowest": 0.000025557
    }
  },
  "statusCodeDistribution": {
    "200": 499441
  },
  "errorDistribution": {}
}