{
  "summary": {
    "successRate": 1,
    "total": 10.000369228,
    "slowest": 0.007850553,
    "fastest": 0.000129001,
    "average": 0.0009894043393195286,
    "requestsPerSec": 50447.637331976315,
    "totalData": 6558435,
    "sizePerRequest": 13,
    "sizePerSec": 655819.2853156921
  },
  "responseTimeHistogram": {
    "0.000129001": 1,
    "0.0009011561999999999": 109608,
    "0.0016733114": 393950,
    "0.0024454665999999996": 662,
    "0.0032176217999999998": 213,
    "0.003989777": 12,
    "0.004761932199999999": 1,
    "0.005534087399999999": 6,
    "0.0063062425999999994": 23,
    "0.0070783978": 13,
    "0.007850553": 6
  },
  "latencyPercentiles": {
    "p10": 0.000790466,
    "p25": 0.000916662,
    "p50": 0.001008529,
    "p75": 0.001083899,
    "p90": 0.001143301,
    "p95": 0.001192754,
    "p99": 0.001321265
  },
  "rps": {
    "mean": 50442.81943552229,
    "stddev": 5425.8575706241645,
    "max": 80811.38632433309,
    "percentiles": {
      "p10": 46944.47049690055,
      "p25": 48013.77995484747,
      "p50": 48980.94591121182,
      "p75": 50587.51273344594,
      "p90": 58705.013408144,
      "p95": 59701.05670870231,
      "p99": 69894.29215332831
    }
  },
  "details": {
    "DNSDialup": {
      "average": 0.0011603661599999995,
      "fastest": 0.000243779,
      "slowest": 0.002260432
    },
    "DNSLookup": {
      "average": 0.0000364678,
      "fastest": 0.000004228,
      "slowest": 0.00135518
    }
  },
  "statusCodeDistribution": {
    "200": 504495
  },
  "errorDistribution": {}
}