{
  "summary": {
    "successRate": 1,
    "total": 10.000171082,
    "slowest": 0.009989386,
    "fastest": 0.000173273,
    "average": 0.0009376686726010793,
    "requestsPerSec": 53225.589405971325,
    "totalData": 6919445,
    "sizePerRequest": 13,
    "sizePerSec": 691932.6622776273
  },
  "responseTimeHistogram": {
    "0.000173273": 1,
    "0.0011548843": 503488,
    "0.0021364955999999997": 28355,
    "0.0031181068999999997": 311,
    "0.0040997182": 58,
    "0.0050813295": 8,
    "0.0060629408": 43,
    "0.0070445520999999995": 0,
    "0.0080261634": 0,
    "0.0090077747": 0,
    "0.009989386": 1
  },
  "latencyPercentiles": {
    "p10": 0.000755491,
    "p25": 0.000826262,
    "p50": 0.000937701,
    "p75": 0.001044409,
    "p90": 0.001109882,
    "p95": 0.001161178,
    "p99": 0.001309985
  },
  "rps": {
    "mean": 53226.72967290434,
    "stddev": 6343.0124116308225,
    "max": 78333.24663374739,
    "percentiles": {
      "p10": 48127.07629312237,
      "p25": 49104.71580645649,
      "p50": 50261.25822088079,
      "p75": 60521.04814839882,
      "p90": 61437.95174114551,
      "p95": 61797.91475023712,
      "p99": 67560.69294683184
    }
  },
  "details": {
    "DNSDialup": {
      "average": 0.0009511201800000002,
      "fastest": 0.000098563,
      "slowest": 0.002181553
    },
    "DNSLookup": {
      "average": 0.000008787200000000001,
      "fastest": 0.000004448,
      "slowest": 0.000036298
    }
  },
  "statusCodeDistribution": {
    "200": 532265
  },
  "errorDistribution": {}
}