{
  "summary": {
    "successRate": 1,
    "total": 10.000455614,
    "slowest": 0.007100471,
    "fastest": 0.000171681,
    "average": 0.0010426554900184334,
    "requestsPerSec": 47871.11892480222,
    "totalData": 6223529,
    "sizePerRequest": 13,
    "sizePerSec": 622324.5460224289
  },
  "responseTimeHistogram": {
    "0.000171681": 1,
    "0.00086456": 34421,
    "0.0015574389999999999": 443253,
    "0.002250318": 704,
    "0.002943197": 285,
    "0.003636076": 20,
    "0.004328955": 2,
    "0.005021833999999999": 0,
    "0.005714713": 11,
    "0.006407592": 29,
    "0.007100471": 7
  },
  "latencyPercentiles": {
    "p10": 0.000896771,
    "p25": 0.000969521,
    "p50": 0.001054464,
    "p75": 0.001121475,
    "p90": 0.001171683,
    "p95": 0.001211157,
    "p99": 0.001334403
  },
  "rps": {
    "mean": 47866.6603194207,
    "stddev": 3566.65643761469,
    "max": 76917.12175130258,
    "percentiles": {
      "p10": 45743.36470974635,
      "p25": 46547.25011358981,
      "p50": 47435.96546661825,
      "p75": 48504.128663415235,
      "p90": 50824.76340414596,
      "p95": 53790.45046893303,
      "p99": 58187.22264674576
    }
  },
  "details": {
    "DNSDialup": {
      "average": 0.0010893097600000001,
      "fastest": 0.000121765,
      "slowest": 0.001696959
    },
    "DNSLookup": {
      "average": 0.000016108199999999996,
      "fastest": 0.000004609,
      "slowest": 0.00040949
    }
  },
  "statusCodeDistribution": {
    "200": 478733
  },
  "errorDistribution": {}
}