{
  "summary": {
    "successRate": 1,
    "total": 10.000597766,
    "slowest": 0.006953633,
    "fastest": 0.000229368,
    "average": 0.0010078141827794633,
    "requestsPerSec": 49523.939627270476,
    "totalData": 6438497,
    "sizePerRequest": 13,
    "sizePerSec": 643811.2151545162
  },
  "responseTimeHistogram": {
    "0.000229368": 1,
    "0.0009017945": 107686,
    "0.001574221": 386387,
    "0.0022466475000000002": 877,
    "0.0029190740000000002": 227,
    "0.0035915005000000002": 38,
    "0.004263927": 5,
    "0.0049363535": 6,
    "0.00560878": 14,
    "0.0062812065": 18,
    "0.006953633": 10
  },
  "latencyPercentiles": {
    "p10": 0.000804232,
    "p25": 0.000921131,
    "p50": 0.001022419,
    "p75": 0.001114281,
    "p90": 0.001169444,
    "p95": 0.001207625,
    "p99": 0.00133345
  },
  "rps": {
    "mean": 49515.30875873528,
    "stddev": 4450.341360272533,
    "max": 66509.05188196129,
    "percentiles": {
      "p10": 45883.37572849773,
      "p25": 46709.388587105954,
      "p50": 48416.67954610435,
      "p75": 51927.123875038174,
      "p90": 56333.5136809091,
      "p95": 57014.78393347292,
      "p99": 59510.90239732397
    }
  },
  "details": {
    "DNSDialup": {
      "average": 0.0008392452200000002,
      "fastest": 0.000090228,
      "slowest": 0.001605153
    },
    "DNSLookup": {
      "average": 0.0000113682,
      "fastest": 0.000003607,
      "slowest": 0.000198087
    }
  },
  "statusCodeDistribution": {
    "200": 495269
  },
  "errorDistribution": {}
}