{
  "summary": {
    "successRate": 1,
    "total": 10.000971757,
    "slowest": 0.006911055,
    "fastest": 0.000110144,
    "average": 0.0010253411377854553,
    "requestsPerSec": 48677.469732804486,
    "totalData": 6328686,
    "sizePerRequest": 13,
    "sizePerSec": 632807.1065264583
  },
  "responseTimeHistogram": {
    "0.000110144": 1,
    "0.0007902351": 37751,
    "0.0014703262": 446002,
    "0.0021504173": 2434,
    "0.0028305084": 252,
    "0.0035105995": 143,
    "0.004190690600000001": 141,
    "0.0048707817": 2,
    "0.0055508728": 2,
    "0.006230963900000001": 44,
    "0.006911055": 50
  },
  "latencyPercentiles": {
    "p10": 0.000826132,
    "p25": 0.00094781,
    "p50": 0.001038281,
    "p75": 0.001117055,
    "p90": 0.001178084,
    "p95": 0.001231861,
    "p99": 0.001383829
  },
  "rps": {
    "mean": 48673.90921093347,
    "stddev": 4440.755619533064,
    "max": 64276.15046010704,
    "percentiles": {
      "p10": 45489.01745826428,
      "p25": 46641.5716327986,
      "p50": 47808.486006268635,
      "p75": 50615.893390524645,
      "p90": 54262.39684355866,
      "p95": 57027.898047724775,
      "p99": 59867.33878266314
    }
  },
  "details": {
    "DNSDialup": {
      "average": 0.0006095968,
      "fastest": 0.000082324,
      "slowest": 0.001225241
    },
    "DNSLookup": {
      "average": 0.000007361960000000002,
      "fastest": 0.000003787,
      "slowest": 0.00003216
    }
  },
  "statusCodeDistribution": {
    "200": 486822
  },
  "errorDistribution": {}
}