{
  "summary": {
    "successRate": 1,
    "total": 10.000656447,
    "slowest": 0.007741611,
    "fastest": 0.000220936,
    "average": 0.0010250062225085979,
    "requestsPerSec": 48688.40386433485,
    "totalData": 6329908,
    "sizePerRequest": 13,
    "sizePerSec": 632949.2502363529
  },
  "responseTimeHistogram": {
    "0.000220936": 1,
    "0.0009730035": 150595,
    "0.001725071": 335475,
    "0.0024771385": 642,
    "0.003229206": 133,
    "0.0039812735": 17,
    "0.004733340999999999": 3,
    "0.0054854084999999995": 13,
    "0.006237476": 15,
    "0.0069895435": 19,
    "0.007741611": 3
  },
  "latencyPercentiles": {
    "p10": 0.000866517,
    "p25": 0.000953546,
    "p50": 0.00103707,
    "p75": 0.001106634,
    "p90": 0.001161936,
    "p95": 0.001208279,
    "p99": 0.001343402
  },
  "rps": {
    "mean": 48687.5034710706,
    "stddev": 3666.9543509666814,
    "max": 62620.978027641024,
    "percentiles": {
      "p10": 46226.51735535033,
      "p25": 47072.50106614647,
      "p50": 48002.414521450846,
      "p75": 49622.65770551097,
      "p90": 52996.686602992464,
      "p95": 55722.89186922211,
      "p99": 59208.845801564945
    }
  },
  "details": {
    "DNSDialup": {
      "average": 0.00075493714,
      "fastest": 0.000076752,
      "slowest": 0.001731193
    },
    "DNSLookup": {
      "average": 0.00000719758,
      "fastest": 0.000003377,
      "slowest": 0.000032831
    }
  },
  "statusCodeDistribution": {
    "200": 486916
  },
  "errorDistribution": {}
}