{
  "summary": {
    "successRate": 1,
    "total": 10.0006905,
    "slowest": 0.006222631,
    "fastest": 0.000107151,
    "average": 0.0010251980930418452,
    "requestsPerSec": 48683.338415482416,
    "totalData": 6329271,
    "sizePerRequest": 13,
    "sizePerSec": 632883.3994012714
  },
  "responseTimeHistogram": {
    "0.000107151": 1,
    "0.000718699": 18596,
    "0.0013302470000000001": 462081,
    "0.0019417950000000003": 5733,
    "0.0025533430000000005": 272,
    "0.0031648910000000004": 105,
    "0.003776439000000001": 31,
    "0.004387987": 1,
    "0.004999535": 4,
    "0.005611083": 23,
    "0.006222631": 20
  },
  "latencyPercentiles": {
    "p10": 0.000868491,
    "p25": 0.000954602,
    "p50": 0.00103894,
    "p75": 0.001106035,
    "p90": 0.001163664,
    "p95": 0.001213782,
    "p99": 0.001359563
  },
  "rps": {
    "mean": 48682.241096278376,
    "stddev": 3860.4569922222545,
    "max": 72123.39408674763,
    "percentiles": {
      "p10": 46498.102806801384,
      "p25": 47283.91950032959,
      "p50": 48001.291234735494,
      "p75": 48832.258266955156,
      "p90": 52685.97622748559,
      "p95": 55928.24224803244,
      "p99": 61537.537898115115
    }
  },
  "details": {
    "DNSDialup": {
      "average": 0.0008609719399999999,
      "fastest": 0.000101143,
      "slowest": 0.00127836
    },
    "DNSLookup": {
      "average": 0.000007068960000000002,
      "fastest": 0.000003727,
      "slowest": 0.000024757
    }
  },
  "statusCodeDistribution": {
    "200": 486867
  },
  "errorDistribution": {}
}