{
  "summary": {
    "successRate": 1,
    "total": 10.000678488,
    "slowest": 0.006892516,
    "fastest": 0.000163903,
    "average": 0.0010128552262863016,
    "requestsPerSec": 49279.35645479977,
    "totalData": 6406751,
    "sizePerRequest": 13,
    "sizePerSec": 640631.633912397
  },
  "responseTimeHistogram": {
    "0.000163903": 1,
    "0.0008367642999999999": 48658,
    "0.0015096255999999999": 442423,
    "0.0021824869": 1478,
    "0.0028553482": 165,
    "0.0035282094999999998": 52,
    "0.0042010708": 0,
    "0.0048739321": 0,
    "0.0055467934": 14,
    "0.0062196547": 29,
    "0.006892516": 7
  },
  "latencyPercentiles": {
    "p10": 0.000838862,
    "p25": 0.000945415,
    "p50": 0.001029168,
    "p75": 0.001100342,
    "p90": 0.001152279,
    "p95": 0.001195987,
    "p99": 0.001333389
  },
  "rps": {
    "mean": 49277.75675349886,
    "stddev": 3841.6615537766884,
    "max": 67119.65420755555,
    "percentiles": {
      "p10": 46384.48563991846,
      "p25": 47452.72167721538,
      "p50": 48498.03305690399,
      "p75": 50621.69645910468,
      "p90": 54118.36753252274,
      "p95": 56767.48109948738,
      "p99": 60145.21717426946
    }
  },
  "details": {
    "DNSDialup": {
      "average": 0.000732214,
      "fastest": 0.000089611,
      "slowest": 0.001150063
    },
    "DNSLookup": {
      "average": 0.000006894739999999998,
      "fastest": 0.000003266,
      "slowest": 0.000029996
    }
  },
  "statusCodeDistribution": {
    "200": 492827
  },
  "errorDistribution": {}
}