{
  "summary": {
    "successRate": 1,
    "total": 10.000174503,
    "slowest": 0.00610095,
    "fastest": 0.000294442,
    "average": 0.0010325315885617648,
    "requestsPerSec": 48338.8564724529,
    "totalData": 6284161,
    "sizePerRequest": 13,
    "sizePerSec": 628405.1341418877
  },
  "responseTimeHistogram": {
    "0.000294442": 1,
    "0.0008750928": 38346,
    "0.0014557436": 443357,
    "0.0020363943999999997": 1295,
    "0.0026170452": 245,
    "0.003197696": 54,
    "0.0037783467999999995": 23,
    "0.0043589976": 27,
    "0.0049396484": 3,
    "0.005520299199999999": 7,
    "0.00610095": 39
  },
  "latencyPercentiles": {
    "p10": 0.000893923,
    "p25": 0.000959074,
    "p50": 0.001041505,
    "p75": 0.001106968,
    "p90": 0.001157597,
    "p95": 0.001196089,
    "p99": 0.001305804
  },
  "rps": {
    "mean": 48336.36807293663,
    "stddev": 3482.4539494328887,
    "max": 75767.19300613739,
    "percentiles": {
      "p10": 46342.540385720764,
      "p25": 47211.158673098456,
      "p50": 47901.681349019345,
      "p75": 48662.27703313343,
      "p90": 50614.29452327144,
      "p95": 55783.61707047521,
      "p99": 57406.109452713215
    }
  },
  "details": {
    "DNSDialup": {
      "average": 0.0010522531200000001,
      "fastest": 0.000106416,
      "slowest": 0.002217818
    },
    "DNSLookup": {
      "average": 0.000008762200000000002,
      "fastest": 0.00000486,
      "slowest": 0.000023554
    }
  },
  "statusCodeDistribution": {
    "200": 483397
  },
  "errorDistribution": {}
}