{
  "summary": {
    "successRate": 1,
    "total": 10.000408708,
    "slowest": 0.006437756,
    "fastest": 0.000269746,
    "average": 0.0009114225934826905,
    "requestsPerSec": 54762.96179394111,
    "totalData": 7119476,
    "sizePerRequest": 13,
    "sizePerSec": 711918.5033212345
  },
  "responseTimeHistogram": {
    "0.000269746": 1,
    "0.0008865469999999999": 196952,
    "0.0015033479999999998": 349244,
    "0.002120149": 1109,
    "0.0027369499999999997": 248,
    "0.003353751": 49,
    "0.003970552": 1,
    "0.004587353": 4,
    "0.005204154": 9,
    "0.005820955": 18,
    "0.006437756": 17
  },
  "latencyPercentiles": {
    "p10": 0.000604084,
    "p25": 0.000769228,
    "p50": 0.000952849,
    "p75": 0.001055066,
    "p90": 0.001114118,
    "p95": 0.001156025,
    "p99": 0.001277333
  },
  "rps": {
    "mean": 54755.695581086155,
    "stddev": 7963.64339498957,
    "max": 81279.24296713612,
    "percentiles": {
      "p10": 47902.79273281866,
      "p25": 49049.744632869544,
      "p50": 51698.23169963028,
      "p75": 59650.563988561546,
      "p90": 65712.11074200933,
      "p95": 71003.27527679145,
      "p99": 76709.36621361459
    }
  },
  "details": {
    "DNSDialup": {
      "average": 0.0009344774999999997,
      "fastest": 0.000094896,
      "slowest": 0.001902028
    },
    "DNSLookup": {
      "average": 0.000029833479999999987,
      "fastest": 0.000003657,
      "slowest": 0.001095048
    }
  },
  "statusCodeDistribution": {
    "200": 547652
  },
  "errorDistribution": {}
}