{
  "summary": {
    "successRate": 1,
    "total": 10.000328226,
    "slowest": 0.009273398,
    "fastest": 0.000231112,
    "average": 0.0009768881682627384,
    "requestsPerSec": 51093.42298101486,
    "totalData": 6642363,
    "sizePerRequest": 13,
    "sizePerSec": 664214.4987531932
  },
  "responseTimeHistogram": {
    "0.000231112": 1,
    "0.0011353406": 464072,
    "0.0020395692": 46518,
    "0.0029437977999999996": 244,
    "0.0038480263999999998": 66,
    "0.004752255": 1,
    "0.0056564836": 28,
    "0.0065607122": 20,
    "0.0074649408": 0,
    "0.0083691694": 0,
    "0.009273398": 1
  },
  "latencyPercentiles": {
    "p10": 0.00078172,
    "p25": 0.000906316,
    "p50": 0.000996475,
    "p75": 0.001069142,
    "p90": 0.001129462,
    "p95": 0.00117725,
    "p99": 0.001307349
  },
  "rps": {
    "mean": 51086.689019153244,
    "stddev": 5596.399375353391,
    "max": 80231.63533380898,
    "percentiles": {
      "p10": 47820.45973807969,
      "p25": 48732.64538747971,
      "p50": 49776.36624213725,
      "p75": 50907.56486414185,
      "p90": 59511.59944298234,
      "p95": 62129.04202027124,
      "p99": 71998.29927800501
    }
  },
  "details": {
    "DNSDialup": {
      "average": 0.0008565829800000001,
      "fastest": 0.000091932,
      "slowest": 0.00123547
    },
    "DNSLookup": {
      "average": 0.000007769480000000003,
      "fastest": 0.000003617,
      "slowest": 0.000028794
    }
  },
  "statusCodeDistribution": {
    "200": 510951
  },
  "errorDistribution": {}
}