{
  "summary": {
    "successRate": 1,
    "total": 10.000473115,
    "slowest": 0.006811629,
    "fastest": 0.000046375,
    "average": 0.000879701287238775,
    "requestsPerSec": 56737.21567722048,
    "totalData": 7376187,
    "sizePerRequest": 13,
    "sizePerSec": 737583.8038038664
  },
  "responseTimeHistogram": {
    "0.000046375": 1,
    "0.0007229003999999999": 158115,
    "0.0013994257999999998": 407833,
    "0.0020759511999999996": 1089,
    "0.0027524765999999996": 202,
    "0.0034290019999999996": 110,
    "0.0041055274": 2,
    "0.0047820528": 0,
    "0.0054585782": 22,
    "0.0061351036": 21,
    "0.006811629": 4
  },
  "latencyPercentiles": {
    "p10": 0.000586197,
    "p25": 0.000677045,
    "p50": 0.000929924,
    "p75": 0.001029152,
    "p90": 0.00108441,
    "p95": 0.001121309,
    "p99": 0.001234048
  },
  "rps": {
    "mean": 56733.73633538496,
    "stddev": 8674.007247505684,
    "max": 81896.53435624964,
    "percentiles": {
      "p10": 49194.62947875327,
      "p25": 50279.27207729604,
      "p50": 53308.22012754314,
      "p75": 62469.56240875041,
      "p90": 69474.65051197028,
      "p95": 73552.9733638744,
      "p99": 78683.5756064832
    }
  },
  "details": {
    "DNSDialup": {
      "average": 0.0010342923800000002,
      "fastest": 0.000098091,
      "slowest": 0.001987413
    },
    "DNSLookup": {
      "average": 0.000010347579999999998,
      "fastest": 0.000004348,
      "slowest": 0.000132005
    }
  },
  "statusCodeDistribution": {
    "200": 567399
  },
  "errorDistribution": {}
}