{
  "summary": {
    "successRate": 1,
    "total": 10.000586315,
    "slowest": 0.009154851,
    "fastest": 0.00021625,
    "average": 0.0010118336670836055,
    "requestsPerSec": 49325.1079949306,
    "totalData": 6412640,
    "sizePerRequest": 13,
    "sizePerSec": 641226.4039340977
  },
  "responseTimeHistogram": {
    "0.00021625": 1,
    "0.0011101101000000001": 394042,
    "0.0020039702": 98655,
    "0.0028978302999999998": 440,
    "0.0037916904": 86,
    "0.004685550500000001": 7,
    "0.0055794106": 23,
    "0.0064732707": 20,
    "0.007367130800000001": 2,
    "0.0082609909": 1,
    "0.009154851": 3
  },
  "latencyPercentiles": {
    "p10": 0.000839203,
    "p25": 0.000942446,
    "p50": 0.001026116,
    "p75": 0.001096624,
    "p90": 0.001152231,
    "p95": 0.001200502,
    "p99": 0.001350383
  },
  "rps": {
    "mean": 49320.39607860137,
    "stddev": 3962.706482816687,
    "max": 76532.93977727972,
    "percentiles": {
      "p10": 46527.51957070129,
      "p25": 47584.5668872968,
      "p50": 48668.59775634926,
      "p75": 50951.695590347845,
      "p90": 53604.217319311756,
      "p95": 55816.95885558728,
      "p99": 58926.73238821357
    }
  },
  "details": {
    "DNSDialup": {
      "average": 0.00086089314,
      "fastest": 0.00010077,
      "slowest": 0.001572335
    },
    "DNSLookup": {
      "average": 0.000007007979999999998,
      "fastest": 0.000003386,
      "slowest": 0.000027561
    }
  },
  "statusCodeDistribution": {
    "200": 493280
  },
  "errorDistribution": {}
}