{
  "summary": {
    "successRate": 1,
    "total": 10.000743012,
    "slowest": 0.010273467,
    "fastest": 0.000069611,
    "average": 0.0010107084261443016,
    "requestsPerSec": 49378.43112331342,
    "totalData": 6419673,
    "sizePerRequest": 13,
    "sizePerSec": 641919.6046030745
  },
  "responseTimeHistogram": {
    "0.000069611": 1,
    "0.0010899966": 355734,
    "0.0021103821999999997": 137587,
    "0.0031307678": 388,
    "0.0041511534": 42,
    "0.005171538999999999": 13,
    "0.0061919246": 22,
    "0.0072123102": 29,
    "0.0082326958": 3,
    "0.0092530814": 0,
    "0.010273467": 2
  },
  "latencyPercentiles": {
    "p10": 0.00082304,
    "p25": 0.000934389,
    "p50": 0.001023116,
    "p75": 0.001098094,
    "p90": 0.001161937,
    "p95": 0.001218747,
    "p99": 0.00138466
  },
  "rps": {
    "mean": 49374.9306562701,
    "stddev": 4181.325778891426,
    "max": 71116.74088080354,
    "percentiles": {
      "p10": 46630.706320110476,
      "p25": 47661.44207435592,
      "p50": 48605.87158929133,
      "p75": 50573.41743008148,
      "p90": 54242.075578026415,
      "p95": 57563.73896480361,
      "p99": 59688.864781882854
    }
  },
  "details": {
    "DNSDialup": {
      "average": 0.0006318936999999999,
      "fastest": 0.000130866,
      "slowest": 0.001077081
    },
    "DNSLookup": {
      "average": 0.000009574500000000003,
      "fastest": 0.000003827,
      "slowest": 0.00005314
    }
  },
  "statusCodeDistribution": {
    "200": 493821
  },
  "errorDistribution": {}
}