{
  "summary": {
    "successRate": 1,
    "total": 10.000385196,
    "slowest": 0.006822015,
    "fastest": 0.000069491,
    "average": 0.0009214854107775568,
    "requestsPerSec": 54164.21361615719,
    "totalData": 7041619,
    "sizePerRequest": 13,
    "sizePerSec": 704134.7770100435
  },
  "responseTimeHistogram": {
    "0.000069491": 1,
    "0.0007447434": 94737,
    "0.0014199958000000001": 445455,
    "0.0020952482": 1076,
    "0.0027705006": 158,
    "0.003445753": 77,
    "0.0041210054": 35,
    "0.0047962578": 30,
    "0.0054715102": 63,
    "0.006146762599999999": 30,
    "0.006822015": 1
  },
  "latencyPercentiles": {
    "p10": 0.000612953,
    "p25": 0.000846222,
    "p50": 0.000955228,
    "p75": 0.001039166,
    "p90": 0.001093147,
    "p95": 0.00113663,
    "p99": 0.001260114
  },
  "rps": {
    "mean": 54156.23664519992,
    "stddev": 7487.198703479432,
    "max": 83283.37333140019,
    "percentiles": {
      "p10": 48976.96848021083,
      "p25": 49956.243062304246,
      "p50": 51053.57527885044,
      "p75": 57267.053450354775,
      "p90": 64776.68263690002,
      "p95": 70713.4992069991,
      "p99": 78311.40948103582
    }
  },
  "details": {
    "DNSDialup": {
      "average": 0.00065904772,
      "fastest": 0.000099146,
      "slowest": 0.001554006
    },
    "DNSLookup": {
      "average": 0.000010479740000000002,
      "fastest": 0.000004017,
      "slowest": 0.00004261
    }
  },
  "statusCodeDistribution": {
    "200": 541663
  },
  "errorDistribution": {}
}