{
  "summary": {
    "successRate": 1,
    "total": 10.000401966,
    "slowest": 0.006770492,
    "fastest": 0.000257913,
    "average": 0.0009937969423411954,
    "requestsPerSec": 50224.48114662114,
    "totalData": 6529445,
    "sizePerRequest": 13,
    "sizePerSec": 652918.2549060748
  },
  "responseTimeHistogram": {
    "0.000257913": 1,
    "0.0009091709": 103267,
    "0.0015604288": 398041,
    "0.0022116867": 649,
    "0.0028629446000000003": 167,
    "0.0035142025": 53,
    "0.0041654604": 34,
    "0.0048167183": 9,
    "0.0054679762": 15,
    "0.006119234100000001": 23,
    "0.006770492": 6
  },
  "latencyPercentiles": {
    "p10": 0.000796713,
    "p25": 0.000928598,
    "p50": 0.001015034,
    "p75": 0.001088729,
    "p90": 0.001141358,
    "p95": 0.001182125,
    "p99": 0.0013076
  },
  "rps": {
    "mean": 50214.68459840911,
    "stddev": 4772.881322774599,
    "max": 71877.99147027207,
    "percentiles": {
      "p10": 46799.195574940866,
      "p25": 47803.69044489452,
      "p50": 48852.702295236115,
      "p75": 51859.88260644533,
      "p90": 56569.18977601327,
      "p95": 59321.23106860288,
      "p99": 65435.91777526441
    }
  },
  "details": {
    "DNSDialup": {
      "average": 0.00107279674,
      "fastest": 0.000155229,
      "slowest": 0.001957247
    },
    "DNSLookup": {
      "average": 0.000008978220000000003,
      "fastest": 0.000004709,
      "slowest": 0.000031479
    }
  },
  "statusCodeDistribution": {
    "200": 502265
  },
  "errorDistribution": {}
}