{
  "summary": {
    "successRate": 1,
    "total": 10.000558633,
    "slowest": 0.006470089,
    "fastest": 0.000231321,
    "average": 0.0009839658132656417,
    "requestsPerSec": 50722.16649239658,
    "totalData": 6594250,
    "sizePerRequest": 13,
    "sizePerSec": 659388.1644011555
  },
  "responseTimeHistogram": {
    "0.000231321": 1,
    "0.0008551978000000001": 83932,
    "0.0014790746000000001": 421524,
    "0.0021029514": 1399,
    "0.0027268282000000002": 246,
    "0.0033507050000000003": 43,
    "0.0039745818": 55,
    "0.0045984586": 4,
    "0.0052223354": 9,
    "0.0058462122": 24,
    "0.006470089": 13
  },
  "latencyPercentiles": {
    "p10": 0.000764348,
    "p25": 0.000914405,
    "p50": 0.001003109,
    "p75": 0.001084057,
    "p90": 0.001135384,
    "p95": 0.001178475,
    "p99": 0.001311903
  },
  "rps": {
    "mean": 50719.22118295523,
    "stddev": 4706.642229742163,
    "max": 77437.10786208768,
    "percentiles": {
      "p10": 47406.361933768385,
      "p25": 48202.286177072914,
      "p50": 49219.5992444156,
      "p75": 52968.1952070622,
      "p90": 56938.70693297063,
      "p95": 58641.003805012864,
      "p99": 63316.28494848785
    }
  },
  "details": {
    "DNSDialup": {
      "average": 0.0006412719799999999,
      "fastest": 0.000087774,
      "slowest": 0.000998257
    },
    "DNSLookup": {
      "average": 0.000007016620000000002,
      "fastest": 0.000003887,
      "slowest": 0.000024105
    }
  },
  "statusCodeDistribution": {
    "200": 507250
  },
  "errorDistribution": {}
}