{
  "summary": {
    "successRate": 1,
    "total": 10.000149932,
    "slowest": 0.006865671,
    "fastest": 0.000146244,
    "average": 0.000878315444680446,
    "requestsPerSec": 56825.348006192275,
    "totalData": 7387406,
    "sizePerRequest": 13,
    "sizePerSec": 738729.5240804997
  },
  "responseTimeHistogram": {
    "0.000146244": 1,
    "0.0008181867000000001": 186612,
    "0.0014901294000000001": 380577,
    "0.0021620721": 771,
    "0.0028340148": 191,
    "0.0035059575": 56,
    "0.004177900200000001": 5,
    "0.004849842900000001": 5,
    "0.005521785600000001": 30,
    "0.0061937283000000004": 13,
    "0.006865671": 1
  },
  "latencyPercentiles": {
    "p10": 0.000579177,
    "p25": 0.00068911,
    "p50": 0.000925945,
    "p75": 0.001028885,
    "p90": 0.001088014,
    "p95": 0.001126961,
    "p99": 0.001246577
  },
  "rps": {
    "mean": 56806.24958694946,
    "stddev": 9459.595566903981,
    "max": 83678.18052406817,
    "percentiles": {
      "p10": 49220.72047683733,
      "p25": 50119.22360912257,
      "p50": 52207.9408277996,
      "p75": 62183.48132368189,
      "p90": 72125.24383534423,
      "p95": 76202.40119782217,
      "p99": 81436.10062340423
    }
  },
  "details": {
    "DNSDialup": {
      "average": 0.0009320135600000002,
      "fastest": 0.000080761,
      "slowest": 0.001848918
    },
    "DNSLookup": {
      "average": 0.000009129019999999998,
      "fastest": 0.000003617,
      "slowest": 0.000041378
    }
  },
  "statusCodeDistribution": {
    "200": 568262
  },
  "errorDistribution": {}
}