{
  "summary": {
    "successRate": 1,
    "total": 10.000383284,
    "slowest": 0.00741482,
    "fastest": 0.000093438,
    "average": 0.0009549947274838815,
    "requestsPerSec": 52263.89680845757,
    "totalData": 6794567,
    "sizePerRequest": 13,
    "sizePerSec": 679430.6585099484
  },
  "responseTimeHistogram": {
    "0.000093438": 1,
    "0.0008255762": 90025,
    "0.0015577144": 431531,
    "0.0022898526": 871,
    "0.0030219908": 125,
    "0.0037541289999999997": 39,
    "0.0044862672000000004": 17,
    "0.0052184054": 9,
    "0.0059505436": 19,
    "0.0066826818000000005": 14,
    "0.00741482": 8
  },
  "latencyPercentiles": {
    "p10": 0.000679433,
    "p25": 0.000888014,
    "p50": 0.000981766,
    "p75": 0.001060438,
    "p90": 0.001114199,
    "p95": 0.001157641,
    "p99": 0.001277871
  },
  "rps": {
    "mean": 52254.958479670175,
    "stddev": 6475.286688965837,
    "max": 81189.2872395482,
    "percentiles": {
      "p10": 48203.58152610506,
      "p25": 49105.946730149255,
      "p50": 50021.73444361135,
      "p75": 52785.665857119944,
      "p90": 60898.205389078386,
      "p95": 65822.26108869609,
      "p99": 75070.01935260952
    }
  },
  "details": {
    "DNSDialup": {
      "average": 0.0009359274599999999,
      "fastest": 0.000167104,
      "slowest": 0.001908258
    },
    "DNSLookup": {
      "average": 0.0000329644,
      "fastest": 0.000003426,
      "slowest": 0.001253731
    }
  },
  "statusCodeDistribution": {
    "200": 522659
  },
  "errorDistribution": {}
}