{
  "summary": {
    "successRate": 1,
    "total": 10.000236252,
    "slowest": 0.006816142,
    "fastest": 0.000066704,
    "average": 0.0009371641643392882,
    "requestsPerSec": 53256.84179646119,
    "totalData": 6923553,
    "sizePerRequest": 13,
    "sizePerSec": 692338.9433539954
  },
  "responseTimeHistogram": {
    "0.000066704": 1,
    "0.0007416478": 55149,
    "0.0014165915999999998": 473999,
    "0.0020915353999999995": 2886,
    "0.0027664791999999997": 289,
    "0.003441423": 120,
    "0.004116366799999999": 48,
    "0.004791310599999999": 17,
    "0.0054662543999999995": 43,
    "0.0061411982": 13,
    "0.006816142": 16
  },
  "latencyPercentiles": {
    "p10": 0.000737658,
    "p25": 0.000831021,
    "p50": 0.000943075,
    "p75": 0.001046396,
    "p90": 0.001112276,
    "p95": 0.001166332,
    "p99": 0.001341415
  },
  "rps": {
    "mean": 53253.57389450849,
    "stddev": 6466.667389641111,
    "max": 81907.405180419,
    "percentiles": {
      "p10": 48136.344638540446,
      "p25": 49215.7047313798,
      "p50": 50601.39153826667,
      "p75": 59607.35554768092,
      "p90": 60928.81933153773,
      "p95": 62417.21539284853,
      "p99": 70247.76848256633
    }
  },
  "details": {
    "DNSDialup": {
      "average": 0.0008957044599999999,
      "fastest": 0.000117367,
      "slowest": 0.001449079
    },
    "DNSLookup": {
      "average": 0.0000067193999999999996,
      "fastest": 0.000003797,
      "slowest": 0.000028624
    }
  },
  "statusCodeDistribution": {
    "200": 532581
  },
  "errorDistribution": {}
}