{
  "summary": {
    "successRate": 1,
    "total": 10.000711129,
    "slowest": 0.006254998,
    "fastest": 0.000071292,
    "average": 0.0009938934957195303,
    "requestsPerSec": 50212.929212986164,
    "totalData": 6528145,
    "sizePerRequest": 13,
    "sizePerSec": 652768.0797688202
  },
  "responseTimeHistogram": {
    "0.000071292": 1,
    "0.0006896626": 32525,
    "0.0013080332": 461772,
    "0.0019264038": 7321,
    "0.0025447744000000002": 291,
    "0.0031631450000000005": 188,
    "0.0037815156000000003": 9,
    "0.0043998862": 7,
    "0.0050182568": 9,
    "0.0056366274": 12,
    "0.006254998": 30
  },
  "latencyPercentiles": {
    "p10": 0.000762695,
    "p25": 0.000916953,
    "p50": 0.001013303,
    "p75": 0.001095449,
    "p90": 0.001157836,
    "p95": 0.001207089,
    "p99": 0.001369875
  },
  "rps": {
    "mean": 50206.4941240705,
    "stddev": 4608.026715402658,
    "max": 76736.27323635606,
    "percentiles": {
      "p10": 46720.77205525335,
      "p25": 47828.67328964019,
      "p50": 49192.310547736044,
      "p75": 52338.11261360342,
      "p90": 56043.78701079192,
      "p95": 58431.42442005954,
      "p99": 61908.93496196147
    }
  },
  "details": {
    "DNSDialup": {
      "average": 0.00078214358,
      "fastest": 0.000086485,
      "slowest": 0.001915228
    },
    "DNSLookup": {
      "average": 0.000007650940000000001,
      "fastest": 0.000003446,
      "slowest": 0.000029375
    }
  },
  "statusCodeDistribution": {
    "200": 502165
  },
  "errorDistribution": {}
}