{
  "summary": {
    "successRate": 1,
    "total": 10.000643074,
    "slowest": 0.00701461,
    "fastest": 0.000222216,
    "average": 0.0010011253652329802,
    "requestsPerSec": 49857.293807064234,
    "totalData": 6481865,
    "sizePerRequest": 13,
    "sizePerSec": 648144.8194918351
  },
  "responseTimeHistogram": {
    "0.000222216": 1,
    "0.0009014554": 86008,
    "0.0015806948": 411335,
    "0.0022599342": 1011,
    "0.0029391736": 133,
    "0.003618413": 66,
    "0.0042976524": 9,
    "0.0049768918": 6,
    "0.0056561312": 17,
    "0.0063353706": 16,
    "0.00701461": 3
  },
  "latencyPercentiles": {
    "p10": 0.000823075,
    "p25": 0.000936577,
    "p50": 0.001018392,
    "p75": 0.001088009,
    "p90": 0.001138286,
    "p95": 0.00118306,
    "p99": 0.001328444
  },
  "rps": {
    "mean": 49854.054906661484,
    "stddev": 3890.3364121664135,
    "max": 72951.67896938218,
    "percentiles": {
      "p10": 47300.572336925325,
      "p25": 48077.62760294197,
      "p50": 49047.664520383274,
      "p75": 51435.40298787858,
      "p90": 54242.390428119645,
      "p95": 56357.123660768564,
      "p99": 60835.45490311841
    }
  },
  "details": {
    "DNSDialup": {
      "average": 0.0007298325599999999,
      "fastest": 0.000076937,
      "slowest": 0.001646172
    },
    "DNSLookup": {
      "average": 0.00000665798,
      "fastest": 0.000003376,
      "slowest": 0.000025628
    }
  },
  "statusCodeDistribution": {
    "200": 498605
  },
  "errorDistribution": {}
}