{
  "summary": {
    "successRate": 1,
    "total": 10.000182839,
    "slowest": 0.006214354,
    "fastest": 0.000237114,
    "average": 0.000992374888357142,
    "requestsPerSec": 50296.08039149573,
    "totalData": 6538610,
    "sizePerRequest": 13,
    "sizePerSec": 653849.0450894445
  },
  "responseTimeHistogram": {
    "0.000237114": 1,
    "0.000834838": 48583,
    "0.001432562": 452552,
    "0.002030286": 1486,
    "0.00262801": 219,
    "0.003225734": 72,
    "0.003823458": 1,
    "0.004421182": 9,
    "0.005018906": 1,
    "0.00561663": 31,
    "0.006214354": 15
  },
  "latencyPercentiles": {
    "p10": 0.000839306,
    "p25": 0.000925023,
    "p50": 0.001008746,
    "p75": 0.001074544,
    "p90": 0.001128163,
    "p95": 0.001167811,
    "p99": 0.001281982
  },
  "rps": {
    "mean": 50293.17702922912,
    "stddev": 4188.10410144203,
    "max": 79037.79587398672,
    "percentiles": {
      "p10": 47939.36780884355,
      "p25": 48731.88527253715,
      "p50": 49503.133548354526,
      "p75": 50436.51603761437,
      "p90": 55082.87218119682,
      "p95": 58794.023402224906,
      "p99": 64422.37961218295
    }
  },
  "details": {
    "DNSDialup": {
      "average": 0.00113796082,
      "fastest": 0.00033389,
      "slowest": 0.001788716
    },
    "DNSLookup": {
      "average": 0.00000949868,
      "fastest": 0.000004107,
      "slowest": 0.000026089
    }
  },
  "statusCodeDistribution": {
    "200": 502970
  },
  "errorDistribution": {}
}