{
  "summary": {
    "successRate": 1,
    "total": 10.000224059,
    "slowest": 0.006095234,
    "fastest": 0.000067988,
    "average": 0.0009356347997720162,
    "requestsPerSec": 53344.50476836061,
    "totalData": 6934941,
    "sizePerRequest": 13,
    "sizePerSec": 693478.5619886878
  },
  "responseTimeHistogram": {
    "0.000067988": 1,
    "0.0006707125999999999": 45651,
    "0.0012734372": 481617,
    "0.0018761618": 5573,
    "0.0024788864": 349,
    "0.003081611": 154,
    "0.0036843356": 62,
    "0.0042870602": 0,
    "0.0048897848": 22,
    "0.0054925094": 7,
    "0.006095234": 21
  },
  "latencyPercentiles": {
    "p10": 0.000709126,
    "p25": 0.000842587,
    "p50": 0.000952508,
    "p75": 0.001045684,
    "p90": 0.001104023,
    "p95": 0.001152618,
    "p99": 0.001289908
  },
  "rps": {
    "mean": 53346.1723388448,
    "stddev": 6937.158164600051,
    "max": 81861.41243160696,
    "percentiles": {
      "p10": 48305.450799093844,
      "p25": 49525.93177787895,
      "p50": 50619.640420486256,
      "p75": 58305.78976492752,
      "p90": 61700.942742328065,
      "p95": 66738.6082848878,
      "p99": 76443.13977924078
    }
  },
  "details": {
    "DNSDialup": {
      "average": 0.0006083134,
      "fastest": 0.000087724,
      "slowest": 0.00196621
    },
    "DNSLookup": {
      "average": 0.000009704339999999997,
      "fastest": 0.000004208,
      "slowest": 0.000032
    }
  },
  "statusCodeDistribution": {
    "200": 533457
  },
  "errorDistribution": {}
}