{
  "summary": {
    "successRate": 1,
    "total": 10.000372747,
    "slowest": 0.01906864,
    "fastest": 0.000094567,
    "average": 0.0009322069739773008,
    "requestsPerSec": 53539.704323583246,
    "totalData": 6960421,
    "sizePerRequest": 13,
    "sizePerSec": 696016.1562065822
  },
  "responseTimeHistogram": {
    "0.000094567": 1,
    "0.0019919743": 534921,
    "0.0038893816": 391,
    "0.005786788900000001": 95,
    "0.007684196200000001": 5,
    "0.0095816035": 1,
    "0.011479010800000002": 1,
    "0.0133764181": 0,
    "0.015273825400000001": 1,
    "0.0171712327": 0,
    "0.01906864": 1
  },
  "latencyPercentiles": {
    "p10": 0.000757396,
    "p25": 0.000821075,
    "p50": 0.000924982,
    "p75": 0.00104284,
    "p90": 0.001112435,
    "p95": 0.001161242,
    "p99": 0.001302736
  },
  "rps": {
    "mean": 53547.35069298668,
    "stddev": 6310.650407786929,
    "max": 76522.12931839237,
    "percentiles": {
      "p10": 47563.34010001041,
      "p25": 48818.04355235004,
      "p50": 50832.858359641,
      "p75": 59575.21069465297,
      "p90": 60424.69557308058,
      "p95": 61008.93755890332,
      "p99": 69261.07355265225
    }
  },
  "details": {
    "DNSDialup": {
      "average": 0.0009667632799999999,
      "fastest": 0.000089958,
      "slowest": 0.002094087
    },
    "DNSLookup": {
      "average": 0.000009056120000000003,
      "fastest": 0.000004317,
      "slowest": 0.000063358
    }
  },
  "statusCodeDistribution": {
    "200": 535417
  },
  "errorDistribution": {}
}