{
  "summary": {
    "successRate": 1,
    "total": 10.000599502,
    "slowest": 0.007502133,
    "fastest": 0.000160056,
    "average": 0.0010036694564834736,
    "requestsPerSec": 49728.71875336499,
    "totalData": 6465121,
    "sizePerRequest": 13,
    "sizePerSec": 646473.3437937449
  },
  "responseTimeHistogram": {
    "0.000160056": 1,
    "0.0008942637000000001": 78147,
    "0.0016284714000000002": 418209,
    "0.0023626791000000004": 765,
    "0.0030968868000000004": 114,
    "0.0038310945000000003": 30,
    "0.004565302200000001": 3,
    "0.005299509900000001": 0,
    "0.0060337176": 33,
    "0.0067679253000000016": 10,
    "0.007502133000000001": 5
  },
  "latencyPercentiles": {
    "p10": 0.000842149,
    "p25": 0.000935202,
    "p50": 0.001017503,
    "p75": 0.001085867,
    "p90": 0.001139072,
    "p95": 0.001183112,
    "p99": 0.001312807
  },
  "rps": {
    "mean": 49725.853330289676,
    "stddev": 3814.4368503697015,
    "max": 65515.42888350571,
    "percentiles": {
      "p10": 47280.72711347274,
      "p25": 48047.854047575056,
      "p50": 48923.12106701845,
      "p75": 50544.36278721781,
      "p90": 54612.096579390316,
      "p95": 57477.213745419715,
      "p99": 60630.515338370344
    }
  },
  "details": {
    "DNSDialup": {
      "average": 0.00076234534,
      "fastest": 0.000077524,
      "slowest": 0.001828759
    },
    "DNSLookup": {
      "average": 0.000006688760000000001,
      "fastest": 0.000003506,
      "slowest": 0.000026429
    }
  },
  "statusCodeDistribution": {
    "200": 497317
  },
  "errorDistribution": {}
}