{
  "summary": {
    "successRate": 1,
    "total": 10.000656385,
    "slowest": 0.006330339,
    "fastest": 0.000199327,
    "average": 0.0009828344562462506,
    "requestsPerSec": 50780.866820073235,
    "totalData": 6601946,
    "sizePerRequest": 13,
    "sizePerSec": 660151.2686609521
  },
  "responseTimeHistogram": {
    "0.000199327": 1,
    "0.0008124282": 75148,
    "0.0014255294": 430120,
    "0.0020386306": 2156,
    "0.0026517318": 234,
    "0.003264833": 126,
    "0.0038779341999999996": 6,
    "0.0044910354": 8,
    "0.0051041366": 6,
    "0.005717237799999999": 23,
    "0.006330339": 14
  },
  "latencyPercentiles": {
    "p10": 0.000725555,
    "p25": 0.000911925,
    "p50": 0.001006254,
    "p75": 0.001089225,
    "p90": 0.001144116,
    "p95": 0.001187203,
    "p99": 0.001318176
  },
  "rps": {
    "mean": 50778.42649953021,
    "stddev": 4588.293436849435,
    "max": 74607.88435637721,
    "percentiles": {
      "p10": 47113.56399507393,
      "p25": 48285.60937947962,
      "p50": 49811.23243291278,
      "p75": 53031.76072149686,
      "p90": 56369.87642035129,
      "p95": 58654.34911989156,
      "p99": 63575.42755231883
    }
  },
  "details": {
    "DNSDialup": {
      "average": 0.0008184528800000001,
      "fastest": 0.000091682,
      "slowest": 0.001294602
    },
    "DNSLookup": {
      "average": 0.000008213040000000002,
      "fastest": 0.000003978,
      "slowest": 0.000041468
    }
  },
  "statusCodeDistribution": {
    "200": 507842
  },
  "errorDistribution": {}
}