{
  "summary": {
    "successRate": 1,
    "total": 10.000339869,
    "slowest": 0.009987192,
    "fastest": 0.000247291,
    "average": 0.0009269355587376138,
    "requestsPerSec": 53845.26996619419,
    "totalData": 7000123,
    "sizePerRequest": 13,
    "sizePerSec": 699988.5095605245
  },
  "responseTimeHistogram": {
    "0.000247291": 1,
    "0.0012212811": 527233,
    "0.0021952712": 10805,
    "0.0031692613": 317,
    "0.0041432514": 13,
    "0.0051172415": 23,
    "0.0060912316": 65,
    "0.007065221700000001": 12,
    "0.0080392118": 0,
    "0.0090132019": 1,
    "0.009987192": 1
  },
  "latencyPercentiles": {
    "p10": 0.000618414,
    "p25": 0.000823468,
    "p50": 0.000965846,
    "p75": 0.001057355,
    "p90": 0.001113504,
    "p95": 0.001156931,
    "p99": 0.001289278
  },
  "rps": {
    "mean": 53846.929338961,
    "stddev": 7445.614916141365,
    "max": 80926.6734315723,
    "percentiles": {
      "p10": 48205.46615840649,
      "p25": 49112.01047830195,
      "p50": 50766.60070346455,
      "p75": 57790.92090537115,
      "p90": 64834.85650152267,
      "p95": 68901.00595468597,
      "p99": 76031.52545356979
    }
  },
  "details": {
    "DNSDialup": {
      "average": 0.00109229552,
      "fastest": 0.000175709,
      "slowest": 0.002025707
    },
    "DNSLookup": {
      "average": 0.000014614059999999997,
      "fastest": 0.000004047,
      "slowest": 0.000297737
    }
  },
  "statusCodeDistribution": {
    "200": 538471
  },
  "errorDistribution": {}
}