{
  "summary": {
    "successRate": 1,
    "total": 10.000295484,
    "slowest": 0.006167133,
    "fastest": 0.000182795,
    "average": 0.0009138083331942228,
    "requestsPerSec": 54618.18611998925,
    "totalData": 7100574,
    "sizePerRequest": 13,
    "sizePerSec": 710036.4195598603
  },
  "responseTimeHistogram": {
    "0.000182795": 1,
    "0.0007812288": 140381,
    "0.0013796625999999998": 402265,
    "0.0019780963999999996": 3126,
    "0.0025765301999999997": 238,
    "0.0031749639999999997": 105,
    "0.0037733977999999994": 30,
    "0.0043718316": 3,
    "0.0049702654": 4,
    "0.0055686992": 8,
    "0.006167133": 37
  },
  "latencyPercentiles": {
    "p10": 0.000601753,
    "p25": 0.000769954,
    "p50": 0.000954984,
    "p75": 0.001057043,
    "p90": 0.001118024,
    "p95": 0.001167563,
    "p99": 0.001311321
  },
  "rps": {
    "mean": 54610.57601448785,
    "stddev": 8761.757718099985,
    "max": 81816.80985943812,
    "percentiles": {
      "p10": 47495.71164298318,
      "p25": 48746.10220023189,
      "p50": 50682.88171646933,
      "p75": 59597.125445404294,
      "p90": 69010.62403032399,
      "p95": 73174.48430757335,
      "p99": 77239.13538028841
    }
  },
  "details": {
    "DNSDialup": {
      "average": 0.00110952276,
      "fastest": 0.000172072,
      "slowest": 0.001786402
    },
    "DNSLookup": {
      "average": 0.000010057139999999998,
      "fastest": 0.000004658,
      "slowest": 0.000039133
    }
  },
  "statusCodeDistribution": {
    "200": 546198
  },
  "errorDistribution": {}
}