{
  "summary": {
    "successRate": 1,
    "total": 10.000138748,
    "slowest": 0.009070792,
    "fastest": 0.000127339,
    "average": 0.000883703050532668,
    "requestsPerSec": 56479.51635800644,
    "totalData": 7342439,
    "sizePerRequest": 13,
    "sizePerSec": 734233.7126540837
  },
  "responseTimeHistogram": {
    "0.000127339": 1,
    "0.0010216842999999998": 425180,
    "0.0019160295999999996": 139139,
    "0.0028103748999999995": 360,
    "0.0037047201999999995": 33,
    "0.004599065499999999": 40,
    "0.005493410799999998": 27,
    "0.006387756099999998": 21,
    "0.007282101399999998": 1,
    "0.0081764467": 0,
    "0.009070792": 1
  },
  "latencyPercentiles": {
    "p10": 0.000607908,
    "p25": 0.000765788,
    "p50": 0.000900925,
    "p75": 0.001020437,
    "p90": 0.001087829,
    "p95": 0.00113115,
    "p99": 0.001262707
  },
  "rps": {
    "mean": 56478.55436951894,
    "stddev": 7786.55169800052,
    "max": 81118.82130336757,
    "percentiles": {
      "p10": 48852.10565589413,
      "p25": 50233.67214384886,
      "p50": 56040.93343484402,
      "p75": 60769.356146661274,
      "p90": 66828.38869951939,
      "p95": 71724.17104564352,
      "p99": 76215.93675237514
    }
  },
  "details": {
    "DNSDialup": {
      "average": 0.00099680378,
      "fastest": 0.000131016,
      "slowest": 0.001831454
    },
    "DNSLookup": {
      "average": 0.0000067286599999999985,
      "fastest": 0.000003396,
      "slowest": 0.000027342
    }
  },
  "statusCodeDistribution": {
    "200": 564803
  },
  "errorDistribution": {}
}