{
  "summary": {
    "successRate": 1,
    "total": 10.0006906,
    "slowest": 0.007341139,
    "fastest": 0.000209362,
    "average": 0.0010332850985734139,
    "requestsPerSec": 48301.76428015881,
    "totalData": 6279663,
    "sizePerRequest": 13,
    "sizePerSec": 627922.9356420645
  },
  "responseTimeHistogram": {
    "0.000209362": 1,
    "0.0009225397": 71378,
    "0.0016357174": 410649,
    "0.0023488950999999997": 805,
    "0.0030620727999999997": 133,
    "0.0037752504999999997": 34,
    "0.0044884282": 1,
    "0.0052016059000000005": 2,
    "0.0059147836": 22,
    "0.0066279613": 19,
    "0.007341139": 7
  },
  "latencyPercentiles": {
    "p10": 0.000889348,
    "p25": 0.000960989,
    "p50": 0.001044606,
    "p75": 0.001109174,
    "p90": 0.001167118,
    "p95": 0.001215667,
    "p99": 0.001354888
  },
  "rps": {
    "mean": 48300.433721088666,
    "stddev": 3455.712905737531,
    "max": 68728.32294188369,
    "percentiles": {
      "p10": 46410.63731807436,
      "p25": 47228.09599430463,
      "p50": 47868.23290454411,
      "p75": 48701.835538110885,
      "p90": 50665.252864850445,
      "p95": 54006.070282299486,
      "p99": 60268.65805525917
    }
  },
  "details": {
    "DNSDialup": {
      "average": 0.0007333164999999998,
      "fastest": 0.000076984,
      "slowest": 0.001223138
    },
    "DNSLookup": {
      "average": 0.000006897620000000001,
      "fastest": 0.000003367,
      "slowest": 0.000028253
    }
  },
  "statusCodeDistribution": {
    "200": 483051
  },
  "errorDistribution": {}
}