{
  "summary": {
    "successRate": 1,
    "total": 10.000840778,
    "slowest": 0.006938915,
    "fastest": 0.000206165,
    "average": 0.0009931201652552857,
    "requestsPerSec": 50253.17482361781,
    "totalData": 6533462,
    "sizePerRequest": 13,
    "sizePerSec": 653291.2727070316
  },
  "responseTimeHistogram": {
    "0.000206165": 1,
    "0.00087944": 101053,
    "0.0015527149999999999": 399894,
    "0.0022259899999999997": 1306,
    "0.002899265": 228,
    "0.00357254": 41,
    "0.004245815": 1,
    "0.00491909": 0,
    "0.005592365": 23,
    "0.00626564": 17,
    "0.006938915": 10
  },
  "latencyPercentiles": {
    "p10": 0.000774675,
    "p25": 0.000911656,
    "p50": 0.001009545,
    "p75": 0.001096502,
    "p90": 0.00115633,
    "p95": 0.001206304,
    "p99": 0.001350678
  },
  "rps": {
    "mean": 50245.872674529055,
    "stddev": 4770.940034248956,
    "max": 68335.86249937674,
    "percentiles": {
      "p10": 46309.94737669663,
      "p25": 47508.361471619835,
      "p50": 48998.130259751335,
      "p75": 52649.77509737683,
      "p90": 57502.840640328955,
      "p95": 58799.93152717886,
      "p99": 62058.81471273262
    }
  },
  "details": {
    "DNSDialup": {
      "average": 0.0007957316599999999,
      "fastest": 0.000070355,
      "slowest": 0.001567284
    },
    "DNSLookup": {
      "average": 0.000007255000000000002,
      "fastest": 0.000003186,
      "slowest": 0.000028613
    }
  },
  "statusCodeDistribution": {
    "200": 502574
  },
  "errorDistribution": {}
}