{
  "summary": {
    "successRate": 1,
    "total": 10.000400218,
    "slowest": 0.006046572,
    "fastest": 0.000089187,
    "average": 0.0009818511048103598,
    "requestsPerSec": 50834.565509186104,
    "totalData": 6608758,
    "sizePerRequest": 13,
    "sizePerSec": 660849.3516194194
  },
  "responseTimeHistogram": {
    "0.000089187": 1,
    "0.0006849255": 37633,
    "0.001280664": 464954,
    "0.0018764025": 5351,
    "0.002472141": 216,
    "0.0030678795": 131,
    "0.0036636180000000004": 30,
    "0.0042593565": 2,
    "0.004855095": 3,
    "0.0054508335": 11,
    "0.006046572": 34
  },
  "latencyPercentiles": {
    "p10": 0.000774999,
    "p25": 0.000918116,
    "p50": 0.001005445,
    "p75": 0.001076602,
    "p90": 0.001131418,
    "p95": 0.001175728,
    "p99": 0.001292746
  },
  "rps": {
    "mean": 50832.362642408836,
    "stddev": 5373.027235662292,
    "max": 78971.27956771043,
    "percentiles": {
      "p10": 47633.98684962109,
      "p25": 48427.291134747175,
      "p50": 49339.947828017444,
      "p75": 51045.9106920769,
      "p90": 57782.83022735423,
      "p95": 61624.36627441715,
      "p99": 70811.15275656522
    }
  },
  "details": {
    "DNSDialup": {
      "average": 0.00098627276,
      "fastest": 0.000154539,
      "slowest": 0.002099226
    },
    "DNSLookup": {
      "average": 0.000009373840000000001,
      "fastest": 0.000004839,
      "slowest": 0.000028122
    }
  },
  "statusCodeDistribution": {
    "200": 508366
  },
  "errorDistribution": {}
}