{
  "summary": {
    "successRate": 1,
    "total": 10.000639749,
    "slowest": 0.007246256,
    "fastest": 0.000222975,
    "average": 0.0010022864953816747,
    "requestsPerSec": 49798.814125846184,
    "totalData": 6474260,
    "sizePerRequest": 13,
    "sizePerSec": 647384.5836360004
  },
  "responseTimeHistogram": {
    "0.000222975": 1,
    "0.0009253031000000001": 109627,
    "0.0016276312000000001": 387300,
    "0.0023299593": 827,
    "0.0030322874": 143,
    "0.0037346155": 41,
    "0.004436943600000001": 32,
    "0.005139271700000001": 11,
    "0.0058415998000000005": 14,
    "0.0065439279000000005": 23,
    "0.007246256": 1
  },
  "latencyPercentiles": {
    "p10": 0.000822654,
    "p25": 0.000936934,
    "p50": 0.001020299,
    "p75": 0.0010909,
    "p90": 0.001142495,
    "p95": 0.001185545,
    "p99": 0.001320943
  },
  "rps": {
    "mean": 49796.052557489005,
    "stddev": 4212.306055095551,
    "max": 74202.13181423213,
    "percentiles": {
      "p10": 47159.60030286276,
      "p25": 47914.901534377015,
      "p50": 48823.42059485552,
      "p75": 50808.30715821835,
      "p90": 54254.579460330504,
      "p95": 57118.13744367482,
      "p99": 64668.83998015831
    }
  },
  "details": {
    "DNSDialup": {
      "average": 0.0007937530199999999,
      "fastest": 0.000073927,
      "slowest": 0.001853276
    },
    "DNSLookup": {
      "average": 0.000007492979999999998,
      "fastest": 0.000003818,
      "slowest": 0.000027402
    }
  },
  "statusCodeDistribution": {
    "200": 498020
  },
  "errorDistribution": {}
}