{
  "summary": {
    "successRate": 1,
    "total": 10.000735729,
    "slowest": 0.0064675,
    "fastest": 0.000250909,
    "average": 0.0010250196695319592,
    "requestsPerSec": 48694.31741785404,
    "totalData": 6330727,
    "sizePerRequest": 13,
    "sizePerSec": 633026.1264321026
  },
  "responseTimeHistogram": {
    "0.000250909": 1,
    "0.0008725681": 48708,
    "0.0014942272": 436320,
    "0.0021158863": 1620,
    "0.0027375454000000002": 132,
    "0.0033592045000000004": 124,
    "0.0039808636": 20,
    "0.0046025227": 5,
    "0.0052241818": 8,
    "0.0058458409": 18,
    "0.0064675": 23
  },
  "latencyPercentiles": {
    "p10": 0.000872542,
    "p25": 0.000954665,
    "p50": 0.001038632,
    "p75": 0.001104305,
    "p90": 0.001162195,
    "p95": 0.001212329,
    "p99": 0.001353051
  },
  "rps": {
    "mean": 48690.38136371568,
    "stddev": 3612.8507554530206,
    "max": 71480.70207559351,
    "percentiles": {
      "p10": 46252.58036030036,
      "p25": 47354.59985363269,
      "p50": 48219.07546625775,
      "p75": 49385.797946773644,
      "p90": 52549.40695241716,
      "p95": 55080.389121764645,
      "p99": 59184.19543642784
    }
  },
  "details": {
    "DNSDialup": {
      "average": 0.0007473661800000001,
      "fastest": 0.000082835,
      "slowest": 0.001652254
    },
    "DNSLookup": {
      "average": 0.000007906980000000001,
      "fastest": 0.000003416,
      "slowest": 0.000046387
    }
  },
  "statusCodeDistribution": {
    "200": 486979
  },
  "errorDistribution": {}
}