{
  "summary": {
    "successRate": 1,
    "total": 10.000467917,
    "slowest": 0.006653589,
    "fastest": 0.000084718,
    "average": 0.0009209244627953034,
    "requestsPerSec": 54198.96393833909,
    "totalData": 7046195,
    "sizePerRequest": 13,
    "sizePerSec": 704586.5311984081
  },
  "responseTimeHistogram": {
    "0.000084718": 1,
    "0.0007416050999999999": 123173,
    "0.0013984921999999997": 416301,
    "0.0020553793": 2092,
    "0.0027122663999999998": 230,
    "0.0033691534999999995": 67,
    "0.0040260406": 86,
    "0.0046829277": 18,
    "0.005339814799999999": 4,
    "0.005996701899999999": 19,
    "0.006653588999999999": 24
  },
  "latencyPercentiles": {
    "p10": 0.000611513,
    "p25": 0.000792274,
    "p50": 0.000963752,
    "p75": 0.001058018,
    "p90": 0.001113887,
    "p95": 0.001155394,
    "p99": 0.001275417
  },
  "rps": {
    "mean": 54182.3725229814,
    "stddev": 7373.439655178704,
    "max": 80111.59214737688,
    "percentiles": {
      "p10": 48106.88890649415,
      "p25": 49243.8072909659,
      "p50": 51792.71932613739,
      "p75": 58316.42290669109,
      "p90": 64618.82346327547,
      "p95": 68714.12075181253,
      "p99": 74519.07688368039
    }
  },
  "details": {
    "DNSDialup": {
      "average": 0.0010091406199999994,
      "fastest": 0.000105248,
      "slowest": 0.001450169
    },
    "DNSLookup": {
      "average": 0.000008477,
      "fastest": 0.000003997,
      "slowest": 0.000030889
    }
  },
  "statusCodeDistribution": {
    "200": 542015
  },
  "errorDistribution": {}
}