{
  "summary": {
    "successRate": 1,
    "total": 10.000404339,
    "slowest": 0.006294818,
    "fastest": 0.000145742,
    "average": 0.0009120895961831136,
    "requestsPerSec": 54723.08733215912,
    "totalData": 7114289,
    "sizePerRequest": 13,
    "sizePerSec": 711400.1353180687
  },
  "responseTimeHistogram": {
    "0.000145742": 1,
    "0.0007606496000000001": 141153,
    "0.0013755572": 403069,
    "0.0019904648000000002": 2618,
    "0.0026053724": 263,
    "0.00322028": 76,
    "0.0038351876": 21,
    "0.0044500952": 10,
    "0.0050650028": 11,
    "0.0056799104": 16,
    "0.006294818": 15
  },
  "latencyPercentiles": {
    "p10": 0.000602316,
    "p25": 0.000745376,
    "p50": 0.000955215,
    "p75": 0.0010626,
    "p90": 0.001125277,
    "p95": 0.001172256,
    "p99": 0.001297112
  },
  "rps": {
    "mean": 54681.44519023773,
    "stddev": 8858.131792253456,
    "max": 79890.97984785866,
    "percentiles": {
      "p10": 47424.76016585508,
      "p25": 48506.582343222486,
      "p50": 50518.21261752556,
      "p75": 59913.94197429751,
      "p90": 68925.56449186857,
      "p95": 72483.024465631,
      "p99": 77644.2766994796
    }
  },
  "details": {
    "DNSDialup": {
      "average": 0.00085479568,
      "fastest": 0.000103258,
      "slowest": 0.001371534
    },
    "DNSLookup": {
      "average": 0.000006497319999999999,
      "fastest": 0.000003497,
      "slowest": 0.000027301
    }
  },
  "statusCodeDistribution": {
    "200": 547253
  },
  "errorDistribution": {}
}