{
  "summary": {
    "successRate": 1,
    "total": 10.000606848,
    "slowest": 0.007918117,
    "fastest": 0.000227501,
    "average": 0.0010245956189118954,
    "requestsPerSec": 48709.144095332405,
    "totalData": 6332573,
    "sizePerRequest": 13,
    "sizePerSec": 633218.8732393212
  },
  "responseTimeHistogram": {
    "0.000227501": 1,
    "0.0009965626": 186561,
    "0.0017656242000000002": 299954,
    "0.0025346858000000008": 408,
    "0.0033037474000000007": 135,
    "0.004072809": 12,
    "0.004841870600000001": 3,
    "0.005610932200000001": 2,
    "0.006379993800000001": 19,
    "0.007149055400000001": 17,
    "0.007918117": 9
  },
  "latencyPercentiles": {
    "p10": 0.000867227,
    "p25": 0.00095373,
    "p50": 0.001037931,
    "p75": 0.001105416,
    "p90": 0.00116149,
    "p95": 0.001207366,
    "p99": 0.001345323
  },
  "rps": {
    "mean": 48702.5708796864,
    "stddev": 3909.526552787903,
    "max": 71042.31280150512,
    "percentiles": {
      "p10": 46405.43314410351,
      "p25": 47252.848789979274,
      "p50": 47994.40980352767,
      "p75": 49061.00349517178,
      "p90": 53137.79699566943,
      "p95": 56535.02910403006,
      "p99": 60611.43737823342
    }
  },
  "details": {
    "DNSDialup": {
      "average": 0.00094446378,
      "fastest": 0.000123782,
      "slowest": 0.001605448
    },
    "DNSLookup": {
      "average": 0.000007177079999999998,
      "fastest": 0.000003677,
      "slowest": 0.000027692
    }
  },
  "statusCodeDistribution": {
    "200": 487121
  },
  "errorDistribution": {}
}