{
  "summary": {
    "successRate": 1,
    "total": 10.000783736,
    "slowest": 0.006452809,
    "fastest": 0.000238868,
    "average": 0.0010319747663614994,
    "requestsPerSec": 48362.809632502984,
    "totalData": 6287658,
    "sizePerRequest": 13,
    "sizePerSec": 628716.5252225387
  },
  "responseTimeHistogram": {
    "0.000238868": 1,
    "0.0008602621000000001": 32511,
    "0.0014816562": 449311,
    "0.0021030503000000005": 1505,
    "0.0027244444000000005": 203,
    "0.0033458385000000005": 65,
    "0.0039672326": 20,
    "0.0045886267": 2,
    "0.0052100208": 10,
    "0.005831414900000001": 13,
    "0.006452809": 25
  },
  "latencyPercentiles": {
    "p10": 0.000894506,
    "p25": 0.000959038,
    "p50": 0.001041205,
    "p75": 0.001103719,
    "p90": 0.001163665,
    "p95": 0.001212522,
    "p99": 0.001346408
  },
  "rps": {
    "mean": 48362.385398278544,
    "stddev": 3217.7291738204126,
    "max": 77746.22790711463,
    "percentiles": {
      "p10": 46487.42425004451,
      "p25": 47438.37299017313,
      "p50": 48200.939918325865,
      "p75": 48926.433749210046,
      "p90": 50326.96518794939,
      "p95": 52915.40367400678,
      "p99": 58433.026346492414
    }
  },
  "details": {
    "DNSDialup": {
      "average": 0.0009055519799999999,
      "fastest": 0.000092704,
      "slowest": 0.001938207
    },
    "DNSLookup": {
      "average": 0.000008298499999999997,
      "fastest": 0.000004258,
      "slowest": 0.000031038
    }
  },
  "statusCodeDistribution": {
    "200": 483666
  },
  "errorDistribution": {}
}