{
  "summary": {
    "successRate": 1,
    "total": 10.000216044,
    "slowest": 0.006457875,
    "fastest": 0.000246359,
    "average": 0.0009077103011852645,
    "requestsPerSec": 54990.21196946453,
    "totalData": 7148882,
    "sizePerRequest": 13,
    "sizePerSec": 714872.7556030388
  },
  "responseTimeHistogram": {
    "0.000246359": 1,
    "0.0008675105999999999": 183557,
    "0.0014886622": 364704,
    "0.0021098137999999997": 1180,
    "0.0027309654": 268,
    "0.003352117": 117,
    "0.0039732686": 35,
    "0.0045944202": 7,
    "0.0052155718": 9,
    "0.0058367233999999995": 14,
    "0.006457875": 22
  },
  "latencyPercentiles": {
    "p10": 0.000605936,
    "p25": 0.000774212,
    "p50": 0.000946716,
    "p75": 0.00104498,
    "p90": 0.00110348,
    "p95": 0.001147189,
    "p99": 0.001280608
  },
  "rps": {
    "mean": 55011.654982903616,
    "stddev": 7803.17911739145,
    "max": 81661.33259657165,
    "percentiles": {
      "p10": 48460.350453619096,
      "p25": 49680.10747026932,
      "p50": 52445.77992129288,
      "p75": 59546.14826490641,
      "p90": 66428.59751122435,
      "p95": 70457.34578812149,
      "p99": 75435.09240498752
    }
  },
  "details": {
    "DNSDialup": {
      "average": 0.00101383858,
      "fastest": 0.000130805,
      "slowest": 0.001570787
    },
    "DNSLookup": {
      "average": 0.000008359140000000002,
      "fastest": 0.000003807,
      "slowest": 0.000023474
    }
  },
  "statusCodeDistribution": {
    "200": 549914
  },
  "errorDistribution": {}
}