{
  "summary": {
    "successRate": 1,
    "total": 10.000405288,
    "slowest": 0.006111387,
    "fastest": 0.000074058,
    "average": 0.0009787456254963462,
    "requestsPerSec": 50995.8332000754,
    "totalData": 6629727,
    "sizePerRequest": 13,
    "sizePerSec": 662945.8316009803
  },
  "responseTimeHistogram": {
    "0.000074058": 1,
    "0.0006777909": 38321,
    "0.0012815238": 464016,
    "0.0018852567000000003": 7256,
    "0.0024889896000000002": 183,
    "0.0030927225": 146,
    "0.0036964554000000005": 6,
    "0.0043001883000000005": 1,
    "0.0049039212": 3,
    "0.0055076541": 19,
    "0.006111387": 27
  },
  "latencyPercentiles": {
    "p10": 0.00076555,
    "p25": 0.000911303,
    "p50": 0.001001382,
    "p75": 0.001074828,
    "p90": 0.00113483,
    "p95": 0.0011867,
    "p99": 0.001318259
  },
  "rps": {
    "mean": 50990.29451012716,
    "stddev": 6102.628935173108,
    "max": 79321.34537403964,
    "percentiles": {
      "p10": 47446.13662325183,
      "p25": 48401.09386472045,
      "p50": 49356.06949213665,
      "p75": 50693.05724517745,
      "p90": 58325.92003886517,
      "p95": 64643.69267187629,
      "p99": 74532.6005594828
    }
  },
  "details": {
    "DNSDialup": {
      "average": 0.0009221675599999998,
      "fastest": 0.000097272,
      "slowest": 0.002042564
    },
    "DNSLookup": {
      "average": 0.000007914039999999999,
      "fastest": 0.000004038,
      "slowest": 0.000034594
    }
  },
  "statusCodeDistribution": {
    "200": 509979
  },
  "errorDistribution": {}
}