{
  "summary": {
    "successRate": 1,
    "total": 10.000641105,
    "slowest": 0.006744149,
    "fastest": 0.000055834,
    "average": 0.0010049005539564733,
    "requestsPerSec": 49664.61597663743,
    "totalData": 6456814,
    "sizePerRequest": 13,
    "sizePerSec": 645640.0076962867
  },
  "responseTimeHistogram": {
    "0.000055834": 1,
    "0.0007246654999999999": 44428,
    "0.0013934969999999998": 448401,
    "0.0020623284999999997": 3484,
    "0.0027311599999999994": 180,
    "0.003399991499999999": 127,
    "0.004068823": 6,
    "0.0047376545": 1,
    "0.005406485999999999": 16,
    "0.006075317499999999": 14,
    "0.006744148999999999": 20
  },
  "latencyPercentiles": {
    "p10": 0.000742473,
    "p25": 0.000925128,
    "p50": 0.001028926,
    "p75": 0.001115366,
    "p90": 0.001177604,
    "p95": 0.001220278,
    "p99": 0.00135488
  },
  "rps": {
    "mean": 49661.929437586645,
    "stddev": 4460.052121621099,
    "max": 69497.26141735345,
    "percentiles": {
      "p10": 45837.99988244644,
      "p25": 47110.32767638488,
      "p50": 48753.38983721032,
      "p75": 52164.593996823336,
      "p90": 55114.52267672389,
      "p95": 57407.12236393515,
      "p99": 60705.12351242372
    }
  },
  "details": {
    "DNSDialup": {
      "average": 0.00090260912,
      "fastest": 0.000153467,
      "slowest": 0.001223089
    },
    "DNSLookup": {
      "average": 0.000007343099999999999,
      "fastest": 0.000003255,
      "slowest": 0.000035295
    }
  },
  "statusCodeDistribution": {
    "200": 496678
  },
  "errorDistribution": {}
}