{
  "summary": {
    "successRate": 1,
    "total": 10.000670389,
    "slowest": 0.006700038,
    "fastest": 0.000304988,
    "average": 0.0009928018906663297,
    "requestsPerSec": 50268.43005974407,
    "totalData": 6535334,
    "sizePerRequest": 13,
    "sizePerSec": 653489.5907766729
  },
  "responseTimeHistogram": {
    "0.000304988": 1,
    "0.000944493": 150998,
    "0.001583998": 350132,
    "0.0022235030000000004": 1248,
    "0.0028630080000000002": 208,
    "0.0035025130000000005": 74,
    "0.004142018000000001": 6,
    "0.004781523": 1,
    "0.0054210280000000005": 17,
    "0.006060533000000001": 19,
    "0.006700038000000001": 14
  },
  "latencyPercentiles": {
    "p10": 0.00077365,
    "p25": 0.000925243,
    "p50": 0.001012115,
    "p75": 0.001088363,
    "p90": 0.001142821,
    "p95": 0.001186545,
    "p99": 0.001316645
  },
  "rps": {
    "mean": 50262.66978664692,
    "stddev": 4474.921627598527,
    "max": 73543.25165918801,
    "percentiles": {
      "p10": 46694.79986336467,
      "p25": 47922.81125815854,
      "p50": 49408.73546442986,
      "p75": 52265.78800487894,
      "p90": 55938.34573600369,
      "p95": 57807.752019546664,
      "p99": 61585.683669403574
    }
  },
  "details": {
    "DNSDialup": {
      "average": 0.00071719282,
      "fastest": 0.000080039,
      "slowest": 0.001200092
    },
    "DNSLookup": {
      "average": 0.000007009059999999998,
      "fastest": 0.000003546,
      "slowest": 0.000025517
    }
  },
  "statusCodeDistribution": {
    "200": 502718
  },
  "errorDistribution": {}
}