{
  "summary": {
    "successRate": 1,
    "total": 10.000412657,
    "slowest": 0.0069389,
    "fastest": 0.000226996,
    "average": 0.0009463711119343773,
    "requestsPerSec": 52742.123559351836,
    "totalData": 6856759,
    "sizePerRequest": 13,
    "sizePerSec": 685647.6062715739
  },
  "responseTimeHistogram": {
    "0.000226996": 1,
    "0.0008981864": 185019,
    "0.0015693767999999998": 341025,
    "0.0022405672": 1017,
    "0.0029117576": 199,
    "0.003582948": 69,
    "0.0042541383999999995": 48,
    "0.0049253288": 20,
    "0.0055965191999999995": 27,
    "0.006267709599999999": 12,
    "0.0069389": 6
  },
  "latencyPercentiles": {
    "p10": 0.000741387,
    "p25": 0.000845955,
    "p50": 0.000958739,
    "p75": 0.001056882,
    "p90": 0.001116568,
    "p95": 0.001164818,
    "p99": 0.00131076
  },
  "rps": {
    "mean": 52741.61713588578,
    "stddev": 6161.272423390861,
    "max": 77908.1024426549,
    "percentiles": {
      "p10": 48023.805400337034,
      "p25": 48928.040660102844,
      "p50": 50200.01506000684,
      "p75": 58616.85234504923,
      "p90": 60800.39520257041,
      "p95": 62087.803187079255,
      "p99": 69226.75614124424
    }
  },
  "details": {
    "DNSDialup": {
      "average": 0.0009036472199999998,
      "fastest": 0.000136314,
      "slowest": 0.001821851
    },
    "DNSLookup": {
      "average": 0.00000811932,
      "fastest": 0.000004498,
      "slowest": 0.000031709
    }
  },
  "statusCodeDistribution": {
    "200": 527443
  },
  "errorDistribution": {}
}