{
  "summary": {
    "successRate": 1,
    "total": 10.000725413,
    "slowest": 0.006424432,
    "fastest": 0.000112051,
    "average": 0.0009459497661416893,
    "requestsPerSec": 52760.17270848351,
    "totalData": 6859320,
    "sizePerRequest": 13,
    "sizePerSec": 685882.2452102855
  },
  "responseTimeHistogram": {
    "0.000112051": 1,
    "0.0007432890999999999": 42755,
    "0.0013745271999999998": 481005,
    "0.0020057652999999997": 3456,
    "0.0026370034": 181,
    "0.0032682414999999996": 149,
    "0.0038994795999999997": 33,
    "0.0045307177": 11,
    "0.0051619558": 11,
    "0.005793193899999999": 22,
    "0.006424431999999999": 16
  },
  "latencyPercentiles": {
    "p10": 0.000760776,
    "p25": 0.000835156,
    "p50": 0.000945106,
    "p75": 0.001058348,
    "p90": 0.001123169,
    "p95": 0.0011706,
    "p99": 0.001322051
  },
  "rps": {
    "mean": 52763.243676447695,
    "stddev": 5831.406407296879,
    "max": 71011.02091044416,
    "percentiles": {
      "p10": 47074.594965266064,
      "p25": 48418.57820845938,
      "p50": 51319.614356607264,
      "p75": 58717.17477362507,
      "p90": 59609.15596635288,
      "p95": 60166.39440363636,
      "p99": 64534.306437301864
    }
  },
  "details": {
    "DNSDialup": {
      "average": 0.00087678512,
      "fastest": 0.000107543,
      "slowest": 0.00123053
    },
    "DNSLookup": {
      "average": 0.0000075765800000000024,
      "fastest": 0.000003437,
      "slowest": 0.000033533
    }
  },
  "statusCodeDistribution": {
    "200": 527640
  },
  "errorDistribution": {}
}