{
  "summary": {
    "successRate": 1,
    "total": 10.000488525,
    "slowest": 0.008468727,
    "fastest": 0.000208892,
    "average": 0.0009323766570788239,
    "requestsPerSec": 53533.88473589594,
    "totalData": 6959745,
    "sizePerRequest": 13,
    "sizePerSec": 695940.5015666472
  },
  "responseTimeHistogram": {
    "0.000208892": 1,
    "0.0010348755": 353532,
    "0.001860859": 181383,
    "0.0026868425000000002": 305,
    "0.003512826": 86,
    "0.0043388095": 7,
    "0.005164793": 7,
    "0.0059907764999999995": 31,
    "0.00681676": 11,
    "0.0076427435": 1,
    "0.008468727": 1
  },
  "latencyPercentiles": {
    "p10": 0.000628946,
    "p25": 0.000842356,
    "p50": 0.000974683,
    "p75": 0.001061162,
    "p90": 0.001113664,
    "p95": 0.001151771,
    "p99": 0.001267213
  },
  "rps": {
    "mean": 53528.77253666569,
    "stddev": 7520.364691783255,
    "max": 81826.97239900712,
    "percentiles": {
      "p10": 48166.358792507024,
      "p25": 49008.19662088557,
      "p50": 50185.78371589986,
      "p75": 56981.66034709574,
      "p90": 64218.86107949816,
      "p95": 70012.02106401788,
      "p99": 76331.08201659429
    }
  },
  "details": {
    "DNSDialup": {
      "average": 0.00100779772,
      "fastest": 0.000105594,
      "slowest": 0.002092734
    },
    "DNSLookup": {
      "average": 0.000007869180000000001,
      "fastest": 0.000003286,
      "slowest": 0.000033662
    }
  },
  "statusCodeDistribution": {
    "200": 535365
  },
  "errorDistribution": {}
}