{
  "summary": {
    "successRate": 1,
    "total": 10.000619567,
    "slowest": 0.006780293,
    "fastest": 0.000091142,
    "average": 0.0010270055621977125,
    "requestsPerSec": 48597.68904755899,
    "totalData": 6318091,
    "sizePerRequest": 13,
    "sizePerSec": 631769.9576182669
  },
  "responseTimeHistogram": {
    "0.000091142": 1,
    "0.0007600571": 26054,
    "0.0014289722": 456762,
    "0.0020978873": 2834,
    "0.0027668023999999998": 155,
    "0.0034357175": 126,
    "0.0041046326": 19,
    "0.004773547699999999": 8,
    "0.0054424628": 16,
    "0.0061113779": 13,
    "0.006780293": 19
  },
  "latencyPercentiles": {
    "p10": 0.000865373,
    "p25": 0.00095527,
    "p50": 0.00104078,
    "p75": 0.001108833,
    "p90": 0.001169897,
    "p95": 0.001222764,
    "p99": 0.001364019
  },
  "rps": {
    "mean": 48594.078994676565,
    "stddev": 3791.884640010614,
    "max": 68033.65892632914,
    "percentiles": {
      "p10": 46065.48669588509,
      "p25": 47101.07003969524,
      "p50": 48005.72708324264,
      "p75": 49619.42900366206,
      "p90": 52791.13862171657,
      "p95": 55217.6441734719,
      "p99": 60651.86340840499
    }
  },
  "details": {
    "DNSDialup": {
      "average": 0.0008552613199999999,
      "fastest": 0.000119083,
      "slowest": 0.001506924
    },
    "DNSLookup": {
      "average": 0.000008422999999999999,
      "fastest": 0.000003447,
      "slowest": 0.00003199
    }
  },
  "statusCodeDistribution": {
    "200": 486007
  },
  "errorDistribution": {}
}