{
  "summary": {
    "successRate": 1,
    "total": 10.000791405,
    "slowest": 0.006873144,
    "fastest": 0.000222096,
    "average": 0.0009766676399294901,
    "requestsPerSec": 51102.05575775631,
    "totalData": 6643793,
    "sizePerRequest": 13,
    "sizePerSec": 664326.724850832
  },
  "responseTimeHistogram": {
    "0.000222096": 1,
    "0.0008872008": 110040,
    "0.0015523056000000001": 399753,
    "0.0022174104000000005": 1026,
    "0.0028825152000000005": 143,
    "0.0035476200000000005": 31,
    "0.0042127248": 19,
    "0.0048778296": 6,
    "0.0055429344": 8,
    "0.0062080392": 30,
    "0.006873144": 4
  },
  "latencyPercentiles": {
    "p10": 0.000767103,
    "p25": 0.000906193,
    "p50": 0.000995611,
    "p75": 0.0010745,
    "p90": 0.001127851,
    "p95": 0.001169968,
    "p99": 0.0012989
  },
  "rps": {
    "mean": 51100.78121621148,
    "stddev": 4793.068044717136,
    "max": 71380.00573653744,
    "percentiles": {
      "p10": 47627.73839484132,
      "p25": 48518.68641069809,
      "p50": 49605.99956894427,
      "p75": 52964.664558958146,
      "p90": 58243.2142394942,
      "p95": 59413.492804216105,
      "p99": 65629.37518731054
    }
  },
  "details": {
    "DNSDialup": {
      "average": 0.0008616806999999999,
      "fastest": 0.000110189,
      "slowest": 0.001827111
    },
    "DNSLookup": {
      "average": 0.000008453079999999996,
      "fastest": 0.000003808,
      "slowest": 0.000057468
    }
  },
  "statusCodeDistribution": {
    "200": 511061
  },
  "errorDistribution": {}
}