{
  "summary": {
    "successRate": 1,
    "total": 10.000331905,
    "slowest": 0.006381182,
    "fastest": 0.000213966,
    "average": 0.0009620237908262738,
    "requestsPerSec": 51881.47802780352,
    "totalData": 6744816,
    "sizePerRequest": 13,
    "sizePerSec": 674459.2143614457
  },
  "responseTimeHistogram": {
    "0.000213966": 1,
    "0.0008306876": 104309,
    "0.0014474091999999998": 412527,
    "0.0020641308": 1643,
    "0.0026808523999999998": 162,
    "0.0032975739999999997": 80,
    "0.0039142956": 62,
    "0.0045310172": 1,
    "0.0051477388": 9,
    "0.0057644604": 23,
    "0.006381182": 15
  },
  "latencyPercentiles": {
    "p10": 0.000779634,
    "p25": 0.000856627,
    "p50": 0.000963114,
    "p75": 0.001065699,
    "p90": 0.00112818,
    "p95": 0.00117617,
    "p99": 0.001310879
  },
  "rps": {
    "mean": 51890.7967557587,
    "stddev": 5674.361352094798,
    "max": 72232.77200865965,
    "percentiles": {
      "p10": 47326.16663753308,
      "p25": 48409.618991293435,
      "p50": 49429.45995813706,
      "p75": 58818.851441891355,
      "p90": 59946.038557610584,
      "p95": 60380.15627226837,
      "p99": 62319.82856636447
    }
  },
  "details": {
    "DNSDialup": {
      "average": 0.00107300154,
      "fastest": 0.000102079,
      "slowest": 0.001723269
    },
    "DNSLookup": {
      "average": 0.00000860832,
      "fastest": 0.000003908,
      "slowest": 0.000045755
    }
  },
  "statusCodeDistribution": {
    "200": 518832
  },
  "errorDistribution": {}
}