{
  "summary": {
    "successRate": 1,
    "total": 10.000262124,
    "slowest": 0.00613495,
    "fastest": 0.000295124,
    "average": 0.000967163270240412,
    "requestsPerSec": 51608.24722398046,
    "totalData": 6709248,
    "sizePerRequest": 13,
    "sizePerSec": 670907.213911746
  },
  "responseTimeHistogram": {
    "0.000295124": 1,
    "0.0008791066": 103216,
    "0.0014630892": 411017,
    "0.0020470718": 1557,
    "0.0026310544": 205,
    "0.003215037": 48,
    "0.0037990196": 4,
    "0.0043830022000000005": 1,
    "0.0049669848": 17,
    "0.0055509674": 20,
    "0.00613495": 10
  },
  "latencyPercentiles": {
    "p10": 0.00074378,
    "p25": 0.000903644,
    "p50": 0.000990761,
    "p75": 0.001064108,
    "p90": 0.001116617,
    "p95": 0.00115571,
    "p99": 0.001280875
  },
  "rps": {
    "mean": 51605.972603927396,
    "stddev": 5273.451099103249,
    "max": 78603.37994533623,
    "percentiles": {
      "p10": 48240.39151901739,
      "p25": 49051.87726539794,
      "p50": 49878.28187758508,
      "p75": 52735.49842645154,
      "p90": 58733.066716559944,
      "p95": 61599.835733770546,
      "p99": 70357.52174675635
    }
  },
  "details": {
    "DNSDialup": {
      "average": 0.0008097821999999998,
      "fastest": 0.000296344,
      "slowest": 0.001160357
    },
    "DNSLookup": {
      "average": 0.00000661046,
      "fastest": 0.000003447,
      "slowest": 0.000029355
    }
  },
  "statusCodeDistribution": {
    "200": 516096
  },
  "errorDistribution": {}
}