{
  "summary": {
    "successRate": 1,
    "total": 10.000148674,
    "slowest": 0.020484232,
    "fastest": 0.000157991,
    "average": 0.0009430120700887947,
    "requestsPerSec": 52929.21308021745,
    "totalData": 6880900,
    "sizePerRequest": 13,
    "sizePerSec": 688079.7700428269
  },
  "responseTimeHistogram": {
    "0.000157991": 1,
    "0.0021906151000000004": 528908,
    "0.0042232392": 340,
    "0.006255863300000001": 46,
    "0.0082884874": 3,
    "0.0103211115": 0,
    "0.012353735600000002": 0,
    "0.014386359700000002": 0,
    "0.016418983800000002": 1,
    "0.018451607900000003": 0,
    "0.020484232": 1
  },
  "latencyPercentiles": {
    "p10": 0.000698787,
    "p25": 0.000844327,
    "p50": 0.000960043,
    "p75": 0.001058211,
    "p90": 0.001119149,
    "p95": 0.001165876,
    "p99": 0.001303899
  },
  "rps": {
    "mean": 52927.41630525796,
    "stddev": 6195.123175543844,
    "max": 75830.8366498461,
    "percentiles": {
      "p10": 47618.90440429702,
      "p25": 48812.2339594607,
      "p50": 50549.46254800548,
      "p75": 57955.24245414649,
      "p90": 60576.41624496797,
      "p95": 63039.0337697106,
      "p99": 69918.52141632327
    }
  },
  "details": {
    "DNSDialup": {
      "average": 0.00096011974,
      "fastest": 0.000092353,
      "slowest": 0.0018332
    },
    "DNSLookup": {
      "average": 0.000008084519999999998,
      "fastest": 0.000003727,
      "slowest": 0.000036849
    }
  },
  "statusCodeDistribution": {
    "200": 529300
  },
  "errorDistribution": {}
}