{
  "summary": {
    "successRate": 1,
    "total": 10.000188035,
    "slowest": 0.005451911,
    "fastest": 0.000250608,
    "average": 0.0009242549067038729,
    "requestsPerSec": 54002.28456804212,
    "totalData": 7020429,
    "sizePerRequest": 13,
    "sizePerSec": 702029.6993845475
  },
  "responseTimeHistogram": {
    "0.000250608": 1,
    "0.0007707383000000001": 118122,
    "0.0012908686000000001": 417828,
    "0.0018109989000000002": 3643,
    "0.0023311292": 225,
    "0.0028512595000000003": 129,
    "0.0033713898": 33,
    "0.0038915201": 1,
    "0.004411650400000001": 7,
    "0.004931780700000001": 13,
    "0.005451911000000001": 31
  },
  "latencyPercentiles": {
    "p10": 0.000619677,
    "p25": 0.000831479,
    "p50": 0.000965755,
    "p75": 0.001053937,
    "p90": 0.001107287,
    "p95": 0.001144866,
    "p99": 0.001254305
  },
  "rps": {
    "mean": 53995.827516175166,
    "stddev": 7112.371563132749,
    "max": 79264.89476057177,
    "percentiles": {
      "p10": 48575.10353321601,
      "p25": 49442.27809199132,
      "p50": 50732.68199373974,
      "p75": 58079.68432030827,
      "p90": 64827.56119215376,
      "p95": 67803.2575809757,
      "p99": 74185.37263755738
    }
  },
  "details": {
    "DNSDialup": {
      "average": 0.0005895314400000001,
      "fastest": 0.000138838,
      "slowest": 0.001540348
    },
    "DNSLookup": {
      "average": 0.00000909438,
      "fastest": 0.000003486,
      "slowest": 0.000044262
    }
  },
  "statusCodeDistribution": {
    "200": 540033
  },
  "errorDistribution": {}
}