{
  "summary": {
    "successRate": 1,
    "total": 10.00063235,
    "slowest": 0.006674424,
    "fastest": 0.000169827,
    "average": 0.0010051972092070824,
    "requestsPerSec": 49647.660530186375,
    "totalData": 6454604,
    "sizePerRequest": 13,
    "sizePerSec": 645419.5868924229
  },
  "responseTimeHistogram": {
    "0.000169827": 1,
    "0.0008202867": 44215,
    "0.0014707464": 450240,
    "0.0021212061": 1757,
    "0.0027716658": 168,
    "0.0034221254999999996": 54,
    "0.004072585199999999": 19,
    "0.0047230449": 11,
    "0.0053735046": 19,
    "0.006023964299999999": 11,
    "0.006674423999999999": 13
  },
  "latencyPercentiles": {
    "p10": 0.000837749,
    "p25": 0.000936307,
    "p50": 0.001020657,
    "p75": 0.001089826,
    "p90": 0.001147023,
    "p95": 0.001193007,
    "p99": 0.001331454
  },
  "rps": {
    "mean": 49647.44452693567,
    "stddev": 4235.969141553793,
    "max": 70451.48836317372,
    "percentiles": {
      "p10": 46971.21696956736,
      "p25": 47922.61468186774,
      "p50": 48764.883238837814,
      "p75": 50222.730807963104,
      "p90": 54303.67635888616,
      "p95": 58641.39496070322,
      "p99": 63720.58153710739
    }
  },
  "details": {
    "DNSDialup": {
      "average": 0.00086886392,
      "fastest": 0.000138592,
      "slowest": 0.001413049
    },
    "DNSLookup": {
      "average": 0.000006972120000000002,
      "fastest": 0.000003887,
      "slowest": 0.000025598
    }
  },
  "statusCodeDistribution": {
    "200": 496508
  },
  "errorDistribution": {}
}