{
  "summary": {
    "successRate": 1,
    "total": 10.000376736,
    "slowest": 0.007160115,
    "fastest": 0.000111799,
    "average": 0.0010069495216802446,
    "requestsPerSec": 49568.53257493119,
    "totalData": 6444152,
    "sizePerRequest": 13,
    "sizePerSec": 644390.9234741054
  },
  "responseTimeHistogram": {
    "0.000111799": 1,
    "0.0008166305999999999": 36905,
    "0.0015214622": 457374,
    "0.0022262938": 1166,
    "0.0029311254": 146,
    "0.0036359569999999996": 62,
    "0.0043407886": 2,
    "0.0050456202": 12,
    "0.0057504518": 17,
    "0.006455283399999999": 17,
    "0.007160114999999999": 2
  },
  "latencyPercentiles": {
    "p10": 0.000855972,
    "p25": 0.00093733,
    "p50": 0.001022151,
    "p75": 0.001087715,
    "p90": 0.001149491,
    "p95": 0.001198069,
    "p99": 0.001322774
  },
  "rps": {
    "mean": 49574.56869750779,
    "stddev": 4558.777012772747,
    "max": 78575.89924440085,
    "percentiles": {
      "p10": 47119.10679780648,
      "p25": 48019.84927594117,
      "p50": 48833.07464145116,
      "p75": 49824.60837407748,
      "p90": 52110.396024007205,
      "p95": 57859.62161428798,
      "p99": 71028.45399866826
    }
  },
  "details": {
    "DNSDialup": {
      "average": 0.0009850745399999999,
      "fastest": 0.000140903,
      "slowest": 0.002125765
    },
    "DNSLookup": {
      "average": 0.00004816316,
      "fastest": 0.000003947,
      "slowest": 0.002018763
    }
  },
  "statusCodeDistribution": {
    "200": 495704
  },
  "errorDistribution": {}
}