{
  "summary": {
    "successRate": 1,
    "total": 10.000368177,
    "slowest": 0.006115444,
    "fastest": 0.000131917,
    "average": 0.000987013305017878,
    "requestsPerSec": 50571.23808332762,
    "totalData": 6574503,
    "sizePerRequest": 13,
    "sizePerSec": 657426.095083259
  },
  "responseTimeHistogram": {
    "0.000131917": 1,
    "0.0007302697": 29178,
    "0.0013286224000000001": 473114,
    "0.0019269751": 3012,
    "0.0025253278000000002": 255,
    "0.0031236805000000004": 93,
    "0.0037220332": 28,
    "0.0043203859": 1,
    "0.0049187386": 10,
    "0.0055170913": 9,
    "0.006115444": 30
  },
  "latencyPercentiles": {
    "p10": 0.000842481,
    "p25": 0.000921303,
    "p50": 0.001003311,
    "p75": 0.001066213,
    "p90": 0.001124653,
    "p95": 0.001170482,
    "p99": 0.001284165
  },
  "rps": {
    "mean": 50569.08101729717,
    "stddev": 4889.258023415063,
    "max": 79628.61934919041,
    "percentiles": {
      "p10": 47849.265603865264,
      "p25": 48824.036072960254,
      "p50": 49746.4535592776,
      "p75": 50699.10661360955,
      "p90": 53015.35854936759,
      "p95": 60394.72467128419,
      "p99": 69767.28100967612
    }
  },
  "details": {
    "DNSDialup": {
      "average": 0.0009801571,
      "fastest": 0.000131395,
      "slowest": 0.001927428
    },
    "DNSLookup": {
      "average": 0.000008931959999999999,
      "fastest": 0.000004227,
      "slowest": 0.000030147
    }
  },
  "statusCodeDistribution": {
    "200": 505731
  },
  "errorDistribution": {}
}