{
  "summary": {
    "successRate": 1,
    "total": 10.000220231,
    "slowest": 0.005943931,
    "fastest": 0.000226092,
    "average": 0.0009696877112890598,
    "requestsPerSec": 51470.766454163306,
    "totalData": 6691347,
    "sizePerRequest": 13,
    "sizePerSec": 669119.9639041229
  },
  "responseTimeHistogram": {
    "0.000226092": 1,
    "0.0007978759000000001": 65191,
    "0.0013696598000000001": 446648,
    "0.0019414437000000002": 2538,
    "0.0025132276": 158,
    "0.0030850115": 127,
    "0.0036567954": 7,
    "0.0042285793": 0,
    "0.0048003632": 2,
    "0.0053721471": 16,
    "0.005943931": 31
  },
  "latencyPercentiles": {
    "p10": 0.000750022,
    "p25": 0.000902192,
    "p50": 0.000993516,
    "p75": 0.001068126,
    "p90": 0.001123769,
    "p95": 0.001168563,
    "p99": 0.00129532
  },
  "rps": {
    "mean": 51466.161414872455,
    "stddev": 6224.328223698994,
    "max": 81346.15463603455,
    "percentiles": {
      "p10": 47917.78708256522,
      "p25": 48719.67300395644,
      "p50": 49600.26784144754,
      "p75": 51086.54569671198,
      "p90": 60103.24446591205,
      "p95": 63826.62208407013,
      "p99": 74910.59800689483
    }
  },
  "details": {
    "DNSDialup": {
      "average": 0.0010023087799999999,
      "fastest": 0.000116738,
      "slowest": 0.001335463
    },
    "DNSLookup": {
      "average": 0.000008195459999999995,
      "fastest": 0.000003406,
      "slowest": 0.000030647
    }
  },
  "statusCodeDistribution": {
    "200": 514719
  },
  "errorDistribution": {}
}