{
  "summary": {
    "successRate": 1,
    "total": 10.000476371,
    "slowest": 0.006835463,
    "fastest": 0.00031641,
    "average": 0.0010659114224246887,
    "requestsPerSec": 46826.46932279823,
    "totalData": 6087731,
    "sizePerRequest": 13,
    "sizePerSec": 608744.101196377
  },
  "responseTimeHistogram": {
    "0.00031641": 1,
    "0.0009683153000000001": 83490,
    "0.0016202206000000001": 383808,
    "0.0022721259": 753,
    "0.0029240312": 137,
    "0.0035759365": 48,
    "0.0042278418": 0,
    "0.0048797471": 3,
    "0.0055316524": 16,
    "0.0061835577": 23,
    "0.006835463": 8
  },
  "latencyPercentiles": {
    "p10": 0.000930621,
    "p25": 0.000992449,
    "p50": 0.001076007,
    "p75": 0.001140125,
    "p90": 0.00119031,
    "p95": 0.001230986,
    "p99": 0.001364646
  },
  "rps": {
    "mean": 46823.35513450355,
    "stddev": 2757.722249946513,
    "max": 58703.37196182237,
    "percentiles": {
      "p10": 45203.29984088937,
      "p25": 45964.13835866633,
      "p50": 46621.954278269295,
      "p75": 47494.53787764772,
      "p90": 49044.94969639687,
      "p95": 51154.00394037962,
      "p99": 54502.0383762405
    }
  },
  "details": {
    "DNSDialup": {
      "average": 0.00087702466,
      "fastest": 0.000097692,
      "slowest": 0.001912628
    },
    "DNSLookup": {
      "average": 0.000012278540000000002,
      "fastest": 0.000003506,
      "slowest": 0.000254274
    }
  },
  "statusCodeDistribution": {
    "200": 468287
  },
  "errorDistribution": {}
}