{
  "summary": {
    "successRate": 1,
    "total": 10.000430701,
    "slowest": 0.007074217,
    "fastest": 0.000085269,
    "average": 0.0009169999505892789,
    "requestsPerSec": 54421.05607967254,
    "totalData": 7075042,
    "sizePerRequest": 13,
    "sizePerSec": 707473.729035743
  },
  "responseTimeHistogram": {
    "0.000085269": 1,
    "0.0007841638": 110165,
    "0.0014830586": 432089,
    "0.0021819533999999996": 1554,
    "0.0028808481999999997": 310,
    "0.003579743": 56,
    "0.0042786377999999995": 7,
    "0.0049775326": 0,
    "0.0056764274": 43,
    "0.006375322199999999": 8,
    "0.007074217": 1
  },
  "latencyPercentiles": {
    "p10": 0.000733979,
    "p25": 0.000802698,
    "p50": 0.000911168,
    "p75": 0.001031925,
    "p90": 0.001101518,
    "p95": 0.001154239,
    "p99": 0.00131347
  },
  "rps": {
    "mean": 54416.528985903766,
    "stddev": 6978.6474997124615,
    "max": 80702.73582274311,
    "percentiles": {
      "p10": 48128.90140529238,
      "p25": 49305.21649190506,
      "p50": 51243.018514043884,
      "p75": 60595.28608737315,
      "p90": 61525.12686181416,
      "p95": 63334.69389350356,
      "p99": 72839.45154418555
    }
  },
  "details": {
    "DNSDialup": {
      "average": 0.0008697633800000003,
      "fastest": 0.000106345,
      "slowest": 0.00207935
    },
    "DNSLookup": {
      "average": 0.000011381679999999998,
      "fastest": 0.000004188,
      "slowest": 0.000036468
    }
  },
  "statusCodeDistribution": {
    "200": 544234
  },
  "errorDistribution": {}
}