{
  "summary": {
    "successRate": 1,
    "total": 10.000382774,
    "slowest": 0.006600513,
    "fastest": 0.000261398,
    "average": 0.001049277764966918,
    "requestsPerSec": 47566.379282673646,
    "totalData": 6183866,
    "sizePerRequest": 13,
    "sizePerSec": 618362.9306747573
  },
  "responseTimeHistogram": {
    "0.000261398": 1,
    "0.0008953094999999999": 47391,
    "0.0015292209999999999": 426890,
    "0.0021631325": 1059,
    "0.002797044": 186,
    "0.0034309554999999996": 106,
    "0.004064867": 0,
    "0.0046987785": 2,
    "0.00533269": 3,
    "0.0059666015": 25,
    "0.006600513": 19
  },
  "latencyPercentiles": {
    "p10": 0.000895664,
    "p25": 0.000977466,
    "p50": 0.001062464,
    "p75": 0.001132375,
    "p90": 0.001184693,
    "p95": 0.001224966,
    "p99": 0.001352387
  },
  "rps": {
    "mean": 47563.37067216265,
    "stddev": 3104.832033525557,
    "max": 59819.42949097941,
    "percentiles": {
      "p10": 45410.36718682439,
      "p25": 46340.123264728434,
      "p50": 47283.32740789073,
      "p75": 48616.70469973517,
      "p90": 50933.14729225784,
      "p95": 52505.46056789731,
      "p99": 56444.269240364585
    }
  },
  "details": {
    "DNSDialup": {
      "average": 0.0010892886199999996,
      "fastest": 0.000105908,
      "slowest": 0.001556176
    },
    "DNSLookup": {
      "average": 0.000008644040000000003,
      "fastest": 0.000003657,
      "slowest": 0.000029826
    }
  },
  "statusCodeDistribution": {
    "200": 475682
  },
  "errorDistribution": {}
}