{
  "summary": {
    "successRate": 1,
    "total": 10.000337947,
    "slowest": 0.006788672,
    "fastest": 0.000109584,
    "average": 0.0008898278690558413,
    "requestsPerSec": 56084.60463761165,
    "totalData": 7291245,
    "sizePerRequest": 13,
    "sizePerSec": 729099.8602889514
  },
  "responseTimeHistogram": {
    "0.000109584": 1,
    "0.0007774928": 132223,
    "0.0014454016": 426539,
    "0.0021133104": 1754,
    "0.0027812191999999998": 255,
    "0.0034491279999999997": 42,
    "0.0041170368": 1,
    "0.0047849456": 2,
    "0.0054528544": 17,
    "0.0061207632000000005": 29,
    "0.006788672": 2
  },
  "latencyPercentiles": {
    "p10": 0.000642184,
    "p25": 0.000782934,
    "p50": 0.00088461,
    "p75": 0.001012935,
    "p90": 0.001092468,
    "p95": 0.001144672,
    "p99": 0.001297743
  },
  "rps": {
    "mean": 56078.20312568561,
    "stddev": 7218.784212095454,
    "max": 81656.90669827406,
    "percentiles": {
      "p10": 48373.411489276106,
      "p25": 49737.23167391315,
      "p50": 58440.13945441248,
      "p75": 60130.93736728367,
      "p90": 63706.67008835981,
      "p95": 68166.67433541772,
      "p99": 75494.32953143909
    }
  },
  "details": {
    "DNSDialup": {
      "average": 0.0011994016400000002,
      "fastest": 0.000133478,
      "slowest": 0.002205033
    },
    "DNSLookup": {
      "average": 0.00000967236,
      "fastest": 0.000003687,
      "slowest": 0.000060292
    }
  },
  "statusCodeDistribution": {
    "200": 560865
  },
  "errorDistribution": {}
}