{
  "summary": {
    "successRate": 1,
    "total": 10.000556813,
    "slowest": 0.013063985,
    "fastest": 0.00013428,
    "average": 0.0009789905558061991,
    "requestsPerSec": 50977.16152537596,
    "totalData": 6627400,
    "sizePerRequest": 13,
    "sizePerSec": 662703.0998298875
  },
  "responseTimeHistogram": {
    "0.00013428": 1,
    "0.0014272505": 505295,
    "0.002720221": 4327,
    "0.0040131915": 110,
    "0.005306162": 23,
    "0.0065991324999999995": 36,
    "0.007892103000000001": 3,
    "0.0091850735": 1,
    "0.010478044": 3,
    "0.011771014500000001": 0,
    "0.013063985": 1
  },
  "latencyPercentiles": {
    "p10": 0.000767399,
    "p25": 0.000866447,
    "p50": 0.000981742,
    "p75": 0.001092348,
    "p90": 0.001175894,
    "p95": 0.001237462,
    "p99": 0.001408494
  },
  "rps": {
    "mean": 50976.32121244263,
    "stddev": 4949.061431798821,
    "max": 63249.88518444762,
    "percentiles": {
      "p10": 46285.28526663233,
      "p25": 47610.93146986497,
      "p50": 49719.17686694885,
      "p75": 54501.80881049739,
      "p90": 58389.75159187314,
      "p95": 58907.11294829402,
      "p99": 59802.14689707192
    }
  },
  "details": {
    "DNSDialup": {
      "average": 0.0008324599999999999,
      "fastest": 0.000093815,
      "slowest": 0.001717372
    },
    "DNSLookup": {
      "average": 0.000007817199999999997,
      "fastest": 0.000003195,
      "slowest": 0.00003236
    }
  },
  "statusCodeDistribution": {
    "200": 509800
  },
  "errorDistribution": {}
}