{
  "summary": {
    "successRate": 1,
    "total": 10.000435608,
    "slowest": 0.012365284,
    "fastest": 0.000079789,
    "average": 0.0008928787625522758,
    "requestsPerSec": 55897.86504428038,
    "totalData": 7267039,
    "sizePerRequest": 13,
    "sizePerSec": 726672.2455756449
  },
  "responseTimeHistogram": {
    "0.000079789": 1,
    "0.0013083385": 552032,
    "0.0025368879999999997": 6754,
    "0.0037654374999999997": 144,
    "0.004993987": 23,
    "0.0062225365000000005": 32,
    "0.007451086": 15,
    "0.0086796355": 1,
    "0.009908185": 0,
    "0.0111367345": 0,
    "0.012365284": 1
  },
  "latencyPercentiles": {
    "p10": 0.0005985,
    "p25": 0.00072691,
    "p50": 0.000920122,
    "p75": 0.001045025,
    "p90": 0.001120117,
    "p95": 0.001176994,
    "p99": 0.001334759
  },
  "rps": {
    "mean": 55898.63753315194,
    "stddev": 8472.625074169346,
    "max": 81002.28426441274,
    "percentiles": {
      "p10": 47618.652226076745,
      "p25": 49360.318308973554,
      "p50": 54153.37241636639,
      "p75": 60334.42942553221,
      "p90": 68137.01460530284,
      "p95": 71736.78662418058,
      "p99": 78139.92168599063
    }
  },
  "details": {
    "DNSDialup": {
      "average": 0.0012813215799999998,
      "fastest": 0.000093866,
      "slowest": 0.002637379
    },
    "DNSLookup": {
      "average": 0.00003787723999999999,
      "fastest": 0.000003346,
      "slowest": 0.001544913
    }
  },
  "statusCodeDistribution": {
    "200": 559003
  },
  "errorDistribution": {}
}