{
  "summary": {
    "successRate": 1,
    "total": 10.000434818,
    "slowest": 0.023996354,
    "fastest": 0.000086519,
    "average": 0.0009493517627105784,
    "requestsPerSec": 52574.013987238606,
    "totalData": 6834919,
    "sizePerRequest": 13,
    "sizePerSec": 683462.1818341019
  },
  "responseTimeHistogram": {
    "0.000086519": 1,
    "0.0024775025": 525588,
    "0.004868486": 124,
    "0.0072594695": 47,
    "0.009650453": 1,
    "0.012041436499999999": 0,
    "0.01443242": 0,
    "0.0168234035": 1,
    "0.019214387": 0,
    "0.0216053705": 0,
    "0.023996353999999998": 1
  },
  "latencyPercentiles": {
    "p10": 0.000767644,
    "p25": 0.000858296,
    "p50": 0.000956662,
    "p75": 0.00104795,
    "p90": 0.00111009,
    "p95": 0.001157368,
    "p99": 0.001287255
  },
  "rps": {
    "mean": 52572.66532709577,
    "stddev": 5434.605479933761,
    "max": 75950.32848517055,
    "percentiles": {
      "p10": 48407.14005315633,
      "p25": 49418.8434049901,
      "p50": 50437.95284482672,
      "p75": 57556.4194086312,
      "p90": 60016.99081009817,
      "p95": 60440.62114916371,
      "p99": 65912.10146182856
    }
  },
  "details": {
    "DNSDialup": {
      "average": 0.0010636131000000002,
      "fastest": 0.000154851,
      "slowest": 0.001737841
    },
    "DNSLookup": {
      "average": 0.000009899239999999998,
      "fastest": 0.000004158,
      "slowest": 0.0000585
    }
  },
  "statusCodeDistribution": {
    "200": 525763
  },
  "errorDistribution": {}
}