{
  "summary": {
    "successRate": 1,
    "total": 10.000715037,
    "slowest": 0.006839449,
    "fastest": 0.000135302,
    "average": 0.0010231738246043775,
    "requestsPerSec": 48780.51201290318,
    "totalData": 6341920,
    "sizePerRequest": 13,
    "sizePerSec": 634146.6561677413
  },
  "responseTimeHistogram": {
    "0.000135302": 1,
    "0.0008057167": 35503,
    "0.0014761314": 450263,
    "0.0021465460999999996": 1633,
    "0.0028169607999999997": 232,
    "0.0034873754999999998": 70,
    "0.0041577902": 22,
    "0.0048282049": 17,
    "0.0054986196": 13,
    "0.0061690343": 34,
    "0.006839449": 52
  },
  "latencyPercentiles": {
    "p10": 0.000861228,
    "p25": 0.000956415,
    "p50": 0.001038837,
    "p75": 0.001107131,
    "p90": 0.00115752,
    "p95": 0.001199729,
    "p99": 0.001329879
  },
  "rps": {
    "mean": 48773.375860032334,
    "stddev": 4054.8475580984946,
    "max": 68318.11240566865,
    "percentiles": {
      "p10": 46267.386149612015,
      "p25": 47146.838829533015,
      "p50": 48019.812974831744,
      "p75": 49798.68106639784,
      "p90": 53405.78650681398,
      "p95": 55605.656814017995,
      "p99": 60170.14825682213
    }
  },
  "details": {
    "DNSDialup": {
      "average": 0.0008396268800000001,
      "fastest": 0.000115884,
      "slowest": 0.001196851
    },
    "DNSLookup": {
      "average": 0.000007098080000000003,
      "fastest": 0.000003707,
      "slowest": 0.000028754
    }
  },
  "statusCodeDistribution": {
    "200": 487840
  },
  "errorDistribution": {}
}