{
  "summary": {
    "successRate": 1,
    "total": 10.000379856,
    "slowest": 0.006542614,
    "fastest": 0.000300499,
    "average": 0.0009583985575792924,
    "requestsPerSec": 52080.12170532895,
    "totalData": 6770673,
    "sizePerRequest": 13,
    "sizePerSec": 677041.5821692763
  },
  "responseTimeHistogram": {
    "0.000300499": 1,
    "0.0009247105": 173415,
    "0.001548922": 346415,
    "0.0021731335": 735,
    "0.002797345": 161,
    "0.0034215565000000002": 15,
    "0.004045768": 25,
    "0.0046699795": 9,
    "0.005294191": 17,
    "0.0059184025": 25,
    "0.006542614": 3
  },
  "latencyPercentiles": {
    "p10": 0.000679635,
    "p25": 0.000886738,
    "p50": 0.000986323,
    "p75": 0.001067777,
    "p90": 0.001124863,
    "p95": 0.001168326,
    "p99": 0.001277056
  },
  "rps": {
    "mean": 52074.47834486938,
    "stddev": 6454.73435553471,
    "max": 80265.72082696097,
    "percentiles": {
      "p10": 47647.34917549108,
      "p25": 48609.33210978364,
      "p50": 49611.81257257374,
      "p75": 54239.80309246781,
      "p90": 60707.35773175788,
      "p95": 64407.87708336828,
      "p99": 73932.09392197571
    }
  },
  "details": {
    "DNSDialup": {
      "average": 0.00083517208,
      "fastest": 0.000107961,
      "slowest": 0.001322761
    },
    "DNSLookup": {
      "average": 0.000007522600000000003,
      "fastest": 0.000003917,
      "slowest": 0.000033713
    }
  },
  "statusCodeDistribution": {
    "200": 520821
  },
  "errorDistribution": {}
}