{
  "summary": {
    "successRate": 1,
    "total": 10.000874301,
    "slowest": 0.007264698,
    "fastest": 0.000094545,
    "average": 0.0009856016746959818,
    "requestsPerSec": 50643.272253642535,
    "totalData": 6584201,
    "sizePerRequest": 13,
    "sizePerSec": 658362.539297353
  },
  "responseTimeHistogram": {
    "0.000094545": 1,
    "0.0008115603": 55790,
    "0.0015285755999999999": 448773,
    "0.0022455909": 1582,
    "0.0029626062": 225,
    "0.0036796215000000003": 54,
    "0.004396636799999999": 1,
    "0.005113652099999999": 16,
    "0.0058306674": 12,
    "0.0065476827": 22,
    "0.007264698": 1
  },
  "latencyPercentiles": {
    "p10": 0.00080159,
    "p25": 0.000903979,
    "p50": 0.000994733,
    "p75": 0.001075299,
    "p90": 0.001143534,
    "p95": 0.001199812,
    "p99": 0.00135151
  },
  "rps": {
    "mean": 50643.288480015406,
    "stddev": 4064.3571280609813,
    "max": 63564.41291685072,
    "percentiles": {
      "p10": 47497.8931577949,
      "p25": 48700.168357689836,
      "p50": 49806.83349755499,
      "p75": 52307.22885902824,
      "p90": 56762.1809032765,
      "p95": 57623.93179009982,
      "p99": 59629.640802065514
    }
  },
  "details": {
    "DNSDialup": {
      "average": 0.0007502241799999999,
      "fastest": 0.000077694,
      "slowest": 0.001513264
    },
    "DNSLookup": {
      "average": 0.000007365039999999998,
      "fastest": 0.000003617,
      "slowest": 0.000030506
    }
  },
  "statusCodeDistribution": {
    "200": 506477
  },
  "errorDistribution": {}
}