{
  "summary": {
    "successRate": 1,
    "total": 10.000619881,
    "slowest": 0.007412904,
    "fastest": 0.000231285,
    "average": 0.0010079243658560149,
    "requestsPerSec": 49517.230520962745,
    "totalData": 6437639,
    "sizePerRequest": 13,
    "sizePerSec": 643723.9967725156
  },
  "responseTimeHistogram": {
    "0.000231285": 1,
    "0.0009494468999999999": 138513,
    "0.0016676087999999997": 355740,
    "0.0023857706999999995": 754,
    "0.0031039325999999996": 116,
    "0.0038220944999999996": 29,
    "0.0045402564": 2,
    "0.0052584183": 6,
    "0.0059765802": 26,
    "0.0066947421": 12,
    "0.007412904": 4
  },
  "latencyPercentiles": {
    "p10": 0.000802562,
    "p25": 0.000937742,
    "p50": 0.00102661,
    "p75": 0.001102121,
    "p90": 0.001161379,
    "p95": 0.001210221,
    "p99": 0.001345558
  },
  "rps": {
    "mean": 49519.56927447128,
    "stddev": 4595.619385904507,
    "max": 77291.17905886681,
    "percentiles": {
      "p10": 46302.16231097887,
      "p25": 47333.52159999704,
      "p50": 48349.001713233745,
      "p75": 51005.78915706921,
      "p90": 55386.768912185915,
      "p95": 58414.25892060323,
      "p99": 62508.24483748915
    }
  },
  "details": {
    "DNSDialup": {
      "average": 0.0011008508599999998,
      "fastest": 0.000109034,
      "slowest": 0.002079556
    },
    "DNSLookup": {
      "average": 0.0000061265000000000006,
      "fastest": 0.000002936,
      "slowest": 0.000029235
    }
  },
  "statusCodeDistribution": {
    "200": 495203
  },
  "errorDistribution": {}
}