{
  "summary": {
    "successRate": 1,
    "total": 10.000390618,
    "slowest": 0.006650027,
    "fastest": 0.000120645,
    "average": 0.0010198831515545606,
    "requestsPerSec": 48940.18830815234,
    "totalData": 6362473,
    "sizePerRequest": 13,
    "sizePerSec": 636222.4480059805
  },
  "responseTimeHistogram": {
    "0.000120645": 1,
    "0.0007735832": 26740,
    "0.0014265214": 459657,
    "0.0020794596": 2597,
    "0.0027323978": 320,
    "0.003385336": 28,
    "0.0040382742": 18,
    "0.0046912124": 10,
    "0.0053441506": 2,
    "0.0059970888": 14,
    "0.006650027": 34
  },
  "latencyPercentiles": {
    "p10": 0.000843756,
    "p25": 0.000942055,
    "p50": 0.001031694,
    "p75": 0.001109052,
    "p90": 0.001167123,
    "p95": 0.00121517,
    "p99": 0.00136032
  },
  "rps": {
    "mean": 48941.64710141314,
    "stddev": 4057.2630035466705,
    "max": 65521.86358227385,
    "percentiles": {
      "p10": 45990.091701422316,
      "p25": 47032.746248084215,
      "p50": 47942.668975385284,
      "p75": 50108.90435230354,
      "p90": 55314.90604727839,
      "p95": 56583.85225274015,
      "p99": 59105.592140358734
    }
  },
  "details": {
    "DNSDialup": {
      "average": 0.0006493793800000001,
      "fastest": 0.000109604,
      "slowest": 0.001102891
    },
    "DNSLookup": {
      "average": 0.000010086439999999998,
      "fastest": 0.000004588,
      "slowest": 0.000030848
    }
  },
  "statusCodeDistribution": {
    "200": 489421
  },
  "errorDistribution": {}
}