{
  "summary": {
    "successRate": 1,
    "total": 10.0006336,
    "slowest": 0.00646629,
    "fastest": 0.000233406,
    "average": 0.0009699551668344198,
    "requestsPerSec": 51457.939624945364,
    "totalData": 6689956,
    "sizePerRequest": 13,
    "sizePerSec": 668953.2151242897
  },
  "responseTimeHistogram": {
    "0.000233406": 1,
    "0.0008566944": 107039,
    "0.0014799828": 405601,
    "0.0021032712": 1620,
    "0.0027265595999999997": 200,
    "0.0033498479999999995": 60,
    "0.0039731364": 42,
    "0.0045964248": 5,
    "0.0052197132": 1,
    "0.0058430016": 10,
    "0.0064662899999999995": 33
  },
  "latencyPercentiles": {
    "p10": 0.000706686,
    "p25": 0.000891406,
    "p50": 0.000993177,
    "p75": 0.001081354,
    "p90": 0.001134511,
    "p95": 0.00117592,
    "p99": 0.001308647
  },
  "rps": {
    "mean": 51453.07038964217,
    "stddev": 5002.916485331488,
    "max": 72049.95920020125,
    "percentiles": {
      "p10": 47338.49092697357,
      "p25": 48461.43941288783,
      "p50": 50560.05523360654,
      "p75": 54247.5859824235,
      "p90": 57648.77086014949,
      "p95": 59999.83973331826,
      "p99": 65741.55419257632
    }
  },
  "details": {
    "DNSDialup": {
      "average": 0.0009583630600000002,
      "fastest": 0.000135353,
      "slowest": 0.001980769
    },
    "DNSLookup": {
      "average": 0.0000072412400000000005,
      "fastest": 0.000003847,
      "slowest": 0.000025137
    }
  },
  "statusCodeDistribution": {
    "200": 514612
  },
  "errorDistribution": {}
}