{
  "summary": {
    "successRate": 1,
    "total": 10.000235887,
    "slowest": 0.006696648,
    "fastest": 0.000211286,
    "average": 0.0010005637133945295,
    "requestsPerSec": 49884.823281869045,
    "totalData": 6485180,
    "sizePerRequest": 13,
    "sizePerSec": 648502.7026642977
  },
  "responseTimeHistogram": {
    "0.000211286": 1,
    "0.0008598222000000001": 56779,
    "0.0015083584000000001": 440757,
    "0.0021568946000000006": 1059,
    "0.0028054308000000005": 160,
    "0.0034539670000000005": 37,
    "0.0041025032000000005": 18,
    "0.0047510394000000004": 2,
    "0.0053995756": 43,
    "0.0060481118": 3,
    "0.006696648": 1
  },
  "latencyPercentiles": {
    "p10": 0.000843399,
    "p25": 0.000933317,
    "p50": 0.001018246,
    "p75": 0.001085391,
    "p90": 0.001141136,
    "p95": 0.001184507,
    "p99": 0.001312375
  },
  "rps": {
    "mean": 49885.66794740911,
    "stddev": 4478.052051372898,
    "max": 79033.27541911553,
    "percentiles": {
      "p10": 47349.47756572355,
      "p25": 48189.80169546047,
      "p50": 48923.33153681211,
      "p75": 49928.27747240527,
      "p90": 54226.56866447024,
      "p95": 58919.94225243523,
      "p99": 67413.50292463481
    }
  },
  "details": {
    "DNSDialup": {
      "average": 0.00102473736,
      "fastest": 0.000091562,
      "slowest": 0.002182086
    },
    "DNSLookup": {
      "average": 0.00005037675999999999,
      "fastest": 0.000004268,
      "slowest": 0.002073594
    }
  },
  "statusCodeDistribution": {
    "200": 498860
  },
  "errorDistribution": {}
}