{
  "summary": {
    "successRate": 1,
    "total": 10.000393602,
    "slowest": 0.011425497,
    "fastest": 0.000143564,
    "average": 0.0009586005718688971,
    "requestsPerSec": 52069.1505478206,
    "totalData": 6769256,
    "sizePerRequest": 13,
    "sizePerSec": 676898.9571216678
  },
  "responseTimeHistogram": {
    "0.000143564": 1,
    "0.0012717572999999998": 514355,
    "0.0023999506": 6179,
    "0.0035281438999999995": 124,
    "0.004656337199999999": 7,
    "0.005784530499999999": 30,
    "0.0069127237999999985": 13,
    "0.0080409171": 0,
    "0.0091691104": 1,
    "0.0102973037": 0,
    "0.011425497": 2
  },
  "latencyPercentiles": {
    "p10": 0.000669976,
    "p25": 0.000886929,
    "p50": 0.000987686,
    "p75": 0.001069193,
    "p90": 0.001127351,
    "p95": 0.001171911,
    "p99": 0.001289938
  },
  "rps": {
    "mean": 52072.02449354261,
    "stddev": 6208.163573921219,
    "max": 78451.31993580988,
    "percentiles": {
      "p10": 47495.3388295365,
      "p25": 48490.15051362622,
      "p50": 49677.82030550659,
      "p75": 55030.409804453186,
      "p90": 60404.87467338838,
      "p95": 64151.01148102157,
      "p99": 71498.84573231384
    }
  },
  "details": {
    "DNSDialup": {
      "average": 0.0010840809200000003,
      "fastest": 0.000119653,
      "slowest": 0.00209398
    },
    "DNSLookup": {
      "average": 0.000012606900000000001,
      "fastest": 0.000004478,
      "slowest": 0.000125423
    }
  },
  "statusCodeDistribution": {
    "200": 520712
  },
  "errorDistribution": {}
}