{
  "summary": {
    "successRate": 1,
    "total": 10.00064472,
    "slowest": 0.006865147,
    "fastest": 0.000215571,
    "average": 0.00097713587589148,
    "requestsPerSec": 51079.406808484244,
    "totalData": 6640751,
    "sizePerRequest": 13,
    "sizePerSec": 664032.2885102951
  },
  "responseTimeHistogram": {
    "0.000215571": 1,
    "0.0008805286": 103865,
    "0.0015454862": 405262,
    "0.0022104437999999997": 1417,
    "0.0028754014": 143,
    "0.003540359": 82,
    "0.0042053166": 8,
    "0.0048702742": 6,
    "0.0055352318": 12,
    "0.0062001894": 21,
    "0.006865147": 10
  },
  "latencyPercentiles": {
    "p10": 0.000746056,
    "p25": 0.000908156,
    "p50": 0.000996432,
    "p75": 0.001076318,
    "p90": 0.001131763,
    "p95": 0.001176405,
    "p99": 0.001313049
  },
  "rps": {
    "mean": 51072.298251240056,
    "stddev": 4778.387010141961,
    "max": 75667.20181585073,
    "percentiles": {
      "p10": 47309.526284300475,
      "p25": 48543.07712664183,
      "p50": 50022.83871019922,
      "p75": 53173.16905967711,
      "p90": 57012.974235685964,
      "p95": 59156.90894640862,
      "p99": 64859.57400993775
    }
  },
  "details": {
    "DNSDialup": {
      "average": 0.0008632782199999999,
      "fastest": 0.000092412,
      "slowest": 0.001413733
    },
    "DNSLookup": {
      "average": 0.000007050680000000001,
      "fastest": 0.000003717,
      "slowest": 0.000031308
    }
  },
  "statusCodeDistribution": {
    "200": 510827
  },
  "errorDistribution": {}
}