{
  "summary": {
    "successRate": 1,
    "total": 10.000401532,
    "slowest": 0.008811034,
    "fastest": 0.000137287,
    "average": 0.0009897684081503577,
    "requestsPerSec": 50425.47525580696,
    "totalData": 6555575,
    "sizePerRequest": 13,
    "sizePerSec": 655531.1783254904
  },
  "responseTimeHistogram": {
    "0.000137287": 1,
    "0.0010046617": 242246,
    "0.0018720364000000002": 261436,
    "0.0027394111000000002": 486,
    "0.0036067858": 43,
    "0.0044741605": 15,
    "0.005341535200000001": 10,
    "0.0062089099": 31,
    "0.007076284600000001": 5,
    "0.007943659300000001": 1,
    "0.008811034": 1
  },
  "latencyPercentiles": {
    "p10": 0.000763972,
    "p25": 0.000920131,
    "p50": 0.0010117,
    "p75": 0.001084516,
    "p90": 0.001155052,
    "p95": 0.001211446,
    "p99": 0.001347391
  },
  "rps": {
    "mean": 50420.01245081753,
    "stddev": 5820.587343475143,
    "max": 75933.17520424839,
    "percentiles": {
      "p10": 46901.28509521167,
      "p25": 48042.83018310712,
      "p50": 49015.11626185314,
      "p75": 50356.56048874357,
      "p90": 56927.17636545696,
      "p95": 64166.65632258767,
      "p99": 72774.16415068341
    }
  },
  "details": {
    "DNSDialup": {
      "average": 0.00098825816,
      "fastest": 0.00010173,
      "slowest": 0.002195514
    },
    "DNSLookup": {
      "average": 0.000008792700000000001,
      "fastest": 0.000003597,
      "slowest": 0.000038191
    }
  },
  "statusCodeDistribution": {
    "200": 504275
  },
  "errorDistribution": {}
}