{
  "summary": {
    "successRate": 1,
    "total": 10.000669548,
    "slowest": 0.006085663,
    "fastest": 0.000205603,
    "average": 0.001021821945778788,
    "requestsPerSec": 48842.929731408425,
    "totalData": 6350006,
    "sizePerRequest": 13,
    "sizePerSec": 634958.0865083095
  },
  "responseTimeHistogram": {
    "0.000205603": 1,
    "0.000793609": 36520,
    "0.0013816149999999999": 448223,
    "0.001969621": 3312,
    "0.002557627": 228,
    "0.0031456329999999997": 78,
    "0.003733639": 49,
    "0.004321645": 4,
    "0.004909651": 5,
    "0.005497657": 22,
    "0.006085663": 20
  },
  "latencyPercentiles": {
    "p10": 0.000849582,
    "p25": 0.000953337,
    "p50": 0.001039789,
    "p75": 0.001109037,
    "p90": 0.001166084,
    "p95": 0.001212932,
    "p99": 0.001343333
  },
  "rps": {
    "mean": 48840.13857966497,
    "stddev": 4236.203534700241,
    "max": 75654.91033391953,
    "percentiles": {
      "p10": 46285.16844487685,
      "p25": 47153.29131988495,
      "p50": 47943.68040722974,
      "p75": 49103.15242238572,
      "p90": 53553.60716077148,
      "p95": 56485.81573945523,
      "p99": 65048.857413808946
    }
  },
  "details": {
    "DNSDialup": {
      "average": 0.00112109398,
      "fastest": 0.000124534,
      "slowest": 0.001713193
    },
    "DNSLookup": {
      "average": 0.0000071522000000000024,
      "fastest": 0.000003156,
      "slowest": 0.00003216
    }
  },
  "statusCodeDistribution": {
    "200": 488462
  },
  "errorDistribution": {}
}