{
  "summary": {
    "successRate": 1,
    "total": 10.000396722,
    "slowest": 0.007345319,
    "fastest": 0.000099936,
    "average": 0.0010041391778207304,
    "requestsPerSec": 49707.62798904089,
    "totalData": 6462248,
    "sizePerRequest": 13,
    "sizePerSec": 646199.1638575316
  },
  "responseTimeHistogram": {
    "0.000099936": 1,
    "0.0008244743000000001": 40543,
    "0.0015490126": 455323,
    "0.0022735509000000004": 978,
    "0.0029980892000000003": 143,
    "0.0037226275000000002": 58,
    "0.004447165800000001": 2,
    "0.0051717041000000005": 4,
    "0.0058962424000000005": 32,
    "0.0066207807": 11,
    "0.007345319": 1
  },
  "latencyPercentiles": {
    "p10": 0.000851449,
    "p25": 0.00093501,
    "p50": 0.001019879,
    "p75": 0.001085385,
    "p90": 0.001146035,
    "p95": 0.001195129,
    "p99": 0.001323366
  },
  "rps": {
    "mean": 49703.3944985036,
    "stddev": 4502.048376445155,
    "max": 76045.90891520961,
    "percentiles": {
      "p10": 47219.33631822113,
      "p25": 48212.58348428889,
      "p50": 49002.18059703742,
      "p75": 49794.5547089246,
      "p90": 53111.556137352316,
      "p95": 58204.63890972362,
      "p99": 68492.7367481662
    }
  },
  "details": {
    "DNSDialup": {
      "average": 0.00111581132,
      "fastest": 0.00019305,
      "slowest": 0.00204444
    },
    "DNSLookup": {
      "average": 0.00000943116,
      "fastest": 0.000004488,
      "slowest": 0.000030227
    }
  },
  "statusCodeDistribution": {
    "200": 497096
  },
  "errorDistribution": {}
}