{
  "summary": {
    "successRate": 1,
    "total": 10.000386134,
    "slowest": 0.008164722,
    "fastest": 0.000135803,
    "average": 0.000931894924393894,
    "requestsPerSec": 53558.43192684464,
    "totalData": 6962865,
    "sizePerRequest": 13,
    "sizePerSec": 696259.6150489803
  },
  "responseTimeHistogram": {
    "0.000135803": 1,
    "0.0009386948999999999": 261347,
    "0.0017415867999999997": 273339,
    "0.0025444786999999996": 585,
    "0.0033473705999999995": 217,
    "0.0041502625": 61,
    "0.0049531544": 11,
    "0.0057560463": 21,
    "0.0065589381999999995": 22,
    "0.007361830099999999": 0,
    "0.008164722": 1
  },
  "latencyPercentiles": {
    "p10": 0.000721174,
    "p25": 0.00083008,
    "p50": 0.000943592,
    "p75": 0.0010446,
    "p90": 0.001105253,
    "p95": 0.001152541,
    "p99": 0.001294378
  },
  "rps": {
    "mean": 53561.4358004269,
    "stddev": 7284.296138108695,
    "max": 82043.5815505203,
    "percentiles": {
      "p10": 48211.13195036773,
      "p25": 49153.12469717253,
      "p50": 50254.033136428814,
      "p75": 60025.931202272346,
      "p90": 61320.05854262152,
      "p95": 66507.34241060264,
      "p99": 76566.77775530248
    }
  },
  "details": {
    "DNSDialup": {
      "average": 0.0011380903399999997,
      "fastest": 0.000173515,
      "slowest": 0.00156838
    },
    "DNSLookup": {
      "average": 0.000009964179999999999,
      "fastest": 0.000004178,
      "slowest": 0.00003207
    }
  },
  "statusCodeDistribution": {
    "200": 535605
  },
  "errorDistribution": {}
}