{
  "summary": {
    "successRate": 1,
    "total": 10.001082857,
    "slowest": 0.006395086,
    "fastest": 0.000090388,
    "average": 0.000983521622706393,
    "requestsPerSec": 50744.10513905415,
    "totalData": 6597448,
    "sizePerRequest": 13,
    "sizePerSec": 659673.3668077039
  },
  "responseTimeHistogram": {
    "0.000090388": 1,
    "0.0007208577999999999": 39895,
    "0.0013513276": 460427,
    "0.0019817973999999997": 6709,
    "0.0026122671999999998": 279,
    "0.003242737": 89,
    "0.0038732067999999995": 44,
    "0.0045036766": 3,
    "0.0051341464": 6,
    "0.0057646162": 20,
    "0.006395086": 23
  },
  "latencyPercentiles": {
    "p10": 0.000755441,
    "p25": 0.000881475,
    "p50": 0.00099568,
    "p75": 0.001095675,
    "p90": 0.00116658,
    "p95": 0.001224666,
    "p99": 0.001401164
  },
  "rps": {
    "mean": 50735.51058826167,
    "stddev": 4673.381077791094,
    "max": 70582.64521928738,
    "percentiles": {
      "p10": 46705.287038492526,
      "p25": 47837.274804528206,
      "p50": 49804.1489572661,
      "p75": 53410.65008362666,
      "p90": 57717.42610340495,
      "p95": 58403.98830116455,
      "p99": 59746.382130629565
    }
  },
  "details": {
    "DNSDialup": {
      "average": 0.0010083368199999996,
      "fastest": 0.000190025,
      "slowest": 0.001413339
    },
    "DNSLookup": {
      "average": 0.000007479299999999999,
      "fastest": 0.000003667,
      "slowest": 0.000025878
    }
  },
  "statusCodeDistribution": {
    "200": 507496
  },
  "errorDistribution": {}
}