{
  "summary": {
    "successRate": 1,
    "total": 10.00158894,
    "slowest": 0.00664729,
    "fastest": 0.000189462,
    "average": 0.0009820089780453924,
    "requestsPerSec": 50819.42509826844,
    "totalData": 6607575,
    "sizePerRequest": 13,
    "sizePerSec": 660652.5262774897
  },
  "responseTimeHistogram": {
    "0.000189462": 1,
    "0.0008352448": 98708,
    "0.0014810276000000002": 406229,
    "0.0021268104000000004": 2976,
    "0.0027725932000000003": 180,
    "0.0034183760000000003": 124,
    "0.0040641588": 5,
    "0.0047099416": 2,
    "0.0053557244": 19,
    "0.006001507200000001": 23,
    "0.00664729": 8
  },
  "latencyPercentiles": {
    "p10": 0.000753015,
    "p25": 0.000873973,
    "p50": 0.000988466,
    "p75": 0.001095145,
    "p90": 0.00117749,
    "p95": 0.001246468,
    "p99": 0.001425661
  },
  "rps": {
    "mean": 50817.407194348074,
    "stddev": 4554.123616771749,
    "max": 64219.03185193488,
    "percentiles": {
      "p10": 46393.70764754063,
      "p25": 48031.453624922935,
      "p50": 50425.89834038689,
      "p75": 53452.34316685692,
      "p90": 57401.73927270234,
      "p95": 58221.27927110226,
      "p99": 60103.365667261154
    }
  },
  "details": {
    "DNSDialup": {
      "average": 0.0007196858200000002,
      "fastest": 0.000124532,
      "slowest": 0.001194342
    },
    "DNSLookup": {
      "average": 0.000006893520000000001,
      "fastest": 0.000003577,
      "slowest": 0.000029164
    }
  },
  "statusCodeDistribution": {
    "200": 508275
  },
  "errorDistribution": {}
}