{
  "summary": {
    "successRate": 1,
    "total": 10.000117216,
    "slowest": 0.006950539,
    "fastest": 0.000247472,
    "average": 0.001008817720551296,
    "requestsPerSec": 49476.120060711095,
    "totalData": 6431971,
    "sizePerRequest": 13,
    "sizePerSec": 643189.5607892442
  },
  "responseTimeHistogram": {
    "0.000247472": 1,
    "0.0009177787": 117820,
    "0.0015880854": 375761,
    "0.0022583920999999997": 811,
    "0.0029286988": 213,
    "0.0035990055": 108,
    "0.0042693122": 3,
    "0.0049396189000000005": 7,
    "0.0056099256": 32,
    "0.0062802323": 10,
    "0.006950539": 1
  },
  "latencyPercentiles": {
    "p10": 0.000843142,
    "p25": 0.00092309,
    "p50": 0.001005121,
    "p75": 0.001102846,
    "p90": 0.001163006,
    "p95": 0.001204579,
    "p99": 0.001331844
  },
  "rps": {
    "mean": 49477.76532961382,
    "stddev": 4236.424197355935,
    "max": 72312.79898270857,
    "percentiles": {
      "p10": 45808.149269754955,
      "p25": 46913.872715874386,
      "p50": 48471.87894929411,
      "p75": 53660.706357102405,
      "p90": 54851.26685756333,
      "p95": 55422.00881663497,
      "p99": 57829.27317808687
    }
  },
  "details": {
    "DNSDialup": {
      "average": 0.0009375904199999998,
      "fastest": 0.000114944,
      "slowest": 0.002168072
    },
    "DNSLookup": {
      "average": 0.00001008558,
      "fastest": 0.000003877,
      "slowest": 0.000034505
    }
  },
  "statusCodeDistribution": {
    "200": 494767
  },
  "errorDistribution": {}
}