{
  "summary": {
    "successRate": 1,
    "total": 10.000259424,
    "slowest": 0.005447765,
    "fastest": 0.000231041,
    "average": 0.0009622366001719535,
    "requestsPerSec": 51871.45432998319,
    "totalData": 6743464,
    "sizePerRequest": 13,
    "sizePerSec": 674328.9062897816
  },
  "responseTimeHistogram": {
    "0.000231041": 1,
    "0.0007527133999999999": 50162,
    "0.0012743858": 462788,
    "0.0017960581999999998": 5230,
    "0.0023177306": 308,
    "0.002839403": 149,
    "0.0033610753999999995": 39,
    "0.0038827477999999996": 2,
    "0.0044044202": 6,
    "0.0049260926": 16,
    "0.005447765": 27
  },
  "latencyPercentiles": {
    "p10": 0.000758582,
    "p25": 0.000889332,
    "p50": 0.000981967,
    "p75": 0.001060108,
    "p90": 0.001116498,
    "p95": 0.001158726,
    "p99": 0.00128927
  },
  "rps": {
    "mean": 51871.57570420073,
    "stddev": 5348.895576870882,
    "max": 80083.87775034223,
    "percentiles": {
      "p10": 48115.47553408475,
      "p25": 49181.45432465298,
      "p50": 50061.10163115985,
      "p75": 53576.362389313545,
      "p90": 59761.6202065992,
      "p95": 61215.13238072737,
      "p99": 67850.45359729469
    }
  },
  "details": {
    "DNSDialup": {
      "average": 0.00082618892,
      "fastest": 0.000075865,
      "slowest": 0.00198281
    },
    "DNSLookup": {
      "average": 0.0000080738,
      "fastest": 0.000003877,
      "slowest": 0.000021069
    }
  },
  "statusCodeDistribution": {
    "200": 518728
  },
  "errorDistribution": {}
}