{
  "summary": {
    "successRate": 1,
    "total": 10.000368412,
    "slowest": 0.007328349,
    "fastest": 0.000223809,
    "average": 0.0009558243806774414,
    "requestsPerSec": 52217.8762307782,
    "totalData": 6788574,
    "sizePerRequest": 13,
    "sizePerSec": 678832.3910001167
  },
  "responseTimeHistogram": {
    "0.000223809": 1,
    "0.0009342629999999998": 192269,
    "0.0016447169999999998": 329220,
    "0.0023551709999999997": 426,
    "0.0030656249999999998": 166,
    "0.003776079": 32,
    "0.004486532999999999": 38,
    "0.005196986999999999": 9,
    "0.005907440999999999": 17,
    "0.0066178949999999995": 19,
    "0.007328349": 1
  },
  "latencyPercentiles": {
    "p10": 0.000685552,
    "p25": 0.000888357,
    "p50": 0.000982218,
    "p75": 0.001057576,
    "p90": 0.001117835,
    "p95": 0.001168257,
    "p99": 0.001292143
  },
  "rps": {
    "mean": 52207.2437152398,
    "stddev": 6926.87297751521,
    "max": 82726.19824386144,
    "percentiles": {
      "p10": 48332.687396487374,
      "p25": 49190.44844719531,
      "p50": 50103.56737399511,
      "p75": 51541.84614034032,
      "p90": 60805.80455225317,
      "p95": 68703.92299400255,
      "p99": 78634.96897069785
    }
  },
  "details": {
    "DNSDialup": {
      "average": 0.00101504886,
      "fastest": 0.000104615,
      "slowest": 0.002103271
    },
    "DNSLookup": {
      "average": 0.00000931246,
      "fastest": 0.000004839,
      "slowest": 0.000031358
    }
  },
  "statusCodeDistribution": {
    "200": 522198
  },
  "errorDistribution": {}
}