{
  "summary": {
    "successRate": 1,
    "total": 10.000422797,
    "slowest": 0.005462706,
    "fastest": 0.000180136,
    "average": 0.0009329852937973589,
    "requestsPerSec": 53495.83821200914,
    "totalData": 6954753,
    "sizePerRequest": 13,
    "sizePerSec": 695445.8967561189
  },
  "responseTimeHistogram": {
    "0.000180136": 1,
    "0.0007083930000000001": 33589,
    "0.0012366500000000002": 494087,
    "0.0017649070000000002": 6697,
    "0.0022931640000000003": 243,
    "0.002821421": 184,
    "0.0033496780000000005": 81,
    "0.0038779350000000008": 49,
    "0.004406192000000001": 9,
    "0.0049344490000000005": 21,
    "0.005462706": 20
  },
  "latencyPercentiles": {
    "p10": 0.000754346,
    "p25": 0.000839018,
    "p50": 0.000937373,
    "p75": 0.001034939,
    "p90": 0.001093124,
    "p95": 0.0011356,
    "p99": 0.001273184
  },
  "rps": {
    "mean": 53494.92889198856,
    "stddev": 5309.645120955295,
    "max": 67724.93218240117,
    "percentiles": {
      "p10": 48932.43731269472,
      "p25": 49851.67125726177,
      "p50": 51342.365344793274,
      "p75": 59226.53348699999,
      "p90": 60473.14226557547,
      "p95": 60850.19164797169,
      "p99": 63746.80928205748
    }
  },
  "details": {
    "DNSDialup": {
      "average": 0.0006459263199999999,
      "fastest": 0.000075194,
      "slowest": 0.001538968
    },
    "DNSLookup": {
      "average": 0.0000076180199999999994,
      "fastest": 0.000003266,
      "slowest": 0.0000319
    }
  },
  "statusCodeDistribution": {
    "200": 534981
  },
  "errorDistribution": {}
}