{
  "summary": {
    "successRate": 1,
    "total": 10.000392875,
    "slowest": 0.009345066,
    "fastest": 0.000088781,
    "average": 0.0009530866699637796,
    "requestsPerSec": 52367.042629812684,
    "totalData": 6807983,
    "sizePerRequest": 13,
    "sizePerSec": 680771.5541875649
  },
  "responseTimeHistogram": {
    "0.000088781": 1,
    "0.0010144095000000001": 316699,
    "0.0019400380000000003": 206481,
    "0.0028656665000000004": 384,
    "0.0037912950000000005": 73,
    "0.0047169235": 6,
    "0.005642552": 21,
    "0.0065681805000000005": 24,
    "0.007493809000000001": 1,
    "0.008419437500000002": 0,
    "0.009345066": 1
  },
  "latencyPercentiles": {
    "p10": 0.000720771,
    "p25": 0.000859258,
    "p50": 0.000969757,
    "p75": 0.001064994,
    "p90": 0.001128467,
    "p95": 0.001178918,
    "p99": 0.001328756
  },
  "rps": {
    "mean": 52347.07281187509,
    "stddev": 6997.422758835399,
    "max": 79741.57725838225,
    "percentiles": {
      "p10": 47423.101983279616,
      "p25": 48424.81010556513,
      "p50": 49628.84925006802,
      "p75": 57275.555304564565,
      "p90": 60109.12070827035,
      "p95": 65955.76559981397,
      "p99": 76916.90633601266
    }
  },
  "details": {
    "DNSDialup": {
      "average": 0.0010719319800000001,
      "fastest": 0.000118997,
      "slowest": 0.002056442
    },
    "DNSLookup": {
      "average": 0.00003153602,
      "fastest": 0.000004328,
      "slowest": 0.001138926
    }
  },
  "statusCodeDistribution": {
    "200": 523691
  },
  "errorDistribution": {}
}