{
  "summary": {
    "successRate": 1,
    "total": 10.000434166,
    "slowest": 0.01852786,
    "fastest": 0.000137008,
    "average": 0.0009250627965446244,
    "requestsPerSec": 53954.457480901336,
    "totalData": 7014384,
    "sizePerRequest": 13,
    "sizePerSec": 701407.9472517173
  },
  "responseTimeHistogram": {
    "0.000137008": 1,
    "0.0019760932": 538991,
    "0.0038151784": 392,
    "0.0056542636": 129,
    "0.0074933488": 51,
    "0.009332433999999999": 0,
    "0.011171519199999999": 3,
    "0.013010604399999999": 0,
    "0.014849689599999999": 0,
    "0.0166887748": 0,
    "0.01852786": 1
  },
  "latencyPercentiles": {
    "p10": 0.000624707,
    "p25": 0.000805999,
    "p50": 0.000949054,
    "p75": 0.001055945,
    "p90": 0.001122363,
    "p95": 0.001174539,
    "p99": 0.001320352
  },
  "rps": {
    "mean": 53951.17320706369,
    "stddev": 8251.686587891987,
    "max": 81210.87413604665,
    "percentiles": {
      "p10": 47456.08835082296,
      "p25": 48635.43164148202,
      "p50": 50125.51509502657,
      "p75": 59709.47732667995,
      "p90": 66035.23640214025,
      "p95": 71341.16385154081,
      "p99": 76810.630591275
    }
  },
  "details": {
    "DNSDialup": {
      "average": 0.0008140181000000004,
      "fastest": 0.000095658,
      "slowest": 0.001509216
    },
    "DNSLookup": {
      "average": 0.00002002235999999999,
      "fastest": 0.000003727,
      "slowest": 0.000676613
    }
  },
  "statusCodeDistribution": {
    "200": 539568
  },
  "errorDistribution": {}
}