{
  "summary": {
    "successRate": 1,
    "total": 10.000167226,
    "slowest": 0.006412273,
    "fastest": 0.000067425,
    "average": 0.0009421656160616093,
    "requestsPerSec": 52971.41418022923,
    "totalData": 6886399,
    "sizePerRequest": 13,
    "sizePerSec": 688628.38434298
  },
  "responseTimeHistogram": {
    "0.000067425": 1,
    "0.0007019097999999999": 31323,
    "0.0013363945999999999": 494270,
    "0.0019708793999999997": 3751,
    "0.0026053641999999994": 234,
    "0.003239848999999999": 85,
    "0.003874333799999999": 9,
    "0.0045088186": 7,
    "0.005143303399999999": 21,
    "0.005777788199999999": 21,
    "0.006412272999999999": 1
  },
  "latencyPercentiles": {
    "p10": 0.000761542,
    "p25": 0.000832753,
    "p50": 0.000941773,
    "p75": 0.001055662,
    "p90": 0.001120285,
    "p95": 0.001164663,
    "p99": 0.001297425
  },
  "rps": {
    "mean": 52967.90608095503,
    "stddev": 6262.476141379352,
    "max": 76229.84229037313,
    "percentiles": {
      "p10": 47215.74172829148,
      "p25": 48404.35979972913,
      "p50": 49938.18273451669,
      "p75": 59065.568687802326,
      "p90": 60002.13563527818,
      "p95": 60735.58612245916,
      "p99": 68711.01437560789
    }
  },
  "details": {
    "DNSDialup": {
      "average": 0.0009366726800000001,
      "fastest": 0.000077644,
      "slowest": 0.001848081
    },
    "DNSLookup": {
      "average": 0.00000876422,
      "fastest": 0.000003887,
      "slowest": 0.000040725
    }
  },
  "statusCodeDistribution": {
    "200": 529723
  },
  "errorDistribution": {}
}