{
  "summary": {
    "successRate": 1,
    "total": 10.000328061,
    "slowest": 0.024409323,
    "fastest": 0.000128078,
    "average": 0.0009820929457389285,
    "requestsPerSec": 50824.83263545808,
    "totalData": 6607445,
    "sizePerRequest": 13,
    "sizePerSec": 660722.8242609551
  },
  "responseTimeHistogram": {
    "0.000128078": 1,
    "0.0025562025": 508070,
    "0.004984327": 145,
    "0.0074124515": 44,
    "0.009840576": 2,
    "0.0122687005": 0,
    "0.014696825": 1,
    "0.0171249495": 0,
    "0.019553074": 1,
    "0.0219811985": 0,
    "0.024409323": 1
  },
  "latencyPercentiles": {
    "p10": 0.000710663,
    "p25": 0.000916141,
    "p50": 0.001008937,
    "p75": 0.001082258,
    "p90": 0.001144757,
    "p95": 0.001194268,
    "p99": 0.001324577
  },
  "rps": {
    "mean": 50818.80476613889,
    "stddev": 6039.128743864031,
    "max": 79408.14727590923,
    "percentiles": {
      "p10": 47344.32036524485,
      "p25": 48196.12880223929,
      "p50": 49130.55629870595,
      "p75": 50780.66711489154,
      "p90": 58108.11770404006,
      "p95": 63249.506653845914,
      "p99": 74162.44477850433
    }
  },
  "details": {
    "DNSDialup": {
      "average": 0.0010366663199999997,
      "fastest": 0.00011288,
      "slowest": 0.001896513
    },
    "DNSLookup": {
      "average": 0.000007821139999999998,
      "fastest": 0.000003106,
      "slowest": 0.000033642
    }
  },
  "statusCodeDistribution": {
    "200": 508265
  },
  "errorDistribution": {}
}