{
  "summary": {
    "successRate": 1,
    "total": 10.000661157,
    "slowest": 0.007224842,
    "fastest": 0.000080099,
    "average": 0.0009559493710396967,
    "requestsPerSec": 52205.24841345747,
    "totalData": 6787131,
    "sizePerRequest": 13,
    "sizePerSec": 678668.2293749471
  },
  "responseTimeHistogram": {
    "0.000080099": 1,
    "0.0007945733": 100395,
    "0.0015090476": 419823,
    "0.0022235219": 1525,
    "0.0029379962": 195,
    "0.0036524705000000003": 95,
    "0.0043669448": 4,
    "0.0050814191": 2,
    "0.0057958934": 4,
    "0.0065103677": 20,
    "0.007224842": 23
  },
  "latencyPercentiles": {
    "p10": 0.000659541,
    "p25": 0.000864644,
    "p50": 0.000985663,
    "p75": 0.00107895,
    "p90": 0.001138304,
    "p95": 0.001185712,
    "p99": 0.001328432
  },
  "rps": {
    "mean": 52198.18911561946,
    "stddev": 5462.095875633453,
    "max": 73309.66221347988,
    "percentiles": {
      "p10": 47520.81887074669,
      "p25": 48639.59866301475,
      "p50": 51057.17675853195,
      "p75": 55071.273241829,
      "p90": 59468.90357994827,
      "p95": 62198.602260873624,
      "p99": 66282.93964028748
    }
  },
  "details": {
    "DNSDialup": {
      "average": 0.0009619807800000001,
      "fastest": 0.00013405,
      "slowest": 0.001394538
    },
    "DNSLookup": {
      "average": 0.000009044599999999998,
      "fastest": 0.000003927,
      "slowest": 0.000031719
    }
  },
  "statusCodeDistribution": {
    "200": 522087
  },
  "errorDistribution": {}
}