{
  "summary": {
    "successRate": 1,
    "total": 10.000280585,
    "slowest": 0.006913138,
    "fastest": 0.000083085,
    "average": 0.0009156036297127798,
    "requestsPerSec": 54515.07038889749,
    "totalData": 7087158,
    "sizePerRequest": 13,
    "sizePerSec": 708695.9150556674
  },
  "responseTimeHistogram": {
    "0.000083085": 1,
    "0.0007660903": 119579,
    "0.0014490955999999998": 423743,
    "0.0021321009": 1521,
    "0.0028151062": 199,
    "0.0034981115": 68,
    "0.0041811168": 8,
    "0.0048641221": 4,
    "0.0055471274": 19,
    "0.0062301327": 23,
    "0.006913138": 1
  },
  "latencyPercentiles": {
    "p10": 0.000591038,
    "p25": 0.000812273,
    "p50": 0.000957504,
    "p75": 0.001049974,
    "p90": 0.001110105,
    "p95": 0.001157326,
    "p99": 0.00128128
  },
  "rps": {
    "mean": 54507.03706256,
    "stddev": 9455.947964973291,
    "max": 84901.50275658921,
    "percentiles": {
      "p10": 47891.78460519416,
      "p25": 49116.51297166079,
      "p50": 50502.99482759544,
      "p75": 58508.076118205776,
      "p90": 70401.34978314991,
      "p95": 77013.5572048673,
      "p99": 81915.86999811197
    }
  },
  "details": {
    "DNSDialup": {
      "average": 0.0008438870200000002,
      "fastest": 0.000095646,
      "slowest": 0.001753717
    },
    "DNSLookup": {
      "average": 0.000007701120000000001,
      "fastest": 0.000003536,
      "slowest": 0.000031719
    }
  },
  "statusCodeDistribution": {
    "200": 545166
  },
  "errorDistribution": {}
}