{
  "summary": {
    "successRate": 1,
    "total": 10.00043441,
    "slowest": 0.007745467,
    "fastest": 0.000102212,
    "average": 0.0009653160203647411,
    "requestsPerSec": 51704.753893786095,
    "totalData": 6721910,
    "sizePerRequest": 13,
    "sizePerSec": 672161.8006192193
  },
  "responseTimeHistogram": {
    "0.000102212": 1,
    "0.0008665375": 128970,
    "0.001630863": 387034,
    "0.0023951885": 909,
    "0.003159514": 88,
    "0.0039238395": 19,
    "0.004688165": 1,
    "0.0054524905": 5,
    "0.006216816": 19,
    "0.0069811415": 23,
    "0.007745467": 1
  },
  "latencyPercentiles": {
    "p10": 0.000692916,
    "p25": 0.000866998,
    "p50": 0.000984739,
    "p75": 0.001084025,
    "p90": 0.001146867,
    "p95": 0.001197237,
    "p99": 0.001356998
  },
  "rps": {
    "mean": 51672.85544262383,
    "stddev": 5175.416947379542,
    "max": 75318.11400641709,
    "percentiles": {
      "p10": 46544.362557863366,
      "p25": 48179.47115067697,
      "p50": 51268.72359622842,
      "p75": 55275.49971158421,
      "p90": 57637.22788549095,
      "p95": 59277.56469340239,
      "p99": 63577.66647737017
    }
  },
  "details": {
    "DNSDialup": {
      "average": 0.0010528432200000008,
      "fastest": 0.00009511,
      "slowest": 0.002121562
    },
    "DNSLookup": {
      "average": 0.00003260612,
      "fastest": 0.000004168,
      "slowest": 0.001225
    }
  },
  "statusCodeDistribution": {
    "200": 517070
  },
  "errorDistribution": {}
}