{
  "summary": {
    "successRate": 1,
    "total": 10.000234204,
    "slowest": 0.012238297,
    "fastest": 0.000242273,
    "average": 0.0009444910596320678,
    "requestsPerSec": 52847.86228192622,
    "totalData": 6870383,
    "sizePerRequest": 13,
    "sizePerSec": 687022.2096650407
  },
  "responseTimeHistogram": {
    "0.000242273": 1,
    "0.0014418754000000002": 526980,
    "0.0026414778": 1399,
    "0.0038410802": 53,
    "0.0050406826000000005": 20,
    "0.006240285000000001": 32,
    "0.0074398874": 5,
    "0.0086394898": 0,
    "0.0098390922": 0,
    "0.0110386946": 0,
    "0.012238297": 1
  },
  "latencyPercentiles": {
    "p10": 0.000650584,
    "p25": 0.000869665,
    "p50": 0.000974117,
    "p75": 0.001057666,
    "p90": 0.00111499,
    "p95": 0.001158954,
    "p99": 0.001280853
  },
  "rps": {
    "mean": 52838.35780147144,
    "stddev": 6639.121228679758,
    "max": 81243.33519499403,
    "percentiles": {
      "p10": 48241.72937673639,
      "p25": 49118.36535680497,
      "p50": 50249.64665089392,
      "p75": 55177.68168306948,
      "p90": 62164.66368316192,
      "p95": 66387.53541638376,
      "p99": 73889.02110957901
    }
  },
  "details": {
    "DNSDialup": {
      "average": 0.0007526916200000001,
      "fastest": 0.000082745,
      "slowest": 0.001757953
    },
    "DNSLookup": {
      "average": 0.00000701352,
      "fastest": 0.000003266,
      "slowest": 0.000028884
    }
  },
  "statusCodeDistribution": {
    "200": 528491
  },
  "errorDistribution": {}
}