{
  "summary": {
    "successRate": 1,
    "total": 10.000604695,
    "slowest": 0.006767919,
    "fastest": 0.000149498,
    "average": 0.0010165736744472238,
    "requestsPerSec": 49097.83107870359,
    "totalData": 6383104,
    "sizePerRequest": 13,
    "sizePerSec": 638271.8040231466
  },
  "responseTimeHistogram": {
    "0.000149498": 1,
    "0.0008113401": 42469,
    "0.0014731822": 446210,
    "0.0021350243000000002": 1954,
    "0.0027968664": 261,
    "0.0034587084999999997": 62,
    "0.0041205506": 0,
    "0.0047823927": 5,
    "0.0054442347999999995": 6,
    "0.006106076899999999": 17,
    "0.006767918999999999": 23
  },
  "latencyPercentiles": {
    "p10": 0.000835463,
    "p25": 0.000947592,
    "p50": 0.00103213,
    "p75": 0.001107048,
    "p90": 0.001160288,
    "p95": 0.001202065,
    "p99": 0.001335705
  },
  "rps": {
    "mean": 49095.844992302904,
    "stddev": 3902.0818976287387,
    "max": 71775.97486940124,
    "percentiles": {
      "p10": 46312.97847725027,
      "p25": 47409.02163548852,
      "p50": 48425.84002823833,
      "p75": 50636.714064299485,
      "p90": 53178.29798685672,
      "p95": 55142.27758422616,
      "p99": 59537.08261668717
    }
  },
  "details": {
    "DNSDialup": {
      "average": 0.00082439304,
      "fastest": 0.000130202,
      "slowest": 0.00113277
    },
    "DNSLookup": {
      "average": 0.0000072507799999999996,
      "fastest": 0.000003597,
      "slowest": 0.000035336
    }
  },
  "statusCodeDistribution": {
    "200": 491008
  },
  "errorDistribution": {}
}