{
  "summary": {
    "successRate": 1,
    "total": 10.000534933,
    "slowest": 0.007684524,
    "fastest": 0.00019789,
    "average": 0.0010386033157851993,
    "requestsPerSec": 48053.8294420855,
    "totalData": 6247332,
    "sizePerRequest": 13,
    "sizePerSec": 624699.7827471115
  },
  "responseTimeHistogram": {
    "0.00019789": 1,
    "0.0009465534000000001": 97342,
    "0.0016952168": 382179,
    "0.0024438802": 829,
    "0.0031925436": 104,
    "0.003941207": 59,
    "0.0046898704": 1,
    "0.0054385338": 2,
    "0.0061871972": 4,
    "0.0069358606000000005": 19,
    "0.007684524000000001": 24
  },
  "latencyPercentiles": {
    "p10": 0.000873813,
    "p25": 0.000964604,
    "p50": 0.001052297,
    "p75": 0.001121897,
    "p90": 0.001188251,
    "p95": 0.001241307,
    "p99": 0.001382471
  },
  "rps": {
    "mean": 48050.835026205736,
    "stddev": 3719.43523696224,
    "max": 64787.36435459617,
    "percentiles": {
      "p10": 45453.184771502245,
      "p25": 46516.22951247593,
      "p50": 47613.76513949996,
      "p75": 48919.99014322979,
      "p90": 52504.16883100614,
      "p95": 54511.73637683616,
      "p99": 58571.01195327514
    }
  },
  "details": {
    "DNSDialup": {
      "average": 0.0011359118600000001,
      "fastest": 0.000124391,
      "slowest": 0.001535475
    },
    "DNSLookup": {
      "average": 0.000010128839999999998,
      "fastest": 0.000003697,
      "slowest": 0.000030848
    }
  },
  "statusCodeDistribution": {
    "200": 480564
  },
  "errorDistribution": {}
}