{
  "summary": {
    "successRate": 1,
    "total": 10.000581954,
    "slowest": 0.00791655,
    "fastest": 0.000181406,
    "average": 0.0009832203678436968,
    "requestsPerSec": 50761.545911531066,
    "totalData": 6599385,
    "sizePerRequest": 13,
    "sizePerSec": 659900.0968499038
  },
  "responseTimeHistogram": {
    "0.000181406": 1,
    "0.0009549203999999999": 226569,
    "0.0017284347999999999": 279889,
    "0.0025019491999999995": 925,
    "0.0032754635999999995": 163,
    "0.004048978": 47,
    "0.0048224923999999995": 1,
    "0.0055960068": 7,
    "0.0063695212": 13,
    "0.007143035599999999": 11,
    "0.00791655": 19
  },
  "latencyPercentiles": {
    "p10": 0.000800932,
    "p25": 0.000871523,
    "p50": 0.000977058,
    "p75": 0.001084913,
    "p90": 0.001150093,
    "p95": 0.001209423,
    "p99": 0.001375362
  },
  "rps": {
    "mean": 50757.91417798956,
    "stddev": 5688.027839826135,
    "max": 62317.52368766207,
    "percentiles": {
      "p10": 46133.23899869831,
      "p25": 47357.31181876151,
      "p50": 48454.46766710641,
      "p75": 57703.450666349585,
      "p90": 58466.89143714665,
      "p95": 58960.24805819824,
      "p99": 59529.80061819257
    }
  },
  "details": {
    "DNSDialup": {
      "average": 0.0008842124999999998,
      "fastest": 0.000130837,
      "slowest": 0.001402712
    },
    "DNSLookup": {
      "average": 0.00000871336,
      "fastest": 0.000003426,
      "slowest": 0.000032129
    }
  },
  "statusCodeDistribution": {
    "200": 507645
  },
  "errorDistribution": {}
}