{
  "summary": {
    "successRate": 1,
    "total": 10.000295351,
    "slowest": 0.006757863,
    "fastest": 0.000216908,
    "average": 0.000957893905056096,
    "requestsPerSec": 52103.96110429839,
    "totalData": 6773715,
    "sizePerRequest": 13,
    "sizePerSec": 677351.494355879
  },
  "responseTimeHistogram": {
    "0.000216908": 1,
    "0.0008710035": 117807,
    "0.001525099": 402077,
    "0.0021791945": 926,
    "0.00283329": 139,
    "0.0034873855": 5,
    "0.004141481": 5,
    "0.0047955765": 14,
    "0.005449672": 31,
    "0.0061037675": 36,
    "0.006757863": 14
  },
  "latencyPercentiles": {
    "p10": 0.000661043,
    "p25": 0.000888501,
    "p50": 0.000987976,
    "p75": 0.001071007,
    "p90": 0.001124926,
    "p95": 0.001167566,
    "p99": 0.001286312
  },
  "rps": {
    "mean": 52105.40198953876,
    "stddev": 6018.173905117879,
    "max": 77614.43628514568,
    "percentiles": {
      "p10": 47601.38044003384,
      "p25": 48561.514061183865,
      "p50": 49865.82157221703,
      "p75": 54859.2674251902,
      "p90": 60100.661107274784,
      "p95": 63716.2802758166,
      "p99": 70943.60903647395
    }
  },
  "details": {
    "DNSDialup": {
      "average": 0.00098182516,
      "fastest": 0.000139402,
      "slowest": 0.001582245
    },
    "DNSLookup": {
      "average": 0.00000843038,
      "fastest": 0.000003937,
      "slowest": 0.000035447
    }
  },
  "statusCodeDistribution": {
    "200": 521055
  },
  "errorDistribution": {}
}