{
  "summary": {
    "successRate": 1,
    "total": 10.00069257,
    "slowest": 0.006613715,
    "fastest": 0.00024686,
    "average": 0.00095334459323114,
    "requestsPerSec": 52353.87412773954,
    "totalData": 6806475,
    "sizePerRequest": 13,
    "sizePerSec": 680600.363660614
  },
  "responseTimeHistogram": {
    "0.00024686": 1,
    "0.0008835455000000001": 137440,
    "0.0015202310000000001": 384541,
    "0.0021569165": 1324,
    "0.002793602": 158,
    "0.0034302875000000004": 43,
    "0.004066973000000001": 5,
    "0.0047036585": 18,
    "0.005340344": 13,
    "0.005977029500000001": 15,
    "0.006613715000000001": 17
  },
  "latencyPercentiles": {
    "p10": 0.00068174,
    "p25": 0.000875335,
    "p50": 0.000978197,
    "p75": 0.001064501,
    "p90": 0.001123391,
    "p95": 0.00116852,
    "p99": 0.001294623
  },
  "rps": {
    "mean": 52373.90154984875,
    "stddev": 5928.486048922039,
    "max": 82513.05184772247,
    "percentiles": {
      "p10": 47617.35652645727,
      "p25": 48897.65350381545,
      "p50": 50622.800509348606,
      "p75": 55885.51756410925,
      "p90": 59805.053527022814,
      "p95": 63324.52758233236,
      "p99": 69988.85793424977
    }
  },
  "details": {
    "DNSDialup": {
      "average": 0.0008474802600000001,
      "fastest": 0.00010876,
      "slowest": 0.001374463
    },
    "DNSLookup": {
      "average": 0.000006962900000000001,
      "fastest": 0.000003436,
      "slowest": 0.000029345
    }
  },
  "statusCodeDistribution": {
    "200": 523575
  },
  "errorDistribution": {}
}