{
  "summary": {
    "successRate": 1,
    "total": 10.000341799,
    "slowest": 0.007155271,
    "fastest": 0.000179946,
    "average": 0.0009757550276386767,
    "requestsPerSec": 51151.25165533355,
    "totalData": 6649890,
    "sizePerRequest": 13,
    "sizePerSec": 664966.2715193362
  },
  "responseTimeHistogram": {
    "0.000179946": 1,
    "0.0008774785000000001": 92040,
    "0.001575011": 418524,
    "0.0022725435": 741,
    "0.002970076": 150,
    "0.0036676085": 26,
    "0.004365141": 0,
    "0.0050626735": 12,
    "0.005760206": 18,
    "0.006457738500000001": 17,
    "0.007155271": 1
  },
  "latencyPercentiles": {
    "p10": 0.000807275,
    "p25": 0.000907503,
    "p50": 0.000992585,
    "p75": 0.001060809,
    "p90": 0.001117541,
    "p95": 0.001164298,
    "p99": 0.001293846
  },
  "rps": {
    "mean": 51149.83770657185,
    "stddev": 5265.0225891772125,
    "max": 81842.46805667559,
    "percentiles": {
      "p10": 48405.325146984105,
      "p25": 49211.76653338023,
      "p50": 50029.65685871285,
      "p75": 50966.8594543511,
      "p90": 56770.577181553985,
      "p95": 61212.81521844558,
      "p99": 74665.75066003179
    }
  },
  "details": {
    "DNSDialup": {
      "average": 0.0009702890999999999,
      "fastest": 0.000102391,
      "slowest": 0.002123969
    },
    "DNSLookup": {
      "average": 0.000047978740000000005,
      "fastest": 0.000003877,
      "slowest": 0.001990089
    }
  },
  "statusCodeDistribution": {
    "200": 511530
  },
  "errorDistribution": {}
}