{
  "summary": {
    "successRate": 1,
    "total": 10.000328041,
    "slowest": 0.008360067,
    "fastest": 0.000104517,
    "average": 0.0009648076142767708,
    "requestsPerSec": 51735.402866670825,
    "totalData": 6725823,
    "sizePerRequest": 13,
    "sizePerSec": 672560.2372667207
  },
  "responseTimeHistogram": {
    "0.000104517": 1,
    "0.0009300720000000001": 208913,
    "0.001755627": 307872,
    "0.0025811820000000004": 375,
    "0.0034067370000000004": 146,
    "0.004232292": 8,
    "0.005057847000000001": 8,
    "0.005883402": 37,
    "0.006708957000000001": 9,
    "0.007534512000000001": 0,
    "0.008360067": 2
  },
  "latencyPercentiles": {
    "p10": 0.000784572,
    "p25": 0.000867978,
    "p50": 0.000967,
    "p75": 0.001061963,
    "p90": 0.001122668,
    "p95": 0.001172915,
    "p99": 0.001310592
  },
  "rps": {
    "mean": 51737.43474384092,
    "stddev": 5397.9185278955965,
    "max": 69463.80314019197,
    "percentiles": {
      "p10": 47470.90254003227,
      "p25": 48609.153103530065,
      "p50": 49725.679998674816,
      "p75": 57597.922227579154,
      "p90": 59910.85625860703,
      "p95": 60506.91594049586,
      "p99": 61320.83270083649
    }
  },
  "details": {
    "DNSDialup": {
      "average": 0.0007901805399999998,
      "fastest": 0.000102974,
      "slowest": 0.001396734
    },
    "DNSLookup": {
      "average": 0.00002193218000000001,
      "fastest": 0.000004187,
      "slowest": 0.000705593
    }
  },
  "statusCodeDistribution": {
    "200": 517371
  },
  "errorDistribution": {}
}