{
  "summary": {
    "successRate": 1,
    "total": 10.001099622,
    "slowest": 0.007004916,
    "fastest": 0.000143958,
    "average": 0.0010586757486456834,
    "requestsPerSec": 47141.0162701407,
    "totalData": 6129006,
    "sizePerRequest": 13,
    "sizePerSec": 612833.211511829
  },
  "responseTimeHistogram": {
    "0.000143958": 1,
    "0.0008300538": 20493,
    "0.0015161496": 447617,
    "0.0022022454": 2556,
    "0.0028883412": 554,
    "0.003574437": 158,
    "0.0042605327999999994": 31,
    "0.0049466286": 9,
    "0.0056327244": 11,
    "0.006318820199999999": 15,
    "0.007004916": 17
  },
  "latencyPercentiles": {
    "p10": 0.000912027,
    "p25": 0.000979623,
    "p50": 0.001065012,
    "p75": 0.001129757,
    "p90": 0.001193541,
    "p95": 0.001250976,
    "p99": 0.001429883
  },
  "rps": {
    "mean": 47140.94076783612,
    "stddev": 3432.700673284395,
    "max": 57793.65131670707,
    "percentiles": {
      "p10": 45307.49839098337,
      "p25": 46357.35795900216,
      "p50": 47111.180578059684,
      "p75": 48030.994932479014,
      "p90": 50039.471134831445,
      "p95": 52302.811636831895,
      "p99": 55702.83858058803
    }
  },
  "details": {
    "DNSDialup": {
      "average": 0.0007981909,
      "fastest": 0.000096041,
      "slowest": 0.001272718
    },
    "DNSLookup": {
      "average": 0.000006960399999999999,
      "fastest": 0.000003467,
      "slowest": 0.000031268
    }
  },
  "statusCodeDistribution": {
    "200": 471462
  },
  "errorDistribution": {}
}