{
  "summary": {
    "successRate": 1,
    "total": 10.00009223,
    "slowest": 0.007445967,
    "fastest": 0.000265091,
    "average": 0.0010270166790230788,
    "requestsPerSec": 48597.75178293531,
    "totalData": 6317766,
    "sizePerRequest": 13,
    "sizePerSec": 631770.773178159
  },
  "responseTimeHistogram": {
    "0.000265091": 1,
    "0.0009831786000000001": 161349,
    "0.0017012662000000002": 323661,
    "0.0024193538": 740,
    "0.0031374414": 169,
    "0.0038555290000000003": 13,
    "0.0045736166": 2,
    "0.0052917042000000004": 10,
    "0.006009791800000001": 27,
    "0.006727879400000001": 9,
    "0.007445967000000001": 1
  },
  "latencyPercentiles": {
    "p10": 0.000837765,
    "p25": 0.000952491,
    "p50": 0.00104217,
    "p75": 0.001123068,
    "p90": 0.001172578,
    "p95": 0.001205965,
    "p99": 0.00131416
  },
  "rps": {
    "mean": 48593.117665409416,
    "stddev": 3815.6595191557626,
    "max": 72896.54418311623,
    "percentiles": {
      "p10": 45729.5321318509,
      "p25": 46703.6662378012,
      "p50": 47976.665450990775,
      "p75": 50034.40749962058,
      "p90": 52957.72398935159,
      "p95": 55640.71787734247,
      "p99": 57830.18735779831
    }
  },
  "details": {
    "DNSDialup": {
      "average": 0.0010663826599999998,
      "fastest": 0.000134473,
      "slowest": 0.002203889
    },
    "DNSLookup": {
      "average": 0.000009958000000000002,
      "fastest": 0.000004558,
      "slowest": 0.000026149
    }
  },
  "statusCodeDistribution": {
    "200": 485982
  },
  "errorDistribution": {}
}