{
  "summary": {
    "successRate": 1,
    "total": 10.000478175,
    "slowest": 0.00693639,
    "fastest": 0.000264881,
    "average": 0.0009591108888355002,
    "requestsPerSec": 52041.111524149695,
    "totalData": 6765668,
    "sizePerRequest": 13,
    "sizePerSec": 676534.449813946
  },
  "responseTimeHistogram": {
    "0.000264881": 1,
    "0.0009320319": 176086,
    "0.0015991828": 343259,
    "0.0022663337000000004": 842,
    "0.0029334846000000003": 173,
    "0.0036006355": 25,
    "0.0042677864": 2,
    "0.0049349373": 10,
    "0.0056020882": 22,
    "0.0062692391": 14,
    "0.00693639": 2
  },
  "latencyPercentiles": {
    "p10": 0.000669539,
    "p25": 0.000897204,
    "p50": 0.000988564,
    "p75": 0.001064569,
    "p90": 0.001117013,
    "p95": 0.001159201,
    "p99": 0.001280877
  },
  "rps": {
    "mean": 52026.62658599909,
    "stddev": 5693.039391200559,
    "max": 81090.4468265815,
    "percentiles": {
      "p10": 48012.46403566399,
      "p25": 49020.15779639337,
      "p50": 50065.756364407986,
      "p75": 54349.124863128956,
      "p90": 59808.588513310584,
      "p95": 63434.02601155224,
      "p99": 68309.37233893023
    }
  },
  "details": {
    "DNSDialup": {
      "average": 0.00086807938,
      "fastest": 0.000099745,
      "slowest": 0.001817845
    },
    "DNSLookup": {
      "average": 0.000027880320000000003,
      "fastest": 0.000003537,
      "slowest": 0.001045042
    }
  },
  "statusCodeDistribution": {
    "200": 520436
  },
  "errorDistribution": {}
}