{
  "summary": {
    "successRate": 1,
    "total": 10.000357495,
    "slowest": 0.006198477,
    "fastest": 0.000183624,
    "average": 0.0009173317927215292,
    "requestsPerSec": 54407.95494281477,
    "totalData": 7073287,
    "sizePerRequest": 13,
    "sizePerSec": 707303.414256592
  },
  "responseTimeHistogram": {
    "0.000183624": 1,
    "0.0007851093": 123015,
    "0.0013865946": 418434,
    "0.0019880799": 2257,
    "0.0025895652": 194,
    "0.0031910505": 114,
    "0.0037925358": 33,
    "0.0043940211": 3,
    "0.0049955064": 2,
    "0.005596991700000001": 14,
    "0.006198477000000001": 32
  },
  "latencyPercentiles": {
    "p10": 0.000594614,
    "p25": 0.000819824,
    "p50": 0.000957771,
    "p75": 0.001049028,
    "p90": 0.001109373,
    "p95": 0.001154866,
    "p99": 0.001285406
  },
  "rps": {
    "mean": 54396.059205273115,
    "stddev": 8729.103931272102,
    "max": 84645.33604198314,
    "percentiles": {
      "p10": 47986.36946171556,
      "p25": 49111.801565916714,
      "p50": 50649.55552512439,
      "p75": 59017.392425546626,
      "p90": 68147.84006474861,
      "p95": 73105.3074453197,
      "p99": 80497.4421537336
    }
  },
  "details": {
    "DNSDialup": {
      "average": 0.00101831574,
      "fastest": 0.000093956,
      "slowest": 0.002181486
    },
    "DNSLookup": {
      "average": 0.00000911618,
      "fastest": 0.000004698,
      "slowest": 0.000034896
    }
  },
  "statusCodeDistribution": {
    "200": 544099
  },
  "errorDistribution": {}
}