{
  "summary": {
    "successRate": 1,
    "total": 10.000822939,
    "slowest": 0.007027871,
    "fastest": 0.000118531,
    "average": 0.0010153520296830648,
    "requestsPerSec": 49155.354814146456,
    "totalData": 6390722,
    "sizePerRequest": 13,
    "sizePerSec": 639019.612583904
  },
  "responseTimeHistogram": {
    "0.000118531": 1,
    "0.000809465": 40911,
    "0.0015003990000000001": 448287,
    "0.002191333": 2014,
    "0.002882267": 256,
    "0.003573201": 63,
    "0.0042641350000000005": 4,
    "0.004955069": 6,
    "0.005646003": 21,
    "0.006336937": 4,
    "0.007027871": 27
  },
  "latencyPercentiles": {
    "p10": 0.000834146,
    "p25": 0.000939085,
    "p50": 0.001027805,
    "p75": 0.001101793,
    "p90": 0.001167329,
    "p95": 0.00122327,
    "p99": 0.001386982
  },
  "rps": {
    "mean": 49158.841087331835,
    "stddev": 3844.2384627681254,
    "max": 63562.469194723395,
    "percentiles": {
      "p10": 46614.51109730144,
      "p25": 47548.98972411292,
      "p50": 48482.60951835638,
      "p75": 50235.31039968013,
      "p90": 54068.04311349255,
      "p95": 56363.7780751382,
      "p99": 59420.244477291446
    }
  },
  "details": {
    "DNSDialup": {
      "average": 0.0008790791600000001,
      "fastest": 0.000122191,
      "slowest": 0.001216581
    },
    "DNSLookup": {
      "average": 0.000008224360000000003,
      "fastest": 0.000003738,
      "slowest": 0.00003242
    }
  },
  "statusCodeDistribution": {
    "200": 491594
  },
  "errorDistribution": {}
}