{
  "summary": {
    "successRate": 1,
    "total": 10.000186899,
    "slowest": 0.006853675,
    "fastest": 0.000167022,
    "average": 0.0009714127033472208,
    "requestsPerSec": 51382.33966920982,
    "totalData": 6679829,
    "sizePerRequest": 13,
    "sizePerSec": 667970.4156997277
  },
  "responseTimeHistogram": {
    "0.000167022": 1,
    "0.0008356873": 89835,
    "0.0015043526": 422445,
    "0.0021730179": 1160,
    "0.0028416832000000003": 244,
    "0.0035103485000000005": 42,
    "0.0041790138": 24,
    "0.0048476791": 31,
    "0.0055163444": 33,
    "0.006185009700000001": 15,
    "0.006853675000000001": 3
  },
  "latencyPercentiles": {
    "p10": 0.000803498,
    "p25": 0.000865832,
    "p50": 0.00095876,
    "p75": 0.001075816,
    "p90": 0.001150455,
    "p95": 0.001199268,
    "p99": 0.001331863
  },
  "rps": {
    "mean": 51380.74209038443,
    "stddev": 5086.440201641312,
    "max": 63814.50444206445,
    "percentiles": {
      "p10": 46029.41076575165,
      "p25": 47392.24429474193,
      "p50": 50524.34609217307,
      "p75": 56386.51947548141,
      "p90": 57184.19228630209,
      "p95": 57519.26895510158,
      "p99": 58475.65933066612
    }
  },
  "details": {
    "DNSDialup": {
      "average": 0.00072887298,
      "fastest": 0.000088986,
      "slowest": 0.001771522
    },
    "DNSLookup": {
      "average": 0.000006917079999999999,
      "fastest": 0.000003507,
      "slowest": 0.000032841
    }
  },
  "statusCodeDistribution": {
    "200": 513833
  },
  "errorDistribution": {}
}