{
  "summary": {
    "successRate": 1,
    "total": 10.000441209,
    "slowest": 0.006453847,
    "fastest": 0.000141706,
    "average": 0.0009571919473312703,
    "requestsPerSec": 52144.39934217106,
    "totalData": 6779071,
    "sizePerRequest": 13,
    "sizePerSec": 677877.1914482239
  },
  "responseTimeHistogram": {
    "0.000141706": 1,
    "0.0007729201": 73361,
    "0.0014041341999999999": 445989,
    "0.0020353483": 1731,
    "0.0026665624": 259,
    "0.0032977765000000003": 59,
    "0.0039289906": 18,
    "0.0045602047": 5,
    "0.0051914188": 10,
    "0.0058226329": 19,
    "0.006453847": 15
  },
  "latencyPercentiles": {
    "p10": 0.000680859,
    "p25": 0.000883883,
    "p50": 0.000983785,
    "p75": 0.001066535,
    "p90": 0.001121389,
    "p95": 0.001163457,
    "p99": 0.001278444
  },
  "rps": {
    "mean": 52135.56723422407,
    "stddev": 6001.0869978322135,
    "max": 79309.27918567341,
    "percentiles": {
      "p10": 47918.127427605454,
      "p25": 48764.16591463887,
      "p50": 49809.4263287007,
      "p75": 54647.206491167555,
      "p90": 60014.133328399505,
      "p95": 63820.22389957932,
      "p99": 71606.037041717
    }
  },
  "details": {
    "DNSDialup": {
      "average": 0.0009121210000000001,
      "fastest": 0.000083764,
      "slowest": 0.001709317
    },
    "DNSLookup": {
      "average": 0.00002030152,
      "fastest": 0.000003637,
      "slowest": 0.000578062
    }
  },
  "statusCodeDistribution": {
    "200": 521467
  },
  "errorDistribution": {}
}