{
  "summary": {
    "successRate": 1,
    "total": 10.000225392,
    "slowest": 0.006417482,
    "fastest": 0.000075381,
    "average": 0.0009549783064350984,
    "requestsPerSec": 52263.722017516695,
    "totalData": 6794437,
    "sizePerRequest": 13,
    "sizePerSec": 679428.386227717
  },
  "responseTimeHistogram": {
    "0.000075381": 1,
    "0.0007095911": 43887,
    "0.0013438012": 473873,
    "0.0019780112999999997": 4453,
    "0.0026122213999999998": 280,
    "0.0032464315": 90,
    "0.0038806415999999995": 10,
    "0.0045148517": 7,
    "0.0051490618": 1,
    "0.0057832719": 23,
    "0.006417482": 24
  },
  "latencyPercentiles": {
    "p10": 0.00073943,
    "p25": 0.00084998,
    "p50": 0.000967064,
    "p75": 0.00106803,
    "p90": 0.001135093,
    "p95": 0.001188307,
    "p99": 0.001332944
  },
  "rps": {
    "mean": 52262.12302159278,
    "stddev": 6336.83093461471,
    "max": 79744.79261995792,
    "percentiles": {
      "p10": 47102.863854121824,
      "p25": 48303.48268109876,
      "p50": 49664.73798596712,
      "p75": 58156.56349551667,
      "p90": 60107.382491072596,
      "p95": 62509.50769612021,
      "p99": 70913.33740890573
    }
  },
  "details": {
    "DNSDialup": {
      "average": 0.0010764987799999997,
      "fastest": 0.000161642,
      "slowest": 0.002396328
    },
    "DNSLookup": {
      "average": 0.000010145280000000001,
      "fastest": 0.000005069,
      "slowest": 0.000026078
    }
  },
  "statusCodeDistribution": {
    "200": 522649
  },
  "errorDistribution": {}
}