{
  "summary": {
    "successRate": 1,
    "total": 10.000165061,
    "slowest": 0.008725647,
    "fastest": 0.000242352,
    "average": 0.0009966040857599075,
    "requestsPerSec": 50077.37341786663,
    "totalData": 6510166,
    "sizePerRequest": 13,
    "sizePerSec": 651005.8544322661
  },
  "responseTimeHistogram": {
    "0.000242352": 1,
    "0.0010906815": 402892,
    "0.001939011": 83955,
    "0.0027873405000000003": 2752,
    "0.00363567": 5480,
    "0.0044839995": 4240,
    "0.005332329000000001": 1282,
    "0.006180658500000001": 161,
    "0.007028988000000001": 17,
    "0.0078773175": 1,
    "0.008725647": 1
  },
  "latencyPercentiles": {
    "p10": 0.000690537,
    "p25": 0.000807191,
    "p50": 0.000925704,
    "p75": 0.00106287,
    "p90": 0.001165852,
    "p95": 0.001290399,
    "p99": 0.003739786
  },
  "rps": {
    "mean": 50043.01508984142,
    "stddev": 13604.135913391376,
    "max": 81661.89154760596,
    "percentiles": {
      "p10": 29001.824214742686,
      "p25": 47379.835022011845,
      "p50": 51867.027759974735,
      "p75": 59010.179255916075,
      "p90": 60554.268735641504,
      "p95": 63198.57173250372,
      "p99": 73631.31539843856
    }
  },
  "details": {
    "DNSDialup": {
      "average": 0.0010836292200000002,
      "fastest": 0.000121572,
      "slowest": 0.002137366
    },
    "DNSLookup": {
      "average": 0.000035445520000000006,
      "fastest": 0.000004048,
      "slowest": 0.001335774
    }
  },
  "statusCodeDistribution": {
    "200": 500782
  },
  "errorDistribution": {}
}