{
  "summary": {
    "successRate": 1,
    "total": 10.000285776,
    "slowest": 0.00852959,
    "fastest": 0.000071543,
    "average": 0.0009439771337104651,
    "requestsPerSec": 52868.689139749236,
    "totalData": 6873126,
    "sizePerRequest": 13,
    "sizePerSec": 687292.9588167401
  },
  "responseTimeHistogram": {
    "0.000071543": 1,
    "0.0009173476999999999": 241279,
    "0.0017631524": 286620,
    "0.0026089570999999995": 564,
    "0.0034547617999999996": 168,
    "0.0043005665": 24,
    "0.0051463711999999995": 22,
    "0.0059921759": 23,
    "0.0068379806": 0,
    "0.0076837853": 0,
    "0.00852959": 1
  },
  "latencyPercentiles": {
    "p10": 0.000776776,
    "p25": 0.000840533,
    "p50": 0.000933511,
    "p75": 0.001039155,
    "p90": 0.001104304,
    "p95": 0.001151344,
    "p99": 0.001302235
  },
  "rps": {
    "mean": 52875.177423629975,
    "stddev": 5537.209415958751,
    "max": 69032.99777293873,
    "percentiles": {
      "p10": 48221.8589686706,
      "p25": 49207.00707780742,
      "p50": 50359.08631597456,
      "p75": 59380.55566181088,
      "p90": 60130.48014038559,
      "p95": 60419.90329809479,
      "p99": 60742.209560616975
    }
  },
  "details": {
    "DNSDialup": {
      "average": 0.00081441598,
      "fastest": 0.000088154,
      "slowest": 0.001698402
    },
    "DNSLookup": {
      "average": 0.000024397500000000005,
      "fastest": 0.000003296,
      "slowest": 0.000903026
    }
  },
  "statusCodeDistribution": {
    "200": 528702
  },
  "errorDistribution": {}
}