{
  "summary": {
    "successRate": 1,
    "total": 10.000168861,
    "slowest": 0.005985262,
    "fastest": 0.000233959,
    "average": 0.0009920502204348088,
    "requestsPerSec": 50314.25038853651,
    "totalData": 6540963,
    "sizePerRequest": 13,
    "sizePerSec": 654085.2550509747
  },
  "responseTimeHistogram": {
    "0.000233959": 1,
    "0.0008090892999999999": 46911,
    "0.0013842195999999999": 453351,
    "0.0019593499": 2583,
    "0.0025344802": 145,
    "0.0031096105": 92,
    "0.0036847408": 18,
    "0.0042598711": 4,
    "0.0048350013999999995": 0,
    "0.005410131699999999": 42,
    "0.005985261999999999": 4
  },
  "latencyPercentiles": {
    "p10": 0.000819788,
    "p25": 0.000921638,
    "p50": 0.001008799,
    "p75": 0.001078104,
    "p90": 0.001136536,
    "p95": 0.001181405,
    "p99": 0.001304894
  },
  "rps": {
    "mean": 50312.5253263102,
    "stddev": 4464.765253765265,
    "max": 80117.68998594841,
    "percentiles": {
      "p10": 47611.002902773056,
      "p25": 48505.285572861496,
      "p50": 49325.22985506973,
      "p75": 50591.385073208214,
      "p90": 56316.11572759209,
      "p95": 59336.03477391812,
      "p99": 65033.00550285441
    }
  },
  "details": {
    "DNSDialup": {
      "average": 0.0009945445000000002,
      "fastest": 0.00009132,
      "slowest": 0.001648691
    },
    "DNSLookup": {
      "average": 0.0000084243,
      "fastest": 0.000003968,
      "slowest": 0.000031208
    }
  },
  "statusCodeDistribution": {
    "200": 503151
  },
  "errorDistribution": {}
}