{
  "summary": {
    "successRate": 1,
    "total": 10.000407568,
    "slowest": 0.006693328,
    "fastest": 0.0000806,
    "average": 0.0009394128259614266,
    "requestsPerSec": 53132.034508295954,
    "totalData": 6907446,
    "sizePerRequest": 13,
    "sizePerSec": 690716.4486078473
  },
  "responseTimeHistogram": {
    "0.0000806": 1,
    "0.0007418728": 80589,
    "0.0014031456": 447997,
    "0.0020644184000000003": 2135,
    "0.0027256912": 349,
    "0.003386964": 140,
    "0.0040482368000000005": 62,
    "0.0047095096": 25,
    "0.0053707824": 24,
    "0.006032055200000001": 19,
    "0.006693328": 1
  },
  "latencyPercentiles": {
    "p10": 0.000638904,
    "p25": 0.000866342,
    "p50": 0.000968437,
    "p75": 0.001050061,
    "p90": 0.001106667,
    "p95": 0.00115411,
    "p99": 0.001295282
  },
  "rps": {
    "mean": 53129.86057405783,
    "stddev": 7168.034213857295,
    "max": 81693.02427775886,
    "percentiles": {
      "p10": 48458.84842552599,
      "p25": 49515.57760071016,
      "p50": 50567.68484616615,
      "p75": 54909.12589672436,
      "p90": 63819.95011640611,
      "p95": 68532.10658851973,
      "p99": 76053.59310083867
    }
  },
  "details": {
    "DNSDialup": {
      "average": 0.0008361262200000001,
      "fastest": 0.000082885,
      "slowest": 0.001736664
    },
    "DNSLookup": {
      "average": 0.00000815508,
      "fastest": 0.000003446,
      "slowest": 0.000030567
    }
  },
  "statusCodeDistribution": {
    "200": 531342
  },
  "errorDistribution": {}
}