{
  "summary": {
    "successRate": 1,
    "total": 10.000631659,
    "slowest": 0.006364,
    "fastest": 0.000205844,
    "average": 0.000976600275802045,
    "requestsPerSec": 51105.17189582255,
    "totalData": 6644092,
    "sizePerRequest": 13,
    "sizePerSec": 664367.2346456931
  },
  "responseTimeHistogram": {
    "0.000205844": 1,
    "0.0008216596": 80342,
    "0.0014374752": 428188,
    "0.0020532908": 2181,
    "0.0026691064000000002": 161,
    "0.003284922": 147,
    "0.0039007376000000002": 15,
    "0.0045165532000000005": 0,
    "0.0051323688": 9,
    "0.0057481844": 11,
    "0.006364": 29
  },
  "latencyPercentiles": {
    "p10": 0.000727335,
    "p25": 0.000904113,
    "p50": 0.000997367,
    "p75": 0.001081113,
    "p90": 0.001135566,
    "p95": 0.0011815,
    "p99": 0.00131568
  },
  "rps": {
    "mean": 51106.51356240257,
    "stddev": 4433.653065899617,
    "max": 73932.05895251922,
    "percentiles": {
      "p10": 47558.05954269117,
      "p25": 48772.95947007033,
      "p50": 50327.332774430586,
      "p75": 53101.922289586706,
      "p90": 56409.510643491005,
      "p95": 59189.26979936888,
      "p99": 63375.05894738406
    }
  },
  "details": {
    "DNSDialup": {
      "average": 0.00082600974,
      "fastest": 0.000093352,
      "slowest": 0.001483352
    },
    "DNSLookup": {
      "average": 0.00000775368,
      "fastest": 0.000003656,
      "slowest": 0.000027171
    }
  },
  "statusCodeDistribution": {
    "200": 511084
  },
  "errorDistribution": {}
}