{
  "summary": {
    "successRate": 1,
    "total": 10.000639757,
    "slowest": 0.007823657,
    "fastest": 0.000050995,
    "average": 0.0009862820604445003,
    "requestsPerSec": 50601.8627104118,
    "totalData": 6578663,
    "sizePerRequest": 13,
    "sizePerSec": 657824.2152353533
  },
  "responseTimeHistogram": {
    "0.000050995": 1,
    "0.0008282611999999999": 68054,
    "0.0016055274": 436907,
    "0.0023827935999999996": 836,
    "0.0031600597999999996": 156,
    "0.003937326": 39,
    "0.004714592199999999": 8,
    "0.0054918584": 14,
    "0.006269124599999999": 8,
    "0.007046390799999999": 27,
    "0.007823657": 1
  },
  "latencyPercentiles": {
    "p10": 0.00077251,
    "p25": 0.000918704,
    "p50": 0.001004995,
    "p75": 0.001082499,
    "p90": 0.001135317,
    "p95": 0.00117968,
    "p99": 0.001321254
  },
  "rps": {
    "mean": 50599.99068637844,
    "stddev": 4430.278192666542,
    "max": 73939.34312447607,
    "percentiles": {
      "p10": 47369.14776856037,
      "p25": 48287.19218292635,
      "p50": 49391.05447692657,
      "p75": 52506.00143596748,
      "p90": 56696.937316190444,
      "p95": 58821.917046293245,
      "p99": 62753.55574197133
    }
  },
  "details": {
    "DNSDialup": {
      "average": 0.0007771424199999999,
      "fastest": 0.000087483,
      "slowest": 0.001807461
    },
    "DNSLookup": {
      "average": 0.000006948839999999999,
      "fastest": 0.000003387,
      "slowest": 0.000031428
    }
  },
  "statusCodeDistribution": {
    "200": 506051
  },
  "errorDistribution": {}
}