{
  "summary": {
    "successRate": 1,
    "total": 10.000660909,
    "slowest": 0.00722414,
    "fastest": 0.000226261,
    "average": 0.0010189410548857789,
    "requestsPerSec": 48983.962605825815,
    "totalData": 6368336,
    "sizePerRequest": 13,
    "sizePerSec": 636791.5138757356
  },
  "responseTimeHistogram": {
    "0.000226261": 1,
    "0.0009260488999999999": 98877,
    "0.0016258368": 389741,
    "0.0023256247": 989,
    "0.0030254126": 76,
    "0.0037252005000000003": 111,
    "0.0044249884": 23,
    "0.0051247763": 3,
    "0.0058245642": 1,
    "0.0065243521": 33,
    "0.00722414": 17
  },
  "latencyPercentiles": {
    "p10": 0.000832085,
    "p25": 0.000947366,
    "p50": 0.001034375,
    "p75": 0.001108211,
    "p90": 0.001167179,
    "p95": 0.001219791,
    "p99": 0.001351849
  },
  "rps": {
    "mean": 48982.878173711884,
    "stddev": 4238.547432476682,
    "max": 65731.58552211069,
    "percentiles": {
      "p10": 45957.39619210302,
      "p25": 46916.951094429656,
      "p50": 48114.3573242265,
      "p75": 50516.73114135302,
      "p90": 54792.41288357154,
      "p95": 57161.20030096556,
      "p99": 59638.74357304544
    }
  },
  "details": {
    "DNSDialup": {
      "average": 0.0006209754600000002,
      "fastest": 0.000084608,
      "slowest": 0.000963398
    },
    "DNSLookup": {
      "average": 0.000009456,
      "fastest": 0.000003897,
      "slowest": 0.000060442
    }
  },
  "statusCodeDistribution": {
    "200": 489872
  },
  "errorDistribution": {}
}