{
  "summary": {
    "successRate": 1,
    "total": 10.000172549,
    "slowest": 0.007609748,
    "fastest": 0.000267929,
    "average": 0.0009422456639222523,
    "requestsPerSec": 52966.886061677695,
    "totalData": 6885814,
    "sizePerRequest": 13,
    "sizePerSec": 688569.51880181
  },
  "responseTimeHistogram": {
    "0.000267929": 1,
    "0.0010021109": 301950,
    "0.0017362928000000002": 226776,
    "0.0024704747": 696,
    "0.0032046566000000004": 180,
    "0.003938838500000001": 27,
    "0.0046730204": 1,
    "0.0054072023": 5,
    "0.006141384200000001": 10,
    "0.006875566100000001": 29,
    "0.007609748000000001": 3
  },
  "latencyPercentiles": {
    "p10": 0.000635594,
    "p25": 0.000846487,
    "p50": 0.00097296,
    "p75": 0.001066292,
    "p90": 0.001127205,
    "p95": 0.001179889,
    "p99": 0.001308608
  },
  "rps": {
    "mean": 52957.12252736365,
    "stddev": 6805.288066451124,
    "max": 77587.13446723502,
    "percentiles": {
      "p10": 47610.3504901998,
      "p25": 48727.26694296893,
      "p50": 50607.49274862415,
      "p75": 57252.827183646434,
      "p90": 62036.173292643856,
      "p95": 65609.0065468109,
      "p99": 73506.26801167111
    }
  },
  "details": {
    "DNSDialup": {
      "average": 0.0011035453799999998,
      "fastest": 0.000099716,
      "slowest": 0.002064364
    },
    "DNSLookup": {
      "average": 0.000008652719999999999,
      "fastest": 0.000004508,
      "slowest": 0.000025567
    }
  },
  "statusCodeDistribution": {
    "200": 529678
  },
  "errorDistribution": {}
}