{
  "summary": {
    "successRate": 1,
    "total": 10.000455787,
    "slowest": 0.005958175,
    "fastest": 0.000130111,
    "average": 0.0009213899018168607,
    "requestsPerSec": 54168.73105965765,
    "totalData": 7042256,
    "sizePerRequest": 13,
    "sizePerSec": 704193.5037755495
  },
  "responseTimeHistogram": {
    "0.000130111": 1,
    "0.0007129174": 109150,
    "0.0012957238": 427724,
    "0.0018785301999999999": 4377,
    "0.0024613366": 239,
    "0.003044143": 108,
    "0.0036269493999999997": 57,
    "0.004209755799999999": 2,
    "0.004792562199999999": 11,
    "0.0053753685999999995": 10,
    "0.005958175": 33
  },
  "latencyPercentiles": {
    "p10": 0.000604089,
    "p25": 0.000816155,
    "p50": 0.000962844,
    "p75": 0.001055349,
    "p90": 0.001112825,
    "p95": 0.001156737,
    "p99": 0.00128222
  },
  "rps": {
    "mean": 54163.20537044779,
    "stddev": 8297.556588274027,
    "max": 82237.73889837856,
    "percentiles": {
      "p10": 47795.46445242656,
      "p25": 49049.54003543527,
      "p50": 50642.58812563792,
      "p75": 58564.548812797664,
      "p90": 66391.98412646432,
      "p95": 71711.12239508811,
      "p99": 78517.70574264713
    }
  },
  "details": {
    "DNSDialup": {
      "average": 0.0009143505599999999,
      "fastest": 0.000107083,
      "slowest": 0.002080967
    },
    "DNSLookup": {
      "average": 0.000008892780000000003,
      "fastest": 0.000004348,
      "slowest": 0.000038812
    }
  },
  "statusCodeDistribution": {
    "200": 541712
  },
  "errorDistribution": {}
}