{
  "summary": {
    "successRate": 1,
    "total": 10.000182422,
    "slowest": 0.006089689,
    "fastest": 0.000192344,
    "average": 0.0009663582019692775,
    "requestsPerSec": 51651.45776377718,
    "totalData": 6714812,
    "sizePerRequest": 13,
    "sizePerSec": 671468.9509291034
  },
  "responseTimeHistogram": {
    "0.000192344": 1,
    "0.0007820785": 61689,
    "0.001371813": 451997,
    "0.0019615475000000003": 2425,
    "0.002551282": 237,
    "0.0031410165": 77,
    "0.0037307510000000005": 47,
    "0.0043204854999999995": 1,
    "0.00491022": 6,
    "0.0054999545": 17,
    "0.006089689": 27
  },
  "latencyPercentiles": {
    "p10": 0.000719388,
    "p25": 0.000900765,
    "p50": 0.000991013,
    "p75": 0.001062662,
    "p90": 0.001124201,
    "p95": 0.001176688,
    "p99": 0.001307411
  },
  "rps": {
    "mean": 51643.87159833784,
    "stddev": 5972.359289990217,
    "max": 79048.97569960266,
    "percentiles": {
      "p10": 47949.35576904717,
      "p25": 48989.3665745756,
      "p50": 49921.20014195867,
      "p75": 51505.50387413567,
      "p90": 59513.81910879998,
      "p95": 65400.29430132687,
      "p99": 72434.95711030025
    }
  },
  "details": {
    "DNSDialup": {
      "average": 0.0009498820800000001,
      "fastest": 0.00009159,
      "slowest": 0.002225562
    },
    "DNSLookup": {
      "average": 0.000008703440000000001,
      "fastest": 0.000004218,
      "slowest": 0.000025418
    }
  },
  "statusCodeDistribution": {
    "200": 516524
  },
  "errorDistribution": {}
}