{
  "summary": {
    "successRate": 1,
    "total": 10.000668238,
    "slowest": 0.007398858,
    "fastest": 0.00020584,
    "average": 0.0009677449896441958,
    "requestsPerSec": 51571.65378612173,
    "totalData": 6704763,
    "sizePerRequest": 13,
    "sizePerSec": 670431.4992195825
  },
  "responseTimeHistogram": {
    "0.00020584": 1,
    "0.0009251418": 160407,
    "0.0016444436": 354292,
    "0.0023637454": 765,
    "0.0030830472000000003": 192,
    "0.0038023490000000004": 38,
    "0.0045216508": 10,
    "0.0052409526": 10,
    "0.0059602544": 15,
    "0.0066795562": 18,
    "0.007398858": 3
  },
  "latencyPercentiles": {
    "p10": 0.000694322,
    "p25": 0.000891931,
    "p50": 0.000993289,
    "p75": 0.0010799,
    "p90": 0.001134189,
    "p95": 0.001177705,
    "p99": 0.001314028
  },
  "rps": {
    "mean": 51571.9031211192,
    "stddev": 4935.470522599181,
    "max": 67733.14860292719,
    "percentiles": {
      "p10": 47534.19610067235,
      "p25": 48578.886893098024,
      "p50": 50445.66341452507,
      "p75": 54010.942616978886,
      "p90": 58329.90812738351,
      "p95": 60553.911147092214,
      "p99": 64806.61675557278
    }
  },
  "details": {
    "DNSDialup": {
      "average": 0.0007786867599999999,
      "fastest": 0.000077665,
      "slowest": 0.001812211
    },
    "DNSLookup": {
      "average": 0.000006858379999999999,
      "fastest": 0.000003968,
      "slowest": 0.000029094
    }
  },
  "statusCodeDistribution": {
    "200": 515751
  },
  "errorDistribution": {}
}