{
  "summary": {
    "successRate": 1,
    "total": 10.00065186,
    "slowest": 0.006521106,
    "fastest": 0.00018721,
    "average": 0.0009814577526688938,
    "requestsPerSec": 50850.7852407133,
    "totalData": 6611033,
    "sizePerRequest": 13,
    "sizePerSec": 661060.2081292729
  },
  "responseTimeHistogram": {
    "0.00018721": 1,
    "0.0008205996": 79967,
    "0.0014539891999999998": 425867,
    "0.0020873788": 2329,
    "0.0027207684": 291,
    "0.003354158": 12,
    "0.0039875475999999995": 5,
    "0.0046209371999999995": 20,
    "0.0052543267999999995": 5,
    "0.0058877164": 22,
    "0.006521106": 22
  },
  "latencyPercentiles": {
    "p10": 0.000737538,
    "p25": 0.000900965,
    "p50": 0.001000039,
    "p75": 0.001087683,
    "p90": 0.001148085,
    "p95": 0.001199922,
    "p99": 0.00136057
  },
  "rps": {
    "mean": 50850.249267926425,
    "stddev": 4525.9542906992765,
    "max": 73832.00617467723,
    "percentiles": {
      "p10": 47131.7998253454,
      "p25": 48326.328183593396,
      "p50": 50021.38414172053,
      "p75": 53002.15188736662,
      "p90": 56621.94100213946,
      "p95": 58701.96064548219,
      "p99": 62960.97140471042
    }
  },
  "details": {
    "DNSDialup": {
      "average": 0.0009380661800000001,
      "fastest": 0.000143416,
      "slowest": 0.001364389
    },
    "DNSLookup": {
      "average": 0.000018777360000000005,
      "fastest": 0.000003868,
      "slowest": 0.000590573
    }
  },
  "statusCodeDistribution": {
    "200": 508541
  },
  "errorDistribution": {}
}