{
  "summary": {
    "successRate": 1,
    "total": 10.000261028,
    "slowest": 0.005976277,
    "fastest": 0.000132758,
    "average": 0.0009640811779624637,
    "requestsPerSec": 51773.04857846756,
    "totalData": 6730672,
    "sizePerRequest": 13,
    "sizePerSec": 673049.6315200783
  },
  "responseTimeHistogram": {
    "0.000132758": 1,
    "0.0007171098999999999": 51424,
    "0.0013014618": 462377,
    "0.0018858136999999999": 3567,
    "0.0024701656": 186,
    "0.0030545175000000003": 102,
    "0.0036388694": 35,
    "0.0042232213": 4,
    "0.0048075732": 1,
    "0.0053919251": 27,
    "0.005976277": 20
  },
  "latencyPercentiles": {
    "p10": 0.000719173,
    "p25": 0.0009002,
    "p50": 0.000989328,
    "p75": 0.001064551,
    "p90": 0.001117377,
    "p95": 0.001156775,
    "p99": 0.001267818
  },
  "rps": {
    "mean": 51766.534928154695,
    "stddev": 4931.194214952533,
    "max": 77313.26695661043,
    "percentiles": {
      "p10": 48129.6189675106,
      "p25": 49041.494519989144,
      "p50": 50168.506865595875,
      "p75": 53817.56446958267,
      "p90": 58436.60139943072,
      "p95": 60602.624093626364,
      "p99": 67233.74505950298
    }
  },
  "details": {
    "DNSDialup": {
      "average": 0.0008656797199999999,
      "fastest": 0.00010655,
      "slowest": 0.001119583
    },
    "DNSLookup": {
      "average": 0.0000068302400000000005,
      "fastest": 0.000003476,
      "slowest": 0.000024646
    }
  },
  "statusCodeDistribution": {
    "200": 517744
  },
  "errorDistribution": {}
}