{
  "summary": {
    "successRate": 1,
    "total": 10.000351101,
    "slowest": 0.005990331,
    "fastest": 0.000153157,
    "average": 0.0009736149560877805,
    "requestsPerSec": 51268.699950817856,
    "totalData": 6665165,
    "sizePerRequest": 13,
    "sizePerSec": 666493.0993606321
  },
  "responseTimeHistogram": {
    "0.000153157": 1,
    "0.0007368744": 37836,
    "0.0013205918000000001": 470976,
    "0.0019043092": 3485,
    "0.0024880266": 253,
    "0.0030717440000000004": 92,
    "0.0036554614": 12,
    "0.0042391788": 1,
    "0.0048228962": 7,
    "0.0054066136": 10,
    "0.005990331000000001": 32
  },
  "latencyPercentiles": {
    "p10": 0.000794573,
    "p25": 0.0009068,
    "p50": 0.000992935,
    "p75": 0.001062764,
    "p90": 0.001116856,
    "p95": 0.001158544,
    "p99": 0.001283559
  },
  "rps": {
    "mean": 51264.373442453245,
    "stddev": 4811.950345825611,
    "max": 79192.20740659664,
    "percentiles": {
      "p10": 48251.643734289035,
      "p25": 49034.23612481537,
      "p50": 49862.711334790176,
      "p75": 51840.882783050685,
      "p90": 58642.50995546952,
      "p95": 60356.2701506601,
      "p99": 67594.46704532932
    }
  },
  "details": {
    "DNSDialup": {
      "average": 0.0007736192999999999,
      "fastest": 0.000076181,
      "slowest": 0.001796442
    },
    "DNSLookup": {
      "average": 0.000007000660000000001,
      "fastest": 0.000003326,
      "slowest": 0.00003205
    }
  },
  "statusCodeDistribution": {
    "200": 512705
  },
  "errorDistribution": {}
}