{
  "summary": {
    "successRate": 1,
    "total": 10.000358373,
    "slowest": 0.006391835,
    "fastest": 0.000126155,
    "average": 0.0008978371516223005,
    "requestsPerSec": 55591.4077540429,
    "totalData": 7227142,
    "sizePerRequest": 13,
    "sizePerSec": 722688.3008025577
  },
  "responseTimeHistogram": {
    "0.000126155": 1,
    "0.000752723": 161750,
    "0.001379291": 389370,
    "0.002005859": 3993,
    "0.002632427": 494,
    "0.003258995": 149,
    "0.003885563": 59,
    "0.004512131": 19,
    "0.005138699": 11,
    "0.005765267": 39,
    "0.006391835": 49
  },
  "latencyPercentiles": {
    "p10": 0.000588677,
    "p25": 0.000679677,
    "p50": 0.000941849,
    "p75": 0.00105232,
    "p90": 0.001122026,
    "p95": 0.001179181,
    "p99": 0.001353457
  },
  "rps": {
    "mean": 55573.66766322761,
    "stddev": 9264.694219570347,
    "max": 82095.39484881965,
    "percentiles": {
      "p10": 47675.44563995474,
      "p25": 48969.92905869376,
      "p50": 52012.243682160624,
      "p75": 61750.66642179893,
      "p90": 69697.62546398179,
      "p95": 73618.04378252827,
      "p99": 78616.13203028841
    }
  },
  "details": {
    "DNSDialup": {
      "average": 0.0009384198600000005,
      "fastest": 0.00011249,
      "slowest": 0.002147591
    },
    "DNSLookup": {
      "average": 0.00000930732,
      "fastest": 0.000004399,
      "slowest": 0.000036969
    }
  },
  "statusCodeDistribution": {
    "200": 555934
  },
  "errorDistribution": {}
}