{
  "summary": {
    "successRate": 1,
    "total": 10.000652044,
    "slowest": 0.006525936,
    "fastest": 0.000214211,
    "average": 0.000991203074231925,
    "requestsPerSec": 50349.716976914344,
    "totalData": 6545890,
    "sizePerRequest": 13,
    "sizePerSec": 654546.3206998865
  },
  "responseTimeHistogram": {
    "0.000214211": 1,
    "0.0008453835000000001": 82023,
    "0.0014765560000000002": 419422,
    "0.0021077285000000003": 1792,
    "0.0027389010000000006": 126,
    "0.0033700735000000005": 113,
    "0.004001246000000001": 3,
    "0.004632418500000001": 0,
    "0.005263591000000001": 9,
    "0.0058947635000000005": 22,
    "0.006525936": 19
  },
  "latencyPercentiles": {
    "p10": 0.000730698,
    "p25": 0.000919667,
    "p50": 0.001014495,
    "p75": 0.001096987,
    "p90": 0.001156309,
    "p95": 0.001204512,
    "p99": 0.001345031
  },
  "rps": {
    "mean": 50342.072020361185,
    "stddev": 4856.572315089627,
    "max": 71785.86829236583,
    "percentiles": {
      "p10": 46327.574172147106,
      "p25": 47558.16839576337,
      "p50": 49191.1963419466,
      "p75": 52445.338995564394,
      "p90": 56613.02665743184,
      "p95": 59402.53648830815,
      "p99": 64282.06891738443
    }
  },
  "details": {
    "DNSDialup": {
      "average": 0.0009397969799999996,
      "fastest": 0.000130001,
      "slowest": 0.001492538
    },
    "DNSLookup": {
      "average": 0.00000795984,
      "fastest": 0.000003767,
      "slowest": 0.000042279
    }
  },
  "statusCodeDistribution": {
    "200": 503530
  },
  "errorDistribution": {}
}