{
  "summary": {
    "successRate": 1,
    "total": 10.000380097,
    "slowest": 0.007350416,
    "fastest": 0.000132771,
    "average": 0.0009116256783876648,
    "requestsPerSec": 54751.418914992464,
    "totalData": 7117955,
    "sizePerRequest": 13,
    "sizePerSec": 711768.445894902
  },
  "responseTimeHistogram": {
    "0.000132771": 1,
    "0.0008545355": 168829,
    "0.0015763": 377794,
    "0.0022980645": 670,
    "0.003019829": 84,
    "0.0037415935": 38,
    "0.004463358000000001": 23,
    "0.0051851225": 43,
    "0.005906887": 35,
    "0.006628651500000001": 17,
    "0.007350416": 1
  },
  "latencyPercentiles": {
    "p10": 0.000597656,
    "p25": 0.000775462,
    "p50": 0.000957348,
    "p75": 0.001053817,
    "p90": 0.00110995,
    "p95": 0.001150341,
    "p99": 0.001270906
  },
  "rps": {
    "mean": 54739.37982885328,
    "stddev": 8906.078110957087,
    "max": 82910.86132283349,
    "percentiles": {
      "p10": 48050.47486709376,
      "p25": 49058.97379239621,
      "p50": 50368.864311285884,
      "p75": 60226.29480031096,
      "p90": 69433.98558803034,
      "p95": 73409.57112586054,
      "p99": 77732.47167823286
    }
  },
  "details": {
    "DNSDialup": {
      "average": 0.00105785248,
      "fastest": 0.000099167,
      "slowest": 0.00222813
    },
    "DNSLookup": {
      "average": 0.0000091362,
      "fastest": 0.000004468,
      "slowest": 0.000034856
    }
  },
  "statusCodeDistribution": {
    "200": 547535
  },
  "errorDistribution": {}
}