{
  "summary": {
    "successRate": 1,
    "total": 10.0006599,
    "slowest": 0.006480582,
    "fastest": 0.000186681,
    "average": 0.0010049740271190519,
    "requestsPerSec": 49662.822750326704,
    "totalData": 6456593,
    "sizePerRequest": 13,
    "sizePerSec": 645616.6957542471
  },
  "responseTimeHistogram": {
    "0.000186681": 1,
    "0.0008160711000000001": 51324,
    "0.0014454612": 442979,
    "0.0020748513": 2016,
    "0.0027042414": 183,
    "0.0033336315000000003": 70,
    "0.0039630216": 38,
    "0.0045924117": 4,
    "0.0052218018": 10,
    "0.0058511919": 16,
    "0.006480582": 20
  },
  "latencyPercentiles": {
    "p10": 0.000809369,
    "p25": 0.000938123,
    "p50": 0.001023754,
    "p75": 0.001096733,
    "p90": 0.001150921,
    "p95": 0.001197166,
    "p99": 0.001339933
  },
  "rps": {
    "mean": 49661.54055762544,
    "stddev": 4151.119012141255,
    "max": 69814.99626119282,
    "percentiles": {
      "p10": 46893.33179827958,
      "p25": 47602.65548027888,
      "p50": 48613.20334602556,
      "p75": 51141.419435600765,
      "p90": 54708.370380667126,
      "p95": 57234.07716954623,
      "p99": 61931.60465990138
    }
  },
  "details": {
    "DNSDialup": {
      "average": 0.0007933611199999999,
      "fastest": 0.000113924,
      "slowest": 0.001369854
    },
    "DNSLookup": {
      "average": 0.000006793400000000003,
      "fastest": 0.000003657,
      "slowest": 0.000031399
    }
  },
  "statusCodeDistribution": {
    "200": 496661
  },
  "errorDistribution": {}
}