{
  "summary": {
    "successRate": 1,
    "total": 10.000654579,
    "slowest": 0.006658184,
    "fastest": 0.00024944,
    "average": 0.0009958580062846506,
    "requestsPerSec": 50119.01931424563,
    "totalData": 6515899,
    "sizePerRequest": 13,
    "sizePerSec": 651547.2510851931
  },
  "responseTimeHistogram": {
    "0.00024944": 1,
    "0.0008903144": 90772,
    "0.0015311888": 408909,
    "0.0021720631999999998": 1278,
    "0.0028129376": 179,
    "0.0034538119999999997": 13,
    "0.004094686399999999": 21,
    "0.0047355608": 0,
    "0.0053764352": 3,
    "0.0060173095999999995": 30,
    "0.006658183999999999": 17
  },
  "latencyPercentiles": {
    "p10": 0.000785837,
    "p25": 0.000928353,
    "p50": 0.001014825,
    "p75": 0.001090055,
    "p90": 0.001146467,
    "p95": 0.00119433,
    "p99": 0.001336636
  },
  "rps": {
    "mean": 50115.24020917857,
    "stddev": 4273.750166095176,
    "max": 68933.46207592434,
    "percentiles": {
      "p10": 46714.27588270946,
      "p25": 47900.97717993125,
      "p50": 49024.19834430303,
      "p75": 52019.61370858657,
      "p90": 55608.65826808882,
      "p95": 57892.03096162053,
      "p99": 61688.1585473776
    }
  },
  "details": {
    "DNSDialup": {
      "average": 0.0007024129399999997,
      "fastest": 0.000099085,
      "slowest": 0.001183403
    },
    "DNSLookup": {
      "average": 0.000006966899999999999,
      "fastest": 0.000003977,
      "slowest": 0.000030227
    }
  },
  "statusCodeDistribution": {
    "200": 501223
  },
  "errorDistribution": {}
}