{
  "summary": {
    "successRate": 1,
    "total": 10.000367655,
    "slowest": 0.005992215,
    "fastest": 0.00018208,
    "average": 0.0009860573771760443,
    "requestsPerSec": 50612.43920836628,
    "totalData": 6579859,
    "sizePerRequest": 13,
    "sizePerSec": 657961.7097087618
  },
  "responseTimeHistogram": {
    "0.00018208": 1,
    "0.0007630935": 54598,
    "0.001344107": 447068,
    "0.0019251205": 3833,
    "0.0025061339999999997": 218,
    "0.0030871474999999995": 146,
    "0.0036681609999999996": 147,
    "0.0042491745": 83,
    "0.004830188": 3,
    "0.0054112015": 16,
    "0.0059922149999999995": 30
  },
  "latencyPercentiles": {
    "p10": 0.0007379,
    "p25": 0.000918243,
    "p50": 0.001009795,
    "p75": 0.001084564,
    "p90": 0.001144045,
    "p95": 0.001192096,
    "p99": 0.00132786
  },
  "rps": {
    "mean": 50605.91225420703,
    "stddev": 5674.904019359996,
    "max": 79844.89678546292,
    "percentiles": {
      "p10": 47103.08996269884,
      "p25": 48176.882937531365,
      "p50": 49107.48903324832,
      "p75": 50991.70810330755,
      "p90": 58168.67529431737,
      "p95": 61542.51356837315,
      "p99": 71302.29593393057
    }
  },
  "details": {
    "DNSDialup": {
      "average": 0.0009020240200000002,
      "fastest": 0.00010043,
      "slowest": 0.001192555
    },
    "DNSLookup": {
      "average": 0.000010755479999999998,
      "fastest": 0.000003687,
      "slowest": 0.000044002
    }
  },
  "statusCodeDistribution": {
    "200": 506143
  },
  "errorDistribution": {}
}