{
  "summary": {
    "successRate": 1,
    "total": 10.000324794,
    "slowest": 0.007121006,
    "fastest": 0.000244936,
    "average": 0.0009410504772600193,
    "requestsPerSec": 53039.17731934417,
    "totalData": 6895317,
    "sizePerRequest": 13,
    "sizePerSec": 689509.3051514742
  },
  "responseTimeHistogram": {
    "0.000244936": 1,
    "0.0009325430000000001": 206348,
    "0.00162015": 322966,
    "0.002307757": 820,
    "0.002995364": 179,
    "0.0036829709999999997": 46,
    "0.004370578000000001": 2,
    "0.005058185000000001": 10,
    "0.0057457920000000004": 19,
    "0.006433399": 16,
    "0.007121006": 2
  },
  "latencyPercentiles": {
    "p10": 0.000631063,
    "p25": 0.000848768,
    "p50": 0.000975534,
    "p75": 0.001067282,
    "p90": 0.001124481,
    "p95": 0.001167806,
    "p99": 0.001286405
  },
  "rps": {
    "mean": 53030.65764988775,
    "stddev": 7057.218177829614,
    "max": 80657.095825537,
    "percentiles": {
      "p10": 47642.88812789206,
      "p25": 48536.40185011827,
      "p50": 49970.07852267738,
      "p75": 57125.79801038625,
      "p90": 62984.7144409228,
      "p95": 67182.38674353897,
      "p99": 73915.5296527798
    }
  },
  "details": {
    "DNSDialup": {
      "average": 0.00095659,
      "fastest": 0.00009683,
      "slowest": 0.002055261
    },
    "DNSLookup": {
      "average": 0.000010918460000000001,
      "fastest": 0.000003727,
      "slowest": 0.000166089
    }
  },
  "statusCodeDistribution": {
    "200": 530409
  },
  "errorDistribution": {}
}