{
  "summary": {
    "successRate": 1,
    "total": 10.000290235,
    "slowest": 0.007104513,
    "fastest": 0.00013875,
    "average": 0.0010129828257558035,
    "requestsPerSec": 49271.36997239361,
    "totalData": 6405464,
    "sizePerRequest": 13,
    "sizePerSec": 640527.8096411169
  },
  "responseTimeHistogram": {
    "0.00013875": 1,
    "0.0008353262999999999": 39316,
    "0.0015319026": 452303,
    "0.0022284788999999998": 783,
    "0.0029250552": 225,
    "0.0036216315": 11,
    "0.0043182077999999995": 23,
    "0.0050147841": 19,
    "0.0057113604": 20,
    "0.006407936699999999": 22,
    "0.007104513": 5
  },
  "latencyPercentiles": {
    "p10": 0.000859283,
    "p25": 0.00094243,
    "p50": 0.001026101,
    "p75": 0.001095658,
    "p90": 0.001145511,
    "p95": 0.001181938,
    "p99": 0.001287128
  },
  "rps": {
    "mean": 49267.29512578509,
    "stddev": 3628.3102962406215,
    "max": 74722.58239642125,
    "percentiles": {
      "p10": 46856.92178858843,
      "p25": 47669.22047504749,
      "p50": 48638.80192581512,
      "p75": 50083.03767646664,
      "p90": 53747.08782364297,
      "p95": 56113.66946022722,
      "p99": 57390.407108316445
    }
  },
  "details": {
    "DNSDialup": {
      "average": 0.0008775670599999999,
      "fastest": 0.000101641,
      "slowest": 0.001752122
    },
    "DNSLookup": {
      "average": 0.000009550319999999999,
      "fastest": 0.000003918,
      "slowest": 0.000113694
    }
  },
  "statusCodeDistribution": {
    "200": 492728
  },
  "errorDistribution": {}
}