{
  "summary": {
    "successRate": 1,
    "total": 10.0008324,
    "slowest": 0.006996935,
    "fastest": 0.000135458,
    "average": 0.000980998092676562,
    "requestsPerSec": 50874.86517622273,
    "totalData": 6614283,
    "sizePerRequest": 13,
    "sizePerSec": 661373.2472908954
  },
  "responseTimeHistogram": {
    "0.000135458": 1,
    "0.0008216057": 77258,
    "0.0015077534": 429491,
    "0.0021939011000000003": 1715,
    "0.0028800488000000003": 224,
    "0.0035661965000000004": 51,
    "0.0042523442": 1,
    "0.0049384919": 13,
    "0.0056246396": 24,
    "0.0063107873000000005": 4,
    "0.006996935": 9
  },
  "latencyPercentiles": {
    "p10": 0.000748405,
    "p25": 0.000902359,
    "p50": 0.000998873,
    "p75": 0.001083552,
    "p90": 0.001146472,
    "p95": 0.001199625,
    "p99": 0.001360172
  },
  "rps": {
    "mean": 50872.85444171166,
    "stddev": 4801.145725266392,
    "max": 78405.83098750706,
    "percentiles": {
      "p10": 46807.65305127618,
      "p25": 48200.53502594127,
      "p50": 49828.12299261712,
      "p75": 53201.01613940842,
      "p90": 57614.37478651265,
      "p95": 58921.04070363608,
      "p99": 63758.84240408168
    }
  },
  "details": {
    "DNSDialup": {
      "average": 0.00070390606,
      "fastest": 0.000101007,
      "slowest": 0.001578564
    },
    "DNSLookup": {
      "average": 0.0000070517,
      "fastest": 0.000003497,
      "slowest": 0.000028232
    }
  },
  "statusCodeDistribution": {
    "200": 508791
  },
  "errorDistribution": {}
}