{
  "summary": {
    "successRate": 1,
    "total": 10.000373304,
    "slowest": 0.005578406,
    "fastest": 0.000069991,
    "average": 0.000944511810597475,
    "requestsPerSec": 52838.92750170079,
    "totalData": 6869317,
    "sizePerRequest": 13,
    "sizePerSec": 686906.0575221103
  },
  "responseTimeHistogram": {
    "0.000069991": 1,
    "0.0006208325": 37688,
    "0.001171674": 464026,
    "0.0017225155": 25904,
    "0.002273357": 461,
    "0.0028241985": 174,
    "0.00337504": 95,
    "0.0039258815": 7,
    "0.004476723": 2,
    "0.0050275645": 13,
    "0.005578406": 38
  },
  "latencyPercentiles": {
    "p10": 0.000653596,
    "p25": 0.000850021,
    "p50": 0.000970486,
    "p75": 0.001065386,
    "p90": 0.001126288,
    "p95": 0.001172381,
    "p99": 0.001312572
  },
  "rps": {
    "mean": 52835.64150488076,
    "stddev": 6314.496342767497,
    "max": 80105.23087157642,
    "percentiles": {
      "p10": 47865.86063121055,
      "p25": 48796.224256602545,
      "p50": 50564.45474258861,
      "p75": 57342.37027739073,
      "p90": 60909.31303395574,
      "p95": 64103.025662812484,
      "p99": 71612.02171268061
    }
  },
  "details": {
    "DNSDialup": {
      "average": 0.00086734688,
      "fastest": 0.000097694,
      "slowest": 0.002077714
    },
    "DNSLookup": {
      "average": 0.000009443860000000002,
      "fastest": 0.000004028,
      "slowest": 0.000029775
    }
  },
  "statusCodeDistribution": {
    "200": 528409
  },
  "errorDistribution": {}
}