{
  "summary": {
    "successRate": 1,
    "total": 10.000235583,
    "slowest": 0.0061826,
    "fastest": 0.000298358,
    "average": 0.0009798543438294517,
    "requestsPerSec": 50938.299980247575,
    "totalData": 6622135,
    "sizePerRequest": 13,
    "sizePerSec": 662197.8997432184
  },
  "responseTimeHistogram": {
    "0.000298358": 1,
    "0.0008867822": 102269,
    "0.0014752063999999999": 405493,
    "0.0020636306": 1260,
    "0.0026520548": 245,
    "0.0032404789999999997": 64,
    "0.0038289032": 13,
    "0.0044173274000000005": 2,
    "0.0050057516": 4,
    "0.0055941758": 10,
    "0.0061826": 34
  },
  "latencyPercentiles": {
    "p10": 0.0007911,
    "p25": 0.000909783,
    "p50": 0.000998945,
    "p75": 0.001071686,
    "p90": 0.001128222,
    "p95": 0.001174724,
    "p99": 0.001298715
  },
  "rps": {
    "mean": 50933.018882773744,
    "stddev": 5435.074371820926,
    "max": 78761.91086015716,
    "percentiles": {
      "p10": 47438.536938758894,
      "p25": 48475.37435959063,
      "p50": 49541.62370952853,
      "p75": 50969.3080651069,
      "p90": 58856.51123467515,
      "p95": 60975.32845945441,
      "p99": 70067.62277396118
    }
  },
  "details": {
    "DNSDialup": {
      "average": 0.0010129357199999997,
      "fastest": 0.000106247,
      "slowest": 0.002057297
    },
    "DNSLookup": {
      "average": 0.000009963420000000005,
      "fastest": 0.00000493,
      "slowest": 0.000032942
    }
  },
  "statusCodeDistribution": {
    "200": 509395
  },
  "errorDistribution": {}
}