{
  "summary": {
    "successRate": 1,
    "total": 10.000679972,
    "slowest": 0.00648361,
    "fastest": 0.000130496,
    "average": 0.001028066130798117,
    "requestsPerSec": 48547.09893320442,
    "totalData": 6311552,
    "sizePerRequest": 13,
    "sizePerSec": 631112.2861316574
  },
  "responseTimeHistogram": {
    "0.000130496": 1,
    "0.0007658074": 30535,
    "0.0014011187999999999": 451269,
    "0.0020364301999999997": 3342,
    "0.0026717416": 217,
    "0.003307053": 62,
    "0.0039423643999999996": 23,
    "0.0045776758": 6,
    "0.0052129872": 6,
    "0.005848298599999999": 18,
    "0.00648361": 25
  },
  "latencyPercentiles": {
    "p10": 0.000855215,
    "p25": 0.000958102,
    "p50": 0.001044576,
    "p75": 0.00111463,
    "p90": 0.001174981,
    "p95": 0.001222951,
    "p99": 0.001363098
  },
  "rps": {
    "mean": 48541.906224325256,
    "stddev": 3923.96416508996,
    "max": 68638.58038934767,
    "percentiles": {
      "p10": 45802.18926446867,
      "p25": 46806.183096787296,
      "p50": 47696.067721949614,
      "p75": 49590.03396917382,
      "p90": 53258.067270744985,
      "p95": 55529.369483519586,
      "p99": 60262.83002658571
    }
  },
  "details": {
    "DNSDialup": {
      "average": 0.0010771238000000002,
      "fastest": 0.000161329,
      "slowest": 0.002202413
    },
    "DNSLookup": {
      "average": 0.000009473540000000003,
      "fastest": 0.000004117,
      "slowest": 0.000073197
    }
  },
  "statusCodeDistribution": {
    "200": 485504
  },
  "errorDistribution": {}
}