{
  "summary": {
    "successRate": 1,
    "total": 10.000569308,
    "slowest": 0.009868057,
    "fastest": 0.000186207,
    "average": 0.0010188653606409688,
    "requestsPerSec": 48984.71126120014,
    "totalData": 6368375,
    "sizePerRequest": 13,
    "sizePerSec": 636801.2463956018
  },
  "responseTimeHistogram": {
    "0.000186207": 1,
    "0.001154392": 431108,
    "0.0021225769999999996": 58343,
    "0.0030907619999999995": 305,
    "0.004058946999999999": 54,
    "0.005027131999999999": 17,
    "0.005995316999999999": 31,
    "0.006963501999999999": 14,
    "0.007931687": 1,
    "0.008899872": 0,
    "0.009868057": 1
  },
  "latencyPercentiles": {
    "p10": 0.000845469,
    "p25": 0.000947608,
    "p50": 0.001033874,
    "p75": 0.001103949,
    "p90": 0.001167357,
    "p95": 0.001217196,
    "p99": 0.001373593
  },
  "rps": {
    "mean": 48982.42604289687,
    "stddev": 4220.3020407272215,
    "max": 69517.45583316068,
    "percentiles": {
      "p10": 46397.37991266255,
      "p25": 47328.24076126271,
      "p50": 48238.74053252333,
      "p75": 49659.87491118235,
      "p90": 53806.35991174325,
      "p95": 57007.42236638973,
      "p99": 62512.409815326566
    }
  },
  "details": {
    "DNSDialup": {
      "average": 0.0007860525399999998,
      "fastest": 0.000076542,
      "slowest": 0.001819911
    },
    "DNSLookup": {
      "average": 0.000006928140000000001,
      "fastest": 0.000003646,
      "slowest": 0.000025718
    }
  },
  "statusCodeDistribution": {
    "200": 489875
  },
  "errorDistribution": {}
}