{
  "summary": {
    "successRate": 1,
    "total": 10.000171069,
    "slowest": 0.009629217,
    "fastest": 0.000086635,
    "average": 0.0009157890068054342,
    "requestsPerSec": 54499.76767792431,
    "totalData": 7085091,
    "sizePerRequest": 13,
    "sizePerSec": 708496.979813016
  },
  "responseTimeHistogram": {
    "0.000086635": 1,
    "0.0010408932": 409989,
    "0.0019951514000000003": 134680,
    "0.0029494096000000003": 275,
    "0.0039036678000000003": 9,
    "0.004857926": 4,
    "0.005812184200000001": 47,
    "0.0067664424": 0,
    "0.007720700600000001": 0,
    "0.0086749588": 1,
    "0.009629217": 1
  },
  "latencyPercentiles": {
    "p10": 0.000626319,
    "p25": 0.00081206,
    "p50": 0.000942992,
    "p75": 0.001040131,
    "p90": 0.001100537,
    "p95": 0.001146222,
    "p99": 0.001281716
  },
  "rps": {
    "mean": 54501.13635896603,
    "stddev": 6719.079525657138,
    "max": 77520.21033750282,
    "percentiles": {
      "p10": 48648.16654970125,
      "p25": 49855.99172330128,
      "p50": 52302.01653887884,
      "p75": 59022.25138877065,
      "p90": 63391.18782247253,
      "p95": 67201.00983788427,
      "p99": 73911.46366801312
    }
  },
  "details": {
    "DNSDialup": {
      "average": 0.0010307008399999995,
      "fastest": 0.00013033,
      "slowest": 0.002227333
    },
    "DNSLookup": {
      "average": 0.000010870540000000001,
      "fastest": 0.0000052,
      "slowest": 0.0000426
    }
  },
  "statusCodeDistribution": {
    "200": 545007
  },
  "errorDistribution": {}
}