{
  "summary": {
    "successRate": 1,
    "total": 10.000640643,
    "slowest": 0.007317951,
    "fastest": 0.000123313,
    "average": 0.0009895844869803128,
    "requestsPerSec": 50431.86911760728,
    "totalData": 6556563,
    "sizePerRequest": 13,
    "sizePerSec": 655614.2985288947
  },
  "responseTimeHistogram": {
    "0.000123313": 1,
    "0.0008427768": 74857,
    "0.0015622406": 428028,
    "0.0022817044": 1220,
    "0.0030011682": 141,
    "0.0037206319999999998": 53,
    "0.0044400958": 1,
    "0.0051595595999999995": 14,
    "0.0058790234": 15,
    "0.0065984872": 14,
    "0.007317951": 7
  },
  "latencyPercentiles": {
    "p10": 0.000767158,
    "p25": 0.000920293,
    "p50": 0.001008583,
    "p75": 0.001087948,
    "p90": 0.001141284,
    "p95": 0.001185739,
    "p99": 0.001330398
  },
  "rps": {
    "mean": 50431.359933030486,
    "stddev": 4534.2726019919555,
    "max": 77799.51335753608,
    "percentiles": {
      "p10": 47255.619783707014,
      "p25": 48227.644085588654,
      "p50": 49339.483987379754,
      "p75": 52150.65393016273,
      "p90": 55812.322298626146,
      "p95": 58460.652927410876,
      "p99": 63647.29630588769
    }
  },
  "details": {
    "DNSDialup": {
      "average": 0.00088111632,
      "fastest": 0.000104392,
      "slowest": 0.001875598
    },
    "DNSLookup": {
      "average": 0.000008864240000000002,
      "fastest": 0.000003897,
      "slowest": 0.000027672
    }
  },
  "statusCodeDistribution": {
    "200": 504351
  },
  "errorDistribution": {}
}