{
  "summary": {
    "successRate": 1,
    "total": 10.00071971,
    "slowest": 0.007243708,
    "fastest": 0.000238177,
    "average": 0.0010259936541058836,
    "requestsPerSec": 48645.19895638591,
    "totalData": 6324331,
    "sizePerRequest": 13,
    "sizePerSec": 632387.5864330168
  },
  "responseTimeHistogram": {
    "0.000238177": 1,
    "0.0009387301": 102219,
    "0.0016392832": 383207,
    "0.0023398362999999998": 814,
    "0.0030403894": 161,
    "0.0037409425": 24,
    "0.0044414955999999995": 12,
    "0.0051420486999999996": 0,
    "0.0058426018": 19,
    "0.0065431549": 22,
    "0.007243708": 8
  },
  "latencyPercentiles": {
    "p10": 0.000869287,
    "p25": 0.000953245,
    "p50": 0.001038618,
    "p75": 0.001106271,
    "p90": 0.001164251,
    "p95": 0.001212194,
    "p99": 0.001345833
  },
  "rps": {
    "mean": 48644.84887774879,
    "stddev": 4013.254176736902,
    "max": 73674.4767323149,
    "percentiles": {
      "p10": 46361.05751274479,
      "p25": 47110.82606783171,
      "p50": 47949.05443060353,
      "p75": 48903.69831186939,
      "p90": 52524.350288794434,
      "p95": 57563.469481447144,
      "p99": 62040.99908071302
    }
  },
  "details": {
    "DNSDialup": {
      "average": 0.0007745807199999999,
      "fastest": 0.000199364,
      "slowest": 0.00149378
    },
    "DNSLookup": {
      "average": 0.000008029540000000003,
      "fastest": 0.000004068,
      "slowest": 0.00003697
    }
  },
  "statusCodeDistribution": {
    "200": 486487
  },
  "errorDistribution": {}
}