{
  "summary": {
    "successRate": 1,
    "total": 10.000245138,
    "slowest": 0.009097201,
    "fastest": 0.000168034,
    "average": 0.0010532083564023795,
    "requestsPerSec": 47389.938292530685,
    "totalData": 6160843,
    "sizePerRequest": 13,
    "sizePerSec": 616069.1978028988
  },
  "responseTimeHistogram": {
    "0.000168034": 1,
    "0.0010609507": 238079,
    "0.0019538674": 235319,
    "0.0028467841000000002": 373,
    "0.0037397008": 85,
    "0.0046326175": 6,
    "0.0055255342": 20,
    "0.0064184509": 23,
    "0.0073113676": 2,
    "0.0082042843": 2,
    "0.009097201": 1
  },
  "latencyPercentiles": {
    "p10": 0.000878288,
    "p25": 0.000968017,
    "p50": 0.001059984,
    "p75": 0.001141595,
    "p90": 0.001198784,
    "p95": 0.001243367,
    "p99": 0.001390509
  },
  "rps": {
    "mean": 47389.78965656556,
    "stddev": 3864.78937498467,
    "max": 58120.22925498664,
    "percentiles": {
      "p10": 44615.26734448538,
      "p25": 45627.97498696673,
      "p50": 46460.68016406922,
      "p75": 47604.38912467785,
      "p90": 54384.271987674845,
      "p95": 55044.10131381128,
      "p99": 55802.13164142784
    }
  },
  "details": {
    "DNSDialup": {
      "average": 0.00101621334,
      "fastest": 0.000109424,
      "slowest": 0.00209981
    },
    "DNSLookup": {
      "average": 0.000009609859999999998,
      "fastest": 0.000004558,
      "slowest": 0.000032521
    }
  },
  "statusCodeDistribution": {
    "200": 473911
  },
  "errorDistribution": {}
}