{
  "summary": {
    "successRate": 1,
    "total": 10.000540615,
    "slowest": 0.007205975,
    "fastest": 0.00025607,
    "average": 0.0010257894307214143,
    "requestsPerSec": 48654.56966098227,
    "totalData": 6325436,
    "sizePerRequest": 13,
    "sizePerSec": 632509.4055927695
  },
  "responseTimeHistogram": {
    "0.00025607": 1,
    "0.0009510605": 117980,
    "0.001646051": 367220,
    "0.0023410415": 1098,
    "0.003036032": 200,
    "0.0037310225000000002": 23,
    "0.0044260129999999995": 0,
    "0.0051210035": 0,
    "0.005815994": 0,
    "0.0065109845": 29,
    "0.007205975": 21
  },
  "latencyPercentiles": {
    "p10": 0.000846344,
    "p25": 0.000953937,
    "p50": 0.001039996,
    "p75": 0.001113796,
    "p90": 0.001170612,
    "p95": 0.001220554,
    "p99": 0.001354938
  },
  "rps": {
    "mean": 48652.835589709066,
    "stddev": 3720.0628860869274,
    "max": 63368.59611301013,
    "percentiles": {
      "p10": 46002.46637784606,
      "p25": 46931.68357958414,
      "p50": 48039.08940705164,
      "p75": 49916.27223270472,
      "p90": 53107.18540217681,
      "p95": 55027.74139888481,
      "p99": 58384.33826033759
    }
  },
  "details": {
    "DNSDialup": {
      "average": 0.0006932389800000001,
      "fastest": 0.000080651,
      "slowest": 0.00140068
    },
    "DNSLookup": {
      "average": 0.000010823140000000003,
      "fastest": 0.000004087,
      "slowest": 0.000119233
    }
  },
  "statusCodeDistribution": {
    "200": 486572
  },
  "errorDistribution": {}
}