{
  "summary": {
    "successRate": 1,
    "total": 10.000691907,
    "slowest": 0.00723717,
    "fastest": 0.000221864,
    "average": 0.001031303593521817,
    "requestsPerSec": 48392.85166471832,
    "totalData": 6291506,
    "sizePerRequest": 13,
    "sizePerSec": 629107.0716413382
  },
  "responseTimeHistogram": {
    "0.000221864": 1,
    "0.0009233946000000001": 76108,
    "0.0016249252000000002": 406537,
    "0.0023264558000000005": 1089,
    "0.0030279864000000004": 126,
    "0.0037295170000000003": 42,
    "0.0044310476000000015": 5,
    "0.005132578200000001": 1,
    "0.005834108800000001": 23,
    "0.006535639400000001": 23,
    "0.007237170000000001": 7
  },
  "latencyPercentiles": {
    "p10": 0.000886623,
    "p25": 0.000957838,
    "p50": 0.00104057,
    "p75": 0.001105319,
    "p90": 0.001162166,
    "p95": 0.001211311,
    "p99": 0.001365332
  },
  "rps": {
    "mean": 48390.26467556137,
    "stddev": 3500.642061074999,
    "max": 67335.95128564324,
    "percentiles": {
      "p10": 46437.27520080374,
      "p25": 47280.371904200256,
      "p50": 47995.26984433129,
      "p75": 48821.21770121339,
      "p90": 51068.53852036346,
      "p95": 54743.66902477793,
      "p99": 59280.92438988427
    }
  },
  "details": {
    "DNSDialup": {
      "average": 0.00067723414,
      "fastest": 0.000101029,
      "slowest": 0.001492218
    },
    "DNSLookup": {
      "average": 0.000006730099999999998,
      "fastest": 0.000003367,
      "slowest": 0.00002704
    }
  },
  "statusCodeDistribution": {
    "200": 483962
  },
  "errorDistribution": {}
}