{
  "summary": {
    "successRate": 1,
    "total": 10.000675093,
    "slowest": 0.006283358,
    "fastest": 0.000195965,
    "average": 0.0010231693812174406,
    "requestsPerSec": 48783.306673114814,
    "totalData": 6342258,
    "sizePerRequest": 13,
    "sizePerSec": 634182.9867504926
  },
  "responseTimeHistogram": {
    "0.000195965": 1,
    "0.0008047042999999999": 25597,
    "0.0014134436": 459482,
    "0.0020221829": 2405,
    "0.0026309222": 169,
    "0.0032396615": 104,
    "0.0038484008": 8,
    "0.0044571401": 8,
    "0.0050658794": 35,
    "0.0056746187": 37,
    "0.006283358": 20
  },
  "latencyPercentiles": {
    "p10": 0.000879368,
    "p25": 0.000952156,
    "p50": 0.001034297,
    "p75": 0.001098677,
    "p90": 0.001154561,
    "p95": 0.001200858,
    "p99": 0.001332809
  },
  "rps": {
    "mean": 48781.89323475227,
    "stddev": 3152.8977552685196,
    "max": 63210.676283221896,
    "percentiles": {
      "p10": 46938.54123620553,
      "p25": 47691.24766415846,
      "p50": 48449.11286571446,
      "p75": 49431.46297578304,
      "p90": 52004.6379687586,
      "p95": 54336.76425469735,
      "p99": 57429.07759480231
    }
  },
  "details": {
    "DNSDialup": {
      "average": 0.00082867876,
      "fastest": 0.000087275,
      "slowest": 0.001121643
    },
    "DNSLookup": {
      "average": 0.000006737360000000001,
      "fastest": 0.000003657,
      "slowest": 0.000026469
    }
  },
  "statusCodeDistribution": {
    "200": 487866
  },
  "errorDistribution": {}
}