{
  "summary": {
    "successRate": 1,
    "total": 10.000594171,
    "slowest": 0.006681981,
    "fastest": 0.000223777,
    "average": 0.0010286059101113321,
    "requestsPerSec": 48516.017318947364,
    "totalData": 6307457,
    "sizePerRequest": 13,
    "sizePerSec": 630708.2251463156
  },
  "responseTimeHistogram": {
    "0.000223777": 1,
    "0.0008695974": 44837,
    "0.0015154178": 438571,
    "0.0021612382": 1479,
    "0.0028070586": 192,
    "0.0034528790000000003": 58,
    "0.0040986994": 2,
    "0.004744519799999999": 6,
    "0.0053903402": 4,
    "0.0060361606": 19,
    "0.006681981": 20
  },
  "latencyPercentiles": {
    "p10": 0.000878246,
    "p25": 0.000956703,
    "p50": 0.001040609,
    "p75": 0.001107287,
    "p90": 0.00116389,
    "p95": 0.001211633,
    "p99": 0.001355827
  },
  "rps": {
    "mean": 48513.62862635669,
    "stddev": 3661.4807731260526,
    "max": 75261.02163634315,
    "percentiles": {
      "p10": 46421.637125063775,
      "p25": 47281.5133289761,
      "p50": 48031.385050669596,
      "p75": 48986.48084461741,
      "p90": 51594.35058892109,
      "p95": 54574.16765567741,
      "p99": 60846.458580477956
    }
  },
  "details": {
    "DNSDialup": {
      "average": 0.00073717914,
      "fastest": 0.000079869,
      "slowest": 0.001367581
    },
    "DNSLookup": {
      "average": 0.000007498380000000002,
      "fastest": 0.000003757,
      "slowest": 0.000029475
    }
  },
  "statusCodeDistribution": {
    "200": 485189
  },
  "errorDistribution": {}
}