{
  "summary": {
    "successRate": 1,
    "total": 10.000211885,
    "slowest": 0.007008258,
    "fastest": 0.000092733,
    "average": 0.0009233493951359715,
    "requestsPerSec": 54056.95461421715,
    "totalData": 7027553,
    "sizePerRequest": 13,
    "sizePerSec": 702740.409984823
  },
  "responseTimeHistogram": {
    "0.000092733": 1,
    "0.0007842855": 101208,
    "0.001475838": 437938,
    "0.0021673904999999997": 1054,
    "0.0028589429999999996": 252,
    "0.0035504954999999996": 25,
    "0.004242048": 1,
    "0.0049336005": 10,
    "0.005625153": 34,
    "0.0063167054999999995": 8,
    "0.007008258": 50
  },
  "latencyPercentiles": {
    "p10": 0.000732927,
    "p25": 0.000815758,
    "p50": 0.000928693,
    "p75": 0.001036848,
    "p90": 0.001095786,
    "p95": 0.001137729,
    "p99": 0.001274564
  },
  "rps": {
    "mean": 54058.104618884,
    "stddev": 6105.580887456183,
    "max": 74152.56363173087,
    "percentiles": {
      "p10": 48833.545095772606,
      "p25": 49700.21778190624,
      "p50": 51411.07394532737,
      "p75": 60267.53772813001,
      "p90": 61321.27167672227,
      "p95": 62110.69546175662,
      "p99": 68221.03776520326
    }
  },
  "details": {
    "DNSDialup": {
      "average": 0.000842737,
      "fastest": 0.000076543,
      "slowest": 0.001923643
    },
    "DNSLookup": {
      "average": 0.000010312880000000001,
      "fastest": 0.000004078,
      "slowest": 0.000043461
    }
  },
  "statusCodeDistribution": {
    "200": 540581
  },
  "errorDistribution": {}
}