{
  "summary": {
    "successRate": 1,
    "total": 10.00015586,
    "slowest": 0.008386134,
    "fastest": 0.00020294,
    "average": 0.0009971715353740576,
    "requestsPerSec": 50059.91976609053,
    "totalData": 6507891,
    "sizePerRequest": 13,
    "sizePerSec": 650778.9569591768
  },
  "responseTimeHistogram": {
    "0.00020294": 1,
    "0.0010212594": 250819,
    "0.0018395788": 249320,
    "0.0026578982": 372,
    "0.0034762176": 6,
    "0.004294537": 42,
    "0.005112856400000001": 8,
    "0.005931175800000001": 37,
    "0.0067494952": 1,
    "0.0075678146": 0,
    "0.008386134": 1
  },
  "latencyPercentiles": {
    "p10": 0.000798471,
    "p25": 0.000931139,
    "p50": 0.001020891,
    "p75": 0.001091087,
    "p90": 0.001150666,
    "p95": 0.001193692,
    "p99": 0.001303722
  },
  "rps": {
    "mean": 50057.09222094542,
    "stddev": 4561.847584323106,
    "max": 69760.29382195279,
    "percentiles": {
      "p10": 46866.85067508728,
      "p25": 47790.91071554526,
      "p50": 48758.1088059351,
      "p75": 51093.30147782587,
      "p90": 56400.57737331276,
      "p95": 59282.2006994897,
      "p99": 64508.69069294768
    }
  },
  "details": {
    "DNSDialup": {
      "average": 0.0009138055600000002,
      "fastest": 0.000090097,
      "slowest": 0.001727978
    },
    "DNSLookup": {
      "average": 0.00000669232,
      "fastest": 0.000002595,
      "slowest": 0.0000321
    }
  },
  "statusCodeDistribution": {
    "200": 500607
  },
  "errorDistribution": {}
}