{
  "summary": {
    "successRate": 1,
    "total": 10.000597,
    "slowest": 0.006807811,
    "fastest": 0.000149994,
    "average": 0.0009870127046309265,
    "requestsPerSec": 50565.58123480028,
    "totalData": 6573918,
    "sizePerRequest": 13,
    "sizePerSec": 657352.5560524036
  },
  "responseTimeHistogram": {
    "0.000149994": 1,
    "0.0008157757": 69895,
    "0.0014815574000000002": 433964,
    "0.0021473391000000003": 1522,
    "0.0028131208000000004": 199,
    "0.0034789025000000005": 49,
    "0.0041446842": 1,
    "0.004810465900000001": 17,
    "0.0054762476": 14,
    "0.0061420293": 23,
    "0.006807811": 1
  },
  "latencyPercentiles": {
    "p10": 0.000734383,
    "p25": 0.000919769,
    "p50": 0.001010601,
    "p75": 0.001088565,
    "p90": 0.001147288,
    "p95": 0.001199059,
    "p99": 0.001341874
  },
  "rps": {
    "mean": 50560.45133332827,
    "stddev": 5103.30198811259,
    "max": 73819.12653568284,
    "percentiles": {
      "p10": 46810.64005848524,
      "p25": 47846.8755840135,
      "p50": 48963.91749790096,
      "p75": 52518.5915814199,
      "p90": 57055.23157732516,
      "p95": 60718.13597530495,
      "p99": 66619.14834681746
    }
  },
  "details": {
    "DNSDialup": {
      "average": 0.0007443987600000002,
      "fastest": 0.00008094,
      "slowest": 0.001692185
    },
    "DNSLookup": {
      "average": 0.000006785979999999999,
      "fastest": 0.000003466,
      "slowest": 0.000027281
    }
  },
  "statusCodeDistribution": {
    "200": 505686
  },
  "errorDistribution": {}
}