{
  "summary": {
    "successRate": 1,
    "total": 10.000259955,
    "slowest": 0.006322132,
    "fastest": 0.000202978,
    "average": 0.000981093552945616,
    "requestsPerSec": 50873.47751851517,
    "totalData": 6613724,
    "sizePerRequest": 13,
    "sizePerSec": 661355.2077406971
  },
  "responseTimeHistogram": {
    "0.000202978": 1,
    "0.0008148934": 66434,
    "0.0014268088": 440547,
    "0.0020387242": 1524,
    "0.0026506396": 84,
    "0.003262555": 57,
    "0.0038744704000000002": 1,
    "0.0044863858": 8,
    "0.0050983012000000005": 11,
    "0.005710216600000001": 33,
    "0.006322132": 48
  },
  "latencyPercentiles": {
    "p10": 0.00071627,
    "p25": 0.000918887,
    "p50": 0.001007728,
    "p75": 0.001080877,
    "p90": 0.001134336,
    "p95": 0.001176745,
    "p99": 0.001295348
  },
  "rps": {
    "mean": 50869.767542341586,
    "stddev": 5017.286679626633,
    "max": 74495.05569106794,
    "percentiles": {
      "p10": 47310.678020031206,
      "p25": 48298.470922516964,
      "p50": 49412.31849100192,
      "p75": 52417.12991806038,
      "p90": 57630.15209557712,
      "p95": 60786.8852194186,
      "p99": 67159.42937905806
    }
  },
  "details": {
    "DNSDialup": {
      "average": 0.00091817304,
      "fastest": 0.000104394,
      "slowest": 0.002113186
    },
    "DNSLookup": {
      "average": 0.000008309159999999999,
      "fastest": 0.000003887,
      "slowest": 0.000025898
    }
  },
  "statusCodeDistribution": {
    "200": 508748
  },
  "errorDistribution": {}
}