{
  "summary": {
    "successRate": 1,
    "total": 10.000366659,
    "slowest": 0.006767992,
    "fastest": 0.000176559,
    "average": 0.0010004051847698515,
    "requestsPerSec": 49892.67064032757,
    "totalData": 6486285,
    "sizePerRequest": 13,
    "sizePerSec": 648604.7183242583
  },
  "responseTimeHistogram": {
    "0.000176559": 1,
    "0.0008357022999999999": 58819,
    "0.0014948455999999998": 438453,
    "0.0021539889": 1310,
    "0.0028131322": 262,
    "0.0034722754999999997": 16,
    "0.0041314188": 36,
    "0.0047905620999999995": 8,
    "0.005449705399999999": 17,
    "0.006108848699999999": 10,
    "0.006767991999999999": 13
  },
  "latencyPercentiles": {
    "p10": 0.000803972,
    "p25": 0.000930687,
    "p50": 0.001021037,
    "p75": 0.001092842,
    "p90": 0.001154565,
    "p95": 0.001206232,
    "p99": 0.001329033
  },
  "rps": {
    "mean": 49890.5140782425,
    "stddev": 4904.54327888735,
    "max": 74981.37559379936,
    "percentiles": {
      "p10": 46701.68821548636,
      "p25": 47573.97753506713,
      "p50": 48634.64269715979,
      "p75": 50301.896381490726,
      "p90": 56974.882087530714,
      "p95": 60019.962639574354,
      "p99": 66210.66965290056
    }
  },
  "details": {
    "DNSDialup": {
      "average": 0.0010331601399999999,
      "fastest": 0.000159959,
      "slowest": 0.001704384
    },
    "DNSLookup": {
      "average": 0.000009856580000000002,
      "fastest": 0.000004579,
      "slowest": 0.000038712
    }
  },
  "statusCodeDistribution": {
    "200": 498945
  },
  "errorDistribution": {}
}