{
  "summary": {
    "successRate": 1,
    "total": 10.000277972,
    "slowest": 0.007841299,
    "fastest": 0.000218219,
    "average": 0.0009358402746692052,
    "requestsPerSec": 53329.21759707262,
    "totalData": 6932991,
    "sizePerRequest": 13,
    "sizePerSec": 693279.828761944
  },
  "responseTimeHistogram": {
    "0.000218219": 1,
    "0.000980527": 317725,
    "0.0017428349999999999": 214781,
    "0.002505143": 484,
    "0.0032674509999999998": 194,
    "0.004029759": 70,
    "0.0047920670000000005": 2,
    "0.005554375": 4,
    "0.006316683": 21,
    "0.007078991": 22,
    "0.007841299": 3
  },
  "latencyPercentiles": {
    "p10": 0.000744163,
    "p25": 0.000819344,
    "p50": 0.000935293,
    "p75": 0.001053185,
    "p90": 0.001123634,
    "p95": 0.001173947,
    "p99": 0.001322399
  },
  "rps": {
    "mean": 53338.012814207796,
    "stddev": 7007.028658853851,
    "max": 80460.3739689744,
    "percentiles": {
      "p10": 47316.94857008569,
      "p25": 48531.35125290954,
      "p50": 50005.94070575545,
      "p75": 59854.08236422699,
      "p90": 60771.99081118766,
      "p95": 61646.24701450539,
      "p99": 74887.85013859655
    }
  },
  "details": {
    "DNSDialup": {
      "average": 0.00104902154,
      "fastest": 0.000108959,
      "slowest": 0.002089137
    },
    "DNSLookup": {
      "average": 0.00001243904,
      "fastest": 0.000004268,
      "slowest": 0.00016426
    }
  },
  "statusCodeDistribution": {
    "200": 533307
  },
  "errorDistribution": {}
}