{
  "summary": {
    "successRate": 1,
    "total": 10.000352237,
    "slowest": 0.00884475,
    "fastest": 0.000063407,
    "average": 0.0009889478774818767,
    "requestsPerSec": 50469.122290777166,
    "totalData": 6561217,
    "sizePerRequest": 13,
    "sizePerSec": 656098.5897801032
  },
  "responseTimeHistogram": {
    "0.000063407": 1,
    "0.0009415413": 200889,
    "0.0018196756": 303131,
    "0.0026978099": 433,
    "0.0035759442000000002": 138,
    "0.0044540785": 35,
    "0.0053322128": 41,
    "0.0062103471": 29,
    "0.0070884814": 10,
    "0.0079666157": 1,
    "0.00884475": 1
  },
  "latencyPercentiles": {
    "p10": 0.00081247,
    "p25": 0.000883302,
    "p50": 0.000980284,
    "p75": 0.001088736,
    "p90": 0.001158374,
    "p95": 0.00121362,
    "p99": 0.001365584
  },
  "rps": {
    "mean": 50458.402220637516,
    "stddev": 5167.355639777483,
    "max": 60950.033882814234,
    "percentiles": {
      "p10": 46113.9863720668,
      "p25": 47229.957962336084,
      "p50": 48431.80516645283,
      "p75": 56507.046428689195,
      "p90": 57510.61015651369,
      "p95": 57938.76103112706,
      "p99": 58461.88396041889
    }
  },
  "details": {
    "DNSDialup": {
      "average": 0.0008433030400000001,
      "fastest": 0.000102061,
      "slowest": 0.001655244
    },
    "DNSLookup": {
      "average": 0.000007249439999999999,
      "fastest": 0.000003417,
      "slowest": 0.00003212
    }
  },
  "statusCodeDistribution": {
    "200": 504709
  },
  "errorDistribution": {}
}