{
  "summary": {
    "successRate": 1,
    "total": 10.000226479,
    "slowest": 0.006604263,
    "fastest": 0.000280056,
    "average": 0.0010122072070407324,
    "requestsPerSec": 49311.883189400716,
    "totalData": 6410690,
    "sizePerRequest": 13,
    "sizePerSec": 641054.4814622093
  },
  "responseTimeHistogram": {
    "0.000280056": 1,
    "0.0009124767": 89575,
    "0.0015448974": 402247,
    "0.0021773180999999997": 1016,
    "0.0028097388": 164,
    "0.0034421595": 76,
    "0.0040745802": 1,
    "0.0047070009": 0,
    "0.0053394216": 1,
    "0.0059718422999999994": 13,
    "0.006604263": 36
  },
  "latencyPercentiles": {
    "p10": 0.000866051,
    "p25": 0.000937138,
    "p50": 0.001021016,
    "p75": 0.001087002,
    "p90": 0.001144389,
    "p95": 0.001193126,
    "p99": 0.001315481
  },
  "rps": {
    "mean": 49311.38115583027,
    "stddev": 3634.2249418028705,
    "max": 68132.36287236885,
    "percentiles": {
      "p10": 47274.305753783745,
      "p25": 48056.5288949388,
      "p50": 48817.07621325931,
      "p75": 49712.38767289842,
      "p90": 51672.98839770505,
      "p95": 57501.83142831371,
      "p99": 59935.15796366522
    }
  },
  "details": {
    "DNSDialup": {
      "average": 0.00064234348,
      "fastest": 0.00010165,
      "slowest": 0.001143748
    },
    "DNSLookup": {
      "average": 0.000009507739999999998,
      "fastest": 0.000004338,
      "slowest": 0.000025758
    }
  },
  "statusCodeDistribution": {
    "200": 493130
  },
  "errorDistribution": {}
}