{
  "summary": {
    "successRate": 1,
    "total": 10.00061132,
    "slowest": 0.006902286,
    "fastest": 0.000270495,
    "average": 0.0010315959716615509,
    "requestsPerSec": 48380.04243124609,
    "totalData": 6289790,
    "sizePerRequest": 13,
    "sizePerSec": 628940.5516061991
  },
  "responseTimeHistogram": {
    "0.000270495": 1,
    "0.0009336741": 94045,
    "0.0015968532": 388407,
    "0.0022600323": 1122,
    "0.0029232114": 126,
    "0.0035863905": 78,
    "0.0042495696": 1,
    "0.0049127487": 10,
    "0.0055759278": 11,
    "0.0062391069": 15,
    "0.006902286": 14
  },
  "latencyPercentiles": {
    "p10": 0.000868382,
    "p25": 0.000955352,
    "p50": 0.001041724,
    "p75": 0.001112216,
    "p90": 0.001172628,
    "p95": 0.001224018,
    "p99": 0.001357855
  },
  "rps": {
    "mean": 48377.93415383379,
    "stddev": 3850.0145010311585,
    "max": 65022.919326693955,
    "percentiles": {
      "p10": 46023.19790730494,
      "p25": 46817.67367181073,
      "p50": 47607.98443028577,
      "p75": 48776.57434406152,
      "p90": 53237.857440424385,
      "p95": 57109.96568901235,
      "p99": 58496.83669042518
    }
  },
  "details": {
    "DNSDialup": {
      "average": 0.0008382058599999999,
      "fastest": 0.000108312,
      "slowest": 0.001403129
    },
    "DNSLookup": {
      "average": 0.000007473720000000001,
      "fastest": 0.000003908,
      "slowest": 0.000032351
    }
  },
  "statusCodeDistribution": {
    "200": 483830
  },
  "errorDistribution": {}
}