{
  "summary": {
    "successRate": 1,
    "total": 10.000671747,
    "slowest": 0.007717263,
    "fastest": 0.000137317,
    "average": 0.0010187766684582268,
    "requestsPerSec": 48986.30935936468,
    "totalData": 6368648,
    "sizePerRequest": 13,
    "sizePerSec": 636822.0216717408
  },
  "responseTimeHistogram": {
    "0.000137317": 1,
    "0.0008953116000000001": 91115,
    "0.0016533062000000003": 397242,
    "0.0024113008000000006": 1323,
    "0.0031692954000000005": 133,
    "0.00392729": 31,
    "0.004685284600000001": 1,
    "0.005443279200000001": 0,
    "0.0062012738000000005": 0,
    "0.0069592684": 27,
    "0.007717263": 23
  },
  "latencyPercentiles": {
    "p10": 0.000790529,
    "p25": 0.000936423,
    "p50": 0.001036056,
    "p75": 0.001119053,
    "p90": 0.001193151,
    "p95": 0.00125481,
    "p99": 0.001423619
  },
  "rps": {
    "mean": 48981.497046668046,
    "stddev": 5099.872323794711,
    "max": 79550.740698546,
    "percentiles": {
      "p10": 44671.36381874648,
      "p25": 46263.42715863419,
      "p50": 47821.10176381009,
      "p75": 51128.09488814167,
      "p90": 55941.122319016904,
      "p95": 58228.176614663986,
      "p99": 62890.80803772757
    }
  },
  "details": {
    "DNSDialup": {
      "average": 0.0005511822999999998,
      "fastest": 0.000084919,
      "slowest": 0.000925767
    },
    "DNSLookup": {
      "average": 0.000007859840000000002,
      "fastest": 0.000003606,
      "slowest": 0.000033913
    }
  },
  "statusCodeDistribution": {
    "200": 489896
  },
  "errorDistribution": {}
}