{
  "summary": {
    "successRate": 1,
    "total": 10.000374081,
    "slowest": 0.009169682,
    "fastest": 0.000250031,
    "average": 0.0009366425702962513,
    "requestsPerSec": 53290.306510885006,
    "totalData": 6927999,
    "sizePerRequest": 13,
    "sizePerSec": 692773.984641505
  },
  "responseTimeHistogram": {
    "0.000250031": 1,
    "0.0011419961": 502487,
    "0.0020339612": 30108,
    "0.0029259263": 159,
    "0.0038178914": 117,
    "0.004709856500000001": 0,
    "0.0056018216": 10,
    "0.0064937867": 31,
    "0.007385751800000001": 9,
    "0.008277716899999999": 0,
    "0.009169682": 1
  },
  "latencyPercentiles": {
    "p10": 0.000641916,
    "p25": 0.00086162,
    "p50": 0.000965668,
    "p75": 0.001048918,
    "p90": 0.001105748,
    "p95": 0.001151073,
    "p99": 0.001268736
  },
  "rps": {
    "mean": 53286.64460393475,
    "stddev": 6986.234389491152,
    "max": 82577.25207157062,
    "percentiles": {
      "p10": 48535.60849011732,
      "p25": 49412.90665121979,
      "p50": 50466.041832735085,
      "p75": 56107.05265651563,
      "p90": 63274.131973019146,
      "p95": 67751.89117344814,
      "p99": 76283.93582606516
    }
  },
  "details": {
    "DNSDialup": {
      "average": 0.0009142300000000001,
      "fastest": 0.000176922,
      "slowest": 0.001740531
    },
    "DNSLookup": {
      "average": 0.00002343222,
      "fastest": 0.000003587,
      "slowest": 0.000794463
    }
  },
  "statusCodeDistribution": {
    "200": 532923
  },
  "errorDistribution": {}
}