{
  "summary": {
    "successRate": 1,
    "total": 10.000132843,
    "slowest": 0.015183229,
    "fastest": 0.000229097,
    "average": 0.000890196722579233,
    "requestsPerSec": 56067.15518709035,
    "totalData": 7288827,
    "sizePerRequest": 13,
    "sizePerSec": 728873.0174321745
  },
  "responseTimeHistogram": {
    "0.000229097": 1,
    "0.0017245102": 559961,
    "0.0032199234": 662,
    "0.0047153366": 4,
    "0.0062107498": 44,
    "0.007706163": 4,
    "0.009201576199999999": 0,
    "0.010696989399999999": 1,
    "0.012192402599999999": 0,
    "0.0136878158": 0,
    "0.015183229": 2
  },
  "latencyPercentiles": {
    "p10": 0.000591474,
    "p25": 0.000705169,
    "p50": 0.00093258,
    "p75": 0.001037994,
    "p90": 0.001100078,
    "p95": 0.001149337,
    "p99": 0.001296491
  },
  "rps": {
    "mean": 56066.32338609719,
    "stddev": 8782.439226190918,
    "max": 82276.0240177197,
    "percentiles": {
      "p10": 48625.29487839507,
      "p25": 49733.1574484312,
      "p50": 52449.312843936365,
      "p75": 61313.21913004491,
      "p90": 69339.68310064083,
      "p95": 73363.92198523825,
      "p99": 78734.87167467055
    }
  },
  "details": {
    "DNSDialup": {
      "average": 0.0010333495599999997,
      "fastest": 0.000109103,
      "slowest": 0.001588224
    },
    "DNSLookup": {
      "average": 0.000009557480000000003,
      "fastest": 0.000004027,
      "slowest": 0.000025277
    }
  },
  "statusCodeDistribution": {
    "200": 560679
  },
  "errorDistribution": {}
}