{
  "summary": {
    "successRate": 1,
    "total": 10.00027937,
    "slowest": 0.007429819,
    "fastest": 0.000086442,
    "average": 0.0009564362812416713,
    "requestsPerSec": 52186.04207854246,
    "totalData": 6784375,
    "sizePerRequest": 13,
    "sizePerSec": 678418.5470210519
  },
  "responseTimeHistogram": {
    "0.000086442": 1,
    "0.0008207797": 91009,
    "0.0015551173999999999": 429531,
    "0.0022894550999999997": 1104,
    "0.0030237928": 149,
    "0.0037581305": 31,
    "0.0044924681999999995": 3,
    "0.0052268059": 4,
    "0.0059611436": 18,
    "0.006695481299999999": 11,
    "0.007429819": 14
  },
  "latencyPercentiles": {
    "p10": 0.000677129,
    "p25": 0.000884129,
    "p50": 0.000982563,
    "p75": 0.001063255,
    "p90": 0.001122206,
    "p95": 0.001169386,
    "p99": 0.001298296
  },
  "rps": {
    "mean": 52179.25579991323,
    "stddev": 6175.4243294753605,
    "max": 79377.51214060475,
    "percentiles": {
      "p10": 47829.31937277464,
      "p25": 48828.90182698983,
      "p50": 49982.36957914911,
      "p75": 54386.551309646646,
      "p90": 60502.64396554102,
      "p95": 64606.447723484016,
      "p99": 71844.22730632797
    }
  },
  "details": {
    "DNSDialup": {
      "average": 0.0008383262000000001,
      "fastest": 0.000087213,
      "slowest": 0.001590194
    },
    "DNSLookup": {
      "average": 0.000013261619999999993,
      "fastest": 0.000003326,
      "slowest": 0.000194132
    }
  },
  "statusCodeDistribution": {
    "200": 521875
  },
  "errorDistribution": {}
}