{
  "summary": {
    "successRate": 1,
    "total": 10.000404591,
    "slowest": 0.009996449,
    "fastest": 0.000234016,
    "average": 0.0009910258124822605,
    "requestsPerSec": 50365.46225872592,
    "totalData": 6547775,
    "sizePerRequest": 13,
    "sizePerSec": 654751.0093634371
  },
  "responseTimeHistogram": {
    "0.000234016": 1,
    "0.0012102592999999999": 491470,
    "0.0021865025999999997": 11702,
    "0.0031627458999999997": 235,
    "0.004138989199999999": 217,
    "0.0051152325": 13,
    "0.006091475799999999": 34,
    "0.0070677191": 1,
    "0.008043962399999998": 1,
    "0.009020205699999999": 0,
    "0.009996449": 1
  },
  "latencyPercentiles": {
    "p10": 0.000841764,
    "p25": 0.000919035,
    "p50": 0.001002541,
    "p75": 0.001068571,
    "p90": 0.001123367,
    "p95": 0.001164713,
    "p99": 0.001285032
  },
  "rps": {
    "mean": 50361.41846398641,
    "stddev": 4273.256738997715,
    "max": 76318.5530402353,
    "percentiles": {
      "p10": 48104.88264558765,
      "p25": 48874.84279094999,
      "p50": 49694.618553726104,
      "p75": 50619.31633111523,
      "p90": 54562.23368373973,
      "p95": 58832.34925287945,
      "p99": 62733.12936561912
    }
  },
  "details": {
    "DNSDialup": {
      "average": 0.0010509877400000003,
      "fastest": 0.000120435,
      "slowest": 0.001758214
    },
    "DNSLookup": {
      "average": 0.000012043299999999999,
      "fastest": 0.000004489,
      "slowest": 0.000114494
    }
  },
  "statusCodeDistribution": {
    "200": 503675
  },
  "errorDistribution": {}
}