{
  "summary": {
    "successRate": 1,
    "total": 10.000436613,
    "slowest": 0.006773599,
    "fastest": 0.000257212,
    "average": 0.0010210372204991576,
    "requestsPerSec": 48883.7656712419,
    "totalData": 6355167,
    "sizePerRequest": 13,
    "sizePerSec": 635488.9537261447
  },
  "responseTimeHistogram": {
    "0.000257212": 1,
    "0.0009088506999999999": 74621,
    "0.0015604894": 413217,
    "0.0022121281": 735,
    "0.0028637668": 172,
    "0.0035154055000000003": 64,
    "0.004167044199999999": 2,
    "0.004818682899999999": 3,
    "0.0054703215999999995": 14,
    "0.0061219603": 15,
    "0.006773599": 15
  },
  "latencyPercentiles": {
    "p10": 0.000861125,
    "p25": 0.000951985,
    "p50": 0.001036257,
    "p75": 0.001106172,
    "p90": 0.001156886,
    "p95": 0.001194357,
    "p99": 0.001311348
  },
  "rps": {
    "mean": 48882.86770626281,
    "stddev": 3804.6421895333365,
    "max": 72320.25578871254,
    "percentiles": {
      "p10": 46209.49605143879,
      "p25": 47208.248513841565,
      "p50": 48104.29974270246,
      "p75": 50001.39282436608,
      "p90": 53563.32255993057,
      "p95": 56219.729189565514,
      "p99": 58789.87291131696
    }
  },
  "details": {
    "DNSDialup": {
      "average": 0.0010697353599999997,
      "fastest": 0.0001296,
      "slowest": 0.001672192
    },
    "DNSLookup": {
      "average": 0.000008321800000000004,
      "fastest": 0.000004508,
      "slowest": 0.00002666
    }
  },
  "statusCodeDistribution": {
    "200": 488859
  },
  "errorDistribution": {}
}