{
  "summary": {
    "successRate": 1,
    "total": 10.00025788,
    "slowest": 0.01171138,
    "fastest": 0.000243956,
    "average": 0.0010110839704888417,
    "requestsPerSec": 49366.42693858211,
    "totalData": 6417801,
    "sizePerRequest": 13,
    "sizePerSec": 641763.5502015675
  },
  "responseTimeHistogram": {
    "0.000243956": 1,
    "0.0013906984": 491099,
    "0.0025374408": 2348,
    "0.0036841832": 126,
    "0.0048309256": 3,
    "0.005977668": 96,
    "0.0071244103999999996": 1,
    "0.0082711528": 0,
    "0.0094178952": 1,
    "0.0105646376": 1,
    "0.01171138": 1
  },
  "latencyPercentiles": {
    "p10": 0.000870477,
    "p25": 0.000942025,
    "p50": 0.001024841,
    "p75": 0.001088524,
    "p90": 0.001143738,
    "p95": 0.001188015,
    "p99": 0.001311232
  },
  "rps": {
    "mean": 49366.756442391095,
    "stddev": 4043.668120353373,
    "max": 80148.12895143997,
    "percentiles": {
      "p10": 47138.87543056763,
      "p25": 48116.79503169712,
      "p50": 48867.6734080501,
      "p75": 49737.69383160434,
      "p90": 51676.610575179075,
      "p95": 56060.79418716247,
      "p99": 65319.42350199122
    }
  },
  "details": {
    "DNSDialup": {
      "average": 0.0009958362600000002,
      "fastest": 0.000110707,
      "slowest": 0.001460937
    },
    "DNSLookup": {
      "average": 0.00000863888,
      "fastest": 0.000004418,
      "slowest": 0.000024526
    }
  },
  "statusCodeDistribution": {
    "200": 493677
  },
  "errorDistribution": {}
}