{
  "summary": {
    "successRate": 1,
    "total": 10.000589379,
    "slowest": 0.006800477,
    "fastest": 0.000176058,
    "average": 0.0010084840006284066,
    "requestsPerSec": 49488.783235042574,
    "totalData": 6433921,
    "sizePerRequest": 13,
    "sizePerSec": 643354.1820555535
  },
  "responseTimeHistogram": {
    "0.000176058": 1,
    "0.0008384999": 51861,
    "0.0015009418": 441236,
    "0.0021633837000000003": 1480,
    "0.0028258256": 234,
    "0.0034882675000000004": 52,
    "0.0041507094": 3,
    "0.0048131513": 0,
    "0.0054755932": 23,
    "0.0061380351": 14,
    "0.006800477": 13
  },
  "latencyPercentiles": {
    "p10": 0.000830955,
    "p25": 0.000939356,
    "p50": 0.001024337,
    "p75": 0.001095348,
    "p90": 0.001154305,
    "p95": 0.001203175,
    "p99": 0.00134933
  },
  "rps": {
    "mean": 49484.88888487743,
    "stddev": 3960.2285888952683,
    "max": 65776.37240288172,
    "percentiles": {
      "p10": 46728.48100917524,
      "p25": 47648.85437038334,
      "p50": 48716.51977185523,
      "p75": 50528.068341962746,
      "p90": 54300.83080271366,
      "p95": 56826.19687675865,
      "p99": 62920.79534289748
    }
  },
  "details": {
    "DNSDialup": {
      "average": 0.00082258,
      "fastest": 0.000088224,
      "slowest": 0.001288057
    },
    "DNSLookup": {
      "average": 0.000007606619999999999,
      "fastest": 0.000003797,
      "slowest": 0.000027581
    }
  },
  "statusCodeDistribution": {
    "200": 494917
  },
  "errorDistribution": {}
}