{
  "summary": {
    "successRate": 1,
    "total": 10.000632782,
    "slowest": 0.008426257,
    "fastest": 0.000236366,
    "average": 0.000996405620656671,
    "requestsPerSec": 50088.130513259755,
    "totalData": 6511869,
    "sizePerRequest": 13,
    "sizePerSec": 651145.6966723768
  },
  "responseTimeHistogram": {
    "0.000236366": 1,
    "0.0010553551": 298297,
    "0.0018743441999999999": 202116,
    "0.0026933332999999997": 358,
    "0.0035123223999999997": 82,
    "0.0043313115": 2,
    "0.005150300599999999": 9,
    "0.0059692897": 26,
    "0.006788278799999999": 16,
    "0.007607267899999999": 5,
    "0.008426257": 1
  },
  "latencyPercentiles": {
    "p10": 0.000743357,
    "p25": 0.000927569,
    "p50": 0.001019726,
    "p75": 0.001100743,
    "p90": 0.001155945,
    "p95": 0.001200094,
    "p99": 0.001347061
  },
  "rps": {
    "mean": 50091.07173151772,
    "stddev": 4610.411970645815,
    "max": 77117.14314092933,
    "percentiles": {
      "p10": 46676.34611500845,
      "p25": 47622.21668027985,
      "p50": 49008.20521629297,
      "p75": 51938.57477948928,
      "p90": 55952.57303762887,
      "p95": 58307.92606434666,
      "p99": 64611.27466742258
    }
  },
  "details": {
    "DNSDialup": {
      "average": 0.0007471811400000002,
      "fastest": 0.00008564,
      "slowest": 0.00120834
    },
    "DNSLookup": {
      "average": 0.00000726666,
      "fastest": 0.000003927,
      "slowest": 0.000033602
    }
  },
  "statusCodeDistribution": {
    "200": 500913
  },
  "errorDistribution": {}
}