{
  "summary": {
    "successRate": 1,
    "total": 10.00057956,
    "slowest": 0.006844562,
    "fastest": 0.000243667,
    "average": 0.0010365524581768992,
    "requestsPerSec": 48150.009418054164,
    "totalData": 6259864,
    "sizePerRequest": 13,
    "sizePerSec": 625950.1224347042
  },
  "responseTimeHistogram": {
    "0.000243667": 1,
    "0.0009037565": 50804,
    "0.0015638459999999998": 429422,
    "0.0022239355": 1078,
    "0.0028840249999999997": 106,
    "0.0035441144999999994": 68,
    "0.0042042040000000004": 2,
    "0.0048642935": 5,
    "0.005524383": 21,
    "0.0061844725": 15,
    "0.006844561999999999": 6
  },
  "latencyPercentiles": {
    "p10": 0.000899406,
    "p25": 0.000964471,
    "p50": 0.001047033,
    "p75": 0.001109938,
    "p90": 0.00116803,
    "p95": 0.001214817,
    "p99": 0.001348379
  },
  "rps": {
    "mean": 48148.02566234527,
    "stddev": 3177.2389423563504,
    "max": 67302.07706027827,
    "percentiles": {
      "p10": 46316.32821102312,
      "p25": 47174.57556489672,
      "p50": 47857.62867155791,
      "p75": 48681.777758147786,
      "p90": 50616.681574363894,
      "p95": 52864.03949745073,
      "p99": 57646.56689673798
    }
  },
  "details": {
    "DNSDialup": {
      "average": 0.0008864231600000001,
      "fastest": 0.000090362,
      "slowest": 0.001728351
    },
    "DNSLookup": {
      "average": 0.000010353940000000002,
      "fastest": 0.000003296,
      "slowest": 0.000165791
    }
  },
  "statusCodeDistribution": {
    "200": 481528
  },
  "errorDistribution": {}
}