{
  "summary": {
    "successRate": 1,
    "total": 10.000682379,
    "slowest": 0.006883675,
    "fastest": 0.000172631,
    "average": 0.0010022193828276857,
    "requestsPerSec": 49798.90182751698,
    "totalData": 6474299,
    "sizePerRequest": 13,
    "sizePerSec": 647385.7237577208
  },
  "responseTimeHistogram": {
    "0.000172631": 1,
    "0.0008437354": 51626,
    "0.0015148397999999999": 444848,
    "0.0021859442": 1252,
    "0.0028570486": 120,
    "0.0035281529999999996": 126,
    "0.004199257400000001": 1,
    "0.0048703618": 3,
    "0.0055414662": 6,
    "0.0062125706": 9,
    "0.006883675": 31
  },
  "latencyPercentiles": {
    "p10": 0.000839254,
    "p25": 0.000932345,
    "p50": 0.001015285,
    "p75": 0.001084755,
    "p90": 0.001137934,
    "p95": 0.001181115,
    "p99": 0.001314134
  },
  "rps": {
    "mean": 49795.737041990506,
    "stddev": 3731.703563769012,
    "max": 61738.495505495914,
    "percentiles": {
      "p10": 47290.28661520491,
      "p25": 48214.42575618182,
      "p50": 48960.66442030043,
      "p75": 51076.71833693276,
      "p90": 54187.983533676495,
      "p95": 56840.41353402314,
      "p99": 60082.52606230426
    }
  },
  "details": {
    "DNSDialup": {
      "average": 0.00073731508,
      "fastest": 0.000095015,
      "slowest": 0.001287986
    },
    "DNSLookup": {
      "average": 0.00000749108,
      "fastest": 0.000003697,
      "slowest": 0.00003183
    }
  },
  "statusCodeDistribution": {
    "200": 498023
  },
  "errorDistribution": {}
}