{
  "summary": {
    "successRate": 1,
    "total": 10.000772724,
    "slowest": 0.007683364,
    "fastest": 0.000219551,
    "average": 0.0009851288635001996,
    "requestsPerSec": 50662.08521908611,
    "totalData": 6586580,
    "sizePerRequest": 13,
    "sizePerSec": 658607.1078481195
  },
  "responseTimeHistogram": {
    "0.000219551": 1,
    "0.0009659323": 194557,
    "0.0017123135999999998": 311319,
    "0.0024586949": 596,
    "0.0032050762": 101,
    "0.0039514575": 29,
    "0.0046978388": 2,
    "0.0054442201": 16,
    "0.0061906014": 14,
    "0.006936982699999999": 22,
    "0.007683364": 3
  },
  "latencyPercentiles": {
    "p10": 0.000749198,
    "p25": 0.000914461,
    "p50": 0.001007018,
    "p75": 0.001086827,
    "p90": 0.001142186,
    "p95": 0.00118998,
    "p99": 0.001337677
  },
  "rps": {
    "mean": 50650.56899283212,
    "stddev": 5221.115995591521,
    "max": 75568.57848497272,
    "percentiles": {
      "p10": 46856.419815099405,
      "p25": 47936.30208133627,
      "p50": 49024.23758306024,
      "p75": 52637.635909676894,
      "p90": 57652.486824006344,
      "p95": 60171.02836305747,
      "p99": 67659.90198148566
    }
  },
  "details": {
    "DNSDialup": {
      "average": 0.0007823664200000001,
      "fastest": 0.000081295,
      "slowest": 0.001128304
    },
    "DNSLookup": {
      "average": 0.000007103679999999999,
      "fastest": 0.000003858,
      "slowest": 0.000028894
    }
  },
  "statusCodeDistribution": {
    "200": 506660
  },
  "errorDistribution": {}
}