{
  "summary": {
    "successRate": 1,
    "total": 10.000606044,
    "slowest": 0.007378638,
    "fastest": 0.000225302,
    "average": 0.0010125032289276929,
    "requestsPerSec": 49290.31279016754,
    "totalData": 6408129,
    "sizePerRequest": 13,
    "sizePerSec": 640774.0662721781
  },
  "responseTimeHistogram": {
    "0.000225302": 1,
    "0.0009406356": 121016,
    "0.0016559691999999998": 370961,
    "0.0023713028": 759,
    "0.0030866364": 98,
    "0.00380197": 30,
    "0.0045173036": 18,
    "0.0052326372": 10,
    "0.0059479708": 27,
    "0.006663304399999999": 4,
    "0.007378638": 9
  },
  "latencyPercentiles": {
    "p10": 0.000821392,
    "p25": 0.000942456,
    "p50": 0.001030037,
    "p75": 0.001104495,
    "p90": 0.001162021,
    "p95": 0.001209432,
    "p99": 0.001341421
  },
  "rps": {
    "mean": 49287.05474951933,
    "stddev": 4227.26798572424,
    "max": 71916.94568430014,
    "percentiles": {
      "p10": 46354.8710789257,
      "p25": 47300.35948273131,
      "p50": 48343.823676156906,
      "p75": 50521.66913875237,
      "p90": 54309.19454663653,
      "p95": 56918.11077166404,
      "p99": 62005.91229880012
    }
  },
  "details": {
    "DNSDialup": {
      "average": 0.0007390941000000001,
      "fastest": 0.000083306,
      "slowest": 0.001729745
    },
    "DNSLookup": {
      "average": 0.0000074097,
      "fastest": 0.000003617,
      "slowest": 0.000030798
    }
  },
  "statusCodeDistribution": {
    "200": 492933
  },
  "errorDistribution": {}
}