{
  "summary": {
    "successRate": 1,
    "total": 10.000653844,
    "slowest": 0.007506179,
    "fastest": 0.000260837,
    "average": 0.0010329458896467683,
    "requestsPerSec": 48318.04075389613,
    "totalData": 6281756,
    "sizePerRequest": 13,
    "sizePerSec": 628134.5298006497
  },
  "responseTimeHistogram": {
    "0.000260837": 1,
    "0.0009853712000000001": 156874,
    "0.0017099054": 325502,
    "0.0024344396000000003": 718,
    "0.0031589738": 48,
    "0.003883508": 17,
    "0.004608042200000001": 2,
    "0.0053325764000000005": 11,
    "0.0060571106": 19,
    "0.0067816448": 16,
    "0.007506179": 4
  },
  "latencyPercentiles": {
    "p10": 0.00089782,
    "p25": 0.000962543,
    "p50": 0.001043909,
    "p75": 0.001106692,
    "p90": 0.001159308,
    "p95": 0.001201482,
    "p99": 0.001328758
  },
  "rps": {
    "mean": 48317.83020020214,
    "stddev": 3120.8685664404534,
    "max": 75010.68902319239,
    "percentiles": {
      "p10": 46560.01119843395,
      "p25": 47399.35059870441,
      "p50": 48105.15687281721,
      "p75": 48904.749082057024,
      "p90": 50687.5069119328,
      "p95": 52885.8178165705,
      "p99": 56973.93507554827
    }
  },
  "details": {
    "DNSDialup": {
      "average": 0.00086745238,
      "fastest": 0.000077535,
      "slowest": 0.001951221
    },
    "DNSLookup": {
      "average": 0.00000760744,
      "fastest": 0.000003977,
      "slowest": 0.00002667
    }
  },
  "statusCodeDistribution": {
    "200": 483212
  },
  "errorDistribution": {}
}