{
  "summary": {
    "successRate": 1,
    "total": 10.000363763,
    "slowest": 0.006259569,
    "fastest": 0.000118601,
    "average": 0.0009893816154835967,
    "requestsPerSec": 50449.06484968231,
    "totalData": 6558617,
    "sizePerRequest": 13,
    "sizePerSec": 655837.8430458701
  },
  "responseTimeHistogram": {
    "0.000118601": 1,
    "0.0007326978": 35708,
    "0.0013467946": 464879,
    "0.0019608914": 3514,
    "0.0025749882": 255,
    "0.003189085": 93,
    "0.0038031818": 10,
    "0.0044172786": 0,
    "0.0050313754": 7,
    "0.0056454722": 13,
    "0.006259569": 29
  },
  "latencyPercentiles": {
    "p10": 0.000809619,
    "p25": 0.00092015,
    "p50": 0.001007688,
    "p75": 0.00107803,
    "p90": 0.001138474,
    "p95": 0.001187694,
    "p99": 0.001319089
  },
  "rps": {
    "mean": 50442.05029702707,
    "stddev": 5009.88510209294,
    "max": 77464.20862944575,
    "percentiles": {
      "p10": 47436.97237626926,
      "p25": 48347.351700325125,
      "p50": 49302.77081571369,
      "p75": 50566.24664910816,
      "p90": 56864.21106713788,
      "p95": 60531.676226178475,
      "p99": 68600.08777991484
    }
  },
  "details": {
    "DNSDialup": {
      "average": 0.0007718091599999999,
      "fastest": 0.000087245,
      "slowest": 0.001915067
    },
    "DNSLookup": {
      "average": 0.000007031899999999999,
      "fastest": 0.000003306,
      "slowest": 0.000031148
    }
  },
  "statusCodeDistribution": {
    "200": 504509
  },
  "errorDistribution": {}
}