{
  "summary": {
    "successRate": 1,
    "total": 10.000388671,
    "slowest": 0.007142804,
    "fastest": 0.00014973,
    "average": 0.0009344985069807326,
    "requestsPerSec": 53416.523854625695,
    "totalData": 6944418,
    "sizePerRequest": 13,
    "sizePerSec": 694414.810110134
  },
  "responseTimeHistogram": {
    "0.00014973": 1,
    "0.0008490374000000001": 136490,
    "0.0015483448000000002": 396530,
    "0.0022476522000000002": 1012,
    "0.0029469596": 24,
    "0.003646267": 29,
    "0.004345574400000001": 2,
    "0.0050448818000000005": 7,
    "0.0057441892": 26,
    "0.0064434966": 38,
    "0.007142804": 27
  },
  "latencyPercentiles": {
    "p10": 0.000630129,
    "p25": 0.000841399,
    "p50": 0.00097486,
    "p75": 0.001063643,
    "p90": 0.001117225,
    "p95": 0.001158005,
    "p99": 0.00128248
  },
  "rps": {
    "mean": 53407.14301647796,
    "stddev": 7378.13667341086,
    "max": 81528.39634043601,
    "percentiles": {
      "p10": 47918.31030815208,
      "p25": 48905.51165116408,
      "p50": 50210.05707443573,
      "p75": 57251.31698152671,
      "p90": 64407.4683725132,
      "p95": 69284.41585029759,
      "p99": 75545.93948580622
    }
  },
  "details": {
    "DNSDialup": {
      "average": 0.0010371716,
      "fastest": 0.000072035,
      "slowest": 0.002258576
    },
    "DNSLookup": {
      "average": 0.00004882312000000001,
      "fastest": 0.000003046,
      "slowest": 0.002138075
    }
  },
  "statusCodeDistribution": {
    "200": 534186
  },
  "errorDistribution": {}
}