{
  "summary": {
    "successRate": 1,
    "total": 10.000551976,
    "slowest": 0.006099907,
    "fastest": 0.000231803,
    "average": 0.0009810535674610102,
    "requestsPerSec": 50877.69167352608,
    "totalData": 6614465,
    "sizePerRequest": 13,
    "sizePerSec": 661409.991755839
  },
  "responseTimeHistogram": {
    "0.000231803": 1,
    "0.0008186134000000001": 64407,
    "0.0014054238": 442340,
    "0.0019922342": 1726,
    "0.0025790446": 200,
    "0.0031658550000000004": 75,
    "0.0037526654000000002": 8,
    "0.0043394758": 1,
    "0.0049262862": 6,
    "0.0055130966000000005": 16,
    "0.006099907000000001": 25
  },
  "latencyPercentiles": {
    "p10": 0.00078119,
    "p25": 0.000911724,
    "p50": 0.001002634,
    "p75": 0.001077322,
    "p90": 0.001133921,
    "p95": 0.001175828,
    "p99": 0.001285362
  },
  "rps": {
    "mean": 50877.53654730647,
    "stddev": 5119.543365196733,
    "max": 81021.07029737358,
    "percentiles": {
      "p10": 47427.23271702464,
      "p25": 48273.409373633986,
      "p50": 49196.50879129461,
      "p75": 51900.72661017384,
      "p90": 58968.66311132664,
      "p95": 60102.53632703328,
      "p99": 68100.46220539886
    }
  },
  "details": {
    "DNSDialup": {
      "average": 0.00097946454,
      "fastest": 0.000116107,
      "slowest": 0.001339531
    },
    "DNSLookup": {
      "average": 0.000008109779999999998,
      "fastest": 0.000003547,
      "slowest": 0.000046717
    }
  },
  "statusCodeDistribution": {
    "200": 508805
  },
  "errorDistribution": {}
}