{
  "summary": {
    "successRate": 1,
    "total": 10.000382433,
    "slowest": 0.00731378,
    "fastest": 0.000243174,
    "average": 0.0009964373375676426,
    "requestsPerSec": 50089.384416644934,
    "totalData": 6511869,
    "sizePerRequest": 13,
    "sizePerSec": 651161.9974163842
  },
  "responseTimeHistogram": {
    "0.000243174": 1,
    "0.0009502346": 152730,
    "0.0016572952": 347480,
    "0.0023643558": 478,
    "0.0030714164": 157,
    "0.003778477": 18,
    "0.0044855376": 2,
    "0.0051925982": 3,
    "0.0058996588": 26,
    "0.0066067194": 17,
    "0.00731378": 1
  },
  "latencyPercentiles": {
    "p10": 0.000767885,
    "p25": 0.000928464,
    "p50": 0.00101714,
    "p75": 0.001095875,
    "p90": 0.00114922,
    "p95": 0.001189712,
    "p99": 0.001324942
  },
  "rps": {
    "mean": 50084.48549114413,
    "stddev": 4145.653175475918,
    "max": 70212.34332995747,
    "percentiles": {
      "p10": 46635.69496092316,
      "p25": 47746.328262313546,
      "p50": 49314.888164734664,
      "p75": 52214.82378847686,
      "p90": 55077.76900725264,
      "p95": 56713.94595931298,
      "p99": 61313.715878239964
    }
  },
  "details": {
    "DNSDialup": {
      "average": 0.0010143467000000004,
      "fastest": 0.000108733,
      "slowest": 0.002087611
    },
    "DNSLookup": {
      "average": 0.00003163488,
      "fastest": 0.000004268,
      "slowest": 0.00122969
    }
  },
  "statusCodeDistribution": {
    "200": 500913
  },
  "errorDistribution": {}
}