{
  "summary": {
    "successRate": 1,
    "total": 10.00020786,
    "slowest": 0.006154547,
    "fastest": 0.000109538,
    "average": 0.0009405122687600605,
    "requestsPerSec": 53067.79693277296,
    "totalData": 6898957,
    "sizePerRequest": 13,
    "sizePerSec": 689881.3601260484
  },
  "responseTimeHistogram": {
    "0.000109538": 1,
    "0.0007140388999999999": 27299,
    "0.0013185398": 497070,
    "0.0019230407": 5667,
    "0.0025275416": 339,
    "0.0031320425": 193,
    "0.0037365434000000003": 69,
    "0.0043410443": 1,
    "0.0049455452": 4,
    "0.0055500461": 33,
    "0.006154547": 13
  },
  "latencyPercentiles": {
    "p10": 0.000760086,
    "p25": 0.000824149,
    "p50": 0.000932715,
    "p75": 0.001050703,
    "p90": 0.001124986,
    "p95": 0.001180412,
    "p99": 0.001343707
  },
  "rps": {
    "mean": 53070.12674518844,
    "stddev": 6566.751846454521,
    "max": 78417.23610849665,
    "percentiles": {
      "p10": 47431.36161630074,
      "p25": 48616.83102611501,
      "p50": 50104.071166220296,
      "p75": 59931.19056070634,
      "p90": 60704.245504427505,
      "p95": 61255.92666103481,
      "p99": 70547.02705909846
    }
  },
  "details": {
    "DNSDialup": {
      "average": 0.0010732865400000001,
      "fastest": 0.000148503,
      "slowest": 0.001734658
    },
    "DNSLookup": {
      "average": 0.00000859312,
      "fastest": 0.000004539,
      "slowest": 0.000025227
    }
  },
  "statusCodeDistribution": {
    "200": 530689
  },
  "errorDistribution": {}
}