{
  "summary": {
    "successRate": 1,
    "total": 10.000260971,
    "slowest": 0.007641063,
    "fastest": 0.000078938,
    "average": 0.0009114751293611851,
    "requestsPerSec": 54759.97092356281,
    "totalData": 7118982,
    "sizePerRequest": 13,
    "sizePerSec": 711879.6220063166
  },
  "responseTimeHistogram": {
    "0.000078938": 1,
    "0.0008351505": 187060,
    "0.001591363": 358932,
    "0.0023475755000000004": 1330,
    "0.003103788": 143,
    "0.0038600005": 92,
    "0.004616213": 13,
    "0.0053724255": 5,
    "0.006128638": 16,
    "0.006884850499999999": 20,
    "0.007641062999999999": 2
  },
  "latencyPercentiles": {
    "p10": 0.000671183,
    "p25": 0.000791143,
    "p50": 0.000914291,
    "p75": 0.001042642,
    "p90": 0.001114881,
    "p95": 0.001166885,
    "p99": 0.001321083
  },
  "rps": {
    "mean": 54754.706790179065,
    "stddev": 7073.596854851539,
    "max": 81762.1703993844,
    "percentiles": {
      "p10": 47610.13175677621,
      "p25": 49020.42190776823,
      "p50": 55013.31091648982,
      "p75": 59694.25705129509,
      "p90": 61412.058583297396,
      "p95": 65563.83294775631,
      "p99": 73465.67243791495
    }
  },
  "details": {
    "DNSDialup": {
      "average": 0.0010280539199999997,
      "fastest": 0.000097212,
      "slowest": 0.001866143
    },
    "DNSLookup": {
      "average": 0.000009563699999999998,
      "fastest": 0.000003457,
      "slowest": 0.00003182
    }
  },
  "statusCodeDistribution": {
    "200": 547614
  },
  "errorDistribution": {}
}