{
  "summary": {
    "successRate": 1,
    "total": 10.000590406,
    "slowest": 0.010070429,
    "fastest": 0.000190688,
    "average": 0.000887398446106401,
    "requestsPerSec": 56242.6793984627,
    "totalData": 7311980,
    "sizePerRequest": 13,
    "sizePerSec": 731154.8321800152
  },
  "responseTimeHistogram": {
    "0.000190688": 1,
    "0.0011786621": 551387,
    "0.0021666362": 10671,
    "0.0031546103": 247,
    "0.0041425844": 98,
    "0.0051305585": 5,
    "0.0061185326": 20,
    "0.007106506699999999": 30,
    "0.0080944808": 0,
    "0.0090824549": 0,
    "0.010070429": 1
  },
  "latencyPercentiles": {
    "p10": 0.000603158,
    "p25": 0.000741626,
    "p50": 0.000926099,
    "p75": 0.00102707,
    "p90": 0.00108173,
    "p95": 0.001119392,
    "p99": 0.001234968
  },
  "rps": {
    "mean": 56253.51056498082,
    "stddev": 7952.115290844172,
    "max": 82616.50677805328,
    "percentiles": {
      "p10": 49619.4638210961,
      "p25": 50628.625424819475,
      "p50": 53868.13943768055,
      "p75": 61220.9542392892,
      "p90": 67113.48309875689,
      "p95": 72249.53428070238,
      "p99": 77135.56721004253
    }
  },
  "details": {
    "DNSDialup": {
      "average": 0.00098103926,
      "fastest": 0.000148048,
      "slowest": 0.001293376
    },
    "DNSLookup": {
      "average": 0.000008062979999999997,
      "fastest": 0.000003978,
      "slowest": 0.000028093
    }
  },
  "statusCodeDistribution": {
    "200": 562460
  },
  "errorDistribution": {}
}