{
  "summary": {
    "successRate": 1,
    "total": 10.000276082,
    "slowest": 0.006724483,
    "fastest": 0.000072285,
    "average": 0.0009885996285911671,
    "requestsPerSec": 50486.906147397705,
    "totalData": 6563479,
    "sizePerRequest": 13,
    "sizePerSec": 656329.7799161702
  },
  "responseTimeHistogram": {
    "0.000072285": 1,
    "0.0007375048": 31664,
    "0.0014027246": 470609,
    "0.0020679443999999996": 2315,
    "0.0027331642": 196,
    "0.003398384": 28,
    "0.004063603799999999": 21,
    "0.004728823599999999": 4,
    "0.0053940433999999995": 15,
    "0.0060592632": 13,
    "0.006724483": 17
  },
  "latencyPercentiles": {
    "p10": 0.000818431,
    "p25": 0.000918782,
    "p50": 0.001005441,
    "p75": 0.001073678,
    "p90": 0.00113369,
    "p95": 0.001184214,
    "p99": 0.001314219
  },
  "rps": {
    "mean": 50484.6789768739,
    "stddev": 5003.760856313625,
    "max": 82047.90774320638,
    "percentiles": {
      "p10": 47535.09040373573,
      "p25": 48532.09091180698,
      "p50": 49439.472414242235,
      "p75": 50591.53526475334,
      "p90": 56806.191874915785,
      "p95": 60376.424478101304,
      "p99": 67945.78186782214
    }
  },
  "details": {
    "DNSDialup": {
      "average": 0.0011833234599999997,
      "fastest": 0.000147656,
      "slowest": 0.001907758
    },
    "DNSLookup": {
      "average": 0.00001343992,
      "fastest": 0.000005741,
      "slowest": 0.000128821
    }
  },
  "statusCodeDistribution": {
    "200": 504883
  },
  "errorDistribution": {}
}