{
  "summary": {
    "successRate": 1,
    "total": 10.0003338,
    "slowest": 0.006291032,
    "fastest": 0.000116929,
    "average": 0.0010014222300591682,
    "requestsPerSec": 49844.63618604411,
    "totalData": 6480019,
    "sizePerRequest": 13,
    "sizePerSec": 647980.2704185734
  },
  "responseTimeHistogram": {
    "0.000116929": 1,
    "0.0007343393": 21686,
    "0.0013517496": 472167,
    "0.0019691599": 4087,
    "0.0025865702": 213,
    "0.0032039805": 172,
    "0.0038213908": 32,
    "0.0044388011": 34,
    "0.0050562114": 29,
    "0.0056736217": 16,
    "0.006291032": 26
  },
  "latencyPercentiles": {
    "p10": 0.000820408,
    "p25": 0.000915346,
    "p50": 0.001008637,
    "p75": 0.001097307,
    "p90": 0.001155748,
    "p95": 0.00120156,
    "p99": 0.001341145
  },
  "rps": {
    "mean": 49845.32951039804,
    "stddev": 4693.808667021994,
    "max": 71847.23351524855,
    "percentiles": {
      "p10": 46353.93213784334,
      "p25": 47388.56923590233,
      "p50": 48269.251895693764,
      "p75": 52651.62491823068,
      "p90": 56776.27893074249,
      "p95": 57505.813837781156,
      "p99": 60560.66967888156
    }
  },
  "details": {
    "DNSDialup": {
      "average": 0.0008126261600000002,
      "fastest": 0.000096822,
      "slowest": 0.001169389
    },
    "DNSLookup": {
      "average": 0.000006709760000000002,
      "fastest": 0.000003426,
      "slowest": 0.000025027
    }
  },
  "statusCodeDistribution": {
    "200": 498463
  },
  "errorDistribution": {}
}