{
  "summary": {
    "successRate": 1,
    "total": 10.000277472,
    "slowest": 0.006941708,
    "fastest": 0.000252771,
    "average": 0.0009868420731944003,
    "requestsPerSec": 50581.69649955088,
    "totalData": 6575803,
    "sizePerRequest": 13,
    "sizePerSec": 657562.0544941615
  },
  "responseTimeHistogram": {
    "0.000252771": 1,
    "0.0009216647": 132214,
    "0.0015905584": 372733,
    "0.0022594521000000004": 600,
    "0.0029283458000000004": 203,
    "0.0035972395000000005": 33,
    "0.0042661332": 0,
    "0.0049350269": 7,
    "0.0056039206": 19,
    "0.0062728143": 20,
    "0.006941708": 1
  },
  "latencyPercentiles": {
    "p10": 0.000810673,
    "p25": 0.000917445,
    "p50": 0.001004771,
    "p75": 0.001074795,
    "p90": 0.001130539,
    "p95": 0.001176565,
    "p99": 0.001296599
  },
  "rps": {
    "mean": 50579.293337324074,
    "stddev": 4767.3040854354795,
    "max": 79630.3471252913,
    "percentiles": {
      "p10": 47799.48814967927,
      "p25": 48549.52959154855,
      "p50": 49401.687857256766,
      "p75": 50554.33073924728,
      "p90": 57860.18037360618,
      "p95": 60204.1634747055,
      "p99": 66705.44983525065
    }
  },
  "details": {
    "DNSDialup": {
      "average": 0.0008581821800000001,
      "fastest": 0.000093244,
      "slowest": 0.001749564
    },
    "DNSLookup": {
      "average": 0.00000683496,
      "fastest": 0.000003586,
      "slowest": 0.000029685
    }
  },
  "statusCodeDistribution": {
    "200": 505831
  },
  "errorDistribution": {}
}