{
  "summary": {
    "successRate": 1,
    "total": 10.00061324,
    "slowest": 0.006834873,
    "fastest": 0.000164038,
    "average": 0.0009985650945539281,
    "requestsPerSec": 49983.2348281074,
    "totalData": 6498219,
    "sizePerRequest": 13,
    "sizePerSec": 649782.0527653962
  },
  "responseTimeHistogram": {
    "0.000164038": 1,
    "0.0008311215": 52442,
    "0.001498205": 445738,
    "0.0021652885": 1432,
    "0.002832372": 137,
    "0.0034994555": 61,
    "0.004166539": 1,
    "0.0048336225": 2,
    "0.005500706": 33,
    "0.0061677895000000005": 9,
    "0.006834873": 7
  },
  "latencyPercentiles": {
    "p10": 0.000823583,
    "p25": 0.000928678,
    "p50": 0.001015046,
    "p75": 0.001083578,
    "p90": 0.001149711,
    "p95": 0.001204143,
    "p99": 0.001345917
  },
  "rps": {
    "mean": 49979.47655843188,
    "stddev": 4060.8496156906413,
    "max": 70613.61430483701,
    "percentiles": {
      "p10": 47193.52319314465,
      "p25": 48207.28412063063,
      "p50": 49136.20373689987,
      "p75": 50733.33179899322,
      "p90": 55499.78057873717,
      "p95": 57826.77379626541,
      "p99": 61768.61257484832
    }
  },
  "details": {
    "DNSDialup": {
      "average": 0.00076863428,
      "fastest": 0.000084265,
      "slowest": 0.001584728
    },
    "DNSLookup": {
      "average": 0.000006926279999999999,
      "fastest": 0.000003517,
      "slowest": 0.000030267
    }
  },
  "statusCodeDistribution": {
    "200": 499863
  },
  "errorDistribution": {}
}