{
  "summary": {
    "successRate": 1,
    "total": 10.00037026,
    "slowest": 0.010243784,
    "fastest": 0.000128217,
    "average": 0.0009848297009433095,
    "requestsPerSec": 50682.82341778013,
    "totalData": 6589011,
    "sizePerRequest": 13,
    "sizePerSec": 658876.7044311417
  },
  "responseTimeHistogram": {
    "0.000128217": 1,
    "0.0011397737": 464313,
    "0.0021513304": 42147,
    "0.0031628871": 326,
    "0.0041744438": 9,
    "0.0051860005": 24,
    "0.0061975572": 25,
    "0.0072091139": 0,
    "0.0082206706": 1,
    "0.0092322273": 0,
    "0.010243784": 1
  },
  "latencyPercentiles": {
    "p10": 0.000808061,
    "p25": 0.000912315,
    "p50": 0.001000264,
    "p75": 0.001072873,
    "p90": 0.001129227,
    "p95": 0.001171085,
    "p99": 0.001293036
  },
  "rps": {
    "mean": 50680.39139105125,
    "stddev": 4485.669019728904,
    "max": 73030.022652329,
    "percentiles": {
      "p10": 47921.12363129829,
      "p25": 48662.00025452497,
      "p50": 49508.08962184513,
      "p75": 50933.76561064567,
      "p90": 58327.075428417374,
      "p95": 59483.51485485579,
      "p99": 64107.75739088767
    }
  },
  "details": {
    "DNSDialup": {
      "average": 0.0009495807199999997,
      "fastest": 0.000094155,
      "slowest": 0.001516804
    },
    "DNSLookup": {
      "average": 0.000009475759999999999,
      "fastest": 0.000003306,
      "slowest": 0.000077004
    }
  },
  "statusCodeDistribution": {
    "200": 506847
  },
  "errorDistribution": {}
}