{
  "summary": {
    "successRate": 1,
    "total": 10.000431344,
    "slowest": 0.006690476,
    "fastest": 0.00022978,
    "average": 0.0009261006917628163,
    "requestsPerSec": 53895.775238072565,
    "totalData": 7006753,
    "sizePerRequest": 13,
    "sizePerSec": 700645.0780949433
  },
  "responseTimeHistogram": {
    "0.00022978": 1,
    "0.0008758495999999999": 162720,
    "0.0015219192": 375034,
    "0.0021679888": 895,
    "0.0028140584": 184,
    "0.0034601280000000002": 47,
    "0.0041061976": 2,
    "0.004752267199999999": 25,
    "0.0053983367999999995": 25,
    "0.0060444064": 31,
    "0.006690476": 17
  },
  "latencyPercentiles": {
    "p10": 0.000618631,
    "p25": 0.000824994,
    "p50": 0.000964304,
    "p75": 0.0010563,
    "p90": 0.001112746,
    "p95": 0.001153037,
    "p99": 0.001261301
  },
  "rps": {
    "mean": 53886.8164928682,
    "stddev": 6728.860315253547,
    "max": 79725.19977179295,
    "percentiles": {
      "p10": 48362.89594618554,
      "p25": 49335.69288972583,
      "p50": 51438.15167709976,
      "p75": 58138.854196258384,
      "p90": 63325.40615294849,
      "p95": 66333.52273785645,
      "p99": 73278.41523214067
    }
  },
  "details": {
    "DNSDialup": {
      "average": 0.0009690653999999999,
      "fastest": 0.00012285,
      "slowest": 0.001550652
    },
    "DNSLookup": {
      "average": 0.000010334219999999998,
      "fastest": 0.000003938,
      "slowest": 0.000139261
    }
  },
  "statusCodeDistribution": {
    "200": 538981
  },
  "errorDistribution": {}
}