{
  "summary": {
    "successRate": 1,
    "total": 10.000326231,
    "slowest": 0.007139933,
    "fastest": 0.00009587,
    "average": 0.000895673462317723,
    "requestsPerSec": 55720.68221861191,
    "totalData": 7243925,
    "sizePerRequest": 13,
    "sizePerSec": 724368.8688419549
  },
  "responseTimeHistogram": {
    "0.00009587": 1,
    "0.0008002763": 169207,
    "0.0015046826000000002": 386276,
    "0.0022090889000000004": 1372,
    "0.0029134952000000004": 271,
    "0.0036179015000000004": 45,
    "0.0043223078": 1,
    "0.0050267141": 1,
    "0.0057311204": 11,
    "0.0064355267": 39,
    "0.007139933": 1
  },
  "latencyPercentiles": {
    "p10": 0.000651983,
    "p25": 0.000779943,
    "p50": 0.000886612,
    "p75": 0.001024211,
    "p90": 0.001105523,
    "p95": 0.001160702,
    "p99": 0.001312422
  },
  "rps": {
    "mean": 55729.071249067594,
    "stddev": 7945.698881164711,
    "max": 80345.6890826451,
    "percentiles": {
      "p10": 47855.74236871251,
      "p25": 49023.85156342895,
      "p50": 56242.08279698312,
      "p75": 61049.8223690782,
      "p90": 63076.58759265139,
      "p95": 70131.0750793678,
      "p99": 76426.33272800027
    }
  },
  "details": {
    "DNSDialup": {
      "average": 0.0007877133,
      "fastest": 0.000095439,
      "slowest": 0.001296941
    },
    "DNSLookup": {
      "average": 0.000011995259999999999,
      "fastest": 0.000004568,
      "slowest": 0.000043101
    }
  },
  "statusCodeDistribution": {
    "200": 557225
  },
  "errorDistribution": {}
}