{
  "summary": {
    "successRate": 1,
    "total": 10.001971692,
    "slowest": 0.008167271,
    "fastest": 0.000136596,
    "average": 0.0009720423440586001,
    "requestsPerSec": 51342.17690405357,
    "totalData": 6675799,
    "sizePerRequest": 13,
    "sizePerSec": 667448.2997526964
  },
  "responseTimeHistogram": {
    "0.000136596": 1,
    "0.0009396635000000001": 175870,
    "0.0017427310000000004": 336777,
    "0.0025457985000000008": 665,
    "0.0033488660000000007": 105,
    "0.004151933500000001": 49,
    "0.004955001000000001": 11,
    "0.005758068500000001": 13,
    "0.006561136000000001": 20,
    "0.007364203500000001": 11,
    "0.008167271": 1
  },
  "latencyPercentiles": {
    "p10": 0.000707378,
    "p25": 0.000897686,
    "p50": 0.000995135,
    "p75": 0.001079582,
    "p90": 0.001136413,
    "p95": 0.001185134,
    "p99": 0.001339122
  },
  "rps": {
    "mean": 51341.66864619421,
    "stddev": 5193.592089191477,
    "max": 72483.78400592631,
    "percentiles": {
      "p10": 47520.16755911251,
      "p25": 48550.563797207324,
      "p50": 49974.84632986507,
      "p75": 53635.058440659595,
      "p90": 58004.91881712207,
      "p95": 60906.75455908899,
      "p99": 68133.7534614693
    }
  },
  "details": {
    "DNSDialup": {
      "average": 0.0008258988399999999,
      "fastest": 0.000121326,
      "slowest": 0.001342911
    },
    "DNSLookup": {
      "average": 0.000006411540000000002,
      "fastest": 0.000003546,
      "slowest": 0.000030847
    }
  },
  "statusCodeDistribution": {
    "200": 513523
  },
  "errorDistribution": {}
}