{
  "summary": {
    "successRate": 1,
    "total": 10.000567995,
    "slowest": 0.009297239,
    "fastest": 0.000162273,
    "average": 0.0010272847507759473,
    "requestsPerSec": 48583.64047351292,
    "totalData": 6316232,
    "sizePerRequest": 13,
    "sizePerSec": 631587.326155668
  },
  "responseTimeHistogram": {
    "0.000162273": 1,
    "0.0010757696": 302751,
    "0.0019892662000000005": 182495,
    "0.002902762800000001": 418,
    "0.003816259400000001": 143,
    "0.004729756000000001": 5,
    "0.005643252600000002": 22,
    "0.0065567492000000015": 23,
    "0.0074702458000000015": 4,
    "0.008383742400000001": 0,
    "0.009297239": 2
  },
  "latencyPercentiles": {
    "p10": 0.000871278,
    "p25": 0.000955916,
    "p50": 0.001039796,
    "p75": 0.001107202,
    "p90": 0.001164136,
    "p95": 0.001211365,
    "p99": 0.001369901
  },
  "rps": {
    "mean": 48582.89172684012,
    "stddev": 3684.0045472265606,
    "max": 65324.7387819394,
    "percentiles": {
      "p10": 46251.97797284647,
      "p25": 47307.32790509057,
      "p50": 48109.71335112591,
      "p75": 49685.11182111636,
      "p90": 52512.67656012685,
      "p95": 54402.472112931595,
      "p99": 58976.516132028984
    }
  },
  "details": {
    "DNSDialup": {
      "average": 0.00085653972,
      "fastest": 0.000077856,
      "slowest": 0.001348851
    },
    "DNSLookup": {
      "average": 0.000009193400000000004,
      "fastest": 0.000003406,
      "slowest": 0.000045535
    }
  },
  "statusCodeDistribution": {
    "200": 485864
  },
  "errorDistribution": {}
}