{
  "summary": {
    "successRate": 1,
    "total": 10.000388118,
    "slowest": 0.006130777,
    "fastest": 0.000085018,
    "average": 0.0008865607324021021,
    "requestsPerSec": 56295.715061966155,
    "totalData": 7318727,
    "sizePerRequest": 13,
    "sizePerSec": 731844.2958055601
  },
  "responseTimeHistogram": {
    "0.000085018": 1,
    "0.0006895938999999999": 76137,
    "0.0012941698": 481127,
    "0.0018987457": 5170,
    "0.0025033216": 398,
    "0.0031078975": 38,
    "0.0037124734": 47,
    "0.0043170492999999996": 13,
    "0.0049216252": 4,
    "0.0055262011": 21,
    "0.006130777": 23
  },
  "latencyPercentiles": {
    "p10": 0.000630053,
    "p25": 0.000773321,
    "p50": 0.000885468,
    "p75": 0.001014749,
    "p90": 0.001090189,
    "p95": 0.0011441,
    "p99": 0.001296022
  },
  "rps": {
    "mean": 56293.159454799126,
    "stddev": 8004.847791940619,
    "max": 81804.37893198962,
    "percentiles": {
      "p10": 48558.537316736416,
      "p25": 49919.225269695904,
      "p50": 55505.73374229544,
      "p75": 61371.66166033868,
      "p90": 64100.18859477243,
      "p95": 71448.1763729798,
      "p99": 79600.33432140523
    }
  },
  "details": {
    "DNSDialup": {
      "average": 0.0009954754399999998,
      "fastest": 0.000141473,
      "slowest": 0.001459257
    },
    "DNSLookup": {
      "average": 0.000008577780000000003,
      "fastest": 0.000004588,
      "slowest": 0.000029755
    }
  },
  "statusCodeDistribution": {
    "200": 562979
  },
  "errorDistribution": {}
}