{
  "summary": {
    "successRate": 1,
    "total": 10.000241925,
    "slowest": 0.008378469,
    "fastest": 0.000129011,
    "average": 0.0009203116951443994,
    "requestsPerSec": 54232.887970857766,
    "totalData": 7050446,
    "sizePerRequest": 13,
    "sizePerSec": 705027.543621151
  },
  "responseTimeHistogram": {
    "0.000129011": 1,
    "0.0009539568": 259919,
    "0.0017789026": 281709,
    "0.0026038484": 467,
    "0.0034287942": 144,
    "0.00425374": 2,
    "0.0050786858": 25,
    "0.0059036316": 72,
    "0.0067285774": 2,
    "0.0075535231999999996": 0,
    "0.008378469": 1
  },
  "latencyPercentiles": {
    "p10": 0.000623013,
    "p25": 0.000768884,
    "p50": 0.000962456,
    "p75": 0.001063195,
    "p90": 0.001119776,
    "p95": 0.001159875,
    "p99": 0.001285008
  },
  "rps": {
    "mean": 54223.52003370683,
    "stddev": 7943.5811214561145,
    "max": 80956.60485811389,
    "percentiles": {
      "p10": 47867.67531936354,
      "p25": 48689.6743485674,
      "p50": 51137.61485877189,
      "p75": 58921.00533840495,
      "p90": 65674.9118015114,
      "p95": 69309.44454340017,
      "p99": 77565.79130417318
    }
  },
  "details": {
    "DNSDialup": {
      "average": 0.0010391270199999996,
      "fastest": 0.000095569,
      "slowest": 0.002223158
    },
    "DNSLookup": {
      "average": 0.000010212820000000001,
      "fastest": 0.000005089,
      "slowest": 0.000039784
    }
  },
  "statusCodeDistribution": {
    "200": 542342
  },
  "errorDistribution": {}
}