{
  "summary": {
    "successRate": 1,
    "total": 10.000675173,
    "slowest": 0.006093415,
    "fastest": 0.00026243,
    "average": 0.0010049418784950522,
    "requestsPerSec": 49662.94689191582,
    "totalData": 6456619,
    "sizePerRequest": 13,
    "sizePerSec": 645618.3095949056
  },
  "responseTimeHistogram": {
    "0.00026243": 1,
    "0.0008455285": 54257,
    "0.001428627": 439545,
    "0.0020117255": 2529,
    "0.002594824": 203,
    "0.0031779225": 31,
    "0.003761021": 46,
    "0.004344119499999999": 2,
    "0.004927218": 9,
    "0.0055103165": 11,
    "0.006093415": 29
  },
  "latencyPercentiles": {
    "p10": 0.000831857,
    "p25": 0.000936948,
    "p50": 0.00102077,
    "p75": 0.001090396,
    "p90": 0.001146621,
    "p95": 0.00119413,
    "p99": 0.001342345
  },
  "rps": {
    "mean": 49661.26254141357,
    "stddev": 3876.485652708312,
    "max": 65219.63110896753,
    "percentiles": {
      "p10": 46853.49732324331,
      "p25": 47914.81046791644,
      "p50": 48875.717981286034,
      "p75": 51312.79741167481,
      "p90": 54330.40872976432,
      "p95": 56537.01478357952,
      "p99": 60373.46242908252
    }
  },
  "details": {
    "DNSDialup": {
      "average": 0.0007450009200000002,
      "fastest": 0.000089156,
      "slowest": 0.001821784
    },
    "DNSLookup": {
      "average": 0.00000727294,
      "fastest": 0.000003497,
      "slowest": 0.000025919
    }
  },
  "statusCodeDistribution": {
    "200": 496663
  },
  "errorDistribution": {}
}