{
  "summary": {
    "successRate": 1,
    "total": 10.000309118,
    "slowest": 0.00720257,
    "fastest": 0.000253884,
    "average": 0.0010356018878962471,
    "requestsPerSec": 48197.61012511533,
    "totalData": 6265883,
    "sizePerRequest": 13,
    "sizePerSec": 626568.9316264993
  },
  "responseTimeHistogram": {
    "0.000253884": 1,
    "0.0009487526": 100191,
    "0.0016436212": 380918,
    "0.0023384898000000003": 635,
    "0.0030333584": 167,
    "0.0037282269999999998": 29,
    "0.0044230956": 0,
    "0.0051179642": 15,
    "0.0058128328": 18,
    "0.0065077013999999996": 13,
    "0.007202569999999999": 4
  },
  "latencyPercentiles": {
    "p10": 0.000890764,
    "p25": 0.000963586,
    "p50": 0.001047605,
    "p75": 0.001114008,
    "p90": 0.001170894,
    "p95": 0.001215127,
    "p99": 0.001339041
  },
  "rps": {
    "mean": 48195.7968184387,
    "stddev": 3696.782050936448,
    "max": 76311.32460057063,
    "percentiles": {
      "p10": 45908.14410476419,
      "p25": 46792.9154315857,
      "p50": 47709.52759266142,
      "p75": 48627.82797138435,
      "p90": 51715.77610797179,
      "p95": 54918.172423254844,
      "p99": 60429.495636820015
    }
  },
  "details": {
    "DNSDialup": {
      "average": 0.00103930408,
      "fastest": 0.00006944,
      "slowest": 0.002248741
    },
    "DNSLookup": {
      "average": 0.00004822972,
      "fastest": 0.000003146,
      "slowest": 0.002124108
    }
  },
  "statusCodeDistribution": {
    "200": 481991
  },
  "errorDistribution": {}
}