{
  "summary": {
    "successRate": 1,
    "total": 10.000366557,
    "slowest": 0.009388377,
    "fastest": 0.000239579,
    "average": 0.0010127522202889034,
    "requestsPerSec": 49281.1935633531,
    "totalData": 6406790,
    "sizePerRequest": 13,
    "sizePerSec": 640655.5163235903
  },
  "responseTimeHistogram": {
    "0.000239579": 1,
    "0.0011544588": 438282,
    "0.0020693386": 54155,
    "0.0029842184000000004": 308,
    "0.0038990982": 36,
    "0.004813978": 4,
    "0.005728857800000001": 22,
    "0.0066437376000000005": 15,
    "0.0075586174": 6,
    "0.008473497200000001": 0,
    "0.009388377": 1
  },
  "latencyPercentiles": {
    "p10": 0.000834925,
    "p25": 0.000939894,
    "p50": 0.00102943,
    "p75": 0.001101455,
    "p90": 0.001161122,
    "p95": 0.001206731,
    "p99": 0.001335784
  },
  "rps": {
    "mean": 49286.09082735344,
    "stddev": 4635.446585666476,
    "max": 79226.25558109932,
    "percentiles": {
      "p10": 46507.676182553965,
      "p25": 47406.708049189205,
      "p50": 48249.72604653563,
      "p75": 49351.73337256714,
      "p90": 56008.60628845222,
      "p95": 59227.007515427234,
      "p99": 65046.046096029655
    }
  },
  "details": {
    "DNSDialup": {
      "average": 0.0010803122399999998,
      "fastest": 0.000127609,
      "slowest": 0.002071062
    },
    "DNSLookup": {
      "average": 0.000008315980000000002,
      "fastest": 0.000003807,
      "slowest": 0.000029075
    }
  },
  "statusCodeDistribution": {
    "200": 492830
  },
  "errorDistribution": {}
}