{
  "summary": {
    "successRate": 1,
    "total": 10.000396083,
    "slowest": 0.008387331,
    "fastest": 0.000229872,
    "average": 0.0009445702512878148,
    "requestsPerSec": 52838.9071407143,
    "totalData": 6869330,
    "sizePerRequest": 13,
    "sizePerSec": 686905.7928292858
  },
  "responseTimeHistogram": {
    "0.000229872": 1,
    "0.0010456178999999999": 353983,
    "0.0018613637999999998": 174027,
    "0.0026771096999999994": 248,
    "0.0034928555999999993": 61,
    "0.004308601499999999": 43,
    "0.005124347399999999": 15,
    "0.005940093299999999": 31,
    "0.006755839199999999": 0,
    "0.007571585099999998": 0,
    "0.008387331": 1
  },
  "latencyPercentiles": {
    "p10": 0.000632754,
    "p25": 0.000857859,
    "p50": 0.000980896,
    "p75": 0.001070306,
    "p90": 0.001127713,
    "p95": 0.001169994,
    "p99": 0.001284197
  },
  "rps": {
    "mean": 52829.18895130816,
    "stddev": 6440.559391873136,
    "max": 77140.94641435481,
    "percentiles": {
      "p10": 47454.472989542985,
      "p25": 48608.16617192009,
      "p50": 50658.92646326138,
      "p75": 56324.303937149954,
      "p90": 62111.490625766215,
      "p95": 65139.93729555525,
      "p99": 70768.3393893
    }
  },
  "details": {
    "DNSDialup": {
      "average": 0.0008409873000000001,
      "fastest": 0.000090891,
      "slowest": 0.001358648
    },
    "DNSLookup": {
      "average": 0.000009055859999999998,
      "fastest": 0.000004498,
      "slowest": 0.00003181
    }
  },
  "statusCodeDistribution": {
    "200": 528410
  },
  "errorDistribution": {}
}