{
  "summary": {
    "successRate": 1,
    "total": 10.000563205,
    "slowest": 0.007293026,
    "fastest": 0.000228866,
    "average": 0.0010069613806577566,
    "requestsPerSec": 49564.30851336237,
    "totalData": 6443723,
    "sizePerRequest": 13,
    "sizePerSec": 644336.0106737108
  },
  "responseTimeHistogram": {
    "0.000228866": 1,
    "0.000935282": 117895,
    "0.001641698": 376858,
    "0.0023481139999999997": 714,
    "0.0030545299999999997": 97,
    "0.003760946": 49,
    "0.004467362": 7,
    "0.005173778": 0,
    "0.005880194": 32,
    "0.00658661": 17,
    "0.007293026": 1
  },
  "latencyPercentiles": {
    "p10": 0.00083711,
    "p25": 0.00093963,
    "p50": 0.001022713,
    "p75": 0.001093006,
    "p90": 0.001145943,
    "p95": 0.00119119,
    "p99": 0.001326509
  },
  "rps": {
    "mean": 49564.72295814316,
    "stddev": 3777.569049844169,
    "max": 66717.67663805479,
    "percentiles": {
      "p10": 46958.60268055621,
      "p25": 47849.57215675164,
      "p50": 48773.88106267103,
      "p75": 50631.09762015791,
      "p90": 54442.29621993317,
      "p95": 56547.08109972548,
      "p99": 60839.09520257917
    }
  },
  "details": {
    "DNSDialup": {
      "average": 0.0007544274999999997,
      "fastest": 0.000076472,
      "slowest": 0.00176058
    },
    "DNSLookup": {
      "average": 0.000007220599999999998,
      "fastest": 0.000003827,
      "slowest": 0.000033061
    }
  },
  "statusCodeDistribution": {
    "200": 495671
  },
  "errorDistribution": {}
}