{
  "summary": {
    "successRate": 1,
    "total": 10.00021545,
    "slowest": 0.010792121,
    "fastest": 0.00008031,
    "average": 0.0008856170927331598,
    "requestsPerSec": 56356.185805976806,
    "totalData": 7326462,
    "sizePerRequest": 13,
    "sizePerSec": 732630.4154776984
  },
  "responseTimeHistogram": {
    "0.00008031": 1,
    "0.0011514911000000002": 541832,
    "0.0022226722000000003": 21385,
    "0.0032938533000000003": 226,
    "0.0043650344": 81,
    "0.005436215500000001": 19,
    "0.0065073966000000006": 28,
    "0.0075785777": 0,
    "0.0086497588": 0,
    "0.009720939900000001": 0,
    "0.010792121000000002": 2
  },
  "latencyPercentiles": {
    "p10": 0.000617157,
    "p25": 0.000774893,
    "p50": 0.000893545,
    "p75": 0.001012398,
    "p90": 0.001082299,
    "p95": 0.001130683,
    "p99": 0.001292162
  },
  "rps": {
    "mean": 56353.500608018,
    "stddev": 7864.261881046891,
    "max": 82429.21291305558,
    "percentiles": {
      "p10": 48866.25739493366,
      "p25": 50393.10139564999,
      "p50": 55403.850567614376,
      "p75": 61129.12761573912,
      "p90": 65065.85853393195,
      "p95": 71303.18385309621,
      "p99": 78989.99597221156
    }
  },
  "details": {
    "DNSDialup": {
      "average": 0.0009304675999999999,
      "fastest": 0.000108594,
      "slowest": 0.002035984
    },
    "DNSLookup": {
      "average": 0.000008541620000000001,
      "fastest": 0.000004108,
      "slowest": 0.000029615
    }
  },
  "statusCodeDistribution": {
    "200": 563574
  },
  "errorDistribution": {}
}