{
  "summary": {
    "successRate": 1,
    "total": 10.000321912,
    "slowest": 0.010902784,
    "fastest": 0.000130687,
    "average": 0.0008840402948535493,
    "requestsPerSec": 56454.68265601968,
    "totalData": 7339345,
    "sizePerRequest": 13,
    "sizePerSec": 733910.8745282559
  },
  "responseTimeHistogram": {
    "0.000130687": 1,
    "0.0012078967000000002": 554339,
    "0.0022851064000000004": 9959,
    "0.0033623161000000006": 156,
    "0.004439525800000001": 9,
    "0.005516735500000001": 71,
    "0.006593945200000001": 28,
    "0.007671154900000002": 1,
    "0.008748364600000003": 0,
    "0.0098255743": 0,
    "0.010902784000000002": 1
  },
  "latencyPercentiles": {
    "p10": 0.000616875,
    "p25": 0.00077047,
    "p50": 0.000893818,
    "p75": 0.00101441,
    "p90": 0.001082181,
    "p95": 0.001124971,
    "p99": 0.001276773
  },
  "rps": {
    "mean": 56448.86947389231,
    "stddev": 7424.511559267187,
    "max": 81505.27220958562,
    "percentiles": {
      "p10": 49145.853080926245,
      "p25": 50655.97485221002,
      "p50": 56253.31016515391,
      "p75": 61152.578987414505,
      "p90": 63274.11930334905,
      "p95": 69107.5603671051,
      "p99": 77915.4506338605
    }
  },
  "details": {
    "DNSDialup": {
      "average": 0.0012240226599999997,
      "fastest": 0.000113421,
      "slowest": 0.001706498
    },
    "DNSLookup": {
      "average": 0.000010323440000000001,
      "fastest": 0.000004499,
      "slowest": 0.00010687
    }
  },
  "statusCodeDistribution": {
    "200": 564565
  },
  "errorDistribution": {}
}