{
  "summary": {
    "successRate": 1,
    "total": 10.000385287,
    "slowest": 0.025035056,
    "fastest": 0.000143486,
    "average": 0.0009488293992324132,
    "requestsPerSec": 52605.67317180007,
    "totalData": 6839001,
    "sizePerRequest": 13,
    "sizePerSec": 683873.7512334008
  },
  "responseTimeHistogram": {
    "0.000143486": 1,
    "0.0026326429999999996": 525815,
    "0.005121799999999999": 231,
    "0.007610956999999999": 27,
    "0.010100113999999999": 2,
    "0.012589270999999997": 0,
    "0.015078427999999998": 0,
    "0.017567585": 0,
    "0.020056742": 0,
    "0.022545898999999998": 0,
    "0.025035055999999997": 1
  },
  "latencyPercentiles": {
    "p10": 0.00076146,
    "p25": 0.000859928,
    "p50": 0.000959827,
    "p75": 0.001048534,
    "p90": 0.001106101,
    "p95": 0.001151065,
    "p99": 0.001278641
  },
  "rps": {
    "mean": 52604.47194180775,
    "stddev": 5998.516109339398,
    "max": 81718.35394229887,
    "percentiles": {
      "p10": 48444.7047735646,
      "p25": 49444.635447612585,
      "p50": 50450.68269541407,
      "p75": 54854.64619853945,
      "p90": 60857.6176184135,
      "p95": 61811.470806453675,
      "p99": 71049.42197792306
    }
  },
  "details": {
    "DNSDialup": {
      "average": 0.0008525483800000002,
      "fastest": 0.00009161,
      "slowest": 0.00186861
    },
    "DNSLookup": {
      "average": 0.0000075255,
      "fastest": 0.000003697,
      "slowest": 0.000032309
    }
  },
  "statusCodeDistribution": {
    "200": 526077
  },
  "errorDistribution": {}
}