{
  "summary": {
    "successRate": 1,
    "total": 10.000591891,
    "slowest": 0.006495886,
    "fastest": 0.000302755,
    "average": 0.0009968284855768853,
    "requestsPerSec": 50065.936642269495,
    "totalData": 6508957,
    "sizePerRequest": 13,
    "sizePerSec": 650857.1763495033
  },
  "responseTimeHistogram": {
    "0.000302755": 1,
    "0.0009220681000000001": 114148,
    "0.0015413812000000002": 385269,
    "0.0021606943": 975,
    "0.0027800074000000003": 131,
    "0.0033993205000000006": 84,
    "0.0040186336": 32,
    "0.0046379467": 0,
    "0.0052572598000000005": 8,
    "0.005876572900000001": 12,
    "0.006495886000000001": 29
  },
  "latencyPercentiles": {
    "p10": 0.000805607,
    "p25": 0.000931034,
    "p50": 0.001014867,
    "p75": 0.001087824,
    "p90": 0.001140047,
    "p95": 0.001182768,
    "p99": 0.001304585
  },
  "rps": {
    "mean": 50062.16899276503,
    "stddev": 4047.58142897933,
    "max": 69870.18100291111,
    "percentiles": {
      "p10": 47019.50659577833,
      "p25": 48065.88498225198,
      "p50": 49207.597653077966,
      "p75": 51648.99423593189,
      "p90": 54760.088516421696,
      "p95": 57333.804010844775,
      "p99": 61718.17374418214
    }
  },
  "details": {
    "DNSDialup": {
      "average": 0.0007461711400000001,
      "fastest": 0.000077154,
      "slowest": 0.001773579
    },
    "DNSLookup": {
      "average": 0.00000765408,
      "fastest": 0.000003366,
      "slowest": 0.000034765
    }
  },
  "statusCodeDistribution": {
    "200": 500689
  },
  "errorDistribution": {}
}