{
  "summary": {
    "successRate": 1,
    "total": 10.000435405,
    "slowest": 0.006983944,
    "fastest": 0.000244445,
    "average": 0.0010064342579263741,
    "requestsPerSec": 49594.94061148831,
    "totalData": 6447623,
    "sizePerRequest": 13,
    "sizePerSec": 644734.227949348
  },
  "responseTimeHistogram": {
    "0.000244445": 1,
    "0.0009183949": 103601,
    "0.0015923448": 391241,
    "0.0022662946999999997": 790,
    "0.0029402445999999996": 186,
    "0.0036141944999999996": 48,
    "0.0042881444": 40,
    "0.0049620943": 20,
    "0.0056360442": 18,
    "0.0063099941": 15,
    "0.006983944": 11
  },
  "latencyPercentiles": {
    "p10": 0.000836287,
    "p25": 0.000934359,
    "p50": 0.001021773,
    "p75": 0.001091441,
    "p90": 0.001151645,
    "p95": 0.001200752,
    "p99": 0.001319702
  },
  "rps": {
    "mean": 49594.93526784087,
    "stddev": 4297.363509912432,
    "max": 68966.47404979623,
    "percentiles": {
      "p10": 46920.83993115835,
      "p25": 47703.916491542775,
      "p50": 48648.69138060743,
      "p75": 49948.734435292805,
      "p90": 55885.56242147139,
      "p95": 58367.96365688189,
      "p99": 62726.500533625855
    }
  },
  "details": {
    "DNSDialup": {
      "average": 0.00109114574,
      "fastest": 0.000136935,
      "slowest": 0.001807898
    },
    "DNSLookup": {
      "average": 0.000008253379999999998,
      "fastest": 0.000004057,
      "slowest": 0.000029284
    }
  },
  "statusCodeDistribution": {
    "200": 495971
  },
  "errorDistribution": {}
}