{
  "summary": {
    "successRate": 1,
    "total": 10.000382482,
    "slowest": 0.011805239,
    "fastest": 0.000160038,
    "average": 0.0009058990444317299,
    "requestsPerSec": 55098.19259331006,
    "totalData": 7163039,
    "sizePerRequest": 13,
    "sizePerSec": 716276.5037130307
  },
  "responseTimeHistogram": {
    "0.000160038": 1,
    "0.0013245581": 545991,
    "0.0024890782": 4737,
    "0.0036535983": 208,
    "0.004818118400000001": 17,
    "0.005982638500000001": 29,
    "0.007147158600000001": 18,
    "0.0083116787": 0,
    "0.0094761988": 0,
    "0.0106407189": 0,
    "0.011805239": 2
  },
  "latencyPercentiles": {
    "p10": 0.000619345,
    "p25": 0.00078331,
    "p50": 0.000930355,
    "p75": 0.001038971,
    "p90": 0.00110207,
    "p95": 0.001149073,
    "p99": 0.001309973
  },
  "rps": {
    "mean": 55098.388405356905,
    "stddev": 7359.074384714643,
    "max": 80797.19094098169,
    "percentiles": {
      "p10": 48562.39782496625,
      "p25": 49793.89852727607,
      "p50": 52948.347135769014,
      "p75": 60121.22279165125,
      "p90": 64719.389929224744,
      "p95": 68517.41829973983,
      "p99": 75295.77622736256
    }
  },
  "details": {
    "DNSDialup": {
      "average": 0.0009040915200000002,
      "fastest": 0.000078155,
      "slowest": 0.002032074
    },
    "DNSLookup": {
      "average": 0.00000801112,
      "fastest": 0.000003627,
      "slowest": 0.000027572
    }
  },
  "statusCodeDistribution": {
    "200": 551003
  },
  "errorDistribution": {}
}