{
  "summary": {
    "successRate": 1,
    "total": 10.000404766,
    "slowest": 0.007071641,
    "fastest": 0.00023033,
    "average": 0.0009147719357649668,
    "requestsPerSec": 54561.491536331676,
    "totalData": 7093281,
    "sizePerRequest": 13,
    "sizePerSec": 709299.3899723118
  },
  "responseTimeHistogram": {
    "0.00023033": 1,
    "0.0009144610999999999": 219566,
    "0.0015985921999999999": 325236,
    "0.0022827233": 595,
    "0.0029668544": 133,
    "0.0036509854999999996": 49,
    "0.0043351166": 9,
    "0.0050192477": 6,
    "0.0057033788": 28,
    "0.006387509899999999": 13,
    "0.007071640999999999": 1
  },
  "latencyPercentiles": {
    "p10": 0.000608266,
    "p25": 0.000814491,
    "p50": 0.000952051,
    "p75": 0.001044197,
    "p90": 0.001098738,
    "p95": 0.001138837,
    "p99": 0.001261752
  },
  "rps": {
    "mean": 54557.040519630034,
    "stddev": 8074.143576079631,
    "max": 85826.06537605592,
    "percentiles": {
      "p10": 48611.02011825834,
      "p25": 49562.75139954567,
      "p50": 50803.38997894654,
      "p75": 59600.09536015115,
      "p90": 67043.6141258175,
      "p95": 71456.58647083865,
      "p99": 78008.58014269298
    }
  },
  "details": {
    "DNSDialup": {
      "average": 0.0011304824800000006,
      "fastest": 0.000142576,
      "slowest": 0.002303326
    },
    "DNSLookup": {
      "average": 0.000042417659999999996,
      "fastest": 0.000004529,
      "slowest": 0.001707272
    }
  },
  "statusCodeDistribution": {
    "200": 545637
  },
  "errorDistribution": {}
}