{
  "summary": {
    "successRate": 1,
    "total": 10.00061734,
    "slowest": 0.00615822,
    "fastest": 0.000123761,
    "average": 0.0010147260394474849,
    "requestsPerSec": 49188.963368535406,
    "totalData": 6394960,
    "sizePerRequest": 13,
    "sizePerSec": 639456.5237909603
  },
  "responseTimeHistogram": {
    "0.000123761": 1,
    "0.0007272069": 21968,
    "0.0013306528": 465036,
    "0.0019340986999999998": 4532,
    "0.0025375446": 210,
    "0.0031409905": 102,
    "0.0037444363999999996": 22,
    "0.0043478823": 0,
    "0.0049513282": 8,
    "0.0055547741": 10,
    "0.00615822": 31
  },
  "latencyPercentiles": {
    "p10": 0.000859126,
    "p25": 0.000946287,
    "p50": 0.001029412,
    "p75": 0.00109654,
    "p90": 0.001151134,
    "p95": 0.001196978,
    "p99": 0.001330507
  },
  "rps": {
    "mean": 49190.44629653671,
    "stddev": 3947.6681440162674,
    "max": 72577.86212356937,
    "percentiles": {
      "p10": 46713.1871327285,
      "p25": 47576.336231483205,
      "p50": 48522.69448527468,
      "p75": 49822.18512454578,
      "p90": 53395.16797879727,
      "p95": 56229.182945947585,
      "p99": 60952.3946784603
    }
  },
  "details": {
    "DNSDialup": {
      "average": 0.0008563619000000002,
      "fastest": 0.000102982,
      "slowest": 0.001961687
    },
    "DNSLookup": {
      "average": 0.000008781759999999997,
      "fastest": 0.000003847,
      "slowest": 0.000049613
    }
  },
  "statusCodeDistribution": {
    "200": 491920
  },
  "errorDistribution": {}
}