{
  "summary": {
    "successRate": 1,
    "total": 10.000796161,
    "slowest": 0.006586693,
    "fastest": 0.000088977,
    "average": 0.0009733100415980315,
    "requestsPerSec": 51277.21750792317,
    "totalData": 6666569,
    "sizePerRequest": 13,
    "sizePerSec": 666603.8276030011
  },
  "responseTimeHistogram": {
    "0.000088977": 1,
    "0.0007387486": 61456,
    "0.0013885202000000001": 446415,
    "0.0020382918": 4570,
    "0.0026880634000000002": 200,
    "0.0033378350000000004": 103,
    "0.0039876066": 16,
    "0.0046373782": 3,
    "0.0052871498": 4,
    "0.0059369214": 16,
    "0.006586693": 29
  },
  "latencyPercentiles": {
    "p10": 0.000710071,
    "p25": 0.000877262,
    "p50": 0.000992248,
    "p75": 0.001088791,
    "p90": 0.001157788,
    "p95": 0.001214726,
    "p99": 0.001382545
  },
  "rps": {
    "mean": 51275.17558814056,
    "stddev": 4538.833920692714,
    "max": 65254.0433987415,
    "percentiles": {
      "p10": 47217.857793817355,
      "p25": 48521.208620289784,
      "p50": 50906.641244197046,
      "p75": 54096.527546912504,
      "p90": 57003.84169507543,
      "p95": 58340.65176614734,
      "p99": 62014.54861310897
    }
  },
  "details": {
    "DNSDialup": {
      "average": 0.00071630234,
      "fastest": 0.00008535,
      "slowest": 0.001583954
    },
    "DNSLookup": {
      "average": 0.0000078508,
      "fastest": 0.000004448,
      "slowest": 0.000025959
    }
  },
  "statusCodeDistribution": {
    "200": 512813
  },
  "errorDistribution": {}
}