{
  "summary": {
    "successRate": 1,
    "total": 10.000404681,
    "slowest": 0.007862778,
    "fastest": 0.000091239,
    "average": 0.0009751557095054257,
    "requestsPerSec": 51181.32878886844,
    "totalData": 6653842,
    "sizePerRequest": 13,
    "sizePerSec": 665357.2742552898
  },
  "responseTimeHistogram": {
    "0.000091239": 1,
    "0.0008683929000000001": 107958,
    "0.0016455468000000002": 402436,
    "0.0024227007000000005": 1032,
    "0.0031998546000000004": 237,
    "0.0039770085": 112,
    "0.004754162400000001": 8,
    "0.005531316300000001": 3,
    "0.006308470200000001": 34,
    "0.007085624100000001": 12,
    "0.007862778": 1
  },
  "latencyPercentiles": {
    "p10": 0.000670578,
    "p25": 0.000897641,
    "p50": 0.001002777,
    "p75": 0.001086776,
    "p90": 0.001151842,
    "p95": 0.001205935,
    "p99": 0.001344749
  },
  "rps": {
    "mean": 51169.93818994345,
    "stddev": 6886.730015040401,
    "max": 77526.56835497174,
    "percentiles": {
      "p10": 46814.30649216134,
      "p25": 47637.95475316964,
      "p50": 48727.93572555281,
      "p75": 52703.66290457179,
      "p90": 61297.642964943145,
      "p95": 66484.82799203998,
      "p99": 73837.14746888448
    }
  },
  "details": {
    "DNSDialup": {
      "average": 0.00089092882,
      "fastest": 0.00009673,
      "slowest": 0.001975952
    },
    "DNSLookup": {
      "average": 0.00000872156,
      "fastest": 0.000003446,
      "slowest": 0.000035105
    }
  },
  "statusCodeDistribution": {
    "200": 511834
  },
  "errorDistribution": {}
}