{
  "summary": {
    "successRate": 1,
    "total": 10.000593315,
    "slowest": 0.007178525,
    "fastest": 0.000278461,
    "average": 0.001010469003996115,
    "requestsPerSec": 49394.76933424325,
    "totalData": 6421701,
    "sizePerRequest": 13,
    "sizePerSec": 642132.0013451622
  },
  "responseTimeHistogram": {
    "0.000278461": 1,
    "0.0009684673999999999": 158647,
    "0.0016584738": 334296,
    "0.0023484801999999996": 869,
    "0.0030384865999999997": 75,
    "0.003728493": 36,
    "0.0044184993999999995": 3,
    "0.0051085058": 2,
    "0.0057985122": 28,
    "0.0064885186": 18,
    "0.007178525": 2
  },
  "latencyPercentiles": {
    "p10": 0.000843618,
    "p25": 0.000945368,
    "p50": 0.001028021,
    "p75": 0.001096392,
    "p90": 0.001147115,
    "p95": 0.001187963,
    "p99": 0.001315488
  },
  "rps": {
    "mean": 49393.26715979452,
    "stddev": 4026.390752064535,
    "max": 67342.85855079637,
    "percentiles": {
      "p10": 46785.45831816438,
      "p25": 47649.07233904802,
      "p50": 48529.710209448465,
      "p75": 50278.972114973316,
      "p90": 54621.45530764563,
      "p95": 57220.77686407169,
      "p99": 61907.20599877922
    }
  },
  "details": {
    "DNSDialup": {
      "average": 0.0008683417600000001,
      "fastest": 0.000092964,
      "slowest": 0.001914613
    },
    "DNSLookup": {
      "average": 0.000007521439999999998,
      "fastest": 0.000003807,
      "slowest": 0.00002661
    }
  },
  "statusCodeDistribution": {
    "200": 493977
  },
  "errorDistribution": {}
}