{
  "summary": {
    "successRate": 1,
    "total": 10.000440902,
    "slowest": 0.025869676,
    "fastest": 0.000113239,
    "average": 0.0009226894611815403,
    "requestsPerSec": 54093.01502814881,
    "totalData": 7032402,
    "sizePerRequest": 13,
    "sizePerSec": 703209.1953659345
  },
  "responseTimeHistogram": {
    "0.000113239": 1,
    "0.0026888827": 540818,
    "0.0052645264": 51,
    "0.0078401701": 81,
    "0.0104158138": 2,
    "0.0129914575": 0,
    "0.0155671012": 0,
    "0.0181427449": 0,
    "0.020718388600000002": 0,
    "0.023294032300000003": 0,
    "0.025869676": 1
  },
  "latencyPercentiles": {
    "p10": 0.000626578,
    "p25": 0.000838761,
    "p50": 0.00095306,
    "p75": 0.001041061,
    "p90": 0.001094905,
    "p95": 0.001137402,
    "p99": 0.001270939
  },
  "rps": {
    "mean": 54080.314735938235,
    "stddev": 6657.04726050461,
    "max": 79348.75187314804,
    "percentiles": {
      "p10": 48627.579317093376,
      "p25": 49916.20342611086,
      "p50": 51802.823424211594,
      "p75": 57879.82206261155,
      "p90": 62922.381491096945,
      "p95": 67005.7490932732,
      "p99": 73936.3163865204
    }
  },
  "details": {
    "DNSDialup": {
      "average": 0.0010523558599999999,
      "fastest": 0.000132813,
      "slowest": 0.002152622
    },
    "DNSLookup": {
      "average": 0.00003361682,
      "fastest": 0.000004348,
      "slowest": 0.001277485
    }
  },
  "statusCodeDistribution": {
    "200": 540954
  },
  "errorDistribution": {}
}