{
  "summary": {
    "successRate": 1,
    "total": 10.000217253,
    "slowest": 0.005034012,
    "fastest": 0.00038596,
    "average": 0.0010987319494243871,
    "requestsPerSec": 45433.91293461132,
    "totalData": 5906537,
    "sizePerRequest": 13,
    "sizePerSec": 590640.8681499471
  },
  "responseTimeHistogram": {
    "0.00038596": 1,
    "0.0008507651999999999": 13741,
    "0.0013155704": 428721,
    "0.0017803755999999998": 11137,
    "0.0022451807999999997": 539,
    "0.0027099859999999997": 108,
    "0.0031747911999999994": 35,
    "0.0036395963999999994": 22,
    "0.0041044016": 3,
    "0.0045692067999999995": 22,
    "0.005034012": 20
  },
  "latencyPercentiles": {
    "p10": 0.000953757,
    "p25": 0.001017978,
    "p50": 0.001107673,
    "p75": 0.001180081,
    "p90": 0.001231024,
    "p95": 0.001272046,
    "p99": 0.001406046
  },
  "rps": {
    "mean": 45433.97582616631,
    "stddev": 2984.175517419542,
    "max": 71112.57981536957,
    "percentiles": {
      "p10": 43085.29260939574,
      "p25": 44255.44765035881,
      "p50": 45307.08149683733,
      "p75": 46503.26234003436,
      "p90": 48376.211884201686,
      "p95": 50817.92299029879,
      "p99": 52063.39576125662
    }
  },
  "details": {
    "DNSDialup": {
      "average": 0.0007264674800000001,
      "fastest": 0.000074729,
      "slowest": 0.001806003
    },
    "DNSLookup": {
      "average": 0.0000070932200000000015,
      "fastest": 0.000003316,
      "slowest": 0.000029435
    }
  },
  "statusCodeDistribution": {
    "200": 454349
  },
  "errorDistribution": {}
}