{
  "summary": {
    "successRate": 1,
    "total": 10.00050102,
    "slowest": 0.003554766,
    "fastest": 0.000032791,
    "average": 0.0006187205945857036,
    "requestsPerSec": 80630.76023765058,
    "totalData": 10482524,
    "sizePerRequest": 13,
    "sizePerSec": 1048199.8830894575
  },
  "responseTimeHistogram": {
    "0.000032791": 1,
    "0.0003849885": 93577,
    "0.000737186": 516139,
    "0.0010893835": 163595,
    "0.001441581": 28552,
    "0.0017937785": 4338,
    "0.002145976": 120,
    "0.0024981735": 9,
    "0.002850371": 8,
    "0.0032025685": 7,
    "0.003554766": 2
  },
  "latencyPercentiles": {
    "p10": 0.000372072,
    "p25": 0.000460343,
    "p50": 0.000579894,
    "p75": 0.000732438,
    "p90": 0.000927859,
    "p95": 0.001051352,
    "p99": 0.00135788
  },
  "rps": {
    "mean": 80629.34716934823,
    "stddev": 9751.609511552628,
    "max": 103632.61866210189,
    "percentiles": {
      "p10": 67528.94966071719,
      "p25": 72713.91017101862,
      "p50": 80137.44822955457,
      "p75": 88775.8592328206,
      "p90": 93528.57297904373,
      "p95": 96343.99214670328,
      "p99": 99502.97513895748
    }
  },
  "details": {
    "DNSDialup": {
      "average": 0.00074543176,
      "fastest": 0.000077188,
      "slowest": 0.00151088
    },
    "DNSLookup": {
      "average": 0.0000067832600000000005,
      "fastest": 0.000003657,
      "slowest": 0.000031028
    }
  },
  "statusCodeDistribution": {
    "200": 806348
  },
  "errorDistribution": {}
}