{
  "summary": {
    "successRate": 1,
    "total": 10.00044287,
    "slowest": 0.003911579,
    "fastest": 0.000125504,
    "average": 0.0008790960502992245,
    "requestsPerSec": 56779.685398072776,
    "totalData": 7381686,
    "sizePerRequest": 13,
    "sizePerSec": 738135.9101749461
  },
  "responseTimeHistogram": {
    "0.000125504": 1,
    "0.0005041115000000001": 3758,
    "0.0008827190000000001": 220668,
    "0.0012613265": 339693,
    "0.0016399340000000002": 3279,
    "0.0020185415": 215,
    "0.002397149": 109,
    "0.0027757565": 29,
    "0.003154364": 28,
    "0.0035329715000000004": 4,
    "0.003911579000000001": 38
  },
  "latencyPercentiles": {
    "p10": 0.000581483,
    "p25": 0.000739283,
    "p50": 0.000923917,
    "p75": 0.001015643,
    "p90": 0.001069271,
    "p95": 0.001110046,
    "p99": 0.001225334
  },
  "rps": {
    "mean": 56768.772229470844,
    "stddev": 7957.840631668669,
    "max": 81459.20454986727,
    "percentiles": {
      "p10": 50041.168869627465,
      "p25": 51142.530128054204,
      "p50": 53479.1812757947,
      "p75": 61870.6996484897,
      "p90": 68430.18820022633,
      "p95": 72884.6707150995,
      "p99": 78141.07799132758
    }
  },
  "details": {
    "DNSDialup": {
      "average": 0.0007029172400000003,
      "fastest": 0.000085916,
      "slowest": 0.001477462
    },
    "DNSLookup": {
      "average": 0.00000815164,
      "fastest": 0.000004619,
      "slowest": 0.000033112
    }
  },
  "statusCodeDistribution": {
    "200": 567822
  },
  "errorDistribution": {}
}