{
  "summary": {
    "successRate": 1,
    "total": 10.000600724,
    "slowest": 0.0034834,
    "fastest": 0.000028922,
    "average": 0.0006086155398362906,
    "requestsPerSec": 81945.47733850713,
    "totalData": 10653552,
    "sizePerRequest": 13,
    "sizePerSec": 1065291.2054005926
  },
  "responseTimeHistogram": {
    "0.000028922": 1,
    "0.00037436980000000005": 86704,
    "0.0007198176000000001": 527895,
    "0.0010652654": 172521,
    "0.0014107132000000001": 27047,
    "0.0017561610000000002": 4957,
    "0.0021016088": 350,
    "0.0024470566": 14,
    "0.0027925044": 12,
    "0.0031379522": 2,
    "0.0034834": 1
  },
  "latencyPercentiles": {
    "p10": 0.000369348,
    "p25": 0.000458978,
    "p50": 0.000571066,
    "p75": 0.000719852,
    "p90": 0.000907141,
    "p95": 0.001027905,
    "p99": 0.001329687
  },
  "rps": {
    "mean": 81961.62365321141,
    "stddev": 9488.954274266902,
    "max": 102553.14296693394,
    "percentiles": {
      "p10": 67900.5635746777,
      "p25": 75726.56938807033,
      "p50": 83326.06439293941,
      "p75": 89251.02165374471,
      "p90": 93300.72662083108,
      "p95": 94821.29686327525,
      "p99": 97433.38067621879
    }
  },
  "details": {
    "DNSDialup": {
      "average": 0.00075334666,
      "fastest": 0.000083755,
      "slowest": 0.001708442
    },
    "DNSLookup": {
      "average": 0.000007108719999999999,
      "fastest": 0.000003597,
      "slowest": 0.000028012
    }
  },
  "statusCodeDistribution": {
    "200": 819504
  },
  "errorDistribution": {}
}