{
  "summary": {
    "successRate": 1,
    "total": 10.000693605,
    "slowest": 0.003161677,
    "fastest": 0.000033603,
    "average": 0.0006114054993257949,
    "requestsPerSec": 81574.54194898314,
    "totalData": 10605426,
    "sizePerRequest": 13,
    "sizePerSec": 1060469.0453367808
  },
  "responseTimeHistogram": {
    "0.000033603": 1,
    "0.0003464104": 60117,
    "0.0006592178": 485861,
    "0.0009720252": 210712,
    "0.0012848326": 48149,
    "0.00159764": 9212,
    "0.0019104474000000001": 1637,
    "0.0022232548": 55,
    "0.0025360622": 22,
    "0.0028488696": 20,
    "0.003161677": 16
  },
  "latencyPercentiles": {
    "p10": 0.000372456,
    "p25": 0.000462891,
    "p50": 0.000575152,
    "p75": 0.000717222,
    "p90": 0.000907093,
    "p95": 0.001035318,
    "p99": 0.001347163
  },
  "rps": {
    "mean": 81579.50213205171,
    "stddev": 9150.406112065948,
    "max": 99013.08953043939,
    "percentiles": {
      "p10": 68000.12338166649,
      "p25": 75695.05027462998,
      "p50": 82909.26096445008,
      "p75": 88865.0225369972,
      "p90": 92641.08632178695,
      "p95": 94214.67864693428,
      "p99": 96530.59054415593
    }
  },
  "details": {
    "DNSDialup": {
      "average": 0.00055794798,
      "fastest": 0.000077243,
      "slowest": 0.000968342
    },
    "DNSLookup": {
      "average": 0.000006348420000000001,
      "fastest": 0.000003496,
      "slowest": 0.000028613
    }
  },
  "statusCodeDistribution": {
    "200": 815802
  },
  "errorDistribution": {}
}