{
  "summary": {
    "successRate": 1,
    "total": 10.000170163,
    "slowest": 0.003213265,
    "fastest": 0.000036749,
    "average": 0.000650284880494902,
    "requestsPerSec": 76717.59455039585,
    "totalData": 9973457,
    "sizePerRequest": 13,
    "sizePerSec": 997328.729155146
  },
  "responseTimeHistogram": {
    "0.000036749": 1,
    "0.0003544006": 50369,
    "0.0006720522": 410928,
    "0.0009897038": 243007,
    "0.0013073554": 49829,
    "0.001625007": 11705,
    "0.0019426586": 1273,
    "0.0022603102": 45,
    "0.0025779618": 7,
    "0.0028956134": 18,
    "0.003213265": 7
  },
  "latencyPercentiles": {
    "p10": 0.000391682,
    "p25": 0.000485016,
    "p50": 0.000613972,
    "p75": 0.000777919,
    "p90": 0.000957096,
    "p95": 0.001076599,
    "p99": 0.001406843
  },
  "rps": {
    "mean": 76706.20897530623,
    "stddev": 10062.512594949796,
    "max": 99204.03760433187,
    "percentiles": {
      "p10": 64340.9594547848,
      "p25": 68378.35810929323,
      "p50": 75811.93279822156,
      "p75": 84763.63599843472,
      "p90": 90748.0420134372,
      "p95": 94038.41108967506,
      "p99": 96417.98195363417
    }
  },
  "details": {
    "DNSDialup": {
      "average": 0.0008652399800000001,
      "fastest": 0.000127687,
      "slowest": 0.001272233
    },
    "DNSLookup": {
      "average": 0.000008544940000000001,
      "fastest": 0.000004919,
      "slowest": 0.00003232
    }
  },
  "statusCodeDistribution": {
    "200": 767189
  },
  "errorDistribution": {}
}