{
  "summary": {
    "successRate": 1,
    "total": 10.00034833,
    "slowest": 0.004720223,
    "fastest": 0.000029884,
    "average": 0.0006553172514820694,
    "requestsPerSec": 76123.64838495581,
    "totalData": 9896419,
    "sizePerRequest": 13,
    "sizePerSec": 989607.4290044255
  },
  "responseTimeHistogram": {
    "0.000029884": 1,
    "0.0004989179": 210542,
    "0.0009679517999999999": 473671,
    "0.0014369856999999998": 69232,
    "0.0019060195999999999": 7678,
    "0.0023750535": 65,
    "0.0028440873999999996": 37,
    "0.0033131212999999997": 31,
    "0.0037821552": 5,
    "0.0042511890999999994": 0,
    "0.004720223": 1
  },
  "latencyPercentiles": {
    "p10": 0.000391119,
    "p25": 0.000485104,
    "p50": 0.000615166,
    "p75": 0.000787868,
    "p90": 0.000970265,
    "p95": 0.001094819,
    "p99": 0.001441306
  },
  "rps": {
    "mean": 76134.02874276004,
    "stddev": 10744.741295373437,
    "max": 98427.26645552932,
    "percentiles": {
      "p10": 62506.68801101794,
      "p25": 67119.55192547356,
      "p50": 75518.13945709763,
      "p75": 84578.60735767856,
      "p90": 91507.99773892891,
      "p95": 93613.56460551113,
      "p99": 96239.39078264762
    }
  },
  "details": {
    "DNSDialup": {
      "average": 0.00074872196,
      "fastest": 0.000075739,
      "slowest": 0.001803743
    },
    "DNSLookup": {
      "average": 0.000007761320000000001,
      "fastest": 0.000003616,
      "slowest": 0.000027531
    }
  },
  "statusCodeDistribution": {
    "200": 761263
  },
  "errorDistribution": {}
}