{
  "summary": {
    "successRate": 1,
    "total": 10.000682712,
    "slowest": 0.007906587,
    "fastest": 0.000033339,
    "average": 0.0006527990808806098,
    "requestsPerSec": 76413.58315298185,
    "totalData": 9934444,
    "sizePerRequest": 13,
    "sizePerSec": 993376.5809887641
  },
  "responseTimeHistogram": {
    "0.000033339": 1,
    "0.0008206637999999999": 605970,
    "0.0016079885999999999": 156120,
    "0.0023953133999999993": 2078,
    "0.0031826381999999994": 12,
    "0.003969963": 4,
    "0.004757287799999999": 0,
    "0.005544612599999999": 1,
    "0.006331937399999999": 0,
    "0.0071192621999999995": 0,
    "0.007906587": 2
  },
  "latencyPercentiles": {
    "p10": 0.000390368,
    "p25": 0.00048393,
    "p50": 0.00061427,
    "p75": 0.000783081,
    "p90": 0.00096507,
    "p95": 0.001085338,
    "p99": 0.001428645
  },
  "rps": {
    "mean": 76404.16258110794,
    "stddev": 10669.926749787503,
    "max": 99869.67660931595,
    "percentiles": {
      "p10": 63186.27666513828,
      "p25": 67514.46159767293,
      "p50": 74959.87795050607,
      "p75": 85338.48765793661,
      "p90": 91913.152772158,
      "p95": 94713.33563765699,
      "p99": 97359.40655635044
    }
  },
  "details": {
    "DNSDialup": {
      "average": 0.0007777880000000002,
      "fastest": 0.000097161,
      "slowest": 0.001814658
    },
    "DNSLookup": {
      "average": 0.000008587200000000003,
      "fastest": 0.000004368,
      "slowest": 0.000034233
    }
  },
  "statusCodeDistribution": {
    "200": 764188
  },
  "errorDistribution": {}
}