{
  "summary": {
    "successRate": 1,
    "total": 10.000360076,
    "slowest": 0.004322383,
    "fastest": 0.000036949,
    "average": 0.0006182978500915956,
    "requestsPerSec": 80675.69506184249,
    "totalData": 10488218,
    "sizePerRequest": 13,
    "sizePerSec": 1048784.0358039525
  },
  "responseTimeHistogram": {
    "0.000036949": 1,
    "0.0004654924": 228772,
    "0.0008940358": 477367,
    "0.0013225792": 91307,
    "0.0017511226000000001": 8874,
    "0.0021796660000000002": 402,
    "0.0026082094": 47,
    "0.0030367528": 10,
    "0.0034652962": 3,
    "0.0038938396000000003": 2,
    "0.004322383": 1
  },
  "latencyPercentiles": {
    "p10": 0.000385228,
    "p25": 0.000453202,
    "p50": 0.000562235,
    "p75": 0.00075602,
    "p90": 0.000926446,
    "p95": 0.001032024,
    "p99": 0.001353048
  },
  "rps": {
    "mean": 80674.47945564473,
    "stddev": 10151.704118116093,
    "max": 99766.73015944322,
    "percentiles": {
      "p10": 65417.6693124921,
      "p25": 72482.6054278554,
      "p50": 83537.33793079469,
      "p75": 88805.10568008597,
      "p90": 90641.7556756045,
      "p95": 93463.72646618099,
      "p99": 97326.75512498671
    }
  },
  "details": {
    "DNSDialup": {
      "average": 0.0009078088,
      "fastest": 0.000129902,
      "slowest": 0.00193842
    },
    "DNSLookup": {
      "average": 0.00003757094,
      "fastest": 0.000004779,
      "slowest": 0.001414098
    }
  },
  "statusCodeDistribution": {
    "200": 806786
  },
  "errorDistribution": {}
}