{
  "summary": {
    "successRate": 1,
    "total": 10.000140526,
    "slowest": 0.004098128,
    "fastest": 0.000029884,
    "average": 0.0006550783177086191,
    "requestsPerSec": 76139.1300472611,
    "totalData": 9898226,
    "sizePerRequest": 13,
    "sizePerSec": 989808.6906143944
  },
  "responseTimeHistogram": {
    "0.000029884": 1,
    "0.00043670840000000004": 122496,
    "0.0008435328000000001": 498088,
    "0.0012503572000000002": 122064,
    "0.0016571816000000002": 17260,
    "0.002064006": 1465,
    "0.0024708304000000004": 21,
    "0.0028776548": 5,
    "0.0032844792000000004": 0,
    "0.0036913036000000006": 0,
    "0.004098128": 2
  },
  "latencyPercentiles": {
    "p10": 0.000391495,
    "p25": 0.000486371,
    "p50": 0.000613439,
    "p75": 0.000783993,
    "p90": 0.000978632,
    "p95": 0.001102348,
    "p99": 0.001443223
  },
  "rps": {
    "mean": 76127.00502432701,
    "stddev": 10386.302716097716,
    "max": 99052.88433494297,
    "percentiles": {
      "p10": 62782.12845142738,
      "p25": 67486.89612745211,
      "p50": 75056.52067069677,
      "p75": 84858.39955057333,
      "p90": 90520.86505939593,
      "p95": 93274.29981455738,
      "p99": 96644.69744773506
    }
  },
  "details": {
    "DNSDialup": {
      "average": 0.0009352852399999999,
      "fastest": 0.000076331,
      "slowest": 0.002324695
    },
    "DNSLookup": {
      "average": 0.00000898042,
      "fastest": 0.000004639,
      "slowest": 0.000030336
    }
  },
  "statusCodeDistribution": {
    "200": 761402
  },
  "errorDistribution": {}
}