{
  "summary": {
    "successRate": 1,
    "total": 10.000404598,
    "slowest": 0.002926294,
    "fastest": 0.000030455,
    "average": 0.0006562740877672251,
    "requestsPerSec": 75993.42532121019,
    "totalData": 9879545,
    "sizePerRequest": 13,
    "sizePerSec": 987914.5291757325
  },
  "responseTimeHistogram": {
    "0.000030455": 1,
    "0.00032003889999999996": 33007,
    "0.0006096227999999999": 336902,
    "0.0008992066999999999": 280864,
    "0.0011887905999999999": 84611,
    "0.0014783745": 17943,
    "0.0017679583999999997": 6182,
    "0.0020575423": 417,
    "0.0023471262": 29,
    "0.0026367100999999996": 6,
    "0.002926294": 3
  },
  "latencyPercentiles": {
    "p10": 0.000391106,
    "p25": 0.0004867,
    "p50": 0.000616858,
    "p75": 0.000786253,
    "p90": 0.000976025,
    "p95": 0.00109605,
    "p99": 0.00145382
  },
  "rps": {
    "mean": 76002.65679909037,
    "stddev": 10296.483725739017,
    "max": 97823.96034868536,
    "percentiles": {
      "p10": 62765.337685602535,
      "p25": 67800.9804426528,
      "p50": 74914.66079911539,
      "p75": 84214.97038878687,
      "p90": 91170.73937668276,
      "p95": 93030.03939972255,
      "p99": 95839.61821345183
    }
  },
  "details": {
    "DNSDialup": {
      "average": 0.0010569047,
      "fastest": 0.000098754,
      "slowest": 0.002023193
    },
    "DNSLookup": {
      "average": 0.000010059739999999999,
      "fastest": 0.0000055,
      "slowest": 0.000032982
    }
  },
  "statusCodeDistribution": {
    "200": 759965
  },
  "errorDistribution": {}
}