{
  "summary": {
    "successRate": 1,
    "total": 10.000298761,
    "slowest": 0.00470175,
    "fastest": 0.000037374,
    "average": 0.0006263988223774342,
    "requestsPerSec": 79641.2206309283,
    "totalData": 10353668,
    "sizePerRequest": 13,
    "sizePerSec": 1035335.868202068
  },
  "responseTimeHistogram": {
    "0.000037374": 1,
    "0.0005038116": 283668,
    "0.0009702492": 443873,
    "0.0014366868": 63212,
    "0.0019031244": 5483,
    "0.0023695620000000004": 90,
    "0.0028359996000000003": 33,
    "0.0033024372000000006": 15,
    "0.0037688748000000005": 19,
    "0.0042353124": 41,
    "0.00470175": 1
  },
  "latencyPercentiles": {
    "p10": 0.000404538,
    "p25": 0.000471233,
    "p50": 0.000561362,
    "p75": 0.000752456,
    "p90": 0.000951169,
    "p95": 0.001039319,
    "p99": 0.001371782
  },
  "rps": {
    "mean": 79644.60438466413,
    "stddev": 10377.291767080942,
    "max": 99351.98095643322,
    "percentiles": {
      "p10": 64640.89128664664,
      "p25": 70815.34568541074,
      "p50": 82341.96185490824,
      "p75": 87646.30809254362,
      "p90": 91210.37061913664,
      "p95": 94244.27596084551,
      "p99": 96902.44194153447
    }
  },
  "details": {
    "DNSDialup": {
      "average": 0.0009547711799999999,
      "fastest": 0.000087244,
      "slowest": 0.002143776
    },
    "DNSLookup": {
      "average": 0.000010685419999999994,
      "fastest": 0.000003857,
      "slowest": 0.000064191
    }
  },
  "statusCodeDistribution": {
    "200": 796436
  },
  "errorDistribution": {}
}