{
  "summary": {
    "successRate": 1,
    "total": 10.000610557,
    "slowest": 0.003258523,
    "fastest": 0.000032981,
    "average": 0.0005997880414045293,
    "requestsPerSec": 83145.22351017693,
    "totalData": 10809539,
    "sizePerRequest": 13,
    "sizePerSec": 1080887.9056323
  },
  "responseTimeHistogram": {
    "0.000032981": 1,
    "0.00035553520000000004": 72273,
    "0.0006780894": 526394,
    "0.0010006436": 186200,
    "0.0013231978000000002": 38438,
    "0.0016457520000000003": 7045,
    "0.0019683062": 1109,
    "0.0022908604": 18,
    "0.0026134146000000003": 12,
    "0.0029359688000000004": 9,
    "0.0032585230000000006": 4
  },
  "latencyPercentiles": {
    "p10": 0.000367301,
    "p25": 0.000454315,
    "p50": 0.000562699,
    "p75": 0.000701883,
    "p90": 0.000887787,
    "p95": 0.001020215,
    "p99": 0.001319815
  },
  "rps": {
    "mean": 83130.19419536018,
    "stddev": 9616.16607578227,
    "max": 99333.67775731522,
    "percentiles": {
      "p10": 68225.98045335653,
      "p25": 77067.58056139523,
      "p50": 84886.73383709496,
      "p75": 90806.57439598675,
      "p90": 94262.65020292554,
      "p95": 95833.12951287502,
      "p99": 97725.18377986274
    }
  },
  "details": {
    "DNSDialup": {
      "average": 0.00075955382,
      "fastest": 0.000085559,
      "slowest": 0.001407557
    },
    "DNSLookup": {
      "average": 0.00000776728,
      "fastest": 0.000004238,
      "slowest": 0.000025818
    }
  },
  "statusCodeDistribution": {
    "200": 831503
  },
  "errorDistribution": {}
}