{
  "summary": {
    "successRate": 1,
    "total": 10.000377538,
    "slowest": 0.003684818,
    "fastest": 0.000036216,
    "average": 0.0006459904043946235,
    "requestsPerSec": 77214.4848597815,
    "totalData": 10038262,
    "sizePerRequest": 13,
    "sizePerSec": 1003788.3031771595
  },
  "responseTimeHistogram": {
    "0.000036216": 1,
    "0.0004010762": 89895,
    "0.0007659364000000001": 481226,
    "0.0011307966": 170738,
    "0.0014956568": 25430,
    "0.001860517": 4767,
    "0.0022253772000000002": 79,
    "0.0025902374": 15,
    "0.0029550976": 9,
    "0.0033199578": 4,
    "0.003684818": 10
  },
  "latencyPercentiles": {
    "p10": 0.000386894,
    "p25": 0.000479552,
    "p50": 0.000604508,
    "p75": 0.000774627,
    "p90": 0.00096313,
    "p95": 0.001083728,
    "p99": 0.001421967
  },
  "rps": {
    "mean": 77192.38247438052,
    "stddev": 10963.095612181423,
    "max": 100920.10501697089,
    "percentiles": {
      "p10": 63703.98149884382,
      "p25": 68232.94969140657,
      "p50": 75682.79697989857,
      "p75": 86229.17132866061,
      "p90": 93547.14029696905,
      "p95": 95573.06560865721,
      "p99": 98009.0519435089
    }
  },
  "details": {
    "DNSDialup": {
      "average": 0.00106134714,
      "fastest": 0.00012567,
      "slowest": 0.001763085
    },
    "DNSLookup": {
      "average": 0.000007982139999999997,
      "fastest": 0.000004359,
      "slowest": 0.000031309
    }
  },
  "statusCodeDistribution": {
    "200": 772174
  },
  "errorDistribution": {}
}