{
  "summary": {
    "successRate": 1,
    "total": 10.000217971,
    "slowest": 0.003802098,
    "fastest": 0.000035527,
    "average": 0.0006392933295803525,
    "requestsPerSec": 78033.5990938372,
    "totalData": 10144589,
    "sizePerRequest": 13,
    "sizePerSec": 1014436.7882198836
  },
  "responseTimeHistogram": {
    "0.000035527": 1,
    "0.0004121841": 106847,
    "0.0007888412": 501951,
    "0.0011654983000000002": 148179,
    "0.0015421554": 20730,
    "0.0019188125": 2575,
    "0.0022954696000000003": 42,
    "0.0026721267": 10,
    "0.0030487838": 9,
    "0.0034254409": 4,
    "0.003802098": 5
  },
  "latencyPercentiles": {
    "p10": 0.000383621,
    "p25": 0.000475911,
    "p50": 0.000601933,
    "p75": 0.000764391,
    "p90": 0.000945901,
    "p95": 0.00106214,
    "p99": 0.001399672
  },
  "rps": {
    "mean": 78045.68127764073,
    "stddev": 10187.982004467764,
    "max": 99744.46608298454,
    "percentiles": {
      "p10": 65224.63122534418,
      "p25": 69639.37624762318,
      "p50": 77257.42544433744,
      "p75": 85939.8761025153,
      "p90": 92846.67402303586,
      "p95": 95248.88172610458,
      "p99": 98104.11056222623
    }
  },
  "details": {
    "DNSDialup": {
      "average": 0.0011051467600000002,
      "fastest": 0.000149399,
      "slowest": 0.001728459
    },
    "DNSLookup": {
      "average": 0.000007754579999999999,
      "fastest": 0.000004067,
      "slowest": 0.00003194
    }
  },
  "statusCodeDistribution": {
    "200": 780353
  },
  "errorDistribution": {}
}