{
  "summary": {
    "successRate": 1,
    "total": 10.000379393,
    "slowest": 0.005138482,
    "fastest": 0.00003067,
    "average": 0.0006636927785401991,
    "requestsPerSec": 75164.74830206475,
    "totalData": 9771788,
    "sizePerRequest": 13,
    "sizePerSec": 977141.7279268417
  },
  "responseTimeHistogram": {
    "0.00003067": 1,
    "0.0005414511999999999": 256270,
    "0.0010522323999999999": 447872,
    "0.0015630135999999998": 43989,
    "0.0020737947999999997": 3472,
    "0.002584576": 30,
    "0.0030953571999999996": 38,
    "0.0036061383999999993": 2,
    "0.0041169195999999995": 1,
    "0.0046277008": 0,
    "0.005138482": 1
  },
  "latencyPercentiles": {
    "p10": 0.000395706,
    "p25": 0.000491875,
    "p50": 0.000625466,
    "p75": 0.000800629,
    "p90": 0.000972753,
    "p95": 0.0010981,
    "p99": 0.001453341
  },
  "rps": {
    "mean": 75165.13991028901,
    "stddev": 10350.826030878696,
    "max": 98124.33483504145,
    "percentiles": {
      "p10": 62313.02342189484,
      "p25": 66625.52248435949,
      "p50": 73817.98944402761,
      "p75": 83329.41528359574,
      "p90": 89977.09454611989,
      "p95": 93342.52470096723,
      "p99": 95924.21127092579
    }
  },
  "details": {
    "DNSDialup": {
      "average": 0.0009513636199999999,
      "fastest": 0.000097238,
      "slowest": 0.001917588
    },
    "DNSLookup": {
      "average": 0.00003377648,
      "fastest": 0.000003556,
      "slowest": 0.00127204
    }
  },
  "statusCodeDistribution": {
    "200": 751676
  },
  "errorDistribution": {}
}