{
  "summary": {
    "successRate": 1,
    "total": 10.000214125,
    "slowest": 0.004006412,
    "fastest": 0.00003119,
    "average": 0.0006342546824716169,
    "requestsPerSec": 78648.61593651127,
    "totalData": 10224539,
    "sizePerRequest": 13,
    "sizePerSec": 1022432.0071746465
  },
  "responseTimeHistogram": {
    "0.00003119": 1,
    "0.00042871219999999994": 132020,
    "0.0008262343999999998": 515647,
    "0.0012237565999999997": 121003,
    "0.0016212787999999997": 16643,
    "0.0020188009999999998": 1132,
    "0.0024163231999999994": 50,
    "0.0028138453999999994": 1,
    "0.0032113675999999995": 3,
    "0.0036088897999999995": 1,
    "0.004006412": 2
  },
  "latencyPercentiles": {
    "p10": 0.000380602,
    "p25": 0.000471971,
    "p50": 0.000595403,
    "p75": 0.000756674,
    "p90": 0.000944093,
    "p95": 0.001062622,
    "p99": 0.001392019
  },
  "rps": {
    "mean": 78647.68840052492,
    "stddev": 10224.112573135033,
    "max": 100498.74013326482,
    "percentiles": {
      "p10": 65362.388399735835,
      "p25": 70027.37370037881,
      "p50": 78219.35491366434,
      "p75": 86731.55293895262,
      "p90": 93578.87763595904,
      "p95": 95687.31467464317,
      "p99": 97784.46754093326
    }
  },
  "details": {
    "DNSDialup": {
      "average": 0.00079258076,
      "fastest": 0.000082074,
      "slowest": 0.001693883
    },
    "DNSLookup": {
      "average": 0.000010318160000000001,
      "fastest": 0.000003797,
      "slowest": 0.000197488
    }
  },
  "statusCodeDistribution": {
    "200": 786503
  },
  "errorDistribution": {}
}