{
  "summary": {
    "successRate": 1,
    "total": 10.000409281,
    "slowest": 0.003167034,
    "fastest": 0.000035984,
    "average": 0.0006456621729008706,
    "requestsPerSec": 77264.23772155211,
    "totalData": 10044762,
    "sizePerRequest": 13,
    "sizePerSec": 1004435.0903801775
  },
  "responseTimeHistogram": {
    "0.000035984": 1,
    "0.000349089": 49409,
    "0.000662194": 411862,
    "0.000975299": 243769,
    "0.001288404": 53002,
    "0.0016015089999999999": 12759,
    "0.001914614": 1804,
    "0.002227719": 38,
    "0.002540824": 16,
    "0.0028539290000000003": 9,
    "0.003167034": 5
  },
  "latencyPercentiles": {
    "p10": 0.000388801,
    "p25": 0.000481128,
    "p50": 0.000607559,
    "p75": 0.000773664,
    "p90": 0.000952247,
    "p95": 0.001075277,
    "p99": 0.001417748
  },
  "rps": {
    "mean": 77255.87033163996,
    "stddev": 10523.815215075301,
    "max": 99339.5172599556,
    "percentiles": {
      "p10": 64322.08177067215,
      "p25": 67940.03026583261,
      "p50": 76346.44154038845,
      "p75": 85763.34480647444,
      "p90": 92562.13696254382,
      "p95": 94804.11387787158,
      "p99": 97639.92496531972
    }
  },
  "details": {
    "DNSDialup": {
      "average": 0.00099227702,
      "fastest": 0.000097023,
      "slowest": 0.001461118
    },
    "DNSLookup": {
      "average": 0.000021609899999999998,
      "fastest": 0.000003276,
      "slowest": 0.000605997
    }
  },
  "statusCodeDistribution": {
    "200": 772674
  },
  "errorDistribution": {}
}