{
  "summary": {
    "successRate": 1,
    "total": 10.000140181,
    "slowest": 0.003517308,
    "fastest": 0.000030097,
    "average": 0.0006460405823869104,
    "requestsPerSec": 77210.81765103708,
    "totalData": 10037547,
    "sizePerRequest": 13,
    "sizePerSec": 1003740.6294634821
  },
  "responseTimeHistogram": {
    "0.000030097": 1,
    "0.00037881809999999993": 69909,
    "0.0007275391999999999": 462140,
    "0.0010762602999999998": 201356,
    "0.0014249813999999998": 31522,
    "0.0017737024999999998": 6867,
    "0.0021224236": 270,
    "0.0024711447": 34,
    "0.0028198658": 5,
    "0.0031685868999999996": 5,
    "0.003517308": 10
  },
  "latencyPercentiles": {
    "p10": 0.000387491,
    "p25": 0.000481146,
    "p50": 0.0006088,
    "p75": 0.000772588,
    "p90": 0.000955236,
    "p95": 0.001076863,
    "p99": 0.00141143
  },
  "rps": {
    "mean": 77201.54458898472,
    "stddev": 10555.060682478777,
    "max": 99712.8729319,
    "percentiles": {
      "p10": 64303.95469321096,
      "p25": 68717.9353811368,
      "p50": 76351.93661663555,
      "p75": 85460.95716672603,
      "p90": 92238.30753581687,
      "p95": 95720.40759089711,
      "p99": 97954.71750519834
    }
  },
  "details": {
    "DNSDialup": {
      "average": 0.00090818244,
      "fastest": 0.000098213,
      "slowest": 0.001256616
    },
    "DNSLookup": {
      "average": 0.0000072938,
      "fastest": 0.000003016,
      "slowest": 0.0000266
    }
  },
  "statusCodeDistribution": {
    "200": 772119
  },
  "errorDistribution": {}
}