{
  "summary": {
    "successRate": 1,
    "total": 10.00056367,
    "slowest": 0.004432817,
    "fastest": 0.000034284,
    "average": 0.0006510287456741376,
    "requestsPerSec": 76610.38170261457,
    "totalData": 9959911,
    "sizePerRequest": 13,
    "sizePerSec": 995934.9621339894
  },
  "responseTimeHistogram": {
    "0.000034284": 1,
    "0.0004741373": 177190,
    "0.0009139906": 491047,
    "0.0013538439": 86517,
    "0.0017936972000000002": 11189,
    "0.0022335505": 174,
    "0.0026734038": 19,
    "0.0031132571": 8,
    "0.0035531104": 1,
    "0.0039929637": 0,
    "0.004432817": 1
  },
  "latencyPercentiles": {
    "p10": 0.000389993,
    "p25": 0.000483986,
    "p50": 0.000614076,
    "p75": 0.000777309,
    "p90": 0.000964867,
    "p95": 0.001082687,
    "p99": 0.001426394
  },
  "rps": {
    "mean": 76619.7835834339,
    "stddev": 10508.274276252438,
    "max": 99968.95858763233,
    "percentiles": {
      "p10": 63619.66483840262,
      "p25": 67919.54045178951,
      "p50": 75426.6482348238,
      "p75": 84817.63358602188,
      "p90": 91787.19079691196,
      "p95": 94955.8055269143,
      "p99": 97228.4004157645
    }
  },
  "details": {
    "DNSDialup": {
      "average": 0.00092046392,
      "fastest": 0.000081884,
      "slowest": 0.001948468
    },
    "DNSLookup": {
      "average": 0.000008939479999999998,
      "fastest": 0.000004268,
      "slowest": 0.000025738
    }
  },
  "statusCodeDistribution": {
    "200": 766147
  },
  "errorDistribution": {}
}