{
  "summary": {
    "successRate": 1,
    "total": 10.000321456,
    "slowest": 0.007003276,
    "fastest": 0.000034598,
    "average": 0.0006298006112012748,
    "requestsPerSec": 79209.65375815415,
    "totalData": 10297586,
    "sizePerRequest": 13,
    "sizePerSec": 1029725.498856004
  },
  "responseTimeHistogram": {
    "0.000034598": 1,
    "0.0007314658": 562605,
    "0.0014283336": 223372,
    "0.0021252014": 6082,
    "0.0028220691999999996": 42,
    "0.0035189369999999993": 15,
    "0.0042158048": 4,
    "0.0049126726": 0,
    "0.0056095404": 0,
    "0.0063064081999999995": 0,
    "0.007003275999999999": 1
  },
  "latencyPercentiles": {
    "p10": 0.000388087,
    "p25": 0.000461213,
    "p50": 0.000581429,
    "p75": 0.000765413,
    "p90": 0.000937372,
    "p95": 0.001049429,
    "p99": 0.00138225
  },
  "rps": {
    "mean": 79205.05769981521,
    "stddev": 10134.764194666346,
    "max": 98005.60592065453,
    "percentiles": {
      "p10": 64903.859155420905,
      "p25": 70439.43486130351,
      "p50": 80452.47110165295,
      "p75": 88339.57613010303,
      "p90": 90343.90310154931,
      "p95": 93676.1363413397,
      "p99": 95885.682624402
    }
  },
  "details": {
    "DNSDialup": {
      "average": 0.0011157224599999999,
      "fastest": 0.000100398,
      "slowest": 0.001931654
    },
    "DNSLookup": {
      "average": 0.00001502414,
      "fastest": 0.000004148,
      "slowest": 0.000218729
    }
  },
  "statusCodeDistribution": {
    "200": 792122
  },
  "errorDistribution": {}
}