{
  "summary": {
    "successRate": 1,
    "total": 10.000341271,
    "slowest": 0.00374581,
    "fastest": 0.000034053,
    "average": 0.000647158248206208,
    "requestsPerSec": 77084.06934425708,
    "totalData": 10021271,
    "sizePerRequest": 13,
    "sizePerSec": 1002092.9014753421
  },
  "responseTimeHistogram": {
    "0.000034053": 1,
    "0.00040522869999999996": 92378,
    "0.0007764044": 487888,
    "0.0011475801": 162621,
    "0.0015187558": 24229,
    "0.0018899314999999998": 3668,
    "0.0022611072": 54,
    "0.0026322829": 12,
    "0.0030034586": 4,
    "0.0033746342999999997": 5,
    "0.0037458099999999996": 7
  },
  "latencyPercentiles": {
    "p10": 0.000388609,
    "p25": 0.000481676,
    "p50": 0.000608902,
    "p75": 0.000774221,
    "p90": 0.000956996,
    "p95": 0.001079908,
    "p99": 0.001414181
  },
  "rps": {
    "mean": 77065.5114881538,
    "stddev": 10621.643538920116,
    "max": 99237.3132297701,
    "percentiles": {
      "p10": 63663.80937912898,
      "p25": 67554.13788610074,
      "p50": 76286.13052988112,
      "p75": 85905.75568563594,
      "p90": 91970.51379292486,
      "p95": 94531.09127592598,
      "p99": 96701.5762356963
    }
  },
  "details": {
    "DNSDialup": {
      "average": 0.00105385488,
      "fastest": 0.000095037,
      "slowest": 0.001716382
    },
    "DNSLookup": {
      "average": 0.000008642479999999998,
      "fastest": 0.000003566,
      "slowest": 0.000029946
    }
  },
  "statusCodeDistribution": {
    "200": 770867
  },
  "errorDistribution": {}
}