{
  "summary": {
    "successRate": 1,
    "total": 10.000351289,
    "slowest": 0.007889489,
    "fastest": 0.000034374,
    "average": 0.0006646808946377649,
    "requestsPerSec": 75047.96364758983,
    "totalData": 9756578,
    "sizePerRequest": 13,
    "sizePerSec": 975623.5274186677
  },
  "responseTimeHistogram": {
    "0.000034374": 1,
    "0.0008198855": 581882,
    "0.001605397": 165955,
    "0.0023909085000000004": 2651,
    "0.00317642": 7,
    "0.0039619315": 9,
    "0.0047474430000000005": 0,
    "0.0055329545": 0,
    "0.006318466": 0,
    "0.0071039775": 0,
    "0.007889489": 1
  },
  "latencyPercentiles": {
    "p10": 0.00039575,
    "p25": 0.000491543,
    "p50": 0.000626006,
    "p75": 0.000799676,
    "p90": 0.00098168,
    "p95": 0.001106387,
    "p99": 0.001458625
  },
  "rps": {
    "mean": 75038.1482917978,
    "stddev": 10288.415658814374,
    "max": 99136.14503848007,
    "percentiles": {
      "p10": 62247.233562258516,
      "p25": 66161.95405377928,
      "p50": 74051.38662480825,
      "p75": 82657.17396723026,
      "p90": 90237.31412089629,
      "p95": 93451.76293148973,
      "p99": 95600.00956000379
    }
  },
  "details": {
    "DNSDialup": {
      "average": 0.0006275052200000001,
      "fastest": 0.000105412,
      "slowest": 0.001322082
    },
    "DNSLookup": {
      "average": 0.000008150959999999996,
      "fastest": 0.000003456,
      "slowest": 0.000032982
    }
  },
  "statusCodeDistribution": {
    "200": 750506
  },
  "errorDistribution": {}
}