{
  "summary": {
    "successRate": 1,
    "total": 10.000573713,
    "slowest": 0.003757093,
    "fastest": 0.000031958,
    "average": 0.0006008632071320537,
    "requestsPerSec": 83014.73733659985,
    "totalData": 10792535,
    "sizePerRequest": 13,
    "sizePerSec": 1079191.585375798
  },
  "responseTimeHistogram": {
    "0.000031958": 1,
    "0.0004044715": 124237,
    "0.000776985": 559122,
    "0.0011494984999999998": 128359,
    "0.0015220119999999999": 16072,
    "0.0018945255": 2352,
    "0.0022670389999999998": 34,
    "0.0026395525": 11,
    "0.003012066": 4,
    "0.0033845794999999997": 1,
    "0.003757093": 2
  },
  "latencyPercentiles": {
    "p10": 0.000368314,
    "p25": 0.0004569,
    "p50": 0.000565462,
    "p75": 0.000704892,
    "p90": 0.000889456,
    "p95": 0.001007914,
    "p99": 0.001309949
  },
  "rps": {
    "mean": 83003.96189537787,
    "stddev": 9872.758489089065,
    "max": 98923.73380624883,
    "percentiles": {
      "p10": 67310.97671241201,
      "p25": 76537.9934599547,
      "p50": 84634.57322316758,
      "p75": 90864.51380479864,
      "p90": 94538.50553330935,
      "p95": 95749.33963470765,
      "p99": 97957.06435698934
    }
  },
  "details": {
    "DNSDialup": {
      "average": 0.00086836292,
      "fastest": 0.000115095,
      "slowest": 0.00208457
    },
    "DNSLookup": {
      "average": 0.000007131459999999997,
      "fastest": 0.000003637,
      "slowest": 0.000028774
    }
  },
  "statusCodeDistribution": {
    "200": 830195
  },
  "errorDistribution": {}
}