{
  "summary": {
    "successRate": 1,
    "total": 10.00026486,
    "slowest": 0.00426448,
    "fastest": 0.000037499,
    "average": 0.0006464134694676828,
    "requestsPerSec": 77162.15628312869,
    "totalData": 10031346,
    "sizePerRequest": 13,
    "sizePerSec": 1003108.0316806729
  },
  "responseTimeHistogram": {
    "0.000037499": 1,
    "0.0004601971": 162620,
    "0.0008828952": 495310,
    "0.0013055933000000002": 100725,
    "0.0017282914000000002": 12523,
    "0.0021509895": 437,
    "0.0025736876": 8,
    "0.0029963857": 13,
    "0.0034190838": 1,
    "0.0038417819": 2,
    "0.00426448": 2
  },
  "latencyPercentiles": {
    "p10": 0.000387782,
    "p25": 0.000480741,
    "p50": 0.000608632,
    "p75": 0.000771948,
    "p90": 0.000963727,
    "p95": 0.001079204,
    "p99": 0.001407289
  },
  "rps": {
    "mean": 77158.93583422301,
    "stddev": 9991.935810510462,
    "max": 98533.48167708078,
    "percentiles": {
      "p10": 64352.5502925687,
      "p25": 68854.10555613543,
      "p50": 76047.13265953075,
      "p75": 85280.47918821269,
      "p90": 91614.47508706317,
      "p95": 93636.58381329756,
      "p99": 96603.31556815287
    }
  },
  "details": {
    "DNSDialup": {
      "average": 0.00074762218,
      "fastest": 0.000075391,
      "slowest": 0.00185777
    },
    "DNSLookup": {
      "average": 0.0000068757,
      "fastest": 0.000003397,
      "slowest": 0.00002638
    }
  },
  "statusCodeDistribution": {
    "200": 771642
  },
  "errorDistribution": {}
}