{
  "summary": {
    "successRate": 1,
    "total": 10.000592901,
    "slowest": 0.003268817,
    "fastest": 0.000032802,
    "average": 0.0006122157354339431,
    "requestsPerSec": 81460.27021243308,
    "totalData": 10590463,
    "sizePerRequest": 13,
    "sizePerSec": 1058983.5127616301
  },
  "responseTimeHistogram": {
    "0.000032802": 1,
    "0.0003564035": 66062,
    "0.0006800049999999999": 502318,
    "0.0010036065": 198233,
    "0.0013272079999999999": 39378,
    "0.0016508094999999998": 7602,
    "0.001974411": 1021,
    "0.0022980125": 13,
    "0.002621614": 18,
    "0.0029452155": 3,
    "0.003268817": 2
  },
  "latencyPercentiles": {
    "p10": 0.000374111,
    "p25": 0.000463378,
    "p50": 0.000575708,
    "p75": 0.000721275,
    "p90": 0.000905958,
    "p95": 0.001030469,
    "p99": 0.001339638
  },
  "rps": {
    "mean": 81471.7327681182,
    "stddev": 9229.86292740648,
    "max": 98835.81810047822,
    "percentiles": {
      "p10": 68118.62176794963,
      "p25": 75400.58437956228,
      "p50": 82702.7457311595,
      "p75": 88800.3640814932,
      "p90": 92561.79425384518,
      "p95": 94183.84122916179,
      "p99": 96489.13666445021
    }
  },
  "details": {
    "DNSDialup": {
      "average": 0.00073257456,
      "fastest": 0.000077375,
      "slowest": 0.001484302
    },
    "DNSLookup": {
      "average": 0.00000774728,
      "fastest": 0.000004187,
      "slowest": 0.000025698
    }
  },
  "statusCodeDistribution": {
    "200": 814651
  },
  "errorDistribution": {}
}