{
  "summary": {
    "successRate": 1,
    "total": 10.000675101,
    "slowest": 0.003461152,
    "fastest": 0.000033162,
    "average": 0.0006197914991071734,
    "requestsPerSec": 80467.66761971223,
    "totalData": 10461503,
    "sizePerRequest": 13,
    "sizePerSec": 1046079.6790562589
  },
  "responseTimeHistogram": {
    "0.000033162": 1,
    "0.00037596099999999996": 81950,
    "0.0007187599999999999": 507817,
    "0.001061559": 179299,
    "0.0014043579999999999": 29088,
    "0.0017471569999999998": 6075,
    "0.002089956": 432,
    "0.002432755": 31,
    "0.002775554": 10,
    "0.003118353": 23,
    "0.003461152": 5
  },
  "latencyPercentiles": {
    "p10": 0.000374287,
    "p25": 0.000466959,
    "p50": 0.000582824,
    "p75": 0.000733351,
    "p90": 0.000921075,
    "p95": 0.001042407,
    "p99": 0.001367101
  },
  "rps": {
    "mean": 80503.96764558402,
    "stddev": 9378.427902021494,
    "max": 120892.8074402894,
    "percentiles": {
      "p10": 67009.23634046763,
      "p25": 73930.33361588237,
      "p50": 81558.29512063644,
      "p75": 87821.92913570405,
      "p90": 91630.05650721084,
      "p95": 93569.59052561599,
      "p99": 96243.48336779932
    }
  },
  "details": {
    "DNSDialup": {
      "average": 0.0011601789600000005,
      "fastest": 0.000197881,
      "slowest": 0.001706116
    },
    "DNSLookup": {
      "average": 0.00001024314,
      "fastest": 0.000004027,
      "slowest": 0.000037781
    }
  },
  "statusCodeDistribution": {
    "200": 804731
  },
  "errorDistribution": {}
}