{
  "summary": {
    "successRate": 1,
    "total": 10.000380834,
    "slowest": 0.005704387,
    "fastest": 0.00003358,
    "average": 0.000650125187228595,
    "requestsPerSec": 76729.47788060209,
    "totalData": 9975212,
    "sizePerRequest": 13,
    "sizePerSec": 997483.2124478271
  },
  "responseTimeHistogram": {
    "0.00003358": 1,
    "0.0006006607": 368005,
    "0.0011677414": 374172,
    "0.0017348221": 24647,
    "0.0023019028": 472,
    "0.0028689835": 10,
    "0.0034360642": 15,
    "0.0040031449": 0,
    "0.0045702256": 0,
    "0.0051373063": 1,
    "0.005704387": 1
  },
  "latencyPercentiles": {
    "p10": 0.000391951,
    "p25": 0.000484901,
    "p50": 0.00061121,
    "p75": 0.000775143,
    "p90": 0.000965067,
    "p95": 0.001085261,
    "p99": 0.001419477
  },
  "rps": {
    "mean": 76723.5795564277,
    "stddev": 10346.728061431171,
    "max": 97964.63937292878,
    "percentiles": {
      "p10": 63742.1271718474,
      "p25": 67978.04559414531,
      "p50": 75964.91222794616,
      "p75": 85337.0106615259,
      "p90": 91920.08439825992,
      "p95": 93885.89192951436,
      "p99": 95918.56024141097
    }
  },
  "details": {
    "DNSDialup": {
      "average": 0.0009602172199999999,
      "fastest": 0.000090629,
      "slowest": 0.002212187
    },
    "DNSLookup": {
      "average": 0.00004468156,
      "fastest": 0.000003597,
      "slowest": 0.001920282
    }
  },
  "statusCodeDistribution": {
    "200": 767324
  },
  "errorDistribution": {}
}