{
  "summary": {
    "successRate": 1,
    "total": 10.000385533,
    "slowest": 0.004553563,
    "fastest": 0.000034835,
    "average": 0.000680884870690892,
    "requestsPerSec": 73254.9757789423,
    "totalData": 9523514,
    "sizePerRequest": 13,
    "sizePerSec": 952314.68512625
  },
  "responseTimeHistogram": {
    "0.000034835": 1,
    "0.00048670779999999996": 163798,
    "0.0009385805999999999": 466595,
    "0.0013904534": 89487,
    "0.0018423261999999999": 12401,
    "0.002294199": 267,
    "0.0027460718": 10,
    "0.0031979445999999996": 14,
    "0.0036498173999999998": 2,
    "0.0041016902": 2,
    "0.004553563": 1
  },
  "latencyPercentiles": {
    "p10": 0.000404364,
    "p25": 0.000501387,
    "p50": 0.000640666,
    "p75": 0.000820302,
    "p90": 0.001004601,
    "p95": 0.001136365,
    "p99": 0.001499641
  },
  "rps": {
    "mean": 73267.38715046296,
    "stddev": 10113.838213994597,
    "max": 95310.52228166063,
    "percentiles": {
      "p10": 61129.55002447946,
      "p25": 64688.31896187861,
      "p50": 71827.7398731391,
      "p75": 80702.6712584192,
      "p90": 87955.97232572481,
      "p95": 91379.57333245956,
      "p99": 94083.11302204372
    }
  },
  "details": {
    "DNSDialup": {
      "average": 0.0009688149399999997,
      "fastest": 0.000102842,
      "slowest": 0.001573699
    },
    "DNSLookup": {
      "average": 0.000009997860000000004,
      "fastest": 0.000003807,
      "slowest": 0.000063609
    }
  },
  "statusCodeDistribution": {
    "200": 732578
  },
  "errorDistribution": {}
}