{
  "summary": {
    "successRate": 1,
    "total": 10.000462966,
    "slowest": 0.006307831,
    "fastest": 0.000034104,
    "average": 0.0006842058648735472,
    "requestsPerSec": 72897.22510632814,
    "totalData": 9477078,
    "sizePerRequest": 13,
    "sizePerSec": 947663.9263822658
  },
  "responseTimeHistogram": {
    "0.000034104": 1,
    "0.0006614767": 417353,
    "0.0012888494": 282343,
    "0.0019162221": 21846,
    "0.0025435948": 4982,
    "0.0031709675": 1686,
    "0.0037983402": 496,
    "0.0044257129": 234,
    "0.0050530856": 43,
    "0.0056804583": 16,
    "0.006307831": 6
  },
  "latencyPercentiles": {
    "p10": 0.000397556,
    "p25": 0.000493298,
    "p50": 0.000621292,
    "p75": 0.000791468,
    "p90": 0.001016726,
    "p95": 0.001204031,
    "p99": 0.001929729
  },
  "rps": {
    "mean": 72897.26479258653,
    "stddev": 15608.754345563702,
    "max": 97784.39771366694,
    "percentiles": {
      "p10": 60543.25209929843,
      "p25": 67529.53066375997,
      "p50": 75322.69472791432,
      "p75": 82591.70156625316,
      "p90": 88945.5490156513,
      "p95": 92130.16341551236,
      "p99": 95338.55491161445
    }
  },
  "details": {
    "DNSDialup": {
      "average": 0.00093773492,
      "fastest": 0.000080681,
      "slowest": 0.002227697
    },
    "DNSLookup": {
      "average": 0.000010389059999999997,
      "fastest": 0.000003236,
      "slowest": 0.000034354
    }
  },
  "statusCodeDistribution": {
    "200": 729006
  },
  "errorDistribution": {}
}