{
  "summary": {
    "successRate": 1,
    "total": 10.000333698,
    "slowest": 0.003420419,
    "fastest": 0.00003766,
    "average": 0.0006448018747033573,
    "requestsPerSec": 77363.41839820074,
    "totalData": 10057580,
    "sizePerRequest": 13,
    "sizePerSec": 1005724.4391766095
  },
  "responseTimeHistogram": {
    "0.00003766": 1,
    "0.0003759359": 66361,
    "0.0007142118": 455404,
    "0.0010524877": 208750,
    "0.0013907636": 34184,
    "0.0017290394999999999": 8593,
    "0.0020673154000000003": 341,
    "0.0024055913": 17,
    "0.0027438672": 8,
    "0.0030821431000000003": 0,
    "0.003420419": 1
  },
  "latencyPercentiles": {
    "p10": 0.000389472,
    "p25": 0.000481202,
    "p50": 0.000606876,
    "p75": 0.000771199,
    "p90": 0.000949871,
    "p95": 0.001072257,
    "p99": 0.001419263
  },
  "rps": {
    "mean": 77369.30390670442,
    "stddev": 10812.044921695637,
    "max": 98408.11866978234,
    "percentiles": {
      "p10": 63741.41031879188,
      "p25": 67808.82192773242,
      "p50": 76687.37793925984,
      "p75": 86393.13204807576,
      "p90": 93451.30438425533,
      "p95": 95084.77758769787,
      "p99": 96853.27331913359
    }
  },
  "details": {
    "DNSDialup": {
      "average": 0.0009977286600000002,
      "fastest": 0.000089636,
      "slowest": 0.002304434
    },
    "DNSLookup": {
      "average": 0.000009556299999999999,
      "fastest": 0.000004869,
      "slowest": 0.000030747
    }
  },
  "statusCodeDistribution": {
    "200": 773660
  },
  "errorDistribution": {}
}