{
  "summary": {
    "successRate": 1,
    "total": 10.000426604,
    "slowest": 0.003558472,
    "fastest": 0.000030219,
    "average": 0.0006437977771716633,
    "requestsPerSec": 77485.49443781309,
    "totalData": 10073544,
    "sizePerRequest": 13,
    "sizePerSec": 1007311.4276915701
  },
  "responseTimeHistogram": {
    "0.000030219": 1,
    "0.00038304429999999997": 72808,
    "0.0007358695999999999": 475693,
    "0.0010886949": 190205,
    "0.0014415201999999998": 30030,
    "0.0017943454999999997": 6024,
    "0.0021471708": 107,
    "0.0024999961": 19,
    "0.0028528214": 0,
    "0.0032056466999999997": 0,
    "0.0035584719999999996": 1
  },
  "latencyPercentiles": {
    "p10": 0.000388642,
    "p25": 0.000480271,
    "p50": 0.000606428,
    "p75": 0.00076692,
    "p90": 0.000953354,
    "p95": 0.00107609,
    "p99": 0.001407162
  },
  "rps": {
    "mean": 77480.69043181953,
    "stddev": 10172.612069293922,
    "max": 99557.16572455595,
    "percentiles": {
      "p10": 64800.76464902132,
      "p25": 68755.85618102949,
      "p50": 77013.09992829575,
      "p75": 85628.03461852831,
      "p90": 92138.43093953506,
      "p95": 94341.53254378213,
      "p99": 96926.41244739272
    }
  },
  "details": {
    "DNSDialup": {
      "average": 0.0008797770399999999,
      "fastest": 0.000094139,
      "slowest": 0.002088212
    },
    "DNSLookup": {
      "average": 0.000009655000000000003,
      "fastest": 0.000003126,
      "slowest": 0.000031179
    }
  },
  "statusCodeDistribution": {
    "200": 774888
  },
  "errorDistribution": {}
}