{
  "summary": {
    "successRate": 1,
    "total": 10.000933084,
    "slowest": 0.003406914,
    "fastest": 0.000033863,
    "average": 0.000625763170648706,
    "requestsPerSec": 79696.66363183118,
    "totalData": 10361533,
    "sizePerRequest": 13,
    "sizePerSec": 1036056.6272138053
  },
  "responseTimeHistogram": {
    "0.000033863": 1,
    "0.0003711681": 73428,
    "0.0007084732": 493341,
    "0.0010457783000000001": 187426,
    "0.0013830834000000001": 35563,
    "0.0017203885000000002": 6512,
    "0.0020576936": 716,
    "0.0023949987": 21,
    "0.0027323038": 11,
    "0.0030696089": 5,
    "0.003406914": 17
  },
  "latencyPercentiles": {
    "p10": 0.000378297,
    "p25": 0.000470226,
    "p50": 0.000587116,
    "p75": 0.000742615,
    "p90": 0.000932661,
    "p95": 0.001056616,
    "p99": 0.00136374
  },
  "rps": {
    "mean": 79705.54750494134,
    "stddev": 9170.652348911113,
    "max": 98994.13740286206,
    "percentiles": {
      "p10": 66901.90670433982,
      "p25": 73343.32381108105,
      "p50": 80656.55637732791,
      "p75": 86766.54994380695,
      "p90": 90935.91059109237,
      "p95": 92618.50517732101,
      "p99": 95350.1637211334
    }
  },
  "details": {
    "DNSDialup": {
      "average": 0.0006507887199999999,
      "fastest": 0.000161206,
      "slowest": 0.000957642
    },
    "DNSLookup": {
      "average": 0.0000069626,
      "fastest": 0.000003587,
      "slowest": 0.000030106
    }
  },
  "statusCodeDistribution": {
    "200": 797041
  },
  "errorDistribution": {}
}