{
  "summary": {
    "successRate": 1,
    "total": 10.000481983,
    "slowest": 0.004620082,
    "fastest": 0.000035236,
    "average": 0.0006331733070064796,
    "requestsPerSec": 78778.90299079998,
    "totalData": 10241751,
    "sizePerRequest": 13,
    "sizePerSec": 1024125.7388803997
  },
  "responseTimeHistogram": {
    "0.000035236": 1,
    "0.0004937206": 233181,
    "0.0009522052": 478901,
    "0.0014106897999999997": 67995,
    "0.0018691743999999998": 7674,
    "0.002327659": 63,
    "0.0027861436": 6,
    "0.0032446282": 3,
    "0.0037031128": 0,
    "0.0041615974": 1,
    "0.004620082": 2
  },
  "latencyPercentiles": {
    "p10": 0.000382032,
    "p25": 0.000472022,
    "p50": 0.000591634,
    "p75": 0.000756715,
    "p90": 0.000944336,
    "p95": 0.001065392,
    "p99": 0.001407407
  },
  "rps": {
    "mean": 78799.1376269336,
    "stddev": 10590.689912610376,
    "max": 100657.70407526843,
    "percentiles": {
      "p10": 64308.52731072007,
      "p25": 70020.29188058208,
      "p50": 78788.0377533869,
      "p75": 87307.3425475089,
      "p90": 93044.08807478331,
      "p95": 95443.36705732581,
      "p99": 97323.67901147445
    }
  },
  "details": {
    "DNSDialup": {
      "average": 0.0010648493,
      "fastest": 0.0000964,
      "slowest": 0.002363148
    },
    "DNSLookup": {
      "average": 0.000010939900000000002,
      "fastest": 0.000004818,
      "slowest": 0.000040185
    }
  },
  "statusCodeDistribution": {
    "200": 787827
  },
  "errorDistribution": {}
}