{
  "summary": {
    "successRate": 1,
    "total": 10.001066942,
    "slowest": 0.003063288,
    "fastest": 0.000030255,
    "average": 0.0006117509394279042,
    "requestsPerSec": 81530.50116840225,
    "totalData": 10600096,
    "sizePerRequest": 13,
    "sizePerSec": 1059896.515189229
  },
  "responseTimeHistogram": {
    "0.000030255": 1,
    "0.00033355829999999996": 50229,
    "0.0006368616": 464467,
    "0.0009401648999999999": 230671,
    "0.0012434682": 57480,
    "0.0015467715000000001": 9996,
    "0.0018500748": 2367,
    "0.0021533780999999997": 128,
    "0.0024566813999999998": 7,
    "0.0027599847": 23,
    "0.003063288": 23
  },
  "latencyPercentiles": {
    "p10": 0.000373627,
    "p25": 0.000463132,
    "p50": 0.000574202,
    "p75": 0.000718674,
    "p90": 0.000909869,
    "p95": 0.001033984,
    "p99": 0.001334491
  },
  "rps": {
    "mean": 81556.08960728584,
    "stddev": 9573.091345708754,
    "max": 112246.1864995207,
    "percentiles": {
      "p10": 67323.50263476951,
      "p25": 75492.41781789047,
      "p50": 83203.30317113386,
      "p75": 89032.96000179353,
      "p90": 92826.70624338831,
      "p95": 94331.52038476238,
      "p99": 96510.72234125415
    }
  },
  "details": {
    "DNSDialup": {
      "average": 0.0005810970800000002,
      "fastest": 0.000083115,
      "slowest": 0.001032221
    },
    "DNSLookup": {
      "average": 0.000007095600000000001,
      "fastest": 0.000003727,
      "slowest": 0.000025708
    }
  },
  "statusCodeDistribution": {
    "200": 815392
  },
  "errorDistribution": {}
}