{
  "summary": {
    "successRate": 1,
    "total": 10.000597495,
    "slowest": 0.003935856,
    "fastest": 0.000032988,
    "average": 0.0006574574666543932,
    "requestsPerSec": 75877.9663294508,
    "totalData": 9864725,
    "sizePerRequest": 13,
    "sizePerSec": 986413.5622828605
  },
  "responseTimeHistogram": {
    "0.000032988": 1,
    "0.0004232748": 104185,
    "0.0008135616": 485865,
    "0.0012038484000000001": 146337,
    "0.0015941352": 19905,
    "0.001984422": 2469,
    "0.0023747088": 42,
    "0.0027649956": 17,
    "0.0031552824": 1,
    "0.0035455692": 2,
    "0.003935856": 1
  },
  "latencyPercentiles": {
    "p10": 0.000393358,
    "p25": 0.000488009,
    "p50": 0.000618468,
    "p75": 0.00079053,
    "p90": 0.00096874,
    "p95": 0.001091896,
    "p99": 0.001437756
  },
  "rps": {
    "mean": 75888.41154618823,
    "stddev": 10495.332695176197,
    "max": 98193.49052382773,
    "percentiles": {
      "p10": 62600.86389192224,
      "p25": 67063.62325938632,
      "p50": 74672.89568076118,
      "p75": 84415.8239069833,
      "p90": 90921.94855838298,
      "p95": 93558.53501789321,
      "p99": 96119.61801403986
    }
  },
  "details": {
    "DNSDialup": {
      "average": 0.0009000495199999999,
      "fastest": 0.000105925,
      "slowest": 0.001684463
    },
    "DNSLookup": {
      "average": 0.00001062304,
      "fastest": 0.000003517,
      "slowest": 0.000135693
    }
  },
  "statusCodeDistribution": {
    "200": 758825
  },
  "errorDistribution": {}
}