{
  "summary": {
    "successRate": 1,
    "total": 10.00066908,
    "slowest": 0.003333465,
    "fastest": 0.000033593,
    "average": 0.0006035256677000201,
    "requestsPerSec": 82639.07078505191,
    "totalData": 10743798,
    "sizePerRequest": 13,
    "sizePerSec": 1074307.9202056748
  },
  "responseTimeHistogram": {
    "0.000033593": 1,
    "0.00036358019999999997": 77629,
    "0.0006935673999999999": 529910,
    "0.0010235545999999999": 177219,
    "0.0013535417999999998": 34589,
    "0.0016835289999999998": 6264,
    "0.0020135162": 797,
    "0.0023435034": 17,
    "0.0026734906": 5,
    "0.0030034778": 10,
    "0.003333465": 5
  },
  "latencyPercentiles": {
    "p10": 0.000368948,
    "p25": 0.000456892,
    "p50": 0.000565003,
    "p75": 0.000706564,
    "p90": 0.000900289,
    "p95": 0.001025041,
    "p99": 0.001321414
  },
  "rps": {
    "mean": 82651.41108241318,
    "stddev": 9649.037894583398,
    "max": 100476.22126144833,
    "percentiles": {
      "p10": 67880.52145876543,
      "p25": 76405.81441238226,
      "p50": 84714.29977379797,
      "p75": 89937.29699706519,
      "p90": 94006.01638504748,
      "p95": 95538.43511244583,
      "p99": 97784.51938808635
    }
  },
  "details": {
    "DNSDialup": {
      "average": 0.0008516597200000001,
      "fastest": 0.000099244,
      "slowest": 0.001223742
    },
    "DNSLookup": {
      "average": 0.0000068924200000000025,
      "fastest": 0.000003516,
      "slowest": 0.000030527
    }
  },
  "statusCodeDistribution": {
    "200": 826446
  },
  "errorDistribution": {}
}