{
  "summary": {
    "successRate": 1,
    "total": 10.000288685,
    "slowest": 0.009044946,
    "fastest": 0.000032431,
    "average": 0.000636864305730119,
    "requestsPerSec": 78332.83864844749,
    "totalData": 10183563,
    "sizePerRequest": 13,
    "sizePerSec": 1018326.9024298172
  },
  "responseTimeHistogram": {
    "0.000032431": 1,
    "0.0009336825": 703254,
    "0.001834934": 79946,
    "0.0027361854999999997": 97,
    "0.003637437": 1,
    "0.0045386885000000005": 1,
    "0.00543994": 0,
    "0.0063411915": 0,
    "0.007242443": 1,
    "0.0081436945": 0,
    "0.009044946": 50
  },
  "latencyPercentiles": {
    "p10": 0.000386036,
    "p25": 0.000476927,
    "p50": 0.000598571,
    "p75": 0.000758885,
    "p90": 0.000938115,
    "p95": 0.001061466,
    "p99": 0.001397789
  },
  "rps": {
    "mean": 78330.23076537077,
    "stddev": 10798.24883174805,
    "max": 100066.80813051925,
    "percentiles": {
      "p10": 64925.97688335081,
      "p25": 69590.76219733452,
      "p50": 77467.24931913395,
      "p75": 87234.32670755798,
      "p90": 93506.7324847415,
      "p95": 95909.2744268377,
      "p99": 97499.83007601551
    }
  },
  "details": {
    "DNSDialup": {
      "average": 0.0009993968000000003,
      "fastest": 0.000081741,
      "slowest": 0.001918096
    },
    "DNSLookup": {
      "average": 0.000038148119999999996,
      "fastest": 0.000004007,
      "slowest": 0.001389427
    }
  },
  "statusCodeDistribution": {
    "200": 783351
  },
  "errorDistribution": {}
}