{
  "summary": {
    "successRate": 1,
    "total": 10.000891071,
    "slowest": 0.003933144,
    "fastest": 0.000032444,
    "average": 0.0006065220923348204,
    "requestsPerSec": 82234.67230683129,
    "totalData": 10691460,
    "sizePerRequest": 13,
    "sizePerSec": 1069050.7399888067
  },
  "responseTimeHistogram": {
    "0.000032444": 1,
    "0.0004225140000000001": 144515,
    "0.0008125840000000001": 551178,
    "0.001202654": 112509,
    "0.0015927240000000002": 12701,
    "0.0019827940000000004": 1468,
    "0.002372864": 25,
    "0.0027629340000000003": 20,
    "0.0031530040000000005": 2,
    "0.0035430740000000007": 0,
    "0.003933144000000001": 1
  },
  "latencyPercentiles": {
    "p10": 0.000370441,
    "p25": 0.000459328,
    "p50": 0.000570577,
    "p75": 0.000714997,
    "p90": 0.0008985,
    "p95": 0.001017947,
    "p99": 0.001318032
  },
  "rps": {
    "mean": 82240.25082222473,
    "stddev": 9303.362153799271,
    "max": 99115.09244534739,
    "percentiles": {
      "p10": 68664.51718033988,
      "p25": 76166.79334158753,
      "p50": 83531.70863660116,
      "p75": 89598.69296029871,
      "p90": 93384.03249523543,
      "p95": 95093.6410731253,
      "p99": 96986.23045750409
    }
  },
  "details": {
    "DNSDialup": {
      "average": 0.0007779818799999998,
      "fastest": 0.000146554,
      "slowest": 0.001444356
    },
    "DNSLookup": {
      "average": 0.00003257948,
      "fastest": 0.000003587,
      "slowest": 0.001292115
    }
  },
  "statusCodeDistribution": {
    "200": 822420
  },
  "errorDistribution": {}
}