{
  "summary": {
    "successRate": 1,
    "total": 10.00046874,
    "slowest": 0.004169951,
    "fastest": 0.00003287,
    "average": 0.0006453264204380135,
    "requestsPerSec": 77307.17630341795,
    "totalData": 10050404,
    "sizePerRequest": 13,
    "sizePerSec": 1004993.2919444334
  },
  "responseTimeHistogram": {
    "0.00003287": 1,
    "0.00044657809999999997": 131715,
    "0.0008602861999999999": 525106,
    "0.0012739942999999997": 102762,
    "0.0016877023999999998": 12863,
    "0.0021014105": 616,
    "0.0025151185999999996": 25,
    "0.0029288266999999996": 10,
    "0.0033425347999999997": 0,
    "0.0037562429": 2,
    "0.004169951": 8
  },
  "latencyPercentiles": {
    "p10": 0.0003955,
    "p25": 0.00049078,
    "p50": 0.000610902,
    "p75": 0.000764527,
    "p90": 0.000941469,
    "p95": 0.001060793,
    "p99": 0.001381234
  },
  "rps": {
    "mean": 77318.74559692206,
    "stddev": 8396.401368986995,
    "max": 99173.09056774896,
    "percentiles": {
      "p10": 66250.74144286952,
      "p25": 71032.12783142188,
      "p50": 76937.3008205297,
      "p75": 83434.10786329501,
      "p90": 89045.35349901259,
      "p95": 91303.83581345336,
      "p99": 94775.03339393601
    }
  },
  "details": {
    "DNSDialup": {
      "average": 0.0010543895200000003,
      "fastest": 0.000130905,
      "slowest": 0.001565421
    },
    "DNSLookup": {
      "average": 0.000008925680000000002,
      "fastest": 0.000004087,
      "slowest": 0.00002655
    }
  },
  "statusCodeDistribution": {
    "200": 773108
  },
  "errorDistribution": {}
}