{
  "summary": {
    "successRate": 1,
    "total": 10.000236964,
    "slowest": 0.003456226,
    "fastest": 0.000031569,
    "average": 0.0006285433112747377,
    "requestsPerSec": 79364.01935845167,
    "totalData": 10317567,
    "sizePerRequest": 13,
    "sizePerSec": 1031732.2516598717
  },
  "responseTimeHistogram": {
    "0.000031569": 1,
    "0.00037403470000000005": 74900,
    "0.0007165004": 484010,
    "0.0010589661000000002": 197353,
    "0.0014014318000000001": 30157,
    "0.0017438975": 7008,
    "0.0020863632000000004": 206,
    "0.0024288289000000004": 21,
    "0.0027712946000000003": 2,
    "0.0031137603000000002": 0,
    "0.003456226": 1
  },
  "latencyPercentiles": {
    "p10": 0.000378973,
    "p25": 0.000469543,
    "p50": 0.000590501,
    "p75": 0.000751388,
    "p90": 0.000926886,
    "p95": 0.001047291,
    "p99": 0.001385238
  },
  "rps": {
    "mean": 79331.7723302014,
    "stddev": 11115.43134179284,
    "max": 101726.14361891146,
    "percentiles": {
      "p10": 64935.24035494527,
      "p25": 69441.92208836864,
      "p50": 78834.07208596161,
      "p75": 88900.59563398665,
      "p90": 94979.69746414151,
      "p95": 97100.73796561992,
      "p99": 99274.48074966522
    }
  },
  "details": {
    "DNSDialup": {
      "average": 0.0009128946399999999,
      "fastest": 0.000084499,
      "slowest": 0.00190633
    },
    "DNSLookup": {
      "average": 0.00001017716,
      "fastest": 0.000004168,
      "slowest": 0.000058358
    }
  },
  "statusCodeDistribution": {
    "200": 793659
  },
  "errorDistribution": {}
}