{
  "summary": {
    "successRate": 1,
    "total": 10.000396336,
    "slowest": 0.003352827,
    "fastest": 0.000032541,
    "average": 0.0006558264861930476,
    "requestsPerSec": 76056.48560767202,
    "totalData": 9887735,
    "sizePerRequest": 13,
    "sizePerSec": 988734.3128997363
  },
  "responseTimeHistogram": {
    "0.000032541": 1,
    "0.0003645696": 55437,
    "0.0006965982": 420313,
    "0.0010286268": 231759,
    "0.0013606554": 41918,
    "0.001692684": 10376,
    "0.0020247126": 742,
    "0.0023567412": 17,
    "0.0026887698": 7,
    "0.0030207984": 11,
    "0.003352827": 14
  },
  "latencyPercentiles": {
    "p10": 0.000392458,
    "p25": 0.000485416,
    "p50": 0.000617391,
    "p75": 0.000788418,
    "p90": 0.000968902,
    "p95": 0.001086825,
    "p99": 0.001435417
  },
  "rps": {
    "mean": 76047.0381432929,
    "stddev": 10448.61733521433,
    "max": 100109.19002364202,
    "percentiles": {
      "p10": 63131.09206284118,
      "p25": 66961.0818989083,
      "p50": 75303.66728859767,
      "p75": 83957.51929646972,
      "p90": 91822.90981598823,
      "p95": 93876.93214589077,
      "p99": 97496.47703702243
    }
  },
  "details": {
    "DNSDialup": {
      "average": 0.0009651288200000002,
      "fastest": 0.000122243,
      "slowest": 0.001704829
    },
    "DNSLookup": {
      "average": 0.000009394660000000002,
      "fastest": 0.000004488,
      "slowest": 0.000032661
    }
  },
  "statusCodeDistribution": {
    "200": 760595
  },
  "errorDistribution": {}
}