{
  "summary": {
    "successRate": 1,
    "total": 10.000209083,
    "slowest": 0.004215061,
    "fastest": 0.000036291,
    "average": 0.0006399422255338835,
    "requestsPerSec": 77935.67049762054,
    "totalData": 10131849,
    "sizePerRequest": 13,
    "sizePerSec": 1013163.716469067
  },
  "responseTimeHistogram": {
    "0.000036291": 1,
    "0.00045416799999999997": 161478,
    "0.000872045": 503797,
    "0.0012899219999999998": 99673,
    "0.0017077989999999999": 13718,
    "0.002125676": 644,
    "0.0025435529999999996": 21,
    "0.0029614299999999997": 6,
    "0.003379307": 33,
    "0.003797184": 1,
    "0.004215061": 1
  },
  "latencyPercentiles": {
    "p10": 0.000385209,
    "p25": 0.000475692,
    "p50": 0.000599868,
    "p75": 0.000764383,
    "p90": 0.000953558,
    "p95": 0.001073242,
    "p99": 0.001417607
  },
  "rps": {
    "mean": 77921.6733936327,
    "stddev": 10850.548792572754,
    "max": 100459.69314966758,
    "percentiles": {
      "p10": 63539.419856079774,
      "p25": 68543.58686688791,
      "p50": 77805.84321882713,
      "p75": 86548.0081801374,
      "p90": 93203.04528687072,
      "p95": 95198.3494147859,
      "p99": 97576.76030128392
    }
  },
  "details": {
    "DNSDialup": {
      "average": 0.0008656175600000002,
      "fastest": 0.000117881,
      "slowest": 0.001691932
    },
    "DNSLookup": {
      "average": 0.00001440098,
      "fastest": 0.000004227,
      "slowest": 0.000137197
    }
  },
  "statusCodeDistribution": {
    "200": 779373
  },
  "errorDistribution": {}
}