{
  "summary": {
    "successRate": 1,
    "total": 10.000526911,
    "slowest": 0.004159701,
    "fastest": 0.000029412,
    "average": 0.0006629590519578465,
    "requestsPerSec": 75239.73553557093,
    "totalData": 9781681,
    "sizePerRequest": 13,
    "sizePerSec": 978116.561962422
  },
  "responseTimeHistogram": {
    "0.000029412": 1,
    "0.0004424408999999999": 122950,
    "0.0008554697999999999": 489913,
    "0.0012684986999999997": 122061,
    "0.0016815275999999997": 16441,
    "0.0020945564999999998": 1047,
    "0.0025075853999999994": 20,
    "0.0029206142999999994": 3,
    "0.0033336431999999995": 0,
    "0.0037466720999999995": 0,
    "0.004159701": 1
  },
  "latencyPercentiles": {
    "p10": 0.000395727,
    "p25": 0.000491598,
    "p50": 0.000625188,
    "p75": 0.000794074,
    "p90": 0.000983978,
    "p95": 0.001103957,
    "p99": 0.001450161
  },
  "rps": {
    "mean": 75255.73864777248,
    "stddev": 10193.219299828894,
    "max": 97518.88940887578,
    "percentiles": {
      "p10": 62692.29026490494,
      "p25": 66719.55477019287,
      "p50": 74023.64168871428,
      "p75": 83456.66707695102,
      "p90": 89928.95712419564,
      "p95": 92629.66300227269,
      "p99": 95855.38157351638
    }
  },
  "details": {
    "DNSDialup": {
      "average": 0.0010028860199999998,
      "fastest": 0.000118391,
      "slowest": 0.002371154
    },
    "DNSLookup": {
      "average": 0.000009298099999999998,
      "fastest": 0.000004218,
      "slowest": 0.000034204
    }
  },
  "statusCodeDistribution": {
    "200": 752437
  },
  "errorDistribution": {}
}