{
  "summary": {
    "successRate": 1,
    "total": 10.000961082,
    "slowest": 0.003378051,
    "fastest": 0.000029408,
    "average": 0.0006194809456757198,
    "requestsPerSec": 80505.06280332309,
    "totalData": 10466664,
    "sizePerRequest": 13,
    "sizePerSec": 1046565.8164432001
  },
  "responseTimeHistogram": {
    "0.000029408": 1,
    "0.0003642723": 69882,
    "0.0006991366": 501765,
    "0.0010340009000000003": 192378,
    "0.0013688652000000002": 33542,
    "0.0017037295000000001": 6834,
    "0.0020385938000000003": 684,
    "0.0023734581": 29,
    "0.0027083224": 10,
    "0.0030431867": 2,
    "0.003378051": 1
  },
  "latencyPercentiles": {
    "p10": 0.000377012,
    "p25": 0.000468693,
    "p50": 0.000583423,
    "p75": 0.000732077,
    "p90": 0.000915128,
    "p95": 0.001037496,
    "p99": 0.001355708
  },
  "rps": {
    "mean": 80486.28221057946,
    "stddev": 9193.017515901074,
    "max": 96857.83381257363,
    "percentiles": {
      "p10": 66926.45905951914,
      "p25": 73943.56015128367,
      "p50": 81756.02740558574,
      "p75": 87939.55521193247,
      "p90": 91570.0620919322,
      "p95": 93339.17445151914,
      "p99": 95483.95904518735
    }
  },
  "details": {
    "DNSDialup": {
      "average": 0.0008388586800000002,
      "fastest": 0.000103342,
      "slowest": 0.001342311
    },
    "DNSLookup": {
      "average": 0.000008234679999999998,
      "fastest": 0.000003577,
      "slowest": 0.000041858
    }
  },
  "statusCodeDistribution": {
    "200": 805128
  },
  "errorDistribution": {}
}