{
  "summary": {
    "successRate": 1,
    "total": 10.000236473,
    "slowest": 0.004464443,
    "fastest": 0.000030509,
    "average": 0.0006566189197198604,
    "requestsPerSec": 75978.40331590327,
    "totalData": 9877426,
    "sizePerRequest": 13,
    "sizePerSec": 987719.2431067425
  },
  "responseTimeHistogram": {
    "0.000030509": 1,
    "0.0004739024000000001": 166460,
    "0.0009172958000000001": 496059,
    "0.0013606892000000003": 86006,
    "0.0018040826000000002": 11109,
    "0.0022474760000000004": 129,
    "0.002690869400000001": 13,
    "0.0031342628000000008": 12,
    "0.0035776562000000007": 9,
    "0.004021049600000001": 2,
    "0.004464443": 2
  },
  "latencyPercentiles": {
    "p10": 0.000394653,
    "p25": 0.000490713,
    "p50": 0.000622652,
    "p75": 0.000781349,
    "p90": 0.000965284,
    "p95": 0.001086922,
    "p99": 0.001428609
  },
  "rps": {
    "mean": 75969.20858044371,
    "stddev": 10014.348742422659,
    "max": 97961.93770125971,
    "percentiles": {
      "p10": 63599.700870410765,
      "p25": 67494.03268633626,
      "p50": 74892.60130277013,
      "p75": 84075.2641764847,
      "p90": 90798.97651393597,
      "p95": 93368.1307249901,
      "p99": 96030.26136069039
    }
  },
  "details": {
    "DNSDialup": {
      "average": 0.00088591934,
      "fastest": 0.000131888,
      "slowest": 0.00185935
    },
    "DNSLookup": {
      "average": 0.00003223904,
      "fastest": 0.000004348,
      "slowest": 0.00118711
    }
  },
  "statusCodeDistribution": {
    "200": 759802
  },
  "errorDistribution": {}
}