{
  "summary": {
    "successRate": 1,
    "total": 10.000712496,
    "slowest": 0.004652605,
    "fastest": 0.000033099,
    "average": 0.0006160860478144587,
    "requestsPerSec": 80944.63272729603,
    "totalData": 10523552,
    "sizePerRequest": 13,
    "sizePerSec": 1052280.2254548485
  },
  "responseTimeHistogram": {
    "0.000033099": 1,
    "0.0004950496": 253362,
    "0.0009570001999999999": 491034,
    "0.0014189507999999998": 59611,
    "0.0018809013999999998": 5361,
    "0.002342852": 103,
    "0.0028048025999999997": 31,
    "0.0032667532": 0,
    "0.0037287037999999997": 0,
    "0.0041906543999999995": 0,
    "0.004652605": 1
  },
  "latencyPercentiles": {
    "p10": 0.000375588,
    "p25": 0.000466767,
    "p50": 0.000579054,
    "p75": 0.000724926,
    "p90": 0.00091363,
    "p95": 0.001039806,
    "p99": 0.001343964
  },
  "rps": {
    "mean": 80933.7373463393,
    "stddev": 9522.579223254299,
    "max": 97848.94064370671,
    "percentiles": {
      "p10": 66419.66166245144,
      "p25": 74429.71978711244,
      "p50": 82385.34297678422,
      "p75": 88502.99045892364,
      "p90": 92182.40184902081,
      "p95": 93900.65730460748,
      "p99": 96023.03592631851
    }
  },
  "details": {
    "DNSDialup": {
      "average": 0.0007378730799999998,
      "fastest": 0.000097932,
      "slowest": 0.001442605
    },
    "DNSLookup": {
      "average": 0.00002511478,
      "fastest": 0.000003427,
      "slowest": 0.000944457
    }
  },
  "statusCodeDistribution": {
    "200": 809504
  },
  "errorDistribution": {}
}