{
  "summary": {
    "successRate": 1,
    "total": 10.000828632,
    "slowest": 0.003539938,
    "fastest": 0.000034314,
    "average": 0.0006250496675368204,
    "requestsPerSec": 79785.98867766302,
    "totalData": 10373038,
    "sizePerRequest": 13,
    "sizePerSec": 1037217.8528096192
  },
  "responseTimeHistogram": {
    "0.000034314": 1,
    "0.00038487639999999995": 86108,
    "0.0007354388": 511805,
    "0.0010860012": 164289,
    "0.0014365635999999998": 29060,
    "0.0017871259999999998": 5893,
    "0.0021376884": 628,
    "0.0024882508": 99,
    "0.0028388132": 30,
    "0.0031893756": 9,
    "0.003539938": 4
  },
  "latencyPercentiles": {
    "p10": 0.000378076,
    "p25": 0.000469938,
    "p50": 0.000584123,
    "p75": 0.000736032,
    "p90": 0.000932779,
    "p95": 0.001066008,
    "p99": 0.001396476
  },
  "rps": {
    "mean": 79774.77196813877,
    "stddev": 9703.826849236524,
    "max": 97153.05528349007,
    "percentiles": {
      "p10": 65856.66307290949,
      "p25": 73591.4299926204,
      "p50": 81211.99501166202,
      "p75": 87148.70741257402,
      "p90": 91194.23072682666,
      "p95": 92742.38634189226,
      "p99": 94866.80520422696
    }
  },
  "details": {
    "DNSDialup": {
      "average": 0.0008389874399999998,
      "fastest": 0.000082835,
      "slowest": 0.001352975
    },
    "DNSLookup": {
      "average": 0.000006988039999999998,
      "fastest": 0.000003175,
      "slowest": 0.000032652
    }
  },
  "statusCodeDistribution": {
    "200": 797926
  },
  "errorDistribution": {}
}