{
  "summary": {
    "successRate": 1,
    "total": 10.001341663,
    "slowest": 0.00421066,
    "fastest": 0.00003347,
    "average": 0.0006339610502368586,
    "requestsPerSec": 78670.74503722011,
    "totalData": 10228569,
    "sizePerRequest": 13,
    "sizePerSec": 1022719.6854838615
  },
  "responseTimeHistogram": {
    "0.00003347": 1,
    "0.000451189": 149432,
    "0.0008689079999999999": 529504,
    "0.001286627": 96054,
    "0.001704346": 10684,
    "0.002122065": 1017,
    "0.002539784": 55,
    "0.0029575029999999998": 26,
    "0.0033752219999999998": 39,
    "0.0037929409999999998": 0,
    "0.00421066": 1
  },
  "latencyPercentiles": {
    "p10": 0.000388784,
    "p25": 0.000481692,
    "p50": 0.000597298,
    "p75": 0.000742827,
    "p90": 0.00093607,
    "p95": 0.001067414,
    "p99": 0.001377378
  },
  "rps": {
    "mean": 78673.09899313797,
    "stddev": 8806.860865092256,
    "max": 95899.47652700199,
    "percentiles": {
      "p10": 65219.05700845792,
      "p25": 73234.4364550026,
      "p50": 80158.61197707341,
      "p75": 85514.44338948531,
      "p90": 88871.61332977602,
      "p95": 90327.91132460008,
      "p99": 92578.32125978044
    }
  },
  "details": {
    "DNSDialup": {
      "average": 0.00078535194,
      "fastest": 0.000132658,
      "slowest": 0.001433879
    },
    "DNSLookup": {
      "average": 0.000012027260000000001,
      "fastest": 0.000003867,
      "slowest": 0.00021
    }
  },
  "statusCodeDistribution": {
    "200": 786813
  },
  "errorDistribution": {}
}