{
  "summary": {
    "successRate": 1,
    "total": 10.000327348,
    "slowest": 0.002841465,
    "fastest": 0.000032821,
    "average": 0.0006262225977263396,
    "requestsPerSec": 79666.79212349319,
    "totalData": 10357022,
    "sizePerRequest": 13,
    "sizePerSec": 1035668.2976054115
  },
  "responseTimeHistogram": {
    "0.000032821": 1,
    "0.0003136854": 36609,
    "0.0005945498": 369705,
    "0.0008754142000000001": 288417,
    "0.0011562786": 79888,
    "0.0014371429999999999": 16713,
    "0.0017180074": 5054,
    "0.0019988718": 244,
    "0.0022797362": 39,
    "0.0025606006000000003": 19,
    "0.002841465": 5
  },
  "latencyPercentiles": {
    "p10": 0.000377967,
    "p25": 0.000468502,
    "p50": 0.000589632,
    "p75": 0.000748997,
    "p90": 0.000923347,
    "p95": 0.001040958,
    "p99": 0.001369138
  },
  "rps": {
    "mean": 79677.84487081162,
    "stddev": 10614.47359307513,
    "max": 100805.16748352192,
    "percentiles": {
      "p10": 65872.16954895708,
      "p25": 70865.23144554408,
      "p50": 78778.33416722763,
      "p75": 88493.06815978346,
      "p90": 94814.2221333198,
      "p95": 97007.66642915554,
      "p99": 99192.34807605912
    }
  },
  "details": {
    "DNSDialup": {
      "average": 0.0006327955599999998,
      "fastest": 0.000070742,
      "slowest": 0.001090936
    },
    "DNSLookup": {
      "average": 0.00000697016,
      "fastest": 0.000003446,
      "slowest": 0.000029565
    }
  },
  "statusCodeDistribution": {
    "200": 796694
  },
  "errorDistribution": {}
}