{
  "summary": {
    "successRate": 1,
    "total": 10.001753134,
    "slowest": 0.004012178,
    "fastest": 0.00003205,
    "average": 0.0006067909322240606,
    "requestsPerSec": 82213.88680397719,
    "totalData": 10689679,
    "sizePerRequest": 13,
    "sizePerSec": 1068780.5284517035
  },
  "responseTimeHistogram": {
    "0.00003205": 1,
    "0.00043006280000000005": 145600,
    "0.0008280756000000002": 538311,
    "0.0012260884000000003": 126927,
    "0.0016241012000000003": 10268,
    "0.002022114": 1053,
    "0.0024201268000000006": 72,
    "0.0028181396000000005": 32,
    "0.0032161524000000005": 6,
    "0.0036141652000000004": 12,
    "0.004012178": 1
  },
  "latencyPercentiles": {
    "p10": 0.000389727,
    "p25": 0.000457089,
    "p50": 0.000547621,
    "p75": 0.00072319,
    "p90": 0.000922807,
    "p95": 0.001010253,
    "p99": 0.001294124
  },
  "rps": {
    "mean": 82216.77709200882,
    "stddev": 9212.743056291787,
    "max": 98561.19702824458,
    "percentiles": {
      "p10": 67507.08149284837,
      "p25": 76820.90842777431,
      "p50": 85988.47354042373,
      "p75": 87826.59389263319,
      "p90": 91653.05795524849,
      "p95": 93759.32152272866,
      "p99": 96218.00238824716
    }
  },
  "details": {
    "DNSDialup": {
      "average": 0.00076471886,
      "fastest": 0.000169255,
      "slowest": 0.001135018
    },
    "DNSLookup": {
      "average": 0.00000816718,
      "fastest": 0.000004369,
      "slowest": 0.000030838
    }
  },
  "statusCodeDistribution": {
    "200": 822283
  },
  "errorDistribution": {}
}