{
  "summary": {
    "successRate": 1,
    "total": 10.000385353,
    "slowest": 0.004026787,
    "fastest": 0.000037991,
    "average": 0.0006352502984955416,
    "requestsPerSec": 78523.77406280936,
    "totalData": 10208484,
    "sizePerRequest": 13,
    "sizePerSec": 1020809.0628165216
  },
  "responseTimeHistogram": {
    "0.000037991": 1,
    "0.00043687060000000005": 137557,
    "0.0008357502000000001": 516882,
    "0.0012346298000000002": 114448,
    "0.0016335094000000001": 15413,
    "0.002032389": 943,
    "0.0024312686": 21,
    "0.0028301482": 1,
    "0.0032290278": 1,
    "0.0036279074000000002": 0,
    "0.004026787": 1
  },
  "latencyPercentiles": {
    "p10": 0.000383825,
    "p25": 0.000476239,
    "p50": 0.00059804,
    "p75": 0.000754944,
    "p90": 0.00094547,
    "p95": 0.001063741,
    "p99": 0.001381897
  },
  "rps": {
    "mean": 78522.30975037516,
    "stddev": 9496.561461350166,
    "max": 99168.62468828331,
    "percentiles": {
      "p10": 66131.24039796586,
      "p25": 70458.08564580783,
      "p50": 78566.27682542041,
      "p75": 86305.00348987569,
      "p90": 91189.03769023037,
      "p95": 93972.25575246185,
      "p99": 97041.786193138
    }
  },
  "details": {
    "DNSDialup": {
      "average": 0.0007887905000000001,
      "fastest": 0.000079372,
      "slowest": 0.001652783
    },
    "DNSLookup": {
      "average": 0.00000883236,
      "fastest": 0.000004158,
      "slowest": 0.000029275
    }
  },
  "statusCodeDistribution": {
    "200": 785268
  },
  "errorDistribution": {}
}