{
  "summary": {
    "successRate": 1,
    "total": 10.000459837,
    "slowest": 0.003951113,
    "fastest": 0.000034742,
    "average": 0.000653638781618273,
    "requestsPerSec": 76321.09047387198,
    "totalData": 9922198,
    "sizePerRequest": 13,
    "sizePerSec": 992174.1761603358
  },
  "responseTimeHistogram": {
    "0.000034742": 1,
    "0.0004263791": 110838,
    "0.0008180162": 490011,
    "0.0012096532999999999": 140432,
    "0.0016012904": 19585,
    "0.0019929275": 2325,
    "0.0023845646": 38,
    "0.0027762017": 7,
    "0.0031678388": 1,
    "0.0035594758999999998": 7,
    "0.003951113": 1
  },
  "latencyPercentiles": {
    "p10": 0.000392025,
    "p25": 0.000485181,
    "p50": 0.000613429,
    "p75": 0.000786019,
    "p90": 0.000964721,
    "p95": 0.001089353,
    "p99": 0.001441486
  },
  "rps": {
    "mean": 76335.01472632444,
    "stddev": 10808.210310432789,
    "max": 100161.16209205387,
    "percentiles": {
      "p10": 62486.28717331514,
      "p25": 67153.29551535462,
      "p50": 75892.49059595312,
      "p75": 84855.60587852994,
      "p90": 92022.07648666775,
      "p95": 94450.04908100703,
      "p99": 96603.67506407881
    }
  },
  "details": {
    "DNSDialup": {
      "average": 0.0008463442799999999,
      "fastest": 0.000093881,
      "slowest": 0.001266442
    },
    "DNSLookup": {
      "average": 0.000007020239999999997,
      "fastest": 0.000003407,
      "slowest": 0.000029835
    }
  },
  "statusCodeDistribution": {
    "200": 763246
  },
  "errorDistribution": {}
}