{
  "summary": {
    "successRate": 1,
    "total": 10.000371349,
    "slowest": 0.003752316,
    "fastest": 0.000033984,
    "average": 0.0006678237055737528,
    "requestsPerSec": 74682.82666070024,
    "totalData": 9709128,
    "sizePerRequest": 13,
    "sizePerSec": 970876.7465891031
  },
  "responseTimeHistogram": {
    "0.000033984": 1,
    "0.00040581719999999995": 83070,
    "0.0007776504": 458227,
    "0.0011494836": 170319,
    "0.0015213167999999998": 28815,
    "0.0018931499999999997": 5696,
    "0.0022649832": 592,
    "0.0026368164": 90,
    "0.0030086495999999997": 10,
    "0.0033804827999999996": 25,
    "0.0037523159999999995": 11
  },
  "latencyPercentiles": {
    "p10": 0.000396003,
    "p25": 0.000491233,
    "p50": 0.000623451,
    "p75": 0.000798285,
    "p90": 0.000998545,
    "p95": 0.001137055,
    "p99": 0.001493945
  },
  "rps": {
    "mean": 74683.22414102402,
    "stddev": 11390.855647831042,
    "max": 98008.79138858583,
    "percentiles": {
      "p10": 61269.172896199736,
      "p25": 66039.49221853104,
      "p50": 73900.37689191553,
      "p75": 84033.87405462962,
      "p90": 90412.11292502814,
      "p95": 92853.70417592465,
      "p99": 96134.70462836689
    }
  },
  "details": {
    "DNSDialup": {
      "average": 0.0008803921000000002,
      "fastest": 0.000126257,
      "slowest": 0.001333103
    },
    "DNSLookup": {
      "average": 0.000019781500000000004,
      "fastest": 0.000003928,
      "slowest": 0.000564446
    }
  },
  "statusCodeDistribution": {
    "200": 746856
  },
  "errorDistribution": {}
}