{
  "summary": {
    "successRate": 1,
    "total": 10.000068991,
    "slowest": 0.003191722,
    "fastest": 0.000034675,
    "average": 0.0006659689833918388,
    "requestsPerSec": 74908.48319888356,
    "totalData": 9738170,
    "sizePerRequest": 13,
    "sizePerSec": 973810.2815854864
  },
  "responseTimeHistogram": {
    "0.000034675": 1,
    "0.0003503797": 44035,
    "0.0006660844": 381117,
    "0.0009817891": 250571,
    "0.0012974938": 56922,
    "0.0016131985": 13812,
    "0.0019289032000000001": 2489,
    "0.0022446079000000003": 96,
    "0.0025603126": 32,
    "0.0028760173": 13,
    "0.003191722": 2
  },
  "latencyPercentiles": {
    "p10": 0.000397702,
    "p25": 0.000493119,
    "p50": 0.000626214,
    "p75": 0.000802046,
    "p90": 0.000978119,
    "p95": 0.001105892,
    "p99": 0.001462177
  },
  "rps": {
    "mean": 74923.01475087307,
    "stddev": 10598.482080884176,
    "max": 99279.25462896956,
    "percentiles": {
      "p10": 61737.11635435389,
      "p25": 65728.30918276192,
      "p50": 74100.68059472385,
      "p75": 82968.23307488095,
      "p90": 90082.90329589976,
      "p95": 92803.10890414786,
      "p99": 96167.62507394621
    }
  },
  "details": {
    "DNSDialup": {
      "average": 0.0009866827799999997,
      "fastest": 0.000087192,
      "slowest": 0.002111228
    },
    "DNSLookup": {
      "average": 0.000010774320000000003,
      "fastest": 0.000004278,
      "slowest": 0.000047729
    }
  },
  "statusCodeDistribution": {
    "200": 749090
  },
  "errorDistribution": {}
}