{
  "summary": {
    "successRate": 1,
    "total": 10.000505459,
    "slowest": 0.003970601,
    "fastest": 0.00003022,
    "average": 0.0006548620663793453,
    "requestsPerSec": 76179.4494411665,
    "totalData": 9903829,
    "sizePerRequest": 13,
    "sizePerSec": 990332.8427351644
  },
  "responseTimeHistogram": {
    "0.00003022": 1,
    "0.0004242581": 107399,
    "0.0008182961999999999": 496392,
    "0.0012123343": 136188,
    "0.0016063724": 19811,
    "0.0020004105": 1978,
    "0.0023944485999999997": 34,
    "0.0027884867": 23,
    "0.0031825247999999998": 6,
    "0.0035765628999999996": 0,
    "0.003970601": 1
  },
  "latencyPercentiles": {
    "p10": 0.000392327,
    "p25": 0.000487093,
    "p50": 0.000616975,
    "p75": 0.000783006,
    "p90": 0.000967366,
    "p95": 0.001093595,
    "p99": 0.001435521
  },
  "rps": {
    "mean": 76167.72393720446,
    "stddev": 10386.653708270069,
    "max": 97117.6851304623,
    "percentiles": {
      "p10": 63209.44449433203,
      "p25": 67217.79927324709,
      "p50": 75415.30593962314,
      "p75": 84619.91788049076,
      "p90": 91355.67921294463,
      "p95": 93551.58162770863,
      "p99": 95851.44346971203
    }
  },
  "details": {
    "DNSDialup": {
      "average": 0.0009447209800000001,
      "fastest": 0.000169636,
      "slowest": 0.001351609
    },
    "DNSLookup": {
      "average": 0.000008268440000000001,
      "fastest": 0.000004969,
      "slowest": 0.000030376
    }
  },
  "statusCodeDistribution": {
    "200": 761833
  },
  "errorDistribution": {}
}