{
  "summary": {
    "successRate": 1,
    "total": 10.000606164,
    "slowest": 0.003733843,
    "fastest": 0.000028852,
    "average": 0.0006060106827394671,
    "requestsPerSec": 82287.31203937849,
    "totalData": 10697999,
    "sizePerRequest": 13,
    "sizePerSec": 1069735.0565119204
  },
  "responseTimeHistogram": {
    "0.000028852": 1,
    "0.0003993511": 115590,
    "0.0007698502": 547846,
    "0.0011403493": 138716,
    "0.0015108484": 17779,
    "0.0018813475000000002": 2882,
    "0.0022518466000000003": 89,
    "0.0026223457000000006": 13,
    "0.0029928448": 3,
    "0.0033633439000000003": 3,
    "0.0037338430000000006": 1
  },
  "latencyPercentiles": {
    "p10": 0.000369182,
    "p25": 0.000457378,
    "p50": 0.000568234,
    "p75": 0.000713596,
    "p90": 0.000901077,
    "p95": 0.001024189,
    "p99": 0.001327106
  },
  "rps": {
    "mean": 82297.53704971341,
    "stddev": 10034.44282694594,
    "max": 99364.08991837273,
    "percentiles": {
      "p10": 65847.81868592826,
      "p25": 76105.55348941502,
      "p50": 84148.94944389253,
      "p75": 90322.54450711508,
      "p90": 94037.1805768581,
      "p95": 95619.34250137543,
      "p99": 97650.53415142623
    }
  },
  "details": {
    "DNSDialup": {
      "average": 0.00069663468,
      "fastest": 0.00008956,
      "slowest": 0.001444373
    },
    "DNSLookup": {
      "average": 0.0000075529600000000035,
      "fastest": 0.000003857,
      "slowest": 0.000032161
    }
  },
  "statusCodeDistribution": {
    "200": 822923
  },
  "errorDistribution": {}
}