{
  "summary": {
    "successRate": 1,
    "total": 10.000387109,
    "slowest": 0.004146091,
    "fastest": 0.000033883,
    "average": 0.0006444384731413285,
    "requestsPerSec": 77409.60340458357,
    "totalData": 10063638,
    "sizePerRequest": 13,
    "sizePerSec": 1006324.8442595863
  },
  "responseTimeHistogram": {
    "0.000033883": 1,
    "0.0004451038": 143515,
    "0.0008563246": 503898,
    "0.0012675454": 110534,
    "0.0016787662": 15340,
    "0.002089987": 796,
    "0.0025012078000000004": 34,
    "0.0029124286": 7,
    "0.0033236494000000003": 0,
    "0.0037348702000000004": 0,
    "0.004146091": 1
  },
  "latencyPercentiles": {
    "p10": 0.00038585,
    "p25": 0.000478967,
    "p50": 0.000605319,
    "p75": 0.000771512,
    "p90": 0.000955722,
    "p95": 0.001076923,
    "p99": 0.001418015
  },
  "rps": {
    "mean": 77421.53434701987,
    "stddev": 10641.266884507531,
    "max": 99279.45754746415,
    "percentiles": {
      "p10": 63802.19479549975,
      "p25": 68309.91860017774,
      "p50": 76938.17672329,
      "p75": 86126.18458594997,
      "p90": 92747.90290619146,
      "p95": 95212.72041944972,
      "p99": 97113.36279872476
    }
  },
  "details": {
    "DNSDialup": {
      "average": 0.0011332524400000004,
      "fastest": 0.000099245,
      "slowest": 0.002491015
    },
    "DNSLookup": {
      "average": 0.000011541240000000003,
      "fastest": 0.000003707,
      "slowest": 0.000036949
    }
  },
  "statusCodeDistribution": {
    "200": 774126
  },
  "errorDistribution": {}
}