{
  "summary": {
    "successRate": 1,
    "total": 10.000241783,
    "slowest": 0.003693305,
    "fastest": 0.000032561,
    "average": 0.0006044822895393447,
    "requestsPerSec": 82521.50477030121,
    "totalData": 10728055,
    "sizePerRequest": 13,
    "sizePerSec": 1072779.5620139157
  },
  "responseTimeHistogram": {
    "0.000032561": 1,
    "0.0003986354": 118040,
    "0.0007647098": 549441,
    "0.0011307842": 136547,
    "0.0014968586": 18865,
    "0.001862933": 2284,
    "0.0022290074": 31,
    "0.0025950818": 13,
    "0.0029611562": 4,
    "0.0033272306000000002": 1,
    "0.003693305": 8
  },
  "latencyPercentiles": {
    "p10": 0.000367287,
    "p25": 0.000454615,
    "p50": 0.000569432,
    "p75": 0.000716123,
    "p90": 0.000894279,
    "p95": 0.001011861,
    "p99": 0.001323514
  },
  "rps": {
    "mean": 82520.92528912467,
    "stddev": 10497.653380404745,
    "max": 102705.77206439544,
    "percentiles": {
      "p10": 68901.3297956664,
      "p25": 73703.62099371951,
      "p50": 82635.58019642817,
      "p75": 91328.04684318007,
      "p90": 96687.69423419503,
      "p95": 98827.50369428248,
      "p99": 101003.34334105652
    }
  },
  "details": {
    "DNSDialup": {
      "average": 0.00084469798,
      "fastest": 0.000096902,
      "slowest": 0.001365656
    },
    "DNSLookup": {
      "average": 0.000006380120000000001,
      "fastest": 0.000003737,
      "slowest": 0.000025207
    }
  },
  "statusCodeDistribution": {
    "200": 825235
  },
  "errorDistribution": {}
}