{
  "summary": {
    "successRate": 1,
    "total": 10.001272334,
    "slowest": 0.004113162,
    "fastest": 0.00003221,
    "average": 0.0006254931032343602,
    "requestsPerSec": 79749.15324408564,
    "totalData": 10368709,
    "sizePerRequest": 13,
    "sizePerSec": 1036738.9921731133
  },
  "responseTimeHistogram": {
    "0.00003221": 1,
    "0.0004403052": 157068,
    "0.0008484003999999999": 522668,
    "0.0012564956": 103386,
    "0.0016645908": 13889,
    "0.002072686": 546,
    "0.0024807812": 23,
    "0.0028888764": 5,
    "0.0032969716": 1,
    "0.0037050667999999998": 4,
    "0.004113162": 2
  },
  "latencyPercentiles": {
    "p10": 0.000376316,
    "p25": 0.000467036,
    "p50": 0.000588833,
    "p75": 0.000745627,
    "p90": 0.000927054,
    "p95": 0.00104549,
    "p99": 0.00137259
  },
  "rps": {
    "mean": 79735.01562160328,
    "stddev": 10592.321117236497,
    "max": 102211.58057207915,
    "percentiles": {
      "p10": 66275.02996141858,
      "p25": 70665.62996898894,
      "p50": 79165.09745963947,
      "p75": 88307.09989083231,
      "p90": 94768.98234224973,
      "p95": 97194.38546772677,
      "p99": 99408.55907694048
    }
  },
  "details": {
    "DNSDialup": {
      "average": 0.0008785103399999997,
      "fastest": 0.000106691,
      "slowest": 0.00179643
    },
    "DNSLookup": {
      "average": 0.0000279238,
      "fastest": 0.000003406,
      "slowest": 0.001020286
    }
  },
  "statusCodeDistribution": {
    "200": 797593
  },
  "errorDistribution": {}
}