{
  "summary": {
    "successRate": 1,
    "total": 10.000123644,
    "slowest": 0.003832484,
    "fastest": 0.000030537,
    "average": 0.0006538625239252045,
    "requestsPerSec": 76282.65681071812,
    "totalData": 9916868,
    "sizePerRequest": 13,
    "sizePerSec": 991674.5385393356
  },
  "responseTimeHistogram": {
    "0.000030537": 1,
    "0.00041073170000000003": 96079,
    "0.0007909264": 480994,
    "0.0011711211": 159964,
    "0.0015513158": 22421,
    "0.0019315105": 3319,
    "0.0023117052000000003": 39,
    "0.0026918999": 17,
    "0.0030720946000000002": 0,
    "0.0034522893000000004": 1,
    "0.003832484": 1
  },
  "latencyPercentiles": {
    "p10": 0.000389518,
    "p25": 0.000483853,
    "p50": 0.000615708,
    "p75": 0.000785865,
    "p90": 0.00096563,
    "p95": 0.001086805,
    "p99": 0.001437891
  },
  "rps": {
    "mean": 76292.88476137981,
    "stddev": 10552.380633455625,
    "max": 99804.23479831306,
    "percentiles": {
      "p10": 63317.817633881525,
      "p25": 67136.50883349667,
      "p50": 75000.90751098096,
      "p75": 85017.61564996465,
      "p90": 91956.82011915048,
      "p95": 94133.85994942654,
      "p99": 96336.45371409181
    }
  },
  "details": {
    "DNSDialup": {
      "average": 0.0007885621999999999,
      "fastest": 0.000105445,
      "slowest": 0.001882647
    },
    "DNSLookup": {
      "average": 0.000009161599999999995,
      "fastest": 0.000004068,
      "slowest": 0.000057417
    }
  },
  "statusCodeDistribution": {
    "200": 762836
  },
  "errorDistribution": {}
}