{
  "summary": {
    "successRate": 1,
    "total": 10.000594857,
    "slowest": 0.0035873,
    "fastest": 0.000033953,
    "average": 0.0006154831528959095,
    "requestsPerSec": 81026.78006526908,
    "totalData": 10534108,
    "sizePerRequest": 13,
    "sizePerSec": 1053348.140848498
  },
  "responseTimeHistogram": {
    "0.000033953": 1,
    "0.00038928769999999996": 94577,
    "0.0007446223999999999": 530947,
    "0.0010999571": 156430,
    "0.0014552917999999999": 24156,
    "0.0018106264999999998": 3990,
    "0.0021659612": 189,
    "0.0025212959": 12,
    "0.0028766306": 1,
    "0.0032319653": 3,
    "0.0035873": 10
  },
  "latencyPercentiles": {
    "p10": 0.000375503,
    "p25": 0.000465565,
    "p50": 0.000577669,
    "p75": 0.000724763,
    "p90": 0.000914906,
    "p95": 0.001041403,
    "p99": 0.001338619
  },
  "rps": {
    "mean": 81010.5890444293,
    "stddev": 9369.129404604168,
    "max": 97520.48905475008,
    "percentiles": {
      "p10": 67153.09123393099,
      "p25": 74320.51861622388,
      "p50": 82625.7067502501,
      "p75": 88644.5350143933,
      "p90": 92142.34862343053,
      "p95": 94019.79839985298,
      "p99": 96047.29670609093
    }
  },
  "details": {
    "DNSDialup": {
      "average": 0.0007633395800000003,
      "fastest": 0.000081903,
      "slowest": 0.001298538
    },
    "DNSLookup": {
      "average": 0.0000080473,
      "fastest": 0.000003426,
      "slowest": 0.000029635
    }
  },
  "statusCodeDistribution": {
    "200": 810316
  },
  "errorDistribution": {}
}