{
  "summary": {
    "successRate": 1,
    "total": 10.001337451,
    "slowest": 0.003746518,
    "fastest": 0.000033664,
    "average": 0.0006110511875960321,
    "requestsPerSec": 81608.08531846828,
    "totalData": 10610470,
    "sizePerRequest": 13,
    "sizePerSec": 1060905.1091400876
  },
  "responseTimeHistogram": {
    "0.000033664": 1,
    "0.00040494939999999996": 114864,
    "0.0007762347999999999": 548754,
    "0.0011475202": 131159,
    "0.0015188056": 18140,
    "0.001890091": 3096,
    "0.0022613764": 129,
    "0.0026326618": 13,
    "0.0030039472": 5,
    "0.0033752326": 27,
    "0.003746518": 2
  },
  "latencyPercentiles": {
    "p10": 0.000374341,
    "p25": 0.000463326,
    "p50": 0.000573337,
    "p75": 0.000714118,
    "p90": 0.000907093,
    "p95": 0.001042669,
    "p99": 0.001343858
  },
  "rps": {
    "mean": 81617.11622471763,
    "stddev": 9267.872993091101,
    "max": 98255.18994018508,
    "percentiles": {
      "p10": 67336.69176334098,
      "p25": 76033.85733500177,
      "p50": 83539.70344607369,
      "p75": 88960.16375873631,
      "p90": 91881.42531911617,
      "p95": 93390.34601173017,
      "p99": 95763.51036007024
    }
  },
  "details": {
    "DNSDialup": {
      "average": 0.0006867933799999999,
      "fastest": 0.000127306,
      "slowest": 0.000924292
    },
    "DNSLookup": {
      "average": 0.00001049344,
      "fastest": 0.000003978,
      "slowest": 0.000121507
    }
  },
  "statusCodeDistribution": {
    "200": 816190
  },
  "errorDistribution": {}
}