{
  "summary": {
    "successRate": 1,
    "total": 10.000409878,
    "slowest": 0.003999156,
    "fastest": 0.000033933,
    "average": 0.000643530447995321,
    "requestsPerSec": 77520.62260022499,
    "totalData": 10078094,
    "sizePerRequest": 13,
    "sizePerSec": 1007768.0938029249
  },
  "responseTimeHistogram": {
    "0.000033933": 1,
    "0.00043045530000000005": 121407,
    "0.0008269776000000001": 514134,
    "0.0012234999000000004": 121537,
    "0.0016200222000000003": 17099,
    "0.0020165445": 1006,
    "0.0024130668000000004": 36,
    "0.0028095891000000004": 10,
    "0.0032061114000000003": 0,
    "0.0036026337000000003": 6,
    "0.003999156": 2
  },
  "latencyPercentiles": {
    "p10": 0.00038915,
    "p25": 0.000482049,
    "p50": 0.000608996,
    "p75": 0.000767632,
    "p90": 0.000944701,
    "p95": 0.001062963,
    "p99": 0.001393449
  },
  "rps": {
    "mean": 77535.7087350009,
    "stddev": 9505.60049703789,
    "max": 99741.12416767376,
    "percentiles": {
      "p10": 65087.282045225424,
      "p25": 70168.82158021165,
      "p50": 76926.75512543427,
      "p75": 84860.26710045806,
      "p90": 91175.6849360698,
      "p95": 93578.96521767625,
      "p99": 96203.11049383327
    }
  },
  "details": {
    "DNSDialup": {
      "average": 0.0009762801199999998,
      "fastest": 0.000116598,
      "slowest": 0.001836813
    },
    "DNSLookup": {
      "average": 0.000027948840000000002,
      "fastest": 0.000004318,
      "slowest": 0.001027797
    }
  },
  "statusCodeDistribution": {
    "200": 775238
  },
  "errorDistribution": {}
}