{
  "summary": {
    "successRate": 1,
    "total": 10.00245828,
    "slowest": 0.00438463,
    "fastest": 0.000033923,
    "average": 0.0006132372804942457,
    "requestsPerSec": 81325.70786388723,
    "totalData": 10574941,
    "sizePerRequest": 13,
    "sizePerSec": 1057234.202230534
  },
  "responseTimeHistogram": {
    "0.000033923": 1,
    "0.0004689937": 216062,
    "0.0009040644": 512088,
    "0.0013391351": 76585,
    "0.0017742058": 8153,
    "0.0022092764999999998": 532,
    "0.0026443472": 27,
    "0.0030794179": 3,
    "0.0035144886": 4,
    "0.0039495593": 1,
    "0.00438463": 1
  },
  "latencyPercentiles": {
    "p10": 0.000373194,
    "p25": 0.00046188,
    "p50": 0.000573589,
    "p75": 0.000721131,
    "p90": 0.000913792,
    "p95": 0.001041618,
    "p99": 0.00135505
  },
  "rps": {
    "mean": 81337.395729752,
    "stddev": 9679.725710625618,
    "max": 100729.83914099136,
    "percentiles": {
      "p10": 67833.66584836102,
      "p25": 74260.93852615911,
      "p50": 83040.98072398707,
      "p75": 88938.56376124032,
      "p90": 92781.43426485329,
      "p95": 94418.68545785712,
      "p99": 97255.72753187604
    }
  },
  "details": {
    "DNSDialup": {
      "average": 0.00076601768,
      "fastest": 0.000170904,
      "slowest": 0.001158423
    },
    "DNSLookup": {
      "average": 0.000006905100000000001,
      "fastest": 0.000003537,
      "slowest": 0.000030507
    }
  },
  "statusCodeDistribution": {
    "200": 813457
  },
  "errorDistribution": {}
}