{
  "summary": {
    "successRate": 1,
    "total": 10.000708443,
    "slowest": 0.004419915,
    "fastest": 0.000036672,
    "average": 0.0006005982726578486,
    "requestsPerSec": 83026.01807986734,
    "totalData": 10794147,
    "sizePerRequest": 13,
    "sizePerSec": 1079338.2350382754
  },
  "responseTimeHistogram": {
    "0.000036672": 1,
    "0.00047499630000000004": 245970,
    "0.0009133206": 508209,
    "0.0013516449": 69293,
    "0.0017899692": 6576,
    "0.0022282935000000003": 251,
    "0.0026666178000000003": 16,
    "0.0031049421000000003": 2,
    "0.0035432664000000003": 0,
    "0.0039815907": 0,
    "0.004419915": 1
  },
  "latencyPercentiles": {
    "p10": 0.000366167,
    "p25": 0.000454709,
    "p50": 0.000563322,
    "p75": 0.000703987,
    "p90": 0.000896103,
    "p95": 0.00101939,
    "p99": 0.001309742
  },
  "rps": {
    "mean": 83035.08239361004,
    "stddev": 9561.917000675448,
    "max": 100865.81494425195,
    "percentiles": {
      "p10": 69461.58464094374,
      "p25": 76426.10663648609,
      "p50": 84924.73696837535,
      "p75": 90415.28645220403,
      "p90": 94021.5685478244,
      "p95": 95819.09674598064,
      "p99": 98340.08545172613
    }
  },
  "details": {
    "DNSDialup": {
      "average": 0.00096650494,
      "fastest": 0.000145302,
      "slowest": 0.002110844
    },
    "DNSLookup": {
      "average": 0.000009641959999999997,
      "fastest": 0.000003717,
      "slowest": 0.000034024
    }
  },
  "statusCodeDistribution": {
    "200": 830319
  },
  "errorDistribution": {}
}