{
  "summary": {
    "successRate": 1,
    "total": 10.000667738,
    "slowest": 0.004756661,
    "fastest": 0.000029554,
    "average": 0.0006535624367963495,
    "requestsPerSec": 76322.00368979001,
    "totalData": 9922523,
    "sizePerRequest": 13,
    "sizePerSec": 992186.0479672701
  },
  "responseTimeHistogram": {
    "0.000029554": 1,
    "0.0005022647": 214426,
    "0.0009749753999999999": 474830,
    "0.0014476861": 66769,
    "0.0019203967999999998": 7184,
    "0.0023931075": 55,
    "0.0028658182": 2,
    "0.0033385288999999998": 2,
    "0.0038112396": 0,
    "0.0042839503": 1,
    "0.004756661": 1
  },
  "latencyPercentiles": {
    "p10": 0.000392495,
    "p25": 0.000486355,
    "p50": 0.000614435,
    "p75": 0.000780848,
    "p90": 0.000969275,
    "p95": 0.001092093,
    "p99": 0.001438695
  },
  "rps": {
    "mean": 76300.81966352231,
    "stddev": 10102.27403455054,
    "max": 98242.84081693091,
    "percentiles": {
      "p10": 63635.93521261449,
      "p25": 67419.16726925517,
      "p50": 75443.780025541,
      "p75": 84553.32056648737,
      "p90": 90840.70572023468,
      "p95": 93360.52562875832,
      "p99": 95777.54416748646
    }
  },
  "details": {
    "DNSDialup": {
      "average": 0.0010801731999999999,
      "fastest": 0.0001433,
      "slowest": 0.001561902
    },
    "DNSLookup": {
      "average": 0.000010061680000000004,
      "fastest": 0.000004689,
      "slowest": 0.000032721
    }
  },
  "statusCodeDistribution": {
    "200": 763271
  },
  "errorDistribution": {}
}