{
  "summary": {
    "successRate": 1,
    "total": 10.000270906,
    "slowest": 0.003656912,
    "fastest": 0.000033753,
    "average": 0.0006370345573557152,
    "requestsPerSec": 78305.6786521819,
    "totalData": 10180014,
    "sizePerRequest": 13,
    "sizePerSec": 1017973.8224783647
  },
  "responseTimeHistogram": {
    "0.000033753": 1,
    "0.00039606889999999994": 88298,
    "0.0007583847999999999": 499006,
    "0.0011207006999999999": 166310,
    "0.0014830166": 24989,
    "0.0018453325": 4391,
    "0.0022076483999999997": 53,
    "0.0025699642999999998": 18,
    "0.0029322802": 9,
    "0.0032945961": 0,
    "0.003656912": 3
  },
  "latencyPercentiles": {
    "p10": 0.000385359,
    "p25": 0.000476548,
    "p50": 0.000598183,
    "p75": 0.000758385,
    "p90": 0.000944017,
    "p95": 0.001066377,
    "p99": 0.001394072
  },
  "rps": {
    "mean": 78302.81240134149,
    "stddev": 10451.434990182976,
    "max": 99883.35910143505,
    "percentiles": {
      "p10": 64806.976876730354,
      "p25": 69394.80023660237,
      "p50": 77503.83964435801,
      "p75": 86573.9530438514,
      "p90": 93370.30784180251,
      "p95": 95617.34779326718,
      "p99": 98117.54481869511
    }
  },
  "details": {
    "DNSDialup": {
      "average": 0.0007906566200000002,
      "fastest": 0.000090888,
      "slowest": 0.001683691
    },
    "DNSLookup": {
      "average": 0.000007804419999999999,
      "fastest": 0.000003506,
      "slowest": 0.000029625
    }
  },
  "statusCodeDistribution": {
    "200": 783078
  },
  "errorDistribution": {}
}