{
  "summary": {
    "successRate": 1,
    "total": 10.000473228,
    "slowest": 0.005793699,
    "fastest": 0.000036389,
    "average": 0.0006398543157033196,
    "requestsPerSec": 77960.01071400498,
    "totalData": 10135281,
    "sizePerRequest": 13,
    "sizePerSec": 1013480.1392820647
  },
  "responseTimeHistogram": {
    "0.000036389": 1,
    "0.00061212": 407806,
    "0.001187851": 350239,
    "0.001763582": 21154,
    "0.002339313": 410,
    "0.002915044": 16,
    "0.003490775": 6,
    "0.004066506": 3,
    "0.0046422370000000004": 1,
    "0.005217968000000001": 0,
    "0.005793699": 1
  },
  "latencyPercentiles": {
    "p10": 0.000384141,
    "p25": 0.000475912,
    "p50": 0.000600161,
    "p75": 0.000763486,
    "p90": 0.000955451,
    "p95": 0.001074452,
    "p99": 0.001408475
  },
  "rps": {
    "mean": 77977.28230182178,
    "stddev": 10842.433606806422,
    "max": 100431.75299999295,
    "percentiles": {
      "p10": 64331.8313901729,
      "p25": 68929.71560039435,
      "p50": 77028.21543531721,
      "p75": 87455.09286168318,
      "p90": 93408.44412334422,
      "p95": 95200.69258002873,
      "p99": 97968.10742828301
    }
  },
  "details": {
    "DNSDialup": {
      "average": 0.0009875626000000004,
      "fastest": 0.000117168,
      "slowest": 0.001476794
    },
    "DNSLookup": {
      "average": 0.000024392760000000005,
      "fastest": 0.000004338,
      "slowest": 0.000793572
    }
  },
  "statusCodeDistribution": {
    "200": 779637
  },
  "errorDistribution": {}
}