{
  "summary": {
    "successRate": 1,
    "total": 10.000653231,
    "slowest": 0.003224149,
    "fastest": 0.000034815,
    "average": 0.0006226890201174402,
    "requestsPerSec": 80089.36831418469,
    "totalData": 10412298,
    "sizePerRequest": 13,
    "sizePerSec": 1041161.7880844008
  },
  "responseTimeHistogram": {
    "0.000034815": 1,
    "0.0003537484": 60276,
    "0.0006726818": 473241,
    "0.0009916152": 211387,
    "0.0013105486000000001": 46015,
    "0.0016294820000000002": 8619,
    "0.0019484154": 1334,
    "0.0022673488": 61,
    "0.0025862822": 11,
    "0.0029052156000000003": 0,
    "0.0032241490000000004": 1
  },
  "latencyPercentiles": {
    "p10": 0.000378667,
    "p25": 0.000469905,
    "p50": 0.000585773,
    "p75": 0.000736465,
    "p90": 0.000923124,
    "p95": 0.001046193,
    "p99": 0.001354619
  },
  "rps": {
    "mean": 80091.591043803,
    "stddev": 9119.532692419481,
    "max": 97880.28569822849,
    "percentiles": {
      "p10": 67030.14128709336,
      "p25": 73731.69725664883,
      "p50": 81119.71209003509,
      "p75": 87218.15438356373,
      "p90": 91116.1275545701,
      "p95": 93328.68923907296,
      "p99": 95448.50693121961
    }
  },
  "details": {
    "DNSDialup": {
      "average": 0.00079679752,
      "fastest": 0.00008551,
      "slowest": 0.001967467
    },
    "DNSLookup": {
      "average": 0.00000779788,
      "fastest": 0.000003617,
      "slowest": 0.000030417
    }
  },
  "statusCodeDistribution": {
    "200": 800946
  },
  "errorDistribution": {}
}