{
  "summary": {
    "successRate": 1,
    "total": 10.000680865,
    "slowest": 0.003695754,
    "fastest": 0.000031763,
    "average": 0.0006449084043663801,
    "requestsPerSec": 77349.33355460093,
    "totalData": 10056098,
    "sizePerRequest": 13,
    "sizePerSec": 1005541.3362098122
  },
  "responseTimeHistogram": {
    "0.000031763": 1,
    "0.0003981621": 86107,
    "0.0007645611999999999": 488514,
    "0.0011309603": 171665,
    "0.0014973594": 23299,
    "0.0018637584999999998": 3860,
    "0.0022301576": 53,
    "0.0025965567": 11,
    "0.0029629558": 3,
    "0.0033293549": 24,
    "0.003695754": 9
  },
  "latencyPercentiles": {
    "p10": 0.000388422,
    "p25": 0.000482503,
    "p50": 0.000610603,
    "p75": 0.000769777,
    "p90": 0.000947968,
    "p95": 0.001063111,
    "p99": 0.001398143
  },
  "rps": {
    "mean": 77345.30760338332,
    "stddev": 9852.208815737438,
    "max": 99918.46493231412,
    "percentiles": {
      "p10": 65596.52061612048,
      "p25": 69306.27221763598,
      "p50": 76002.54608529688,
      "p75": 85228.63682197407,
      "p90": 91901.85641750011,
      "p95": 94155.46072500078,
      "p99": 97699.54154365645
    }
  },
  "details": {
    "DNSDialup": {
      "average": 0.0007652051,
      "fastest": 0.000119804,
      "slowest": 0.001377123
    },
    "DNSLookup": {
      "average": 0.000018636160000000004,
      "fastest": 0.000004248,
      "slowest": 0.00056619
    }
  },
  "statusCodeDistribution": {
    "200": 773546
  },
  "errorDistribution": {}
}