{
  "summary": {
    "successRate": 1,
    "total": 10.000313821,
    "slowest": 0.005737282,
    "fastest": 0.000035336,
    "average": 0.0006501156772008532,
    "requestsPerSec": 76725.49219293144,
    "totalData": 9974627,
    "sizePerRequest": 13,
    "sizePerSec": 997431.3985081088
  },
  "responseTimeHistogram": {
    "0.000035336": 1,
    "0.0006055305999999999": 376263,
    "0.0011757252": 366167,
    "0.0017459198": 24434,
    "0.0023161144": 385,
    "0.0028863089999999997": 23,
    "0.0034565036": 2,
    "0.0040266982000000005": 1,
    "0.0045968928": 1,
    "0.0051670874": 0,
    "0.005737282": 2
  },
  "latencyPercentiles": {
    "p10": 0.000388096,
    "p25": 0.000480903,
    "p50": 0.000610619,
    "p75": 0.000781475,
    "p90": 0.000961479,
    "p95": 0.001083977,
    "p99": 0.001435175
  },
  "rps": {
    "mean": 76726.26371461047,
    "stddev": 11080.519644261167,
    "max": 98918.06487401493,
    "percentiles": {
      "p10": 63220.009132896645,
      "p25": 66950.4857931272,
      "p50": 75310.15180846256,
      "p75": 85705.65793509237,
      "p90": 92936.82156870824,
      "p95": 94974.15772384265,
      "p99": 97609.02883517082
    }
  },
  "details": {
    "DNSDialup": {
      "average": 0.00079325816,
      "fastest": 0.000075852,
      "slowest": 0.00181224
    },
    "DNSLookup": {
      "average": 0.0000072086200000000004,
      "fastest": 0.000003477,
      "slowest": 0.000024897
    }
  },
  "statusCodeDistribution": {
    "200": 767279
  },
  "errorDistribution": {}
}