{
  "summary": {
    "successRate": 1,
    "total": 10.000601965,
    "slowest": 0.003644548,
    "fastest": 0.000036804,
    "average": 0.0006199920272281172,
    "requestsPerSec": 80445.15748307758,
    "totalData": 10458500,
    "sizePerRequest": 13,
    "sizePerSec": 1045787.0472800084
  },
  "responseTimeHistogram": {
    "0.000036804": 1,
    "0.00039757839999999997": 102238,
    "0.0007583528": 523134,
    "0.0011191272": 152850,
    "0.0014799016": 21426,
    "0.001840676": 4566,
    "0.0022014504": 261,
    "0.0025622248": 2,
    "0.0029229992": 5,
    "0.0032837736": 9,
    "0.003644548": 8
  },
  "latencyPercentiles": {
    "p10": 0.000375446,
    "p25": 0.000467321,
    "p50": 0.000580961,
    "p75": 0.000731447,
    "p90": 0.000923555,
    "p95": 0.001048048,
    "p99": 0.001370306
  },
  "rps": {
    "mean": 80429.81678299014,
    "stddev": 9609.974165084443,
    "max": 97197.67582372754,
    "percentiles": {
      "p10": 65915.13411479352,
      "p25": 73820.19720594976,
      "p50": 82263.46626422614,
      "p75": 88249.05264992312,
      "p90": 91619.24289719427,
      "p95": 93202.15296973161,
      "p99": 95210.88260387925
    }
  },
  "details": {
    "DNSDialup": {
      "average": 0.0009417160200000001,
      "fastest": 0.000112051,
      "slowest": 0.001771924
    },
    "DNSLookup": {
      "average": 0.000008070299999999998,
      "fastest": 0.000003546,
      "slowest": 0.000029817
    }
  },
  "statusCodeDistribution": {
    "200": 804500
  },
  "errorDistribution": {}
}