{
  "summary": {
    "successRate": 1,
    "total": 10.000359077,
    "slowest": 0.004378399,
    "fastest": 0.000037339,
    "average": 0.000660809866303125,
    "requestsPerSec": 75481.48963331469,
    "totalData": 9812946,
    "sizePerRequest": 13,
    "sizePerSec": 981259.3652330909
  },
  "responseTimeHistogram": {
    "0.000037339": 1,
    "0.00047144499999999997": 159504,
    "0.0009055509999999999": 487971,
    "0.0013396569999999997": 94640,
    "0.0017737629999999998": 12240,
    "0.002207869": 401,
    "0.0026419749999999995": 63,
    "0.0030760809999999996": 17,
    "0.0035101869999999997": 3,
    "0.003944293": 0,
    "0.004378399": 2
  },
  "latencyPercentiles": {
    "p10": 0.000395766,
    "p25": 0.00049252,
    "p50": 0.0006214,
    "p75": 0.000789115,
    "p90": 0.000977361,
    "p95": 0.001104829,
    "p99": 0.001440869
  },
  "rps": {
    "mean": 75488.88194409167,
    "stddev": 9893.166481374494,
    "max": 97852.37058873751,
    "percentiles": {
      "p10": 63103.11098337241,
      "p25": 67169.18425978615,
      "p50": 75357.89747262801,
      "p75": 82926.67751215512,
      "p90": 89766.57975157701,
      "p95": 92336.62126482422,
      "p99": 95756.68407250388
    }
  },
  "details": {
    "DNSDialup": {
      "average": 0.0011291274400000004,
      "fastest": 0.000085029,
      "slowest": 0.002472418
    },
    "DNSLookup": {
      "average": 0.0000065780599999999995,
      "fastest": 0.000003907,
      "slowest": 0.000036327
    }
  },
  "statusCodeDistribution": {
    "200": 754842
  },
  "errorDistribution": {}
}