{
  "summary": {
    "successRate": 1,
    "total": 10.000858767,
    "slowest": 0.003037022,
    "fastest": 0.00003394,
    "average": 0.0006271772395510472,
    "requestsPerSec": 79539.46941284707,
    "totalData": 10341019,
    "sizePerRequest": 13,
    "sizePerSec": 1034013.102367012
  },
  "responseTimeHistogram": {
    "0.00003394": 1,
    "0.00033424819999999995": 47354,
    "0.0006345563999999999": 418270,
    "0.0009348645999999999": 254972,
    "0.0012351728": 58164,
    "0.001535481": 14125,
    "0.0018357891999999998": 2411,
    "0.0021360973999999997": 78,
    "0.0024364055999999998": 45,
    "0.0027367138": 26,
    "0.003037022": 17
  },
  "latencyPercentiles": {
    "p10": 0.000377525,
    "p25": 0.000467992,
    "p50": 0.000587743,
    "p75": 0.000751631,
    "p90": 0.000924443,
    "p95": 0.001045828,
    "p99": 0.001380278
  },
  "rps": {
    "mean": 79521.72520851209,
    "stddev": 11215.670446063512,
    "max": 103485.27186402383,
    "percentiles": {
      "p10": 65503.49133608759,
      "p25": 69992.1401939589,
      "p50": 78424.74300641958,
      "p75": 88441.38239389058,
      "p90": 96179.3094585799,
      "p95": 98408.81218647727,
      "p99": 100852.21118973306
    }
  },
  "details": {
    "DNSDialup": {
      "average": 0.0006010021399999999,
      "fastest": 0.000092783,
      "slowest": 0.00095832
    },
    "DNSLookup": {
      "average": 0.000008327179999999997,
      "fastest": 0.000004057,
      "slowest": 0.000034754
    }
  },
  "statusCodeDistribution": {
    "200": 795463
  },
  "errorDistribution": {}
}