{
  "summary": {
    "successRate": 1,
    "total": 10.000548871,
    "slowest": 0.004524059,
    "fastest": 0.0000333,
    "average": 0.0006626762004405027,
    "requestsPerSec": 75274.06842467898,
    "totalData": 9786166,
    "sizePerRequest": 13,
    "sizePerSec": 978562.8895208266
  },
  "responseTimeHistogram": {
    "0.0000333": 1,
    "0.00048237590000000004": 178161,
    "0.0009314518000000001": 476565,
    "0.0013805277000000001": 86834,
    "0.0018296036000000002": 10879,
    "0.0022786795": 317,
    "0.0027277554000000002": 22,
    "0.0031768313000000003": 2,
    "0.0036259072000000003": 0,
    "0.0040749831": 0,
    "0.004524059": 1
  },
  "latencyPercentiles": {
    "p10": 0.000395642,
    "p25": 0.000489381,
    "p50": 0.000621367,
    "p75": 0.000797465,
    "p90": 0.000981853,
    "p95": 0.001105718,
    "p99": 0.001458826
  },
  "rps": {
    "mean": 75285.92897285435,
    "stddev": 10607.156923636572,
    "max": 97656.24021871435,
    "percentiles": {
      "p10": 62004.66275064047,
      "p25": 66350.88449331741,
      "p50": 73805.85930276784,
      "p75": 83842.5081516295,
      "p90": 90601.95700227014,
      "p95": 92900.56302551094,
      "p99": 95638.6553689298
    }
  },
  "details": {
    "DNSDialup": {
      "average": 0.0011135206399999996,
      "fastest": 0.000154618,
      "slowest": 0.002692347
    },
    "DNSLookup": {
      "average": 0.000010293379999999999,
      "fastest": 0.000004248,
      "slowest": 0.000044613
    }
  },
  "statusCodeDistribution": {
    "200": 752782
  },
  "errorDistribution": {}
}