{
  "summary": {
    "successRate": 1,
    "total": 10.00041292,
    "slowest": 0.004020814,
    "fastest": 0.000033995,
    "average": 0.0006592037634819654,
    "requestsPerSec": 75675.67520001964,
    "totalData": 9838244,
    "sizePerRequest": 13,
    "sizePerSec": 983783.7776002553
  },
  "responseTimeHistogram": {
    "0.000033995": 1,
    "0.0004326769": 115117,
    "0.0008313588": 487896,
    "0.0012300407": 133331,
    "0.0016287226": 18750,
    "0.0020274045": 1628,
    "0.0024260864": 50,
    "0.0028247683": 6,
    "0.0032234502": 6,
    "0.0036221321": 2,
    "0.004020814": 1
  },
  "latencyPercentiles": {
    "p10": 0.000393279,
    "p25": 0.000488335,
    "p50": 0.000621625,
    "p75": 0.000791132,
    "p90": 0.000971199,
    "p95": 0.001092798,
    "p99": 0.001444116
  },
  "rps": {
    "mean": 75672.6864897154,
    "stddev": 10531.948913641398,
    "max": 99538.63640530991,
    "percentiles": {
      "p10": 63088.59833592393,
      "p25": 66456.48801481305,
      "p50": 74131.03124968242,
      "p75": 84462.39434919278,
      "p90": 90814.04404572028,
      "p95": 93703.4019746698,
      "p99": 96191.36309774249
    }
  },
  "details": {
    "DNSDialup": {
      "average": 0.0008482682000000001,
      "fastest": 0.00009166,
      "slowest": 0.00122783
    },
    "DNSLookup": {
      "average": 0.0000066334,
      "fastest": 0.000003336,
      "slowest": 0.000030156
    }
  },
  "statusCodeDistribution": {
    "200": 756788
  },
  "errorDistribution": {}
}