{
  "summary": {
    "successRate": 1,
    "total": 10.000212324,
    "slowest": 0.003980638,
    "fastest": 0.000034598,
    "average": 0.0006333535926752716,
    "requestsPerSec": 78772.32747443413,
    "totalData": 10240620,
    "sizePerRequest": 13,
    "sizePerSec": 1024040.2571676438
  },
  "responseTimeHistogram": {
    "0.000034598": 1,
    "0.00042920199999999995": 132382,
    "0.000823806": 516375,
    "0.0012184099999999998": 121462,
    "0.0016130139999999999": 16420,
    "0.0020076179999999996": 1073,
    "0.0024022219999999994": 11,
    "0.0027968259999999997": 11,
    "0.0031914299999999994": 3,
    "0.0035860339999999992": 1,
    "0.003980638": 1
  },
  "latencyPercentiles": {
    "p10": 0.000381898,
    "p25": 0.000472282,
    "p50": 0.00059575,
    "p75": 0.000759394,
    "p90": 0.000933689,
    "p95": 0.001053386,
    "p99": 0.001381764
  },
  "rps": {
    "mean": 78781.3790730273,
    "stddev": 10838.510237510101,
    "max": 100588.04471553635,
    "percentiles": {
      "p10": 65020.44242709981,
      "p25": 69653.41720565294,
      "p50": 77821.05837839597,
      "p75": 87963.29838951798,
      "p90": 94135.7165777507,
      "p95": 96387.85509009531,
      "p99": 98774.76218673676
    }
  },
  "details": {
    "DNSDialup": {
      "average": 0.0007283544800000001,
      "fastest": 0.000088973,
      "slowest": 0.001547595
    },
    "DNSLookup": {
      "average": 0.000007770000000000002,
      "fastest": 0.000003326,
      "slowest": 0.000031969
    }
  },
  "statusCodeDistribution": {
    "200": 787740
  },
  "errorDistribution": {}
}