{
  "summary": {
    "successRate": 1,
    "total": 10.000383121,
    "slowest": 0.003775728,
    "fastest": 0.000035217,
    "average": 0.0006464595690699353,
    "requestsPerSec": 77165.9436106518,
    "totalData": 10031957,
    "sizePerRequest": 13,
    "sizePerSec": 1003157.2669384733
  },
  "responseTimeHistogram": {
    "0.000035217": 1,
    "0.00040926809999999994": 95760,
    "0.0007833191999999999": 493339,
    "0.0011573703": 156883,
    "0.0015314213999999997": 21995,
    "0.0019054724999999996": 3600,
    "0.0022795236": 104,
    "0.0026535747": 5,
    "0.0030276257999999998": 1,
    "0.0034016768999999996": 0,
    "0.0037757279999999995": 1
  },
  "latencyPercentiles": {
    "p10": 0.00038946,
    "p25": 0.000481845,
    "p50": 0.00060791,
    "p75": 0.000772565,
    "p90": 0.000955276,
    "p95": 0.00108006,
    "p99": 0.001418679
  },
  "rps": {
    "mean": 77151.73296120288,
    "stddev": 10408.840701984695,
    "max": 97736.11349393998,
    "percentiles": {
      "p10": 63705.33850736865,
      "p25": 68297.77262244686,
      "p50": 76845.01581026135,
      "p75": 85821.01756720513,
      "p90": 91721.5637396454,
      "p95": 93870.8912971077,
      "p99": 96369.08175006579
    }
  },
  "details": {
    "DNSDialup": {
      "average": 0.00093801598,
      "fastest": 0.000109787,
      "slowest": 0.002216045
    },
    "DNSLookup": {
      "average": 0.000008111319999999998,
      "fastest": 0.000003566,
      "slowest": 0.000029506
    }
  },
  "statusCodeDistribution": {
    "200": 771689
  },
  "errorDistribution": {}
}