{
  "summary": {
    "successRate": 1,
    "total": 10.000614706,
    "slowest": 0.004751989,
    "fastest": 0.000035126,
    "average": 0.0006299695138187092,
    "requestsPerSec": 79177.53290954552,
    "totalData": 10293712,
    "sizePerRequest": 13,
    "sizePerSec": 1029307.9278240919
  },
  "responseTimeHistogram": {
    "0.000035126": 1,
    "0.0005068123": 257844,
    "0.0009784986": 468928,
    "0.0014501849": 59851,
    "0.0019218712": 5118,
    "0.0023935575": 43,
    "0.0028652438000000002": 34,
    "0.0033369301": 2,
    "0.0038086164": 2,
    "0.0042803027": 0,
    "0.004751989": 1
  },
  "latencyPercentiles": {
    "p10": 0.000378312,
    "p25": 0.000469929,
    "p50": 0.000590795,
    "p75": 0.000749939,
    "p90": 0.000940294,
    "p95": 0.001066793,
    "p99": 0.001379881
  },
  "rps": {
    "mean": 79175.09155546414,
    "stddev": 10584.724366552233,
    "max": 100933.92503711962,
    "percentiles": {
      "p10": 65253.42950808129,
      "p25": 70653.17402098117,
      "p50": 78896.49171261254,
      "p75": 88242.32101716001,
      "p90": 93614.35108001683,
      "p95": 96105.97779182022,
      "p99": 98863.18357080105
    }
  },
  "details": {
    "DNSDialup": {
      "average": 0.0009724132800000004,
      "fastest": 0.000147011,
      "slowest": 0.00130127
    },
    "DNSLookup": {
      "average": 0.000008765,
      "fastest": 0.000004239,
      "slowest": 0.000038712
    }
  },
  "statusCodeDistribution": {
    "200": 791824
  },
  "errorDistribution": {}
}