{
  "summary": {
    "successRate": 1,
    "total": 10.00058448,
    "slowest": 0.003433083,
    "fastest": 0.00003738,
    "average": 0.0006509900077697844,
    "requestsPerSec": 76625.5213915257,
    "totalData": 9961900,
    "sizePerRequest": 13,
    "sizePerSec": 996131.7780898341
  },
  "responseTimeHistogram": {
    "0.00003738": 1,
    "0.00037695029999999997": 65232,
    "0.0007165206": 441780,
    "0.0010560908999999999": 217224,
    "0.0013956612": 33280,
    "0.0017352315": 8479,
    "0.0020748017999999997": 288,
    "0.0024143720999999997": 3,
    "0.0027539424": 9,
    "0.0030935127": 3,
    "0.003433083": 1
  },
  "latencyPercentiles": {
    "p10": 0.000391312,
    "p25": 0.000485026,
    "p50": 0.000615591,
    "p75": 0.000779391,
    "p90": 0.000955861,
    "p95": 0.001074443,
    "p99": 0.001420498
  },
  "rps": {
    "mean": 76627.70848135438,
    "stddev": 9981.196802180253,
    "max": 98218.68119316665,
    "percentiles": {
      "p10": 63865.95437107916,
      "p25": 68314.80302649057,
      "p50": 75775.50364399226,
      "p75": 84202.5176552786,
      "p90": 90939.17659727456,
      "p95": 94498.75924030694,
      "p99": 96571.25900943106
    }
  },
  "details": {
    "DNSDialup": {
      "average": 0.0007042472800000003,
      "fastest": 0.000085117,
      "slowest": 0.001507612
    },
    "DNSLookup": {
      "average": 0.000007617620000000002,
      "fastest": 0.000003327,
      "slowest": 0.000031268
    }
  },
  "statusCodeDistribution": {
    "200": 766300
  },
  "errorDistribution": {}
}