{
  "summary": {
    "successRate": 1,
    "total": 10.000549893,
    "slowest": 0.003208143,
    "fastest": 0.000031351,
    "average": 0.0006179070462450548,
    "requestsPerSec": 80709.06186518437,
    "totalData": 10492755,
    "sizePerRequest": 13,
    "sizePerSec": 1049217.8042473968
  },
  "responseTimeHistogram": {
    "0.000031351": 1,
    "0.00034903019999999997": 60533,
    "0.0006667094": 475184,
    "0.0009843885999999999": 213704,
    "0.0013020678": 47708,
    "0.001619747": 8611,
    "0.0019374261999999998": 1340,
    "0.0022551054": 37,
    "0.0025727846": 13,
    "0.0028904638": 1,
    "0.003208143": 3
  },
  "latencyPercentiles": {
    "p10": 0.000373749,
    "p25": 0.000464445,
    "p50": 0.000580504,
    "p75": 0.00073243,
    "p90": 0.000921867,
    "p95": 0.001044111,
    "p99": 0.001343682
  },
  "rps": {
    "mean": 80711.98131638119,
    "stddev": 9486.409511927402,
    "max": 98715.23723859886,
    "percentiles": {
      "p10": 66995.43909492782,
      "p25": 73970.87149197831,
      "p50": 81815.92956148284,
      "p75": 88350.75751018513,
      "p90": 92305.64107121836,
      "p95": 94503.94081433269,
      "p99": 96326.30903043936
    }
  },
  "details": {
    "DNSDialup": {
      "average": 0.0007613153200000001,
      "fastest": 0.000077441,
      "slowest": 0.001776719
    },
    "DNSLookup": {
      "average": 0.000007097039999999998,
      "fastest": 0.000003617,
      "slowest": 0.00002716
    }
  },
  "statusCodeDistribution": {
    "200": 807135
  },
  "errorDistribution": {}
}