{
  "summary": {
    "successRate": 1,
    "total": 10.000314502,
    "slowest": 0.00639206,
    "fastest": 0.00003001,
    "average": 0.0006337953061334585,
    "requestsPerSec": 78709.9245571307,
    "totalData": 10232612,
    "sizePerRequest": 13,
    "sizePerSec": 1023229.019242699
  },
  "responseTimeHistogram": {
    "0.00003001": 1,
    "0.0006662150000000001": 497717,
    "0.00130242": 277641,
    "0.0019386250000000002": 11558,
    "0.00257483": 125,
    "0.003211035": 36,
    "0.0038472400000000005": 43,
    "0.004483445": 2,
    "0.00511965": 0,
    "0.005755855": 0,
    "0.00639206": 1
  },
  "latencyPercentiles": {
    "p10": 0.00039568,
    "p25": 0.000468863,
    "p50": 0.000582507,
    "p75": 0.000764059,
    "p90": 0.000948475,
    "p95": 0.001052202,
    "p99": 0.001386105
  },
  "rps": {
    "mean": 78711.69767863555,
    "stddev": 10229.502116251117,
    "max": 98638.20198480501,
    "percentiles": {
      "p10": 64721.416316656294,
      "p25": 69712.11508164405,
      "p50": 80034.21236066718,
      "p75": 87366.47615753734,
      "p90": 90706.5166625183,
      "p95": 93547.03544942926,
      "p99": 96388.59709856824
    }
  },
  "details": {
    "DNSDialup": {
      "average": 0.0009403688600000002,
      "fastest": 0.000118453,
      "slowest": 0.002020744
    },
    "DNSLookup": {
      "average": 0.00000875422,
      "fastest": 0.000004007,
      "slowest": 0.00003196
    }
  },
  "statusCodeDistribution": {
    "200": 787124
  },
  "errorDistribution": {}
}