{
  "summary": {
    "successRate": 1,
    "total": 10.000456037,
    "slowest": 0.006881077,
    "fastest": 0.000032911,
    "average": 0.0006433546243280659,
    "requestsPerSec": 77538.0639773918,
    "totalData": 10080408,
    "sizePerRequest": 13,
    "sizePerSec": 1007994.8317060934
  },
  "responseTimeHistogram": {
    "0.000032911": 1,
    "0.0007177276": 527784,
    "0.0014025442": 239488,
    "0.0020873608": 8102,
    "0.0027721774": 36,
    "0.0034569939999999997": 4,
    "0.0041418106": 0,
    "0.0048266272": 0,
    "0.0055114438": 0,
    "0.0061962604": 0,
    "0.006881076999999999": 1
  },
  "latencyPercentiles": {
    "p10": 0.000386177,
    "p25": 0.000478891,
    "p50": 0.000605976,
    "p75": 0.000769266,
    "p90": 0.000951307,
    "p95": 0.001072261,
    "p99": 0.001410732
  },
  "rps": {
    "mean": 77536.80420855591,
    "stddev": 10126.518487269834,
    "max": 99438.29441182964,
    "percentiles": {
      "p10": 64916.1609784531,
      "p25": 68854.47766272859,
      "p50": 76736.3528253357,
      "p75": 85400.99123287186,
      "p90": 92139.05774657987,
      "p95": 94457.70421150565,
      "p99": 98059.82771318634
    }
  },
  "details": {
    "DNSDialup": {
      "average": 0.0007625000400000001,
      "fastest": 0.000092231,
      "slowest": 0.001056983
    },
    "DNSLookup": {
      "average": 0.0000065857,
      "fastest": 0.000003216,
      "slowest": 0.000029164
    }
  },
  "statusCodeDistribution": {
    "200": 775416
  },
  "errorDistribution": {}
}