{
  "summary": {
    "successRate": 1,
    "total": 10.000393443,
    "slowest": 0.00406862,
    "fastest": 0.000036368,
    "average": 0.0006493540545086122,
    "requestsPerSec": 76814.17779994439,
    "totalData": 9986236,
    "sizePerRequest": 13,
    "sizePerSec": 998584.311399277
  },
  "responseTimeHistogram": {
    "0.000036368": 1,
    "0.0004395932": 131407,
    "0.0008428184000000001": 500225,
    "0.0012460436": 118358,
    "0.0016492688": 16784,
    "0.002052494": 1330,
    "0.0024557192000000004": 17,
    "0.0028589444": 21,
    "0.0032621696000000003": 27,
    "0.0036653948000000005": 1,
    "0.00406862": 1
  },
  "latencyPercentiles": {
    "p10": 0.000388749,
    "p25": 0.000482251,
    "p50": 0.000610082,
    "p75": 0.000776296,
    "p90": 0.000965592,
    "p95": 0.001085875,
    "p99": 0.001435014
  },
  "rps": {
    "mean": 76809.13138084993,
    "stddev": 10507.03583560709,
    "max": 99407.90292828104,
    "percentiles": {
      "p10": 64031.24084240561,
      "p25": 68126.2832516747,
      "p50": 75220.61797139654,
      "p75": 85453.59649571849,
      "p90": 92364.80991001251,
      "p95": 94760.09685342481,
      "p99": 97157.72140229103
    }
  },
  "details": {
    "DNSDialup": {
      "average": 0.0006270539399999999,
      "fastest": 0.000093417,
      "slowest": 0.001112728
    },
    "DNSLookup": {
      "average": 0.0000075021799999999985,
      "fastest": 0.000004127,
      "slowest": 0.000029366
    }
  },
  "statusCodeDistribution": {
    "200": 768172
  },
  "errorDistribution": {}
}