{
  "summary": {
    "successRate": 1,
    "total": 10.000395499,
    "slowest": 0.004295948,
    "fastest": 0.000034675,
    "average": 0.0006541604178335841,
    "requestsPerSec": 76253.18419419044,
    "totalData": 9913306,
    "sizePerRequest": 13,
    "sizePerSec": 991291.3945244757
  },
  "responseTimeHistogram": {
    "0.000034675": 1,
    "0.00046080230000000006": 152262,
    "0.0008869296": 498693,
    "0.0013130569000000003": 97373,
    "0.0017391842000000002": 13693,
    "0.0021653115000000002": 511,
    "0.0025914388000000004": 27,
    "0.0030175661": 1,
    "0.0034436934000000004": 0,
    "0.0038698207000000006": 0,
    "0.004295948": 1
  },
  "latencyPercentiles": {
    "p10": 0.00039348,
    "p25": 0.000487467,
    "p50": 0.000615257,
    "p75": 0.00078182,
    "p90": 0.000964064,
    "p95": 0.00109543,
    "p99": 0.001436982
  },
  "rps": {
    "mean": 76249.04897727049,
    "stddev": 10592.518512734836,
    "max": 97916.07781997982,
    "percentiles": {
      "p10": 62846.90893282504,
      "p25": 67155.51201918273,
      "p50": 74916.42917291785,
      "p75": 84823.84398254429,
      "p90": 91550.97558319611,
      "p95": 93885.4116514222,
      "p99": 96263.29311522112
    }
  },
  "details": {
    "DNSDialup": {
      "average": 0.0009714173,
      "fastest": 0.000120698,
      "slowest": 0.002183815
    },
    "DNSLookup": {
      "average": 0.000010087840000000003,
      "fastest": 0.000004278,
      "slowest": 0.000067757
    }
  },
  "statusCodeDistribution": {
    "200": 762562
  },
  "errorDistribution": {}
}