{
  "summary": {
    "successRate": 1,
    "total": 10.000628552,
    "slowest": 0.004298716,
    "fastest": 0.000034131,
    "average": 0.0006222232141060986,
    "requestsPerSec": 80137.46294373917,
    "totalData": 10418525,
    "sizePerRequest": 13,
    "sizePerSec": 1041787.0182686093
  },
  "responseTimeHistogram": {
    "0.000034131": 1,
    "0.0004605895000000001": 191339,
    "0.0008870480000000001": 513240,
    "0.0013135065000000003": 85867,
    "0.0017399650000000002": 10271,
    "0.0021664235000000004": 601,
    "0.0025928820000000008": 65,
    "0.0030193405000000007": 37,
    "0.0034457990000000007": 1,
    "0.0038722575000000006": 1,
    "0.004298716": 2
  },
  "latencyPercentiles": {
    "p10": 0.000372886,
    "p25": 0.000466169,
    "p50": 0.00058592,
    "p75": 0.000735905,
    "p90": 0.000927625,
    "p95": 0.001057845,
    "p99": 0.001380219
  },
  "rps": {
    "mean": 80143.90929542665,
    "stddev": 9858.926693855574,
    "max": 97745.46858746003,
    "percentiles": {
      "p10": 65822.82077196217,
      "p25": 73309.66954540728,
      "p50": 80738.56073660178,
      "p75": 88106.31722295297,
      "p90": 92560.59509944291,
      "p95": 94659.2851102619,
      "p99": 96701.73096099206
    }
  },
  "details": {
    "DNSDialup": {
      "average": 0.00079904702,
      "fastest": 0.000099154,
      "slowest": 0.001126811
    },
    "DNSLookup": {
      "average": 0.000009442219999999997,
      "fastest": 0.000004148,
      "slowest": 0.000044292
    }
  },
  "statusCodeDistribution": {
    "200": 801425
  },
  "errorDistribution": {}
}