{
  "summary": {
    "successRate": 1,
    "total": 10.000456658,
    "slowest": 0.013273475,
    "fastest": 0.000037738,
    "average": 0.0006241934293922252,
    "requestsPerSec": 79918.85044175951,
    "totalData": 10389925,
    "sizePerRequest": 13,
    "sizePerSec": 1038945.0557428736
  },
  "responseTimeHistogram": {
    "0.000037738": 1,
    "0.0013613117": 790925,
    "0.0026848854": 8267,
    "0.004008459099999999": 27,
    "0.0053320328": 3,
    "0.0066556065": 0,
    "0.0079791802": 0,
    "0.0093027539": 0,
    "0.0106263276": 0,
    "0.011949901300000001": 1,
    "0.013273475000000002": 1
  },
  "latencyPercentiles": {
    "p10": 0.000390979,
    "p25": 0.000455509,
    "p50": 0.000562922,
    "p75": 0.000768834,
    "p90": 0.000933852,
    "p95": 0.001041428,
    "p99": 0.001369334
  },
  "rps": {
    "mean": 79922.31075485368,
    "stddev": 10374.401812983882,
    "max": 99775.9748869081,
    "percentiles": {
      "p10": 64411.007841239756,
      "p25": 70819.61432860521,
      "p50": 83044.79690789252,
      "p75": 88535.38759442614,
      "p90": 90316.45403582907,
      "p95": 92926.67443129656,
      "p99": 95866.01333678134
    }
  },
  "details": {
    "DNSDialup": {
      "average": 0.001067028,
      "fastest": 0.000167655,
      "slowest": 0.002472233
    },
    "DNSLookup": {
      "average": 0.000012011700000000004,
      "fastest": 0.000005561,
      "slowest": 0.000054031
    }
  },
  "statusCodeDistribution": {
    "200": 799225
  },
  "errorDistribution": {}
}