{
  "summary": {
    "successRate": 1,
    "total": 10.000568642,
    "slowest": 0.003706538,
    "fastest": 0.000033082,
    "average": 0.000612466892945957,
    "requestsPerSec": 81430.86949875066,
    "totalData": 10586615,
    "sizePerRequest": 13,
    "sizePerSec": 1058601.3034837586
  },
  "responseTimeHistogram": {
    "0.000033082": 1,
    "0.0004004276": 109181,
    "0.0007677732000000001": 542215,
    "0.0011351188000000001": 141123,
    "0.0015024644000000001": 18862,
    "0.0018698100000000002": 2885,
    "0.0022371556": 32,
    "0.0026045012": 22,
    "0.0029718468": 8,
    "0.0033391924": 25,
    "0.003706538": 1
  },
  "latencyPercentiles": {
    "p10": 0.000373938,
    "p25": 0.00046337,
    "p50": 0.000576786,
    "p75": 0.00072168,
    "p90": 0.000909211,
    "p95": 0.001030043,
    "p99": 0.001327429
  },
  "rps": {
    "mean": 81420.7487809338,
    "stddev": 9058.138783451397,
    "max": 98527.89324657783,
    "percentiles": {
      "p10": 68274.12744912463,
      "p25": 75140.3052597409,
      "p50": 82647.3734744735,
      "p75": 88629.35655791148,
      "p90": 92204.7669864565,
      "p95": 94129.1423824871,
      "p99": 96555.49044035278
    }
  },
  "details": {
    "DNSDialup": {
      "average": 0.00081636632,
      "fastest": 0.00016901,
      "slowest": 0.001152842
    },
    "DNSLookup": {
      "average": 0.000008870020000000001,
      "fastest": 0.000003546,
      "slowest": 0.0000321
    }
  },
  "statusCodeDistribution": {
    "200": 814355
  },
  "errorDistribution": {}
}