{
  "summary": {
    "successRate": 1,
    "total": 10.000210726,
    "slowest": 0.005043874,
    "fastest": 0.00003704,
    "average": 0.0006300050774056957,
    "requestsPerSec": 79185.03136550804,
    "totalData": 10294271,
    "sizePerRequest": 13,
    "sizePerSec": 1029405.4077516046
  },
  "responseTimeHistogram": {
    "0.00003704": 1,
    "0.0005377234": 324369,
    "0.0010384067999999998": 427548,
    "0.0015390901999999998": 37407,
    "0.0020397735999999997": 2441,
    "0.002540457": 89,
    "0.0030411403999999996": 9,
    "0.0035418237999999993": 1,
    "0.0040425072": 1,
    "0.0045431906": 0,
    "0.005043874": 1
  },
  "latencyPercentiles": {
    "p10": 0.000393916,
    "p25": 0.00046893,
    "p50": 0.000584347,
    "p75": 0.000757685,
    "p90": 0.000933853,
    "p95": 0.001039961,
    "p99": 0.001367416
  },
  "rps": {
    "mean": 79188.02890785853,
    "stddev": 10053.679832392843,
    "max": 99905.66696069296,
    "percentiles": {
      "p10": 65100.72912816724,
      "p25": 70920.16969626157,
      "p50": 79866.09752301958,
      "p75": 87908.06996082052,
      "p90": 91658.6102060455,
      "p95": 94047.91741392555,
      "p99": 96607.63200292681
    }
  },
  "details": {
    "DNSDialup": {
      "average": 0.0007331991400000001,
      "fastest": 0.000095669,
      "slowest": 0.001855498
    },
    "DNSLookup": {
      "average": 0.000010172239999999998,
      "fastest": 0.000004167,
      "slowest": 0.00003204
    }
  },
  "statusCodeDistribution": {
    "200": 791867
  },
  "errorDistribution": {}
}