{
  "summary": {
    "successRate": 1,
    "total": 10.00054184,
    "slowest": 0.003977512,
    "fastest": 0.00003369,
    "average": 0.0006177645485756446,
    "requestsPerSec": 80730.52569719563,
    "totalData": 10495537,
    "sizePerRequest": 13,
    "sizePerSec": 1049496.834063543
  },
  "responseTimeHistogram": {
    "0.00003369": 1,
    "0.00042807219999999995": 139623,
    "0.0008224543999999998": 540466,
    "0.0012168365999999998": 112105,
    "0.0016112187999999998": 13535,
    "0.0020056009999999997": 1563,
    "0.0023999831999999993": 37,
    "0.0027943653999999993": 15,
    "0.0031887475999999994": 1,
    "0.0035831297999999994": 2,
    "0.003977512": 1
  },
  "latencyPercentiles": {
    "p10": 0.000377138,
    "p25": 0.000467276,
    "p50": 0.000580111,
    "p75": 0.000725401,
    "p90": 0.000919735,
    "p95": 0.001049439,
    "p99": 0.001342562
  },
  "rps": {
    "mean": 80724.07831269692,
    "stddev": 9468.591055284394,
    "max": 97758.32939028065,
    "percentiles": {
      "p10": 66154.35903682034,
      "p25": 74286.07527541935,
      "p50": 82515.68623195513,
      "p75": 88026.41672766236,
      "p90": 91826.64731197117,
      "p95": 93472.91822350583,
      "p99": 95680.65720438202
    }
  },
  "details": {
    "DNSDialup": {
      "average": 0.0007692101399999996,
      "fastest": 0.000103194,
      "slowest": 0.001349309
    },
    "DNSLookup": {
      "average": 0.000007315499999999998,
      "fastest": 0.000003226,
      "slowest": 0.000029726
    }
  },
  "statusCodeDistribution": {
    "200": 807349
  },
  "errorDistribution": {}
}