{
  "summary": {
    "successRate": 1,
    "total": 10.000504158,
    "slowest": 0.00387433,
    "fastest": 0.000033372,
    "average": 0.0006267263086054904,
    "requestsPerSec": 79591.78731636901,
    "totalData": 10347454,
    "sizePerRequest": 13,
    "sizePerSec": 1034693.2351127972
  },
  "responseTimeHistogram": {
    "0.000033372": 1,
    "0.00041746780000000004": 124736,
    "0.0008015636000000001": 520529,
    "0.0011856594000000003": 130993,
    "0.0015697552000000002": 17851,
    "0.001953851": 1784,
    "0.0023379468000000003": 37,
    "0.0027220426000000002": 12,
    "0.0031061384": 0,
    "0.0034902342": 6,
    "0.00387433": 9
  },
  "latencyPercentiles": {
    "p10": 0.000376409,
    "p25": 0.000466823,
    "p50": 0.000589116,
    "p75": 0.000749016,
    "p90": 0.000930619,
    "p95": 0.001049247,
    "p99": 0.001372809
  },
  "rps": {
    "mean": 79575.47656151565,
    "stddev": 10375.060670843171,
    "max": 101574.24879912978,
    "percentiles": {
      "p10": 65919.67702358753,
      "p25": 71344.73777291941,
      "p50": 79278.8840994027,
      "p75": 87820.08886547011,
      "p90": 94595.43733672991,
      "p95": 96811.13161478472,
      "p99": 99261.1746619386
    }
  },
  "details": {
    "DNSDialup": {
      "average": 0.00075507226,
      "fastest": 0.000102737,
      "slowest": 0.001210656
    },
    "DNSLookup": {
      "average": 0.000007170140000000002,
      "fastest": 0.000003697,
      "slowest": 0.000038272
    }
  },
  "statusCodeDistribution": {
    "200": 795958
  },
  "errorDistribution": {}
}