{
  "summary": {
    "successRate": 1,
    "total": 10.000536588,
    "slowest": 0.004062124,
    "fastest": 0.000035326,
    "average": 0.0006512303439177856,
    "requestsPerSec": 76601.9896291589,
    "totalData": 9958793,
    "sizePerRequest": 13,
    "sizePerSec": 995825.8651790656
  },
  "responseTimeHistogram": {
    "0.000035326": 1,
    "0.0004380058000000001": 127148,
    "0.0008406856000000002": 498131,
    "0.0012433654000000003": 122640,
    "0.0016460452000000003": 16815,
    "0.0020487250000000004": 1291,
    "0.0024514048000000006": 26,
    "0.0028540846000000004": 4,
    "0.0032567644000000007": 4,
    "0.003659444200000001": 0,
    "0.004062124": 1
  },
  "latencyPercentiles": {
    "p10": 0.000390656,
    "p25": 0.000484027,
    "p50": 0.000612199,
    "p75": 0.000781396,
    "p90": 0.000964011,
    "p95": 0.001086767,
    "p99": 0.001424974
  },
  "rps": {
    "mean": 76616.53650502313,
    "stddev": 10007.399858510022,
    "max": 99851.69057560172,
    "percentiles": {
      "p10": 64005.03079542315,
      "p25": 68390.40618176953,
      "p50": 75943.72891143031,
      "p75": 84607.06414595268,
      "p90": 91047.64523274814,
      "p95": 93495.8925941639,
      "p99": 96806.4483706335
    }
  },
  "details": {
    "DNSDialup": {
      "average": 0.0008797894199999999,
      "fastest": 0.000111938,
      "slowest": 0.001962095
    },
    "DNSLookup": {
      "average": 0.000027594600000000002,
      "fastest": 0.000003808,
      "slowest": 0.001048617
    }
  },
  "statusCodeDistribution": {
    "200": 766061
  },
  "errorDistribution": {}
}