{
  "summary": {
    "successRate": 1,
    "total": 10.000353266,
    "slowest": 0.003944997,
    "fastest": 0.000033813,
    "average": 0.0006370118776627216,
    "requestsPerSec": 78314.33342086898,
    "totalData": 10181223,
    "sizePerRequest": 13,
    "sizePerSec": 1018086.3344712968
  },
  "responseTimeHistogram": {
    "0.000033813": 1,
    "0.0004249314": 122623,
    "0.0008160498000000001": 514157,
    "0.0012071682": 127373,
    "0.0015982866": 17420,
    "0.001989405": 1525,
    "0.0023805234000000004": 23,
    "0.0027716418000000003": 20,
    "0.0031627602": 25,
    "0.0035538786": 3,
    "0.003944997": 1
  },
  "latencyPercentiles": {
    "p10": 0.000383733,
    "p25": 0.000475567,
    "p50": 0.000598744,
    "p75": 0.000759444,
    "p90": 0.000945341,
    "p95": 0.001066406,
    "p99": 0.001387845
  },
  "rps": {
    "mean": 78310.58020354279,
    "stddev": 9860.143411745152,
    "max": 100218.164923223,
    "percentiles": {
      "p10": 65577.32222062981,
      "p25": 70210.46838083644,
      "p50": 78264.97389561527,
      "p75": 86221.21841096351,
      "p90": 91731.7024763774,
      "p95": 94144.13477038003,
      "p99": 97626.33824432016
    }
  },
  "details": {
    "DNSDialup": {
      "average": 0.0005447001600000001,
      "fastest": 0.000075681,
      "slowest": 0.000767015
    },
    "DNSLookup": {
      "average": 0.0000068119999999999985,
      "fastest": 0.000003537,
      "slowest": 0.000030307
    }
  },
  "statusCodeDistribution": {
    "200": 783171
  },
  "errorDistribution": {}
}