{
  "summary": {
    "successRate": 1,
    "total": 10.000572225,
    "slowest": 0.003780627,
    "fastest": 0.000034935,
    "average": 0.000610967051765779,
    "requestsPerSec": 81628.42901722055,
    "totalData": 10612303,
    "sizePerRequest": 13,
    "sizePerSec": 1061169.5772238672
  },
  "responseTimeHistogram": {
    "0.000034935": 1,
    "0.0004095042": 121193,
    "0.0007840734000000001": 549044,
    "0.0011586426": 126482,
    "0.0015332118": 16714,
    "0.001907781": 2738,
    "0.0022823502": 120,
    "0.0026569194": 15,
    "0.0030314886": 10,
    "0.0034060578": 9,
    "0.003780627": 5
  },
  "latencyPercentiles": {
    "p10": 0.000373869,
    "p25": 0.000462595,
    "p50": 0.000574377,
    "p75": 0.000716692,
    "p90": 0.000905084,
    "p95": 0.001035079,
    "p99": 0.001344121
  },
  "rps": {
    "mean": 81644.65395932712,
    "stddev": 9734.498641121909,
    "max": 99152.3428077902,
    "percentiles": {
      "p10": 67475.72893989504,
      "p25": 74560.4725899729,
      "p50": 83050.00440765488,
      "p75": 89622.45188782678,
      "p90": 93702.29479522994,
      "p95": 95158.4082309725,
      "p99": 97330.64919040859
    }
  },
  "details": {
    "DNSDialup": {
      "average": 0.0008100906399999999,
      "fastest": 0.00008184,
      "slowest": 0.001379264
    },
    "DNSLookup": {
      "average": 0.000006922899999999999,
      "fastest": 0.000003356,
      "slowest": 0.000032421
    }
  },
  "statusCodeDistribution": {
    "200": 816331
  },
  "errorDistribution": {}
}