{
  "summary": {
    "successRate": 1,
    "total": 10.000589576,
    "slowest": 0.002925606,
    "fastest": 0.000033482,
    "average": 0.0006112193904949265,
    "requestsPerSec": 81601.88894847213,
    "totalData": 10608871,
    "sizePerRequest": 13,
    "sizePerSec": 1060824.556330138
  },
  "responseTimeHistogram": {
    "0.000033482": 1,
    "0.00032269439999999997": 43817,
    "0.0006119068": 431497,
    "0.0009011192": 256413,
    "0.0011903316": 68038,
    "0.001479544": 12651,
    "0.0017687564": 3283,
    "0.0020579688": 307,
    "0.0023471812": 13,
    "0.0026363935999999997": 22,
    "0.002925606": 25
  },
  "latencyPercentiles": {
    "p10": 0.0003741,
    "p25": 0.000463604,
    "p50": 0.000574386,
    "p75": 0.000717151,
    "p90": 0.000908171,
    "p95": 0.001032846,
    "p99": 0.001325948
  },
  "rps": {
    "mean": 81585.36298515744,
    "stddev": 9269.78628764175,
    "max": 99511.30448418889,
    "percentiles": {
      "p10": 68284.03229543898,
      "p25": 75129.8619664087,
      "p50": 83034.83080500571,
      "p75": 88820.33334553086,
      "p90": 92934.81123718132,
      "p95": 94329.26883000354,
      "p99": 96537.82351925682
    }
  },
  "details": {
    "DNSDialup": {
      "average": 0.0006474372400000001,
      "fastest": 0.00009111,
      "slowest": 0.001058742
    },
    "DNSLookup": {
      "average": 0.000010062999999999998,
      "fastest": 0.000003606,
      "slowest": 0.000184071
    }
  },
  "statusCodeDistribution": {
    "200": 816067
  },
  "errorDistribution": {}
}