{
  "summary": {
    "successRate": 1,
    "total": 10.000651796,
    "slowest": 0.002871985,
    "fastest": 0.000036738,
    "average": 0.0006145327790543002,
    "requestsPerSec": 81161.70991221261,
    "totalData": 10551710,
    "sizePerRequest": 13,
    "sizePerSec": 1055102.2288587638
  },
  "responseTimeHistogram": {
    "0.000036738": 1,
    "0.0003202627": 42166,
    "0.0006037874": 407019,
    "0.0008873120999999999": 270976,
    "0.0011708367999999998": 73339,
    "0.0014543614999999999": 13794,
    "0.0017378861999999998": 3913,
    "0.0020214109": 410,
    "0.0023049356": 25,
    "0.0025884603": 14,
    "0.002871985": 13
  },
  "latencyPercentiles": {
    "p10": 0.000373744,
    "p25": 0.000464599,
    "p50": 0.000578754,
    "p75": 0.000725113,
    "p90": 0.000911494,
    "p95": 0.001032456,
    "p99": 0.001335482
  },
  "rps": {
    "mean": 81173.16579178732,
    "stddev": 9243.359543090273,
    "max": 98768.99013961203,
    "percentiles": {
      "p10": 66757.28442576577,
      "p25": 74780.71082118723,
      "p50": 82575.52253069413,
      "p75": 88226.81212820063,
      "p90": 92477.25549924388,
      "p95": 94018.2959603941,
      "p99": 96938.21744065043
    }
  },
  "details": {
    "DNSDialup": {
      "average": 0.00091088284,
      "fastest": 0.000112269,
      "slowest": 0.001384364
    },
    "DNSLookup": {
      "average": 0.00001300448,
      "fastest": 0.000004017,
      "slowest": 0.000189792
    }
  },
  "statusCodeDistribution": {
    "200": 811670
  },
  "errorDistribution": {}
}