{
  "summary": {
    "successRate": 1,
    "total": 10.000274586,
    "slowest": 0.004054157,
    "fastest": 0.000037058,
    "average": 0.0006542572317624126,
    "requestsPerSec": 76241.50651496921,
    "totalData": 9911668,
    "sizePerRequest": 13,
    "sizePerSec": 991139.5846945997
  },
  "responseTimeHistogram": {
    "0.000037058": 1,
    "0.0004387679": 121404,
    "0.0008404777999999999": 498934,
    "0.0012421876999999999": 123940,
    "0.0016438975999999998": 16726,
    "0.0020456075": 1384,
    "0.0024473173999999998": 26,
    "0.0028490272999999997": 17,
    "0.0032507371999999997": 2,
    "0.0036524470999999997": 1,
    "0.004054157": 1
  },
  "latencyPercentiles": {
    "p10": 0.000393799,
    "p25": 0.000489018,
    "p50": 0.000615133,
    "p75": 0.000781263,
    "p90": 0.000970805,
    "p95": 0.001095402,
    "p99": 0.001422956
  },
  "rps": {
    "mean": 76233.73331833769,
    "stddev": 9620.173929158176,
    "max": 97430.35929996235,
    "percentiles": {
      "p10": 63002.59342312582,
      "p25": 68776.79899247181,
      "p50": 76185.23604208039,
      "p75": 83312.32189240803,
      "p90": 90006.36344989673,
      "p95": 92052.79865290983,
      "p99": 94949.56367223286
    }
  },
  "details": {
    "DNSDialup": {
      "average": 0.0010242804399999998,
      "fastest": 0.000114005,
      "slowest": 0.002176952
    },
    "DNSLookup": {
      "average": 0.000009349639999999999,
      "fastest": 0.000004649,
      "slowest": 0.000033803
    }
  },
  "statusCodeDistribution": {
    "200": 762436
  },
  "errorDistribution": {}
}