{
  "summary": {
    "successRate": 1,
    "total": 10.000383116,
    "slowest": 0.004179415,
    "fastest": 0.000034684,
    "average": 0.0006379613727413825,
    "requestsPerSec": 78197.60412466982,
    "totalData": 10166078,
    "sizePerRequest": 13,
    "sizePerSec": 1016568.8536207076
  },
  "responseTimeHistogram": {
    "0.000034684": 1,
    "0.0004491571": 155155,
    "0.0008636302": 508645,
    "0.0012781033000000002": 104044,
    "0.0016925764": 13658,
    "0.0021070495": 461,
    "0.0025215226": 27,
    "0.0029359957": 6,
    "0.0033504688": 2,
    "0.0037649419": 3,
    "0.004179415": 4
  },
  "latencyPercentiles": {
    "p10": 0.000382142,
    "p25": 0.000475737,
    "p50": 0.000600545,
    "p75": 0.000763186,
    "p90": 0.000946095,
    "p95": 0.001061757,
    "p99": 0.001395087
  },
  "rps": {
    "mean": 78191.75279748505,
    "stddev": 10571.677214966212,
    "max": 99310.85077163184,
    "percentiles": {
      "p10": 64431.68991375565,
      "p25": 69483.61658419308,
      "p50": 77516.54246136645,
      "p75": 87231.4120314702,
      "p90": 93202.1809310341,
      "p95": 94939.20989368593,
      "p99": 97527.58003313089
    }
  },
  "details": {
    "DNSDialup": {
      "average": 0.00096304484,
      "fastest": 0.000099957,
      "slowest": 0.002000186
    },
    "DNSLookup": {
      "average": 0.000010291879999999999,
      "fastest": 0.000003416,
      "slowest": 0.000072626
    }
  },
  "statusCodeDistribution": {
    "200": 782006
  },
  "errorDistribution": {}
}