{
  "summary": {
    "successRate": 1,
    "total": 10.00046041,
    "slowest": 0.009801577,
    "fastest": 0.000033373,
    "average": 0.0006198201293134129,
    "requestsPerSec": 80478.29469883376,
    "totalData": 10462660,
    "sizePerRequest": 13,
    "sizePerSec": 1046217.831084839
  },
  "responseTimeHistogram": {
    "0.000033373": 1,
    "0.0010101934": 758113,
    "0.0019870138000000004": 46563,
    "0.0029638342000000008": 62,
    "0.0039406546": 66,
    "0.004917475": 14,
    "0.005894295400000001": 0,
    "0.006871115800000001": 0,
    "0.0078479362": 0,
    "0.0088247566": 0,
    "0.009801577": 1
  },
  "latencyPercentiles": {
    "p10": 0.000390249,
    "p25": 0.000460851,
    "p50": 0.000566969,
    "p75": 0.00074527,
    "p90": 0.000929635,
    "p95": 0.001033402,
    "p99": 0.001353419
  },
  "rps": {
    "mean": 80473.86312322665,
    "stddev": 10224.466107106835,
    "max": 100051.53654647592,
    "percentiles": {
      "p10": 66306.58783995417,
      "p25": 72231.19351678458,
      "p50": 81571.74114380109,
      "p75": 89622.03805915329,
      "p90": 92655.98067781777,
      "p95": 94941.95236937665,
      "p99": 98132.62909917538
    }
  },
  "details": {
    "DNSDialup": {
      "average": 0.00082841812,
      "fastest": 0.000101861,
      "slowest": 0.001546397
    },
    "DNSLookup": {
      "average": 0.0000198773,
      "fastest": 0.000003797,
      "slowest": 0.000608097
    }
  },
  "statusCodeDistribution": {
    "200": 804820
  },
  "errorDistribution": {}
}