{
  "summary": {
    "successRate": 1,
    "total": 10.001329405,
    "slowest": 0.003434043,
    "fastest": 0.000033784,
    "average": 0.0006155106011038068,
    "requestsPerSec": 81016.82958216693,
    "totalData": 10533588,
    "sizePerRequest": 13,
    "sizePerSec": 1053218.78456817
  },
  "responseTimeHistogram": {
    "0.000033784": 1,
    "0.0003738099": 81590,
    "0.0007138358000000001": 515626,
    "0.0010538617000000001": 174971,
    "0.0013938876000000001": 31785,
    "0.0017339135": 5755,
    "0.0020739394": 481,
    "0.0024139653": 54,
    "0.0027539912": 11,
    "0.0030940171": 1,
    "0.003434043": 1
  },
  "latencyPercentiles": {
    "p10": 0.000373178,
    "p25": 0.000464008,
    "p50": 0.000578154,
    "p75": 0.000725282,
    "p90": 0.000916945,
    "p95": 0.001043525,
    "p99": 0.001346975
  },
  "rps": {
    "mean": 81028.25139253089,
    "stddev": 9215.217597862682,
    "max": 98747.82935412235,
    "percentiles": {
      "p10": 67698.49453970483,
      "p25": 74840.48300012953,
      "p50": 82408.65290855488,
      "p75": 88234.85276684456,
      "p90": 92194.416935095,
      "p95": 94257.83660854178,
      "p99": 96131.0226663302
    }
  },
  "details": {
    "DNSDialup": {
      "average": 0.0007729029,
      "fastest": 0.000083697,
      "slowest": 0.00189728
    },
    "DNSLookup": {
      "average": 0.000007264340000000001,
      "fastest": 0.000003476,
      "slowest": 0.000031219
    }
  },
  "statusCodeDistribution": {
    "200": 810276
  },
  "errorDistribution": {}
}