{
  "summary": {
    "successRate": 1,
    "total": 10.000398629,
    "slowest": 0.005986598,
    "fastest": 0.000034143,
    "average": 0.0006415567046770428,
    "requestsPerSec": 77755.5004402615,
    "totalData": 10108618,
    "sizePerRequest": 13,
    "sizePerSec": 1010821.5057233996
  },
  "responseTimeHistogram": {
    "0.000034143": 1,
    "0.0006293885": 424838,
    "0.0012246339999999998": 334498,
    "0.0018198794999999997": 18053,
    "0.0024151249999999997": 187,
    "0.0030103705": 3,
    "0.0036056159999999994": 3,
    "0.0042008615": 2,
    "0.004796107": 0,
    "0.0053913525": 0,
    "0.005986598": 1
  },
  "latencyPercentiles": {
    "p10": 0.000383533,
    "p25": 0.000477574,
    "p50": 0.000604343,
    "p75": 0.000767405,
    "p90": 0.000950947,
    "p95": 0.001067342,
    "p99": 0.001402604
  },
  "rps": {
    "mean": 77748.29271602203,
    "stddev": 10236.283227973927,
    "max": 100924.23190808033,
    "percentiles": {
      "p10": 64625.40047177339,
      "p25": 69570.03615539797,
      "p50": 76863.67278139714,
      "p75": 85913.53997389268,
      "p90": 92100.9025888443,
      "p95": 95132.20225046243,
      "p99": 98377.12022348566
    }
  },
  "details": {
    "DNSDialup": {
      "average": 0.0010500338600000004,
      "fastest": 0.000124381,
      "slowest": 0.002343763
    },
    "DNSLookup": {
      "average": 0.000011129059999999999,
      "fastest": 0.000004178,
      "slowest": 0.000033933
    }
  },
  "statusCodeDistribution": {
    "200": 777586
  },
  "errorDistribution": {}
}