{
  "summary": {
    "successRate": 1,
    "total": 10.001044265,
    "slowest": 0.00339366,
    "fastest": 0.00003219,
    "average": 0.0006009412322577832,
    "requestsPerSec": 82993.93323403112,
    "totalData": 10790338,
    "sizePerRequest": 13,
    "sizePerSec": 1078921.1320424047
  },
  "responseTimeHistogram": {
    "0.00003219": 1,
    "0.00036833700000000005": 84100,
    "0.000704484": 534678,
    "0.0010406310000000002": 177622,
    "0.0013767780000000002": 27913,
    "0.0017129250000000001": 5351,
    "0.0020490720000000003": 322,
    "0.002385219": 14,
    "0.0027213660000000002": 18,
    "0.0030575130000000004": 6,
    "0.00339366": 1
  },
  "latencyPercentiles": {
    "p10": 0.000367165,
    "p25": 0.00045546,
    "p50": 0.000566345,
    "p75": 0.000708269,
    "p90": 0.000887903,
    "p95": 0.001007527,
    "p99": 0.00130501
  },
  "rps": {
    "mean": 82991.5409741094,
    "stddev": 9090.533873000259,
    "max": 99907.90877275587,
    "percentiles": {
      "p10": 70231.58314294044,
      "p25": 76941.0483297982,
      "p50": 84258.92314075999,
      "p75": 90104.10134202977,
      "p90": 94019.5654715713,
      "p95": 95682.45790958295,
      "p99": 97899.62265601658
    }
  },
  "details": {
    "DNSDialup": {
      "average": 0.00074713386,
      "fastest": 0.000076633,
      "slowest": 0.001816805
    },
    "DNSLookup": {
      "average": 0.0000070064400000000015,
      "fastest": 0.000003336,
      "slowest": 0.000024937
    }
  },
  "statusCodeDistribution": {
    "200": 830026
  },
  "errorDistribution": {}
}