{
  "summary": {
    "successRate": 1,
    "total": 10.000402415,
    "slowest": 0.003665182,
    "fastest": 0.000034745,
    "average": 0.0006462868151118396,
    "requestsPerSec": 77174.89436648836,
    "totalData": 10033140,
    "sizePerRequest": 13,
    "sizePerSec": 1003273.6267643486
  },
  "responseTimeHistogram": {
    "0.000034745": 1,
    "0.00039778869999999996": 87480,
    "0.0007608323999999999": 477475,
    "0.0011238761": 175894,
    "0.0014869198": 25316,
    "0.0018499635": 5436,
    "0.0022130072": 137,
    "0.0025760508999999997": 21,
    "0.0029390946": 7,
    "0.0033021383": 7,
    "0.003665182": 6
  },
  "latencyPercentiles": {
    "p10": 0.000386308,
    "p25": 0.000479988,
    "p50": 0.0006064,
    "p75": 0.000775591,
    "p90": 0.000960185,
    "p95": 0.001082344,
    "p99": 0.001431225
  },
  "rps": {
    "mean": 77178.51278357711,
    "stddev": 10670.53334015562,
    "max": 99937.78647707113,
    "percentiles": {
      "p10": 63340.626677952656,
      "p25": 67811.06676609787,
      "p50": 76525.82746676763,
      "p75": 86144.89010223368,
      "p90": 92032.71763111308,
      "p95": 94382.37318408646,
      "p99": 96812.9535731871
    }
  },
  "details": {
    "DNSDialup": {
      "average": 0.0011079597199999997,
      "fastest": 0.000110457,
      "slowest": 0.001792635
    },
    "DNSLookup": {
      "average": 0.000011013219999999998,
      "fastest": 0.000004869,
      "slowest": 0.000049092
    }
  },
  "statusCodeDistribution": {
    "200": 771780
  },
  "errorDistribution": {}
}