{
  "summary": {
    "successRate": 1,
    "total": 10.000315251,
    "slowest": 0.005537154,
    "fastest": 0.000032443,
    "average": 0.000648603804789247,
    "requestsPerSec": 76915.97521618972,
    "totalData": 9999392,
    "sizePerRequest": 13,
    "sizePerSec": 999907.6778104663
  },
  "responseTimeHistogram": {
    "0.000032443": 1,
    "0.0005829141": 370767,
    "0.0011333852": 370188,
    "0.0016838563000000002": 26762,
    "0.0022343274": 1159,
    "0.0027847985": 114,
    "0.0033352696000000003": 135,
    "0.0038857407": 37,
    "0.0044362118": 15,
    "0.0049866829": 5,
    "0.005537154": 1
  },
  "latencyPercentiles": {
    "p10": 0.000400514,
    "p25": 0.000473086,
    "p50": 0.000593661,
    "p75": 0.000791964,
    "p90": 0.000971045,
    "p95": 0.001080558,
    "p99": 0.001414462
  },
  "rps": {
    "mean": 76918.76506565089,
    "stddev": 10557.583456283483,
    "max": 96419.34171994143,
    "percentiles": {
      "p10": 62730.30501035208,
      "p25": 67080.72494439986,
      "p50": 77588.68793017557,
      "p75": 86453.886707584,
      "p90": 89473.25175120807,
      "p95": 91942.67979196087,
      "p99": 95071.47473470637
    }
  },
  "details": {
    "DNSDialup": {
      "average": 0.0006971979000000002,
      "fastest": 0.000083649,
      "slowest": 0.001628144
    },
    "DNSLookup": {
      "average": 0.000008341880000000003,
      "fastest": 0.000003576,
      "slowest": 0.000038271
    }
  },
  "statusCodeDistribution": {
    "200": 769184
  },
  "errorDistribution": {}
}