{
  "summary": {
    "successRate": 1,
    "total": 10.000273814,
    "slowest": 0.003741291,
    "fastest": 0.000037711,
    "average": 0.0006519511895277495,
    "requestsPerSec": 76521.80472585608,
    "totalData": 9948107,
    "sizePerRequest": 13,
    "sizePerSec": 994783.4614361291
  },
  "responseTimeHistogram": {
    "0.000037711": 1,
    "0.000408069": 92421,
    "0.0007784269999999999": 479065,
    "0.001148785": 166746,
    "0.001519143": 23150,
    "0.0018895009999999998": 3726,
    "0.0022598590000000003": 99,
    "0.0026302170000000002": 12,
    "0.003000575": 6,
    "0.003370933": 6,
    "0.003741291": 7
  },
  "latencyPercentiles": {
    "p10": 0.000390684,
    "p25": 0.00048597,
    "p50": 0.000617076,
    "p75": 0.000780922,
    "p90": 0.000954031,
    "p95": 0.001074811,
    "p99": 0.00141878
  },
  "rps": {
    "mean": 76529.57554683641,
    "stddev": 9585.036833457933,
    "max": 99394.96194664617,
    "percentiles": {
      "p10": 64341.46610135867,
      "p25": 68945.59743604332,
      "p50": 75704.32271682667,
      "p75": 83829.01247920092,
      "p90": 90231.45468510312,
      "p95": 93433.88847134956,
      "p99": 97107.85602554906
    }
  },
  "details": {
    "DNSDialup": {
      "average": 0.0011322252600000004,
      "fastest": 0.000102993,
      "slowest": 0.001856054
    },
    "DNSLookup": {
      "average": 0.00000850914,
      "fastest": 0.000002986,
      "slowest": 0.000022803
    }
  },
  "statusCodeDistribution": {
    "200": 765239
  },
  "errorDistribution": {}
}