{
  "summary": {
    "successRate": 1,
    "total": 10.00064953,
    "slowest": 0.003107803,
    "fastest": 0.000030371,
    "average": 0.0006311679400135731,
    "requestsPerSec": 79017.76755894374,
    "totalData": 10272977,
    "sizePerRequest": 13,
    "sizePerSec": 1027230.9782662686
  },
  "responseTimeHistogram": {
    "0.000030371": 1,
    "0.00033811420000000005": 45931,
    "0.0006458574": 434852,
    "0.0009536006000000001": 237920,
    "0.0012613438000000001": 56782,
    "0.0015690870000000003": 11616,
    "0.0018768302000000002": 2861,
    "0.0021845734": 222,
    "0.0024923166000000003": 37,
    "0.0028000598000000004": 4,
    "0.0031078030000000006": 3
  },
  "latencyPercentiles": {
    "p10": 0.000383096,
    "p25": 0.000477313,
    "p50": 0.000594038,
    "p75": 0.000740836,
    "p90": 0.000933319,
    "p95": 0.001066876,
    "p99": 0.001390819
  },
  "rps": {
    "mean": 78997.52162634654,
    "stddev": 10013.306684690191,
    "max": 100203.7005276961,
    "percentiles": {
      "p10": 64320.59650678682,
      "p25": 71544.3073895674,
      "p50": 80408.45092819362,
      "p75": 86831.3070176739,
      "p90": 91221.18734738967,
      "p95": 93172.88968430246,
      "p99": 96100.73997569813
    }
  },
  "details": {
    "DNSDialup": {
      "average": 0.0008749903199999998,
      "fastest": 0.000114204,
      "slowest": 0.001714542
    },
    "DNSLookup": {
      "average": 0.000007145319999999999,
      "fastest": 0.000003486,
      "slowest": 0.000028604
    }
  },
  "statusCodeDistribution": {
    "200": 790229
  },
  "errorDistribution": {}
}