{
  "summary": {
    "successRate": 1,
    "total": 10.000321613,
    "slowest": 0.004151684,
    "fastest": 0.000036935,
    "average": 0.0006308027272566452,
    "requestsPerSec": 79089.75637061843,
    "totalData": 10281999,
    "sizePerRequest": 13,
    "sizePerSec": 1028166.8328180396
  },
  "responseTimeHistogram": {
    "0.000036935": 1,
    "0.00044840989999999996": 162347,
    "0.0008598847999999999": 514023,
    "0.0012713597": 100846,
    "0.0016828346": 13147,
    "0.0020943095": 515,
    "0.0025057843999999998": 6,
    "0.0029172593": 11,
    "0.0033287342": 21,
    "0.0037402091": 5,
    "0.004151684": 1
  },
  "latencyPercentiles": {
    "p10": 0.000381407,
    "p25": 0.00047079,
    "p50": 0.00059284,
    "p75": 0.000756199,
    "p90": 0.000930428,
    "p95": 0.001044832,
    "p99": 0.001381033
  },
  "rps": {
    "mean": 79101.89709272375,
    "stddev": 10951.126588306213,
    "max": 101341.95556960502,
    "percentiles": {
      "p10": 65044.4643958556,
      "p25": 69308.69824163026,
      "p50": 78421.68693161012,
      "p75": 88582.32841603021,
      "p90": 94232.92498398716,
      "p95": 96134.60845904189,
      "p99": 98327.88470558716
    }
  },
  "details": {
    "DNSDialup": {
      "average": 0.0008938486200000003,
      "fastest": 0.000162835,
      "slowest": 0.001732224
    },
    "DNSLookup": {
      "average": 0.000010324759999999999,
      "fastest": 0.000004388,
      "slowest": 0.000031219
    }
  },
  "statusCodeDistribution": {
    "200": 790923
  },
  "errorDistribution": {}
}