{
  "summary": {
    "successRate": 1,
    "total": 10.000802524,
    "slowest": 0.003529412,
    "fastest": 0.000032631,
    "average": 0.0006072396586692691,
    "requestsPerSec": 82132.20869313508,
    "totalData": 10678044,
    "sizePerRequest": 13,
    "sizePerSec": 1067718.713010756
  },
  "responseTimeHistogram": {
    "0.000032631": 1,
    "0.0003823091": 92952,
    "0.0007319872": 540986,
    "0.0010816653": 157849,
    "0.0014313434": 24687,
    "0.0017810215": 4598,
    "0.0021306996": 302,
    "0.0024803777": 6,
    "0.0028300558": 6,
    "0.0031797339": 0,
    "0.003529412": 1
  },
  "latencyPercentiles": {
    "p10": 0.000371399,
    "p25": 0.000459857,
    "p50": 0.000569432,
    "p75": 0.000711346,
    "p90": 0.000902292,
    "p95": 0.001029738,
    "p99": 0.001330651
  },
  "rps": {
    "mean": 82103.80628584418,
    "stddev": 9517.229145570245,
    "max": 98803.29884894834,
    "percentiles": {
      "p10": 68476.61127123216,
      "p25": 76168.22514205356,
      "p50": 83909.09574598052,
      "p75": 89523.61632998777,
      "p90": 93225.33864704378,
      "p95": 94402.55894003499,
      "p99": 96985.88529408343
    }
  },
  "details": {
    "DNSDialup": {
      "average": 0.0006700719200000001,
      "fastest": 0.000085279,
      "slowest": 0.00172481
    },
    "DNSLookup": {
      "average": 0.000007806680000000001,
      "fastest": 0.000004258,
      "slowest": 0.000026901
    }
  },
  "statusCodeDistribution": {
    "200": 821388
  },
  "errorDistribution": {}
}