{
  "summary": {
    "successRate": 1,
    "total": 10.000390512,
    "slowest": 0.004376205,
    "fastest": 0.000036418,
    "average": 0.0006417777075605745,
    "requestsPerSec": 77733.06443055431,
    "totalData": 10105693,
    "sizePerRequest": 13,
    "sizePerSec": 1010529.8375972061
  },
  "responseTimeHistogram": {
    "0.000036418": 1,
    "0.0004703967": 184969,
    "0.0009043754": 494197,
    "0.0013383541000000002": 86974,
    "0.0017723328000000002": 11016,
    "0.0022063115": 157,
    "0.0026402902": 11,
    "0.0030742689": 8,
    "0.0035082476": 12,
    "0.003942226300000001": 15,
    "0.004376205": 1
  },
  "latencyPercentiles": {
    "p10": 0.000384969,
    "p25": 0.000476525,
    "p50": 0.00060364,
    "p75": 0.000770502,
    "p90": 0.000949579,
    "p95": 0.001068821,
    "p99": 0.001407535
  },
  "rps": {
    "mean": 77726.08621325048,
    "stddev": 10733.424663689972,
    "max": 99916.69607991412,
    "percentiles": {
      "p10": 64180.03250052766,
      "p25": 68726.61504289645,
      "p50": 76665.12041637108,
      "p75": 86358.3177719863,
      "p90": 93140.00363156266,
      "p95": 95168.06419951128,
      "p99": 98316.91050860286
    }
  },
  "details": {
    "DNSDialup": {
      "average": 0.00093798238,
      "fastest": 0.000104625,
      "slowest": 0.001814817
    },
    "DNSLookup": {
      "average": 0.00002571252,
      "fastest": 0.000004158,
      "slowest": 0.000846085
    }
  },
  "statusCodeDistribution": {
    "200": 777361
  },
  "errorDistribution": {}
}