{
  "summary": {
    "successRate": 1,
    "total": 10.000656858,
    "slowest": 0.003191548,
    "fastest": 0.000034173,
    "average": 0.0006277920976738529,
    "requestsPerSec": 79435.68220366591,
    "totalData": 10327317,
    "sizePerRequest": 13,
    "sizePerSec": 1032663.8686476569
  },
  "responseTimeHistogram": {
    "0.000034173": 1,
    "0.0003499105": 54144,
    "0.000665648": 463909,
    "0.0009813855000000002": 213403,
    "0.001297123": 51608,
    "0.0016128605000000002": 9313,
    "0.0019285980000000001": 1925,
    "0.0022443355000000003": 80,
    "0.0025600730000000004": 13,
    "0.0028758105000000005": 10,
    "0.0031915480000000006": 3
  },
  "latencyPercentiles": {
    "p10": 0.000383564,
    "p25": 0.000473933,
    "p50": 0.000588244,
    "p75": 0.000739547,
    "p90": 0.000934282,
    "p95": 0.001064663,
    "p99": 0.001370742
  },
  "rps": {
    "mean": 79419.75975531993,
    "stddev": 9119.671400863206,
    "max": 97306.37356747955,
    "percentiles": {
      "p10": 66162.30044009749,
      "p25": 73220.94851337463,
      "p50": 80642.09136498276,
      "p75": 86612.8533474405,
      "p90": 90147.54515900937,
      "p95": 91783.51381922312,
      "p99": 94024.14039539936
    }
  },
  "details": {
    "DNSDialup": {
      "average": 0.0008460617799999998,
      "fastest": 0.000101338,
      "slowest": 0.001831689
    },
    "DNSLookup": {
      "average": 0.0000072907199999999975,
      "fastest": 0.000003517,
      "slowest": 0.000031759
    }
  },
  "statusCodeDistribution": {
    "200": 794409
  },
  "errorDistribution": {}
}