{
  "summary": {
    "successRate": 1,
    "total": 10.000358854,
    "slowest": 0.004567668,
    "fastest": 0.000033392,
    "average": 0.0006538942563628624,
    "requestsPerSec": 76287.96237595496,
    "totalData": 9917791,
    "sizePerRequest": 13,
    "sizePerSec": 991743.5108874144
  },
  "responseTimeHistogram": {
    "0.000033392": 1,
    "0.00048681960000000003": 194095,
    "0.0009402472000000001": 478028,
    "0.0013936748000000002": 81424,
    "0.0018471024000000001": 9243,
    "0.0023005300000000003": 94,
    "0.0027539576000000007": 18,
    "0.0032073852000000006": 1,
    "0.0036608128000000005": 2,
    "0.004114240400000001": 0,
    "0.004567668": 1
  },
  "latencyPercentiles": {
    "p10": 0.000390846,
    "p25": 0.000484502,
    "p50": 0.000614727,
    "p75": 0.000782632,
    "p90": 0.000971737,
    "p95": 0.001094771,
    "p99": 0.001431212
  },
  "rps": {
    "mean": 76272.93978522904,
    "stddev": 10486.783643687688,
    "max": 100012.17365397113,
    "percentiles": {
      "p10": 63140.662586706814,
      "p25": 67568.45491494994,
      "p50": 75538.37875604178,
      "p75": 84303.5238872989,
      "p90": 91776.80801062306,
      "p95": 94125.6963150987,
      "p99": 96478.32065943528
    }
  },
  "details": {
    "DNSDialup": {
      "average": 0.00085833732,
      "fastest": 0.00009018,
      "slowest": 0.002047515
    },
    "DNSLookup": {
      "average": 0.000029064619999999998,
      "fastest": 0.000004319,
      "slowest": 0.00108615
    }
  },
  "statusCodeDistribution": {
    "200": 762907
  },
  "errorDistribution": {}
}