{
  "summary": {
    "successRate": 1,
    "total": 10.000279673,
    "slowest": 0.004547526,
    "fastest": 0.000030489,
    "average": 0.0006654905539097914,
    "requestsPerSec": 74950.90382558745,
    "totalData": 9743890,
    "sizePerRequest": 13,
    "sizePerSec": 974361.7497326367
  },
  "responseTimeHistogram": {
    "0.000030489": 1,
    "0.0004821927": 170047,
    "0.0009338964": 481682,
    "0.0013856001": 86629,
    "0.0018373038": 10965,
    "0.0022890074999999998": 173,
    "0.0027407112": 26,
    "0.0031924148999999996": 2,
    "0.0036441185999999998": 3,
    "0.0040958222999999995": 0,
    "0.004547526": 2
  },
  "latencyPercentiles": {
    "p10": 0.000398258,
    "p25": 0.00049454,
    "p50": 0.000626566,
    "p75": 0.000794842,
    "p90": 0.000986794,
    "p95": 0.001110992,
    "p99": 0.001458677
  },
  "rps": {
    "mean": 74951.06290774944,
    "stddev": 10118.001825520581,
    "max": 96881.09615196122,
    "percentiles": {
      "p10": 62594.63683142577,
      "p25": 66235.95287522007,
      "p50": 73563.55615262664,
      "p75": 83249.34933269904,
      "p90": 89598.51356566948,
      "p95": 92198.8903627788,
      "p99": 94244.56825633495
    }
  },
  "details": {
    "DNSDialup": {
      "average": 0.0010637959999999999,
      "fastest": 0.000120877,
      "slowest": 0.001983047
    },
    "DNSLookup": {
      "average": 0.000009619719999999998,
      "fastest": 0.000004208,
      "slowest": 0.000041257
    }
  },
  "statusCodeDistribution": {
    "200": 749530
  },
  "errorDistribution": {}
}