{
  "summary": {
    "successRate": 1,
    "total": 10.000365183,
    "slowest": 0.003906481,
    "fastest": 0.000034184,
    "average": 0.0006507584809807449,
    "requestsPerSec": 76659.10053996876,
    "totalData": 9966047,
    "sizePerRequest": 13,
    "sizePerSec": 996568.3070195938
  },
  "responseTimeHistogram": {
    "0.000034184": 1,
    "0.00042141369999999995": 108369,
    "0.0008086434": 495588,
    "0.0011958731": 139947,
    "0.0015831028": 20648,
    "0.0019703324999999997": 2019,
    "0.0023575621999999997": 27,
    "0.0027447918999999998": 16,
    "0.0031320216": 0,
    "0.0035192513": 3,
    "0.003906481": 1
  },
  "latencyPercentiles": {
    "p10": 0.000389666,
    "p25": 0.000483861,
    "p50": 0.000613963,
    "p75": 0.000776627,
    "p90": 0.00096076,
    "p95": 0.001087836,
    "p99": 0.001418918
  },
  "rps": {
    "mean": 76671.17976840548,
    "stddev": 10144.56121335186,
    "max": 98620.51306671795,
    "percentiles": {
      "p10": 64210.69750220067,
      "p25": 68023.44087772502,
      "p50": 75660.65094249698,
      "p75": 84576.90578042666,
      "p90": 91332.24845343297,
      "p95": 94515.07515448988,
      "p99": 97021.79145481878
    }
  },
  "details": {
    "DNSDialup": {
      "average": 0.0008938364399999998,
      "fastest": 0.000084026,
      "slowest": 0.001841468
    },
    "DNSLookup": {
      "average": 0.00002167854,
      "fastest": 0.000003416,
      "slowest": 0.000699351
    }
  },
  "statusCodeDistribution": {
    "200": 766619
  },
  "errorDistribution": {}
}