{
  "summary": {
    "successRate": 1,
    "total": 10.000367097,
    "slowest": 0.004232029,
    "fastest": 0.000037702,
    "average": 0.000636684156200142,
    "requestsPerSec": 78354.9236142606,
    "totalData": 10186514,
    "sizePerRequest": 13,
    "sizePerSec": 1018614.0069853878
  },
  "responseTimeHistogram": {
    "0.000037702": 1,
    "0.0004571347": 169181,
    "0.0008765674000000001": 505470,
    "0.0012960001": 95753,
    "0.0017154328": 12783,
    "0.0021348655000000003": 356,
    "0.0025542982000000005": 23,
    "0.0029737309000000003": 1,
    "0.0033931636000000005": 4,
    "0.0038125963000000007": 0,
    "0.004232029": 6
  },
  "latencyPercentiles": {
    "p10": 0.000383247,
    "p25": 0.0004743,
    "p50": 0.000598378,
    "p75": 0.000764218,
    "p90": 0.000936441,
    "p95": 0.001055153,
    "p99": 0.001395167
  },
  "rps": {
    "mean": 78332.3467022048,
    "stddev": 10827.861381347891,
    "max": 100732.49630330535,
    "percentiles": {
      "p10": 64539.02351054374,
      "p25": 69281.12858256623,
      "p50": 77381.45946238229,
      "p75": 87577.91807371844,
      "p90": 93841.83468990505,
      "p95": 95806.86935253287,
      "p99": 98131.65727264283
    }
  },
  "details": {
    "DNSDialup": {
      "average": 0.0010625053,
      "fastest": 0.00017718,
      "slowest": 0.002082465
    },
    "DNSLookup": {
      "average": 0.000011087399999999997,
      "fastest": 0.000004669,
      "slowest": 0.000137988
    }
  },
  "statusCodeDistribution": {
    "200": 783578
  },
  "errorDistribution": {}
}