{
  "summary": {
    "successRate": 1,
    "total": 10.000396147,
    "slowest": 0.003631568,
    "fastest": 0.000030936,
    "average": 0.0006564584989208921,
    "requestsPerSec": 75987.18979027262,
    "totalData": 9878726,
    "sizePerRequest": 13,
    "sizePerSec": 987833.467273544
  },
  "responseTimeHistogram": {
    "0.000030936": 1,
    "0.0003909992": 74100,
    "0.0007510624": 460540,
    "0.0011111256000000001": 189615,
    "0.0014711888": 29046,
    "0.001831252": 6405,
    "0.0021913152": 161,
    "0.0025513784": 9,
    "0.0029114416": 17,
    "0.0032715048": 7,
    "0.003631568": 1
  },
  "latencyPercentiles": {
    "p10": 0.000393496,
    "p25": 0.000487201,
    "p50": 0.000616133,
    "p75": 0.000787362,
    "p90": 0.000973371,
    "p95": 0.001097855,
    "p99": 0.001446146
  },
  "rps": {
    "mean": 75975.78706955613,
    "stddev": 10805.59465743384,
    "max": 97512.55874657465,
    "percentiles": {
      "p10": 62138.66841150075,
      "p25": 67104.5832430347,
      "p50": 75035.17586932506,
      "p75": 84724.16333138154,
      "p90": 91794.1354169928,
      "p95": 93782.1906617904,
      "p99": 96451.81765005819
    }
  },
  "details": {
    "DNSDialup": {
      "average": 0.0008999485799999998,
      "fastest": 0.000102503,
      "slowest": 0.001840985
    },
    "DNSLookup": {
      "average": 0.000031172280000000005,
      "fastest": 0.000004468,
      "slowest": 0.001080782
    }
  },
  "statusCodeDistribution": {
    "200": 759902
  },
  "errorDistribution": {}
}