{
  "summary": {
    "successRate": 1,
    "total": 10.000669523,
    "slowest": 0.003266351,
    "fastest": 0.00003219,
    "average": 0.00060677860748982,
    "requestsPerSec": 82185.99745844238,
    "totalData": 10684895,
    "sizePerRequest": 13,
    "sizePerSec": 1068417.9669597507
  },
  "responseTimeHistogram": {
    "0.00003219": 1,
    "0.0003556061": 69758,
    "0.0006790221999999999": 511145,
    "0.0010024383": 193039,
    "0.0013258544": 39770,
    "0.0016492705": 7164,
    "0.0019726865999999997": 1001,
    "0.0022961026999999998": 23,
    "0.0026195187999999998": 12,
    "0.0029429349": 0,
    "0.003266351": 2
  },
  "latencyPercentiles": {
    "p10": 0.000369602,
    "p25": 0.00045919,
    "p50": 0.000569838,
    "p75": 0.00071346,
    "p90": 0.00090221,
    "p95": 0.001028049,
    "p99": 0.001325357
  },
  "rps": {
    "mean": 82192.04187535733,
    "stddev": 9268.889872239599,
    "max": 98328.58428967524,
    "percentiles": {
      "p10": 68213.39028851429,
      "p25": 75584.84398737537,
      "p50": 83586.84673375745,
      "p75": 89648.39220211153,
      "p90": 93150.55280500566,
      "p95": 94830.01969577293,
      "p99": 96887.58405148087
    }
  },
  "details": {
    "DNSDialup": {
      "average": 0.0010098886399999998,
      "fastest": 0.000094577,
      "slowest": 0.002105644
    },
    "DNSLookup": {
      "average": 0.000007787399999999998,
      "fastest": 0.000003697,
      "slowest": 0.000030658
    }
  },
  "statusCodeDistribution": {
    "200": 821915
  },
  "errorDistribution": {}
}