{
  "summary": {
    "successRate": 1,
    "total": 10.000782581,
    "slowest": 0.002755252,
    "fastest": 0.000030464,
    "average": 0.000617381564309099,
    "requestsPerSec": 80786.27781939179,
    "totalData": 10503038,
    "sizePerRequest": 13,
    "sizePerSec": 1050221.6116520932
  },
  "responseTimeHistogram": {
    "0.000030464": 1,
    "0.0003029428": 32148,
    "0.0005754216": 360269,
    "0.0008479004": 305020,
    "0.0011203792": 86744,
    "0.0013928579999999999": 17600,
    "0.0016653368": 5203,
    "0.0019378156": 850,
    "0.0022102944": 43,
    "0.0024827732": 26,
    "0.0027552519999999997": 22
  },
  "latencyPercentiles": {
    "p10": 0.000376474,
    "p25": 0.000467564,
    "p50": 0.000582148,
    "p75": 0.000729162,
    "p90": 0.000912545,
    "p95": 0.001034944,
    "p99": 0.001335667
  },
  "rps": {
    "mean": 80783.11283119189,
    "stddev": 8927.164958879488,
    "max": 98005.06473304403,
    "percentiles": {
      "p10": 68146.99416717558,
      "p25": 75034.23061600851,
      "p50": 82227.84234741643,
      "p75": 87834.3520150737,
      "p90": 91220.40600482842,
      "p95": 93022.39979387501,
      "p99": 95743.68784476201
    }
  },
  "details": {
    "DNSDialup": {
      "average": 0.0005978218399999998,
      "fastest": 0.000084276,
      "slowest": 0.000813296
    },
    "DNSLookup": {
      "average": 0.000007210539999999998,
      "fastest": 0.000003616,
      "slowest": 0.000030838
    }
  },
  "statusCodeDistribution": {
    "200": 807926
  },
  "errorDistribution": {}
}