{
  "summary": {
    "successRate": 1,
    "total": 10.000795731,
    "slowest": 0.004035005,
    "fastest": 0.000034815,
    "average": 0.0006235539840751641,
    "requestsPerSec": 79975.63609071179,
    "totalData": 10397660,
    "sizePerRequest": 13,
    "sizePerSec": 1039683.2691792533
  },
  "responseTimeHistogram": {
    "0.000034815": 1,
    "0.00043483400000000005": 143288,
    "0.0008348530000000001": 535247,
    "0.0012348720000000001": 106137,
    "0.0016348910000000003": 13563,
    "0.0020349100000000005": 1538,
    "0.002434929": 33,
    "0.0028349480000000003": 10,
    "0.0032349670000000005": 2,
    "0.0036349860000000006": 0,
    "0.004035005": 1
  },
  "latencyPercentiles": {
    "p10": 0.000379793,
    "p25": 0.000471216,
    "p50": 0.000586323,
    "p75": 0.000734567,
    "p90": 0.000924205,
    "p95": 0.001057133,
    "p99": 0.001365775
  },
  "rps": {
    "mean": 79959.76702781621,
    "stddev": 9393.787786760071,
    "max": 99127.78551828394,
    "percentiles": {
      "p10": 66213.68890384644,
      "p25": 73239.34417569154,
      "p50": 81424.35402428775,
      "p75": 87506.32017901733,
      "p90": 91366.45315328513,
      "p95": 93005.03058103737,
      "p99": 95157.00906495156
    }
  },
  "details": {
    "DNSDialup": {
      "average": 0.0008993770799999998,
      "fastest": 0.000083306,
      "slowest": 0.002126659
    },
    "DNSLookup": {
      "average": 0.000008049300000000001,
      "fastest": 0.000003697,
      "slowest": 0.000030948
    }
  },
  "statusCodeDistribution": {
    "200": 799820
  },
  "errorDistribution": {}
}