{
  "summary": {
    "successRate": 1,
    "total": 10.000416331,
    "slowest": 0.003592651,
    "fastest": 0.000032931,
    "average": 0.0006441426816215809,
    "requestsPerSec": 77436.07609610028,
    "totalData": 10067109,
    "sizePerRequest": 13,
    "sizePerSec": 1006668.9892493037
  },
  "responseTimeHistogram": {
    "0.000032931": 1,
    "0.000388903": 79316,
    "0.0007448750000000001": 477795,
    "0.001100847": 184149,
    "0.001456819": 27620,
    "0.001812791": 5395,
    "0.002168763": 74,
    "0.002524735": 19,
    "0.002880707": 4,
    "0.003236679": 5,
    "0.003592651": 15
  },
  "latencyPercentiles": {
    "p10": 0.000386797,
    "p25": 0.000480369,
    "p50": 0.000607376,
    "p75": 0.000767496,
    "p90": 0.000953413,
    "p95": 0.001070727,
    "p99": 0.001403034
  },
  "rps": {
    "mean": 77427.58362502232,
    "stddev": 10202.086433416624,
    "max": 98935.21104160784,
    "percentiles": {
      "p10": 64671.01524183678,
      "p25": 68633.4107443487,
      "p50": 76829.47129738242,
      "p75": 85473.41311452401,
      "p90": 92209.94945355224,
      "p95": 94674.74571173704,
      "p99": 97581.52936779174
    }
  },
  "details": {
    "DNSDialup": {
      "average": 0.00095251008,
      "fastest": 0.000120199,
      "slowest": 0.001593668
    },
    "DNSLookup": {
      "average": 0.000022260679999999994,
      "fastest": 0.000004017,
      "slowest": 0.000699451
    }
  },
  "statusCodeDistribution": {
    "200": 774393
  },
  "errorDistribution": {}
}