{
  "summary": {
    "successRate": 1,
    "total": 10.000439654,
    "slowest": 0.00548958,
    "fastest": 0.000033805,
    "average": 0.0006445152279822536,
    "requestsPerSec": 77394.29732876022,
    "totalData": 10061701,
    "sizePerRequest": 13,
    "sizePerSec": 1006125.865273883
  },
  "responseTimeHistogram": {
    "0.000033805": 1,
    "0.0005793825000000001": 347596,
    "0.0011249600000000002": 396369,
    "0.0016705375000000003": 29191,
    "0.0022161150000000003": 785,
    "0.0027616925000000002": 22,
    "0.0033072700000000006": 5,
    "0.0038528475000000006": 5,
    "0.004398425": 2,
    "0.0049440025": 0,
    "0.00548958": 1
  },
  "latencyPercentiles": {
    "p10": 0.000384976,
    "p25": 0.000477761,
    "p50": 0.000605924,
    "p75": 0.000774277,
    "p90": 0.000953098,
    "p95": 0.001075941,
    "p99": 0.001416934
  },
  "rps": {
    "mean": 77395.87806203989,
    "stddev": 10912.874312096617,
    "max": 99410.06682598911,
    "percentiles": {
      "p10": 63546.25531924876,
      "p25": 68124.49756932432,
      "p50": 76310.08056164085,
      "p75": 86249.44201124413,
      "p90": 93229.86152465151,
      "p95": 95647.05835271442,
      "p99": 98568.2831530843
    }
  },
  "details": {
    "DNSDialup": {
      "average": 0.0010244966399999996,
      "fastest": 0.000115676,
      "slowest": 0.001826056
    },
    "DNSLookup": {
      "average": 0.000008733220000000004,
      "fastest": 0.000004518,
      "slowest": 0.000030187
    }
  },
  "statusCodeDistribution": {
    "200": 773977
  },
  "errorDistribution": {}
}