{
  "summary": {
    "successRate": 1,
    "total": 10.000296764,
    "slowest": 0.012901145,
    "fastest": 0.000032642,
    "average": 0.0006209926725512351,
    "requestsPerSec": 80326.5161981747,
    "totalData": 10442757,
    "sizePerRequest": 13,
    "sizePerSec": 1044244.710576271
  },
  "responseTimeHistogram": {
    "0.000032642": 1,
    "0.0013194923000000001": 793986,
    "0.0026063426": 9265,
    "0.0038931929": 35,
    "0.0051800432000000006": 1,
    "0.0064668935": 0,
    "0.007753743800000001": 0,
    "0.0090405941": 0,
    "0.0103274444": 0,
    "0.0116142947": 0,
    "0.012901145": 1
  },
  "latencyPercentiles": {
    "p10": 0.000384036,
    "p25": 0.000451011,
    "p50": 0.00056709,
    "p75": 0.000769696,
    "p90": 0.000917161,
    "p95": 0.001021105,
    "p99": 0.00134969
  },
  "rps": {
    "mean": 80324.27443464778,
    "stddev": 9849.628113882385,
    "max": 98162.30361410396,
    "percentiles": {
      "p10": 65934.66844867067,
      "p25": 71934.7850554297,
      "p50": 83540.04909953896,
      "p75": 88921.02209251125,
      "p90": 90127.23396105458,
      "p95": 91784.51440931691,
      "p99": 94979.67455108828
    }
  },
  "details": {
    "DNSDialup": {
      "average": 0.00100520956,
      "fastest": 0.000100006,
      "slowest": 0.002141216
    },
    "DNSLookup": {
      "average": 0.000026015819999999997,
      "fastest": 0.000004529,
      "slowest": 0.000879801
    }
  },
  "statusCodeDistribution": {
    "200": 803289
  },
  "errorDistribution": {}
}