{
  "summary": {
    "successRate": 1,
    "total": 10.000674068,
    "slowest": 0.003070085,
    "fastest": 0.000032742,
    "average": 0.00060522351846139,
    "requestsPerSec": 82412.34484755332,
    "totalData": 10714327,
    "sizePerRequest": 13,
    "sizePerSec": 1071360.4830181932
  },
  "responseTimeHistogram": {
    "0.000032742": 1,
    "0.0003364763": 53864,
    "0.0006402106": 480744,
    "0.0009439448999999999": 226316,
    "0.0012476792": 52034,
    "0.0015514135000000001": 9053,
    "0.0018551478": 2033,
    "0.0021588821": 86,
    "0.0024626164": 6,
    "0.0027663507": 19,
    "0.003070085": 23
  },
  "latencyPercentiles": {
    "p10": 0.000371654,
    "p25": 0.000460368,
    "p50": 0.000570265,
    "p75": 0.000709653,
    "p90": 0.000892688,
    "p95": 0.001015618,
    "p99": 0.00131106
  },
  "rps": {
    "mean": 82374.40973284362,
    "stddev": 9585.170974152377,
    "max": 98707.5906137215,
    "percentiles": {
      "p10": 68201.859477129,
      "p25": 76001.16515093161,
      "p50": 84005.23352605074,
      "p75": 90115.2745390355,
      "p90": 93444.32888674038,
      "p95": 94912.05383083272,
      "p99": 96872.92593864255
    }
  },
  "details": {
    "DNSDialup": {
      "average": 0.0006901781400000001,
      "fastest": 0.000163111,
      "slowest": 0.000934516
    },
    "DNSLookup": {
      "average": 0.000008514000000000002,
      "fastest": 0.000003687,
      "slowest": 0.000036628
    }
  },
  "statusCodeDistribution": {
    "200": 824179
  },
  "errorDistribution": {}
}