{
  "summary": {
    "successRate": 1,
    "total": 10.000642243,
    "slowest": 0.002944365,
    "fastest": 0.000032753,
    "average": 0.0006247275560342306,
    "requestsPerSec": 79825.57325843538,
    "totalData": 10377991,
    "sizePerRequest": 13,
    "sizePerSec": 1037732.45235966
  },
  "responseTimeHistogram": {
    "0.000032753": 1,
    "0.00032391420000000003": 40576,
    "0.0006150754": 408286,
    "0.0009062366000000001": 260266,
    "0.0011973978": 71155,
    "0.001488559": 13636,
    "0.0017797202000000001": 3928,
    "0.0020708814000000002": 398,
    "0.0023620426": 53,
    "0.0026532038": 4,
    "0.002944365": 4
  },
  "latencyPercentiles": {
    "p10": 0.000379482,
    "p25": 0.000470109,
    "p50": 0.00058507,
    "p75": 0.000740146,
    "p90": 0.00092942,
    "p95": 0.001053125,
    "p99": 0.001368888
  },
  "rps": {
    "mean": 79835.44223030351,
    "stddev": 9614.880859994553,
    "max": 98532.90999194943,
    "percentiles": {
      "p10": 65991.40469464585,
      "p25": 73054.25008611412,
      "p50": 81201.9082448375,
      "p75": 87550.99845660005,
      "p90": 91419.01842008156,
      "p95": 93118.41882324328,
      "p99": 95686.66024565704
    }
  },
  "details": {
    "DNSDialup": {
      "average": 0.0010801543799999998,
      "fastest": 0.000104516,
      "slowest": 0.001686321
    },
    "DNSLookup": {
      "average": 0.000012541519999999995,
      "fastest": 0.000004178,
      "slowest": 0.000139201
    }
  },
  "statusCodeDistribution": {
    "200": 798307
  },
  "errorDistribution": {}
}