{
  "summary": {
    "successRate": 1,
    "total": 10.00081942,
    "slowest": 0.003141588,
    "fastest": 0.000033953,
    "average": 0.0006226804692773105,
    "requestsPerSec": 80098.73654932968,
    "totalData": 10413689,
    "sizePerRequest": 13,
    "sizePerSec": 1041283.5751412859
  },
  "responseTimeHistogram": {
    "0.000033953": 1,
    "0.00034471649999999996": 54157,
    "0.00065548": 455514,
    "0.0009662434999999999": 229346,
    "0.001277007": 50489,
    "0.0015877705": 9541,
    "0.001898534": 1906,
    "0.0022092975": 44,
    "0.002520061": 10,
    "0.0028308245": 13,
    "0.0031415880000000003": 32
  },
  "latencyPercentiles": {
    "p10": 0.000378376,
    "p25": 0.000470678,
    "p50": 0.000587052,
    "p75": 0.000737522,
    "p90": 0.000918733,
    "p95": 0.001037657,
    "p99": 0.001354898
  },
  "rps": {
    "mean": 80120.31204913072,
    "stddev": 9541.8453643892,
    "max": 104016.02517850017,
    "percentiles": {
      "p10": 66101.49035730852,
      "p25": 73398.6828947272,
      "p50": 81058.94606558379,
      "p75": 87616.00358874873,
      "p90": 91943.42487957244,
      "p95": 93373.69443206208,
      "p99": 95609.0708280004
    }
  },
  "details": {
    "DNSDialup": {
      "average": 0.0006157408599999999,
      "fastest": 0.00009029,
      "slowest": 0.001215779
    },
    "DNSLookup": {
      "average": 0.000006582359999999999,
      "fastest": 0.000003156,
      "slowest": 0.000031128
    }
  },
  "statusCodeDistribution": {
    "200": 801053
  },
  "errorDistribution": {}
}