{
  "summary": {
    "successRate": 1,
    "total": 10.000287945,
    "slowest": 0.003872247,
    "fastest": 0.000031697,
    "average": 0.0006476764702899576,
    "requestsPerSec": 77020.48223372432,
    "totalData": 10012951,
    "sizePerRequest": 13,
    "sizePerSec": 1001266.2690384162
  },
  "responseTimeHistogram": {
    "0.000031697": 1,
    "0.000415752": 103990,
    "0.000799807": 496745,
    "0.0011838620000000002": 145006,
    "0.001567917": 21096,
    "0.001951972": 3289,
    "0.002336027": 67,
    "0.002720082": 22,
    "0.003104137": 1,
    "0.0034881919999999998": 9,
    "0.0038722469999999997": 1
  },
  "latencyPercentiles": {
    "p10": 0.000388667,
    "p25": 0.000481325,
    "p50": 0.000607092,
    "p75": 0.000775732,
    "p90": 0.000958809,
    "p95": 0.001083872,
    "p99": 0.001444669
  },
  "rps": {
    "mean": 77041.92862713565,
    "stddev": 11427.970102372088,
    "max": 104349.22696142193,
    "percentiles": {
      "p10": 62964.18569089406,
      "p25": 66868.62260562692,
      "p50": 75729.46786056431,
      "p75": 86700.79036039696,
      "p90": 93859.09368538231,
      "p95": 95809.70210891379,
      "p99": 98126.98492085256
    }
  },
  "details": {
    "DNSDialup": {
      "average": 0.00094490544,
      "fastest": 0.000092893,
      "slowest": 0.001625988
    },
    "DNSLookup": {
      "average": 0.000007841320000000002,
      "fastest": 0.000003927,
      "slowest": 0.000029124
    }
  },
  "statusCodeDistribution": {
    "200": 770227
  },
  "errorDistribution": {}
}