{
  "summary": {
    "successRate": 1,
    "total": 10.000912633,
    "slowest": 0.003161679,
    "fastest": 0.000032863,
    "average": 0.0006170414286553733,
    "requestsPerSec": 80824.92365074538,
    "totalData": 10508199,
    "sizePerRequest": 13,
    "sizePerSec": 1050724.0074596899
  },
  "responseTimeHistogram": {
    "0.000032863": 1,
    "0.0003457446": 57571,
    "0.0006586261999999999": 474292,
    "0.0009715078": 215638,
    "0.0012843893999999998": 49285,
    "0.0015972709999999997": 9666,
    "0.0019101525999999998": 1752,
    "0.0022230342": 66,
    "0.0025359158": 14,
    "0.0028487974": 20,
    "0.0031616789999999997": 18
  },
  "latencyPercentiles": {
    "p10": 0.000374776,
    "p25": 0.000465588,
    "p50": 0.000579237,
    "p75": 0.000727721,
    "p90": 0.000916848,
    "p95": 0.001042323,
    "p99": 0.001355672
  },
  "rps": {
    "mean": 80802.83911566989,
    "stddev": 9728.926174831398,
    "max": 98362.6176423936,
    "percentiles": {
      "p10": 66847.14729298443,
      "p25": 74108.58918548797,
      "p50": 81960.90514861589,
      "p75": 88453.32851175884,
      "p90": 92625.37008887062,
      "p95": 94043.937327515,
      "p99": 96715.41424213407
    }
  },
  "details": {
    "DNSDialup": {
      "average": 0.00067510348,
      "fastest": 0.000105417,
      "slowest": 0.001199825
    },
    "DNSLookup": {
      "average": 0.000007535880000000001,
      "fastest": 0.000003887,
      "slowest": 0.000031649
    }
  },
  "statusCodeDistribution": {
    "200": 808323
  },
  "errorDistribution": {}
}