{
  "summary": {
    "successRate": 1,
    "total": 10.000427273,
    "slowest": 0.004538076,
    "fastest": 0.000036889,
    "average": 0.0006466933961452552,
    "requestsPerSec": 77142.90389200253,
    "totalData": 10029006,
    "sizePerRequest": 13,
    "sizePerSec": 1002857.750596033
  },
  "responseTimeHistogram": {
    "0.000036889": 1,
    "0.00048700770000000004": 200715,
    "0.0009371264000000001": 489049,
    "0.0013872451": 72971,
    "0.0018373638000000001": 8591,
    "0.0022874825": 99,
    "0.0027376012": 25,
    "0.0031877199": 6,
    "0.0036378386": 3,
    "0.0040879573": 0,
    "0.004538076": 2
  },
  "latencyPercentiles": {
    "p10": 0.00038709,
    "p25": 0.000481695,
    "p50": 0.000610855,
    "p75": 0.000775363,
    "p90": 0.000946528,
    "p95": 0.001068186,
    "p99": 0.001409822
  },
  "rps": {
    "mean": 77132.63617883777,
    "stddev": 10331.796463071583,
    "max": 100261.13924270854,
    "percentiles": {
      "p10": 64356.41483324201,
      "p25": 68421.78671147686,
      "p50": 76349.9936223519,
      "p75": 84805.53469388411,
      "p90": 92576.65346906896,
      "p95": 94901.06289191007,
      "p99": 97736.7881270511
    }
  },
  "details": {
    "DNSDialup": {
      "average": 0.0008583659599999998,
      "fastest": 0.000100671,
      "slowest": 0.001534166
    },
    "DNSLookup": {
      "average": 0.00000700394,
      "fastest": 0.000003677,
      "slowest": 0.000025898
    }
  },
  "statusCodeDistribution": {
    "200": 771462
  },
  "errorDistribution": {}
}