{
  "summary": {
    "successRate": 1,
    "total": 10.000499628,
    "slowest": 0.004325808,
    "fastest": 0.000038468,
    "average": 0.0006495647280834645,
    "requestsPerSec": 76798.76291876804,
    "totalData": 9984338,
    "sizePerRequest": 13,
    "sizePerSec": 998383.9179439845
  },
  "responseTimeHistogram": {
    "0.000038468": 1,
    "0.00046720200000000006": 170304,
    "0.0008959360000000002": 491204,
    "0.0013246700000000002": 93900,
    "0.0017534040000000003": 12260,
    "0.002182138": 326,
    "0.002610872": 13,
    "0.0030396060000000003": 7,
    "0.0034683400000000003": 3,
    "0.0038970740000000004": 7,
    "0.004325808": 1
  },
  "latencyPercentiles": {
    "p10": 0.000389583,
    "p25": 0.000482069,
    "p50": 0.000611851,
    "p75": 0.000778552,
    "p90": 0.000958802,
    "p95": 0.001080946,
    "p99": 0.001422262
  },
  "rps": {
    "mean": 76807.84640413838,
    "stddev": 10826.855904509017,
    "max": 100386.3771269218,
    "percentiles": {
      "p10": 63700.32487166245,
      "p25": 67477.47763982529,
      "p50": 75073.03855921472,
      "p75": 85608.12421099254,
      "p90": 93021.52145118335,
      "p95": 94942.78121721654,
      "p99": 97667.65821734653
    }
  },
  "details": {
    "DNSDialup": {
      "average": 0.00100795266,
      "fastest": 0.00009088,
      "slowest": 0.002116488
    },
    "DNSLookup": {
      "average": 0.000009447459999999998,
      "fastest": 0.000004038,
      "slowest": 0.000036939
    }
  },
  "statusCodeDistribution": {
    "200": 768026
  },
  "errorDistribution": {}
}