{
  "summary": {
    "successRate": 1,
    "total": 10.000257108,
    "slowest": 0.003589301,
    "fastest": 0.000032892,
    "average": 0.0006411640184223006,
    "requestsPerSec": 77794.99982831841,
    "totalData": 10113610,
    "sizePerRequest": 13,
    "sizePerSec": 1011334.9977681395
  },
  "responseTimeHistogram": {
    "0.000032892": 1,
    "0.0003885329": 80044,
    "0.0007441737999999999": 483277,
    "0.0010998147": 180201,
    "0.0014554556": 28626,
    "0.0018110965": 5617,
    "0.0021667374": 168,
    "0.0025223783": 19,
    "0.0028780192": 8,
    "0.0032336600999999998": 6,
    "0.003589301": 3
  },
  "latencyPercentiles": {
    "p10": 0.00038606,
    "p25": 0.000477422,
    "p50": 0.000600715,
    "p75": 0.00076467,
    "p90": 0.000957459,
    "p95": 0.001079698,
    "p99": 0.0014025
  },
  "rps": {
    "mean": 77810.1955570654,
    "stddev": 9767.110025531088,
    "max": 97986.53729230295,
    "percentiles": {
      "p10": 64802.29041541918,
      "p25": 70202.89235916283,
      "p50": 77344.6310806924,
      "p75": 85735.68319134394,
      "p90": 91397.76819263358,
      "p95": 93926.9503213733,
      "p99": 96478.97912917074
    }
  },
  "details": {
    "DNSDialup": {
      "average": 0.00112377618,
      "fastest": 0.000116989,
      "slowest": 0.001834891
    },
    "DNSLookup": {
      "average": 0.00001664968,
      "fastest": 0.000004499,
      "slowest": 0.000408724
    }
  },
  "statusCodeDistribution": {
    "200": 777970
  },
  "errorDistribution": {}
}