{
  "summary": {
    "successRate": 1,
    "total": 10.000414421,
    "slowest": 0.003670409,
    "fastest": 0.000037089,
    "average": 0.0006279769650115417,
    "requestsPerSec": 79437.20795528419,
    "totalData": 10327265,
    "sizePerRequest": 13,
    "sizePerSec": 1032683.7034186946
  },
  "responseTimeHistogram": {
    "0.000037089": 1,
    "0.000400421": 100558,
    "0.0007637529999999999": 506462,
    "0.0011270849999999997": 160047,
    "0.0014904169999999997": 22669,
    "0.0018537489999999998": 4565,
    "0.0022170809999999997": 95,
    "0.0025804129999999997": 7,
    "0.0029437449999999998": 0,
    "0.003307077": 0,
    "0.003670409": 1
  },
  "latencyPercentiles": {
    "p10": 0.000379208,
    "p25": 0.00046781,
    "p50": 0.000587093,
    "p75": 0.000751151,
    "p90": 0.000933524,
    "p95": 0.001054805,
    "p99": 0.001401552
  },
  "rps": {
    "mean": 79454.98518090551,
    "stddev": 11331.10221488308,
    "max": 102548.83710328108,
    "percentiles": {
      "p10": 64236.699389911395,
      "p25": 69152.12866109071,
      "p50": 80252.32298212753,
      "p75": 89191.28470280892,
      "p90": 94670.11268545622,
      "p95": 96905.61083486887,
      "p99": 98987.36030697118
    }
  },
  "details": {
    "DNSDialup": {
      "average": 0.0010024181199999997,
      "fastest": 0.00007489,
      "slowest": 0.001416297
    },
    "DNSLookup": {
      "average": 0.000013366819999999999,
      "fastest": 0.000004288,
      "slowest": 0.000141162
    }
  },
  "statusCodeDistribution": {
    "200": 794405
  },
  "errorDistribution": {}
}