{
  "summary": {
    "successRate": 1,
    "total": 10.000820619,
    "slowest": 0.003850926,
    "fastest": 0.000030771,
    "average": 0.0006218189723606655,
    "requestsPerSec": 80190.7193972039,
    "totalData": 10425649,
    "sizePerRequest": 13,
    "sizePerSec": 1042479.3521636506
  },
  "responseTimeHistogram": {
    "0.000030771": 1,
    "0.0004127865": 116112,
    "0.0007948019999999999": 536877,
    "0.0011768174999999999": 129223,
    "0.001558833": 16911,
    "0.0019408485": 2675,
    "0.002322864": 80,
    "0.0027048795": 40,
    "0.003086895": 46,
    "0.0034689105": 1,
    "0.003850926": 7
  },
  "latencyPercentiles": {
    "p10": 0.000378966,
    "p25": 0.000469083,
    "p50": 0.000582751,
    "p75": 0.000731973,
    "p90": 0.000927693,
    "p95": 0.001059114,
    "p99": 0.001358944
  },
  "rps": {
    "mean": 80135.13896706987,
    "stddev": 9260.16977128906,
    "max": 97382.51430831834,
    "percentiles": {
      "p10": 67143.98535135224,
      "p25": 74021.0540317618,
      "p50": 81220.1507193961,
      "p75": 87619.02208969944,
      "p90": 91217.95169289275,
      "p95": 92743.90143746765,
      "p99": 95187.02632189098
    }
  },
  "details": {
    "DNSDialup": {
      "average": 0.0008880158199999998,
      "fastest": 0.000250036,
      "slowest": 0.001311734
    },
    "DNSLookup": {
      "average": 0.000008731679999999998,
      "fastest": 0.000003307,
      "slowest": 0.000031879
    }
  },
  "statusCodeDistribution": {
    "200": 801973
  },
  "errorDistribution": {}
}