{
  "summary": {
    "successRate": 1,
    "total": 10.000489005,
    "slowest": 0.003987171,
    "fastest": 0.000033202,
    "average": 0.0006406904868396572,
    "requestsPerSec": 77858.79266610924,
    "totalData": 10122138,
    "sizePerRequest": 13,
    "sizePerSec": 1012164.3046594199
  },
  "responseTimeHistogram": {
    "0.000033202": 1,
    "0.00042859889999999996": 124126,
    "0.0008239958": 510291,
    "0.0012193927": 124837,
    "0.0016147896": 17647,
    "0.0020101865": 1668,
    "0.0024055834": 43,
    "0.0028009803": 3,
    "0.0031963772": 8,
    "0.0035917741": 1,
    "0.003987171": 1
  },
  "latencyPercentiles": {
    "p10": 0.000385456,
    "p25": 0.000477189,
    "p50": 0.000601868,
    "p75": 0.000766397,
    "p90": 0.000949158,
    "p95": 0.001070002,
    "p99": 0.001407109
  },
  "rps": {
    "mean": 77870.70612919026,
    "stddev": 10325.170626674731,
    "max": 99441.94461223017,
    "percentiles": {
      "p10": 64565.068676212344,
      "p25": 68737.72978917144,
      "p50": 77453.00714820813,
      "p75": 85789.20473407191,
      "p90": 92630.38653208275,
      "p95": 94542.82790103911,
      "p99": 97105.14657276502
    }
  },
  "details": {
    "DNSDialup": {
      "average": 0.00099149138,
      "fastest": 0.000101348,
      "slowest": 0.001449638
    },
    "DNSLookup": {
      "average": 0.00001561948,
      "fastest": 0.000004168,
      "slowest": 0.000148105
    }
  },
  "statusCodeDistribution": {
    "200": 778626
  },
  "errorDistribution": {}
}