{
  "summary": {
    "successRate": 1,
    "total": 10.000255099,
    "slowest": 0.003894529,
    "fastest": 0.000037381,
    "average": 0.0006423006282774946,
    "requestsPerSec": 77664.01879864685,
    "totalData": 10096580,
    "sizePerRequest": 13,
    "sizePerSec": 1009632.244382409
  },
  "responseTimeHistogram": {
    "0.000037381": 1,
    "0.0004230958": 117394,
    "0.0008088106": 501223,
    "0.0011945254": 136624,
    "0.0015802402": 19250,
    "0.001965955": 2119,
    "0.0023516698": 22,
    "0.0027373846": 13,
    "0.0031230994": 1,
    "0.0035088142": 3,
    "0.003894529": 10
  },
  "latencyPercentiles": {
    "p10": 0.000384571,
    "p25": 0.000477775,
    "p50": 0.00060342,
    "p75": 0.000767254,
    "p90": 0.000956042,
    "p95": 0.001076517,
    "p99": 0.001412269
  },
  "rps": {
    "mean": 77669.47752934715,
    "stddev": 10360.435901923533,
    "max": 102954.61597172094,
    "percentiles": {
      "p10": 64726.19469099287,
      "p25": 69153.83626153249,
      "p50": 76588.37532628854,
      "p75": 86102.47975141737,
      "p90": 92397.20335110815,
      "p95": 94848.61940230364,
      "p99": 97408.32657610226
    }
  },
  "details": {
    "DNSDialup": {
      "average": 0.00100267362,
      "fastest": 0.000102561,
      "slowest": 0.001631957
    },
    "DNSLookup": {
      "average": 0.0000129151,
      "fastest": 0.000004279,
      "slowest": 0.000187211
    }
  },
  "statusCodeDistribution": {
    "200": 776660
  },
  "errorDistribution": {}
}