{
  "summary": {
    "successRate": 1,
    "total": 10.000629734,
    "slowest": 0.003811485,
    "fastest": 0.000034915,
    "average": 0.0006102485456564395,
    "requestsPerSec": 81722.65364664285,
    "totalData": 10624614,
    "sizePerRequest": 13,
    "sizePerSec": 1062394.497406357
  },
  "responseTimeHistogram": {
    "0.000034915": 1,
    "0.000412572": 129490,
    "0.0007902289999999999": 539416,
    "0.001167886": 129833,
    "0.001545543": 15751,
    "0.0019232": 2705,
    "0.002300857": 70,
    "0.002678514": 10,
    "0.003056171": 1,
    "0.003433828": 0,
    "0.003811485": 1
  },
  "latencyPercentiles": {
    "p10": 0.00037115,
    "p25": 0.00045916,
    "p50": 0.000570805,
    "p75": 0.000719435,
    "p90": 0.000914396,
    "p95": 0.001035483,
    "p99": 0.001334348
  },
  "rps": {
    "mean": 81727.02098216215,
    "stddev": 9882.953320683859,
    "max": 98370.66791873002,
    "percentiles": {
      "p10": 66516.27653286875,
      "p25": 75410.61536176891,
      "p50": 82915.32275163269,
      "p75": 89664.74691374585,
      "p90": 93703.4201748384,
      "p95": 94960.67037230443,
      "p99": 97459.0559165357
    }
  },
  "details": {
    "DNSDialup": {
      "average": 0.0009525181800000001,
      "fastest": 0.000082394,
      "slowest": 0.001521393
    },
    "DNSLookup": {
      "average": 0.0000083027,
      "fastest": 0.000003737,
      "slowest": 0.0000269
    }
  },
  "statusCodeDistribution": {
    "200": 817278
  },
  "errorDistribution": {}
}