{
  "summary": {
    "successRate": 1,
    "total": 10.000347646,
    "slowest": 0.003795767,
    "fastest": 0.000038411,
    "average": 0.000660709097468255,
    "requestsPerSec": 75498.87531179933,
    "totalData": 9815195,
    "sizePerRequest": 13,
    "sizePerSec": 981485.3790533914
  },
  "responseTimeHistogram": {
    "0.000038411": 1,
    "0.0004141466": 92529,
    "0.0007898822": 468219,
    "0.0011656177999999997": 166893,
    "0.0015413533999999998": 22822,
    "0.0019170889999999999": 4458,
    "0.0022928245999999995": 68,
    "0.0026685601999999996": 11,
    "0.0030442957999999997": 5,
    "0.0034200313999999997": 7,
    "0.003795767": 2
  },
  "latencyPercentiles": {
    "p10": 0.000395458,
    "p25": 0.000489353,
    "p50": 0.000617888,
    "p75": 0.000796019,
    "p90": 0.000979616,
    "p95": 0.001102478,
    "p99": 0.001454749
  },
  "rps": {
    "mean": 75501.5149591586,
    "stddev": 10500.713525654757,
    "max": 97184.37547478749,
    "percentiles": {
      "p10": 61972.40948022423,
      "p25": 66517.78685620737,
      "p50": 74544.79766103534,
      "p75": 84014.24041375119,
      "p90": 90693.72978264163,
      "p95": 92726.53833527862,
      "p99": 95157.55128701548
    }
  },
  "details": {
    "DNSDialup": {
      "average": 0.0009720215400000001,
      "fastest": 0.000109261,
      "slowest": 0.001530076
    },
    "DNSLookup": {
      "average": 0.000008373139999999999,
      "fastest": 0.000003957,
      "slowest": 0.00002706
    }
  },
  "statusCodeDistribution": {
    "200": 755015
  },
  "errorDistribution": {}
}