{
  "summary": {
    "successRate": 1,
    "total": 10.001106911,
    "slowest": 0.002968092,
    "fastest": 0.000036264,
    "average": 0.0006086795905508666,
    "requestsPerSec": 81937.13028891747,
    "totalData": 10653006,
    "sizePerRequest": 13,
    "sizePerSec": 1065182.693755927
  },
  "responseTimeHistogram": {
    "0.000036264": 1,
    "0.0003294468": 48752,
    "0.0006226296000000001": 449043,
    "0.0009158124000000001": 244511,
    "0.0012089952": 62657,
    "0.001502178": 11403,
    "0.0017953608000000002": 2841,
    "0.0020885435999999998": 189,
    "0.0023817264": 19,
    "0.0026749092": 22,
    "0.002968092": 24
  },
  "latencyPercentiles": {
    "p10": 0.000372181,
    "p25": 0.000461184,
    "p50": 0.000572488,
    "p75": 0.000714366,
    "p90": 0.000902584,
    "p95": 0.001030272,
    "p99": 0.001319972
  },
  "rps": {
    "mean": 81937.15596674108,
    "stddev": 9113.434603398438,
    "max": 97892.60640567288,
    "percentiles": {
      "p10": 68622.91886932305,
      "p25": 75304.58604929189,
      "p50": 83866.45577956285,
      "p75": 89064.8302899707,
      "p90": 92459.34608883261,
      "p95": 94039.08380494783,
      "p99": 96388.36213729488
    }
  },
  "details": {
    "DNSDialup": {
      "average": 0.0005974627,
      "fastest": 0.000094359,
      "slowest": 0.001006628
    },
    "DNSLookup": {
      "average": 0.0000079076,
      "fastest": 0.000003927,
      "slowest": 0.000028713
    }
  },
  "statusCodeDistribution": {
    "200": 819462
  },
  "errorDistribution": {}
}