{
  "summary": {
    "successRate": 1,
    "total": 10.000579199,
    "slowest": 0.004333456,
    "fastest": 0.000029968,
    "average": 0.0006520383807830288,
    "requestsPerSec": 76518.66804639861,
    "totalData": 9948003,
    "sizePerRequest": 13,
    "sizePerSec": 994742.684603182
  },
  "responseTimeHistogram": {
    "0.000029968": 1,
    "0.00046031680000000006": 154634,
    "0.0008906656000000001": 499784,
    "0.0013210144000000003": 97439,
    "0.0017513632000000002": 12919,
    "0.002181712": 410,
    "0.0026120608000000005": 31,
    "0.0030424096000000005": 5,
    "0.0034727584000000004": 7,
    "0.0039031072000000003": 0,
    "0.004333456": 1
  },
  "latencyPercentiles": {
    "p10": 0.000392696,
    "p25": 0.000485549,
    "p50": 0.000611913,
    "p75": 0.000782641,
    "p90": 0.00096349,
    "p95": 0.001083213,
    "p99": 0.001429611
  },
  "rps": {
    "mean": 76518.32597689782,
    "stddev": 10258.627211238903,
    "max": 98152.77674805872,
    "percentiles": {
      "p10": 63123.83556030758,
      "p25": 68051.05870935084,
      "p50": 76343.45085490828,
      "p75": 84402.70184990879,
      "p90": 91207.94421193584,
      "p95": 93023.10645797085,
      "p99": 96749.42928342031
    }
  },
  "details": {
    "DNSDialup": {
      "average": 0.00093076354,
      "fastest": 0.000111657,
      "slowest": 0.00186259
    },
    "DNSLookup": {
      "average": 0.00002785748,
      "fastest": 0.000003827,
      "slowest": 0.001045104
    }
  },
  "statusCodeDistribution": {
    "200": 765231
  },
  "errorDistribution": {}
}