{
  "summary": {
    "successRate": 1,
    "total": 10.000422123,
    "slowest": 0.003258578,
    "fastest": 0.000038509,
    "average": 0.000643754127407514,
    "requestsPerSec": 77492.9288452397,
    "totalData": 10074506,
    "sizePerRequest": 13,
    "sizePerSec": 1007408.0749881162
  },
  "responseTimeHistogram": {
    "0.000038509": 1,
    "0.0003605159": 58578,
    "0.0006825228": 428828,
    "0.0010045297": 229692,
    "0.0013265366": 45634,
    "0.0016485434999999999": 11095,
    "0.0019705504": 1083,
    "0.0022925573": 36,
    "0.0026145642": 14,
    "0.0029365711": 0,
    "0.003258578": 1
  },
  "latencyPercentiles": {
    "p10": 0.0003853,
    "p25": 0.000477355,
    "p50": 0.000604262,
    "p75": 0.000772949,
    "p90": 0.000953643,
    "p95": 0.001074048,
    "p99": 0.001410811
  },
  "rps": {
    "mean": 77483.31517609736,
    "stddev": 10735.786133504243,
    "max": 100050.03502249805,
    "percentiles": {
      "p10": 63759.916245934844,
      "p25": 68283.83206062042,
      "p50": 76943.20052936886,
      "p75": 86298.2294212383,
      "p90": 92934.4879884921,
      "p95": 95309.10201924457,
      "p99": 98009.6245451279
    }
  },
  "details": {
    "DNSDialup": {
      "average": 0.0011137224399999997,
      "fastest": 0.000095097,
      "slowest": 0.002570645
    },
    "DNSLookup": {
      "average": 0.00001039142,
      "fastest": 0.000004438,
      "slowest": 0.0000324
    }
  },
  "statusCodeDistribution": {
    "200": 774962
  },
  "errorDistribution": {}
}