{
  "summary": {
    "successRate": 1,
    "total": 10.000595042,
    "slowest": 0.003050126,
    "fastest": 0.000036989,
    "average": 0.0006076304530446763,
    "requestsPerSec": 82061.41700103048,
    "totalData": 10668619,
    "sizePerRequest": 13,
    "sizePerSec": 1066798.4210133962
  },
  "responseTimeHistogram": {
    "0.000036989": 1,
    "0.00033830270000000004": 55262,
    "0.0006396164": 473120,
    "0.0009409301": 224462,
    "0.0012422438000000001": 55642,
    "0.0015435575": 9845,
    "0.0018448712000000002": 2172,
    "0.0021461849": 126,
    "0.0024474986": 24,
    "0.0027488123": 7,
    "0.003050126": 2
  },
  "latencyPercentiles": {
    "p10": 0.000371732,
    "p25": 0.000460916,
    "p50": 0.000571491,
    "p75": 0.000710964,
    "p90": 0.000901484,
    "p95": 0.00103187,
    "p99": 0.001320169
  },
  "rps": {
    "mean": 82062.01801695456,
    "stddev": 8961.557934359904,
    "max": 97774.80170934631,
    "percentiles": {
      "p10": 68904.89913833165,
      "p25": 76378.74422705677,
      "p50": 83316.39400624532,
      "p75": 89068.38670731786,
      "p90": 92425.08416784371,
      "p95": 94449.47574030701,
      "p99": 96637.42767573915
    }
  },
  "details": {
    "DNSDialup": {
      "average": 0.0010225074400000004,
      "fastest": 0.000113448,
      "slowest": 0.001956964
    },
    "DNSLookup": {
      "average": 0.000008202599999999998,
      "fastest": 0.000004097,
      "slowest": 0.000029815
    }
  },
  "statusCodeDistribution": {
    "200": 820663
  },
  "errorDistribution": {}
}