{
  "summary": {
    "successRate": 1,
    "total": 10.001081314,
    "slowest": 0.005040614,
    "fastest": 0.000035987,
    "average": 0.0006236512135275405,
    "requestsPerSec": 79959.95381824969,
    "totalData": 10395918,
    "sizePerRequest": 13,
    "sizePerSec": 1039479.399637246
  },
  "responseTimeHistogram": {
    "0.000035987": 1,
    "0.0005364497": 338002,
    "0.0010369123999999998": 418743,
    "0.0015373750999999997": 39967,
    "0.0020378377999999996": 2743,
    "0.0025383004999999996": 163,
    "0.0030387631999999995": 52,
    "0.0035392258999999994": 13,
    "0.0040396886": 0,
    "0.0045401513": 1,
    "0.005040614": 1
  },
  "latencyPercentiles": {
    "p10": 0.000387824,
    "p25": 0.000465546,
    "p50": 0.000573881,
    "p75": 0.000745003,
    "p90": 0.000937822,
    "p95": 0.001048924,
    "p99": 0.001357054
  },
  "rps": {
    "mean": 79965.65703550623,
    "stddev": 9594.048874926106,
    "max": 97226.47476907882,
    "percentiles": {
      "p10": 64360.45377423166,
      "p25": 73350.68251136228,
      "p50": 82432.14029149937,
      "p75": 86722.34834917194,
      "p90": 90771.34627817027,
      "p95": 92449.15521583284,
      "p99": 95322.36262627879
    }
  },
  "details": {
    "DNSDialup": {
      "average": 0.0008561682199999999,
      "fastest": 0.000086982,
      "slowest": 0.002150147
    },
    "DNSLookup": {
      "average": 0.0000079717,
      "fastest": 0.000004068,
      "slowest": 0.000033443
    }
  },
  "statusCodeDistribution": {
    "200": 799686
  },
  "errorDistribution": {}
}