{
  "summary": {
    "successRate": 1,
    "total": 10.000495855,
    "slowest": 0.004716938,
    "fastest": 0.000032851,
    "average": 0.0006377853242595608,
    "requestsPerSec": 78206.92207066566,
    "totalData": 10167404,
    "sizePerRequest": 13,
    "sizePerSec": 1016689.9869186536
  },
  "responseTimeHistogram": {
    "0.000032851": 1,
    "0.0005012597": 242408,
    "0.0009696684": 468035,
    "0.0014380770999999999": 65456,
    "0.0019064858": 5987,
    "0.0023748945": 100,
    "0.0028433032": 18,
    "0.0033117119": 11,
    "0.0037801206": 23,
    "0.0042485293000000006": 55,
    "0.004716938": 14
  },
  "latencyPercentiles": {
    "p10": 0.000387376,
    "p25": 0.000473268,
    "p50": 0.00059511,
    "p75": 0.000761166,
    "p90": 0.000952624,
    "p95": 0.001073561,
    "p99": 0.001395852
  },
  "rps": {
    "mean": 78191.94313312911,
    "stddev": 10116.580962083379,
    "max": 98964.54467603606,
    "percentiles": {
      "p10": 64730.82481877787,
      "p25": 70205.17437172522,
      "p50": 77763.48216856773,
      "p75": 86595.2551820729,
      "p90": 91245.65019879694,
      "p95": 93714.01024454413,
      "p99": 97318.90906402461
    }
  },
  "details": {
    "DNSDialup": {
      "average": 0.00043744334000000003,
      "fastest": 0.000082574,
      "slowest": 0.000733071
    },
    "DNSLookup": {
      "average": 0.00000854528,
      "fastest": 0.000004198,
      "slowest": 0.000030056
    }
  },
  "statusCodeDistribution": {
    "200": 782108
  },
  "errorDistribution": {}
}