{
  "summary": {
    "successRate": 1,
    "total": 10.00079591,
    "slowest": 0.004432444,
    "fastest": 0.000035797,
    "average": 0.0006171091417664053,
    "requestsPerSec": 80815.26783201797,
    "totalData": 10506821,
    "sizePerRequest": 13,
    "sizePerSec": 1050598.4818162336
  },
  "responseTimeHistogram": {
    "0.000035797": 1,
    "0.0004754617": 220316,
    "0.0009151264": 505087,
    "0.0013547911": 74515,
    "0.0017944558": 7975,
    "0.0022341205": 310,
    "0.0026737852": 8,
    "0.0031134499": 2,
    "0.0035531146": 1,
    "0.0039927793": 0,
    "0.004432444": 2
  },
  "latencyPercentiles": {
    "p10": 0.000374598,
    "p25": 0.000464944,
    "p50": 0.000579355,
    "p75": 0.000727259,
    "p90": 0.00092019,
    "p95": 0.001046194,
    "p99": 0.00136102
  },
  "rps": {
    "mean": 80816.13887794563,
    "stddev": 9807.757050374501,
    "max": 98730.0731802907,
    "percentiles": {
      "p10": 66071.35606194663,
      "p25": 73754.68910196912,
      "p50": 82212.49789545199,
      "p75": 88932.68276091143,
      "p90": 92952.35262405108,
      "p95": 94479.4099440578,
      "p99": 96787.84095202343
    }
  },
  "details": {
    "DNSDialup": {
      "average": 0.0007493005400000001,
      "fastest": 0.000086853,
      "slowest": 0.001506115
    },
    "DNSLookup": {
      "average": 0.000007006359999999999,
      "fastest": 0.000003556,
      "slowest": 0.000032842
    }
  },
  "statusCodeDistribution": {
    "200": 808217
  },
  "errorDistribution": {}
}