{
  "summary": {
    "successRate": 1,
    "total": 10.000156754,
    "slowest": 0.004243021,
    "fastest": 0.000034484,
    "average": 0.00064517560715633,
    "requestsPerSec": 77317.58801588081,
    "totalData": 10051444,
    "sizePerRequest": 13,
    "sizePerSec": 1005128.6442064506
  },
  "responseTimeHistogram": {
    "0.000034484": 1,
    "0.0004553376999999999": 157154,
    "0.0008761913999999998": 499241,
    "0.0012970450999999997": 102740,
    "0.0017178987999999997": 13458,
    "0.0021387524999999996": 555,
    "0.0025596061999999995": 25,
    "0.0029804598999999994": 10,
    "0.0034013135999999993": 1,
    "0.0038221672999999992": 2,
    "0.004243021": 1
  },
  "latencyPercentiles": {
    "p10": 0.000387025,
    "p25": 0.000479344,
    "p50": 0.000604307,
    "p75": 0.000772437,
    "p90": 0.000963753,
    "p95": 0.001080414,
    "p99": 0.001419294
  },
  "rps": {
    "mean": 77307.44550221828,
    "stddev": 10685.395142714842,
    "max": 98971.57712610772,
    "percentiles": {
      "p10": 63519.4419586589,
      "p25": 68059.8041499054,
      "p50": 76539.6245636333,
      "p75": 85940.73655017388,
      "p90": 92508.62362586225,
      "p95": 94620.09730866505,
      "p99": 97408.90317374477
    }
  },
  "details": {
    "DNSDialup": {
      "average": 0.0007782214999999998,
      "fastest": 0.000084186,
      "slowest": 0.001841511
    },
    "DNSLookup": {
      "average": 0.00000694722,
      "fastest": 0.000003757,
      "slowest": 0.000023394
    }
  },
  "statusCodeDistribution": {
    "200": 773188
  },
  "errorDistribution": {}
}