{
  "summary": {
    "successRate": 1,
    "total": 10.000405691,
    "slowest": 0.00451249,
    "fastest": 0.000034705,
    "average": 0.0006439246504859764,
    "requestsPerSec": 77471.85703648471,
    "totalData": 10071750,
    "sizePerRequest": 13,
    "sizePerSec": 1007134.1414743012
  },
  "responseTimeHistogram": {
    "0.000034705": 1,
    "0.0004824835": 199296,
    "0.000930262": 489079,
    "0.0013780404999999998": 76547,
    "0.0018258189999999998": 9648,
    "0.0022735974999999998": 162,
    "0.0027213759999999997": 15,
    "0.0031691544999999997": 0,
    "0.0036169329999999997": 0,
    "0.0040647115": 0,
    "0.00451249": 2
  },
  "latencyPercentiles": {
    "p10": 0.000386297,
    "p25": 0.000478873,
    "p50": 0.000605603,
    "p75": 0.000771489,
    "p90": 0.000949201,
    "p95": 0.001074134,
    "p99": 0.001425316
  },
  "rps": {
    "mean": 77458.79563018664,
    "stddev": 11089.661612794029,
    "max": 100322.95967177683,
    "percentiles": {
      "p10": 63722.95343865826,
      "p25": 67762.51769883321,
      "p50": 76896.44726288001,
      "p75": 86745.06406077721,
      "p90": 93434.4094990827,
      "p95": 95892.04677568685,
      "p99": 97563.90059471912
    }
  },
  "details": {
    "DNSDialup": {
      "average": 0.0009759787800000001,
      "fastest": 0.000129351,
      "slowest": 0.002366657
    },
    "DNSLookup": {
      "average": 0.000009776680000000001,
      "fastest": 0.000004047,
      "slowest": 0.000055223
    }
  },
  "statusCodeDistribution": {
    "200": 774750
  },
  "errorDistribution": {}
}