{
  "summary": {
    "successRate": 1,
    "total": 10.00088724,
    "slowest": 0.003542761,
    "fastest": 0.000033122,
    "average": 0.0006057886751604402,
    "requestsPerSec": 82327.49557528258,
    "totalData": 10703524,
    "sizePerRequest": 13,
    "sizePerSec": 1070257.4424786735
  },
  "responseTimeHistogram": {
    "0.000033122": 1,
    "0.00038408590000000003": 96219,
    "0.0007350498": 543685,
    "0.0010860137": 155310,
    "0.0014369776": 23905,
    "0.0017879415": 4034,
    "0.0021389054": 182,
    "0.0024898693": 8,
    "0.0028408332": 2,
    "0.0031917971": 0,
    "0.003542761": 2
  },
  "latencyPercentiles": {
    "p10": 0.000370207,
    "p25": 0.000459568,
    "p50": 0.000570676,
    "p75": 0.000710081,
    "p90": 0.000898597,
    "p95": 0.001023431,
    "p99": 0.001314042
  },
  "rps": {
    "mean": 82327.81677382914,
    "stddev": 9381.543649754623,
    "max": 98507.090401795,
    "percentiles": {
      "p10": 69087.4854828663,
      "p25": 75616.58565174806,
      "p50": 83739.17361224286,
      "p75": 89928.7502214463,
      "p90": 93840.98974431325,
      "p95": 95216.85965185123,
      "p99": 97213.80206303159
    }
  },
  "details": {
    "DNSDialup": {
      "average": 0.0008861622000000001,
      "fastest": 0.000080262,
      "slowest": 0.001990871
    },
    "DNSLookup": {
      "average": 0.00000713382,
      "fastest": 0.000003447,
      "slowest": 0.000027682
    }
  },
  "statusCodeDistribution": {
    "200": 823348
  },
  "errorDistribution": {}
}