{
  "summary": {
    "successRate": 1,
    "total": 10.000377465,
    "slowest": 0.005741863,
    "fastest": 0.0000377,
    "average": 0.0006601509653093014,
    "requestsPerSec": 75562.04779716283,
    "totalData": 9823437,
    "sizePerRequest": 13,
    "sizePerSec": 982306.6213631168
  },
  "responseTimeHistogram": {
    "0.0000377": 1,
    "0.0006081163": 356655,
    "0.0011785326000000001": 373353,
    "0.0017489489000000003": 25248,
    "0.0023193652": 370,
    "0.0028897815": 4,
    "0.0034601978": 16,
    "0.0040306141": 1,
    "0.0046010304": 0,
    "0.0051714467": 0,
    "0.005741863": 1
  },
  "latencyPercentiles": {
    "p10": 0.000395144,
    "p25": 0.000490911,
    "p50": 0.000623343,
    "p75": 0.000790767,
    "p90": 0.000974129,
    "p95": 0.001094235,
    "p99": 0.001440592
  },
  "rps": {
    "mean": 75558.94759981016,
    "stddev": 9831.109747498911,
    "max": 98135.4367061914,
    "percentiles": {
      "p10": 63206.49029484738,
      "p25": 67466.51745457304,
      "p50": 74707.0149887072,
      "p75": 83139.29989698547,
      "p90": 90313.45910907294,
      "p95": 93066.89648519237,
      "p99": 96151.77206190178
    }
  },
  "details": {
    "DNSDialup": {
      "average": 0.0008374771199999998,
      "fastest": 0.000168225,
      "slowest": 0.001831494
    },
    "DNSLookup": {
      "average": 0.00000732874,
      "fastest": 0.000003496,
      "slowest": 0.00003717
    }
  },
  "statusCodeDistribution": {
    "200": 755649
  },
  "errorDistribution": {}
}