{
  "summary": {
    "successRate": 1,
    "total": 10.000735986,
    "slowest": 0.003363383,
    "fastest": 0.000032631,
    "average": 0.000594299933750577,
    "requestsPerSec": 83931.12278686646,
    "totalData": 10911849,
    "sizePerRequest": 13,
    "sizePerSec": 1091104.5962292638
  },
  "responseTimeHistogram": {
    "0.000032631": 1,
    "0.0003657062": 85533,
    "0.0006987814": 549800,
    "0.0010318566": 168276,
    "0.0013649318": 29119,
    "0.001698007": 5957,
    "0.0020310822": 625,
    "0.0023641574": 29,
    "0.0026972326": 10,
    "0.0030303078": 7,
    "0.003363383": 16
  },
  "latencyPercentiles": {
    "p10": 0.000364005,
    "p25": 0.000451439,
    "p50": 0.000557186,
    "p75": 0.000692768,
    "p90": 0.000881837,
    "p95": 0.001007004,
    "p99": 0.001313997
  },
  "rps": {
    "mean": 83943.01652223596,
    "stddev": 9660.44392278437,
    "max": 100801.99268989197,
    "percentiles": {
      "p10": 69657.9531441874,
      "p25": 77792.3784494051,
      "p50": 85784.97724237146,
      "p75": 91311.62396972996,
      "p90": 95107.8844436201,
      "p95": 96713.48185937207,
      "p99": 98895.15970816904
    }
  },
  "details": {
    "DNSDialup": {
      "average": 0.0007974455199999999,
      "fastest": 0.000115874,
      "slowest": 0.001308541
    },
    "DNSLookup": {
      "average": 0.000007557840000000002,
      "fastest": 0.000003827,
      "slowest": 0.000026209
    }
  },
  "statusCodeDistribution": {
    "200": 839373
  },
  "errorDistribution": {}
}