{
  "summary": {
    "successRate": 1,
    "total": 10.000337259,
    "slowest": 0.003280227,
    "fastest": 0.000035123,
    "average": 0.0006136250133920378,
    "requestsPerSec": 81306.85785304273,
    "totalData": 10570248,
    "sizePerRequest": 13,
    "sizePerSec": 1056989.1520895555
  },
  "responseTimeHistogram": {
    "0.000035123": 1,
    "0.0003596334": 73112,
    "0.0006841438": 490979,
    "0.0010086542": 197756,
    "0.0013331646": 42676,
    "0.001657675": 7819,
    "0.0019821854": 677,
    "0.0023066958": 32,
    "0.0026312062": 8,
    "0.0029557166000000004": 16,
    "0.003280227": 20
  },
  "latencyPercentiles": {
    "p10": 0.000368902,
    "p25": 0.000457708,
    "p50": 0.000572873,
    "p75": 0.00072921,
    "p90": 0.000921916,
    "p95": 0.001051422,
    "p99": 0.001344863
  },
  "rps": {
    "mean": 81293.25127286179,
    "stddev": 11459.165750200911,
    "max": 100225.96854846524,
    "percentiles": {
      "p10": 65505.450053445886,
      "p25": 71645.7959927987,
      "p50": 82148.66313859867,
      "p75": 91792.46254752914,
      "p90": 96094.79751774902,
      "p95": 97219.62864302367,
      "p99": 99112.25027412844
    }
  },
  "details": {
    "DNSDialup": {
      "average": 0.0007364222399999997,
      "fastest": 0.000158188,
      "slowest": 0.001080952
    },
    "DNSLookup": {
      "average": 0.000008331399999999998,
      "fastest": 0.000004598,
      "slowest": 0.000030748
    }
  },
  "statusCodeDistribution": {
    "200": 813096
  },
  "errorDistribution": {}
}