{
  "summary": {
    "successRate": 1,
    "total": 10.000664509,
    "slowest": 0.00384904,
    "fastest": 0.000033491,
    "average": 0.0006183533782848326,
    "requestsPerSec": 80657.14026043827,
    "totalData": 10486125,
    "sizePerRequest": 13,
    "sizePerSec": 1048542.8233856974
  },
  "responseTimeHistogram": {
    "0.000033491": 1,
    "0.00041504590000000004": 123859,
    "0.0007966008": 533689,
    "0.0011781557000000002": 128866,
    "0.0015597106000000002": 17049,
    "0.0019412655000000001": 3065,
    "0.0023228204000000003": 72,
    "0.0027043753000000003": 6,
    "0.0030859302000000003": 8,
    "0.0034674851000000002": 9,
    "0.00384904": 1
  },
  "latencyPercentiles": {
    "p10": 0.000375861,
    "p25": 0.000465898,
    "p50": 0.000577107,
    "p75": 0.000725447,
    "p90": 0.000925942,
    "p95": 0.001051179,
    "p99": 0.001373759
  },
  "rps": {
    "mean": 80651.83871219959,
    "stddev": 9757.455615987508,
    "max": 98090.53435369759,
    "percentiles": {
      "p10": 65253.67114451613,
      "p25": 74492.03301190134,
      "p50": 82114.29609895394,
      "p75": 88121.74900843242,
      "p90": 91966.9703478041,
      "p95": 93712.23947997481,
      "p99": 96310.05349813873
    }
  },
  "details": {
    "DNSDialup": {
      "average": 0.0008286403800000002,
      "fastest": 0.000083416,
      "slowest": 0.001962587
    },
    "DNSLookup": {
      "average": 0.000009253540000000002,
      "fastest": 0.000003958,
      "slowest": 0.00004269
    }
  },
  "statusCodeDistribution": {
    "200": 806625
  },
  "errorDistribution": {}
}