{
  "summary": {
    "successRate": 1,
    "total": 10.000443764,
    "slowest": 0.002819052,
    "fastest": 0.000032348,
    "average": 0.0006486786607952212,
    "requestsPerSec": 76888.48796570265,
    "totalData": 9995947,
    "sizePerRequest": 13,
    "sizePerSec": 999550.3435541344
  },
  "responseTimeHistogram": {
    "0.000032348": 1,
    "0.0003110184": 29946,
    "0.0005896887999999999": 327254,
    "0.0008683591999999999": 288687,
    "0.0011470296": 95038,
    "0.0014257": 20267,
    "0.0017043704": 6922,
    "0.0019830408": 746,
    "0.0022617112": 41,
    "0.0025403816": 14,
    "0.0028190520000000003": 3
  },
  "latencyPercentiles": {
    "p10": 0.000389549,
    "p25": 0.000482615,
    "p50": 0.000607366,
    "p75": 0.000776349,
    "p90": 0.000967349,
    "p95": 0.001090309,
    "p99": 0.001426628
  },
  "rps": {
    "mean": 76894.26529301942,
    "stddev": 10040.547560066685,
    "max": 97901.64474763081,
    "percentiles": {
      "p10": 63640.214251384896,
      "p25": 69003.55343116638,
      "p50": 77036.42478767502,
      "p75": 84757.66572545118,
      "p90": 90721.78229992949,
      "p95": 92941.73747451628,
      "p99": 96496.83424249181
    }
  },
  "details": {
    "DNSDialup": {
      "average": 0.0007004193599999998,
      "fastest": 0.000089507,
      "slowest": 0.001252951
    },
    "DNSLookup": {
      "average": 0.000009430300000000002,
      "fastest": 0.000004077,
      "slowest": 0.000040005
    }
  },
  "statusCodeDistribution": {
    "200": 768919
  },
  "errorDistribution": {}
}