{
  "summary": {
    "successRate": 1,
    "total": 10.000397426,
    "slowest": 0.003672425,
    "fastest": 0.00002865,
    "average": 0.0006467319387515178,
    "requestsPerSec": 77138.43431806027,
    "totalData": 10028395,
    "sizePerRequest": 13,
    "sizePerSec": 1002799.6461347836
  },
  "responseTimeHistogram": {
    "0.00002865": 1,
    "0.0003930275": 83308,
    "0.000757405": 474985,
    "0.0011217825": 181760,
    "0.00148616": 26251,
    "0.0018505375000000001": 5018,
    "0.0022149149999999996": 71,
    "0.0025792924999999997": 11,
    "0.00294367": 9,
    "0.0033080475": 0,
    "0.003672425": 1
  },
  "latencyPercentiles": {
    "p10": 0.000385952,
    "p25": 0.000479091,
    "p50": 0.000607601,
    "p75": 0.000778227,
    "p90": 0.000954237,
    "p95": 0.001080102,
    "p99": 0.001419468
  },
  "rps": {
    "mean": 77151.31083902624,
    "stddev": 10683.275372619864,
    "max": 99833.50412398292,
    "percentiles": {
      "p10": 63402.37124868516,
      "p25": 68313.37971631743,
      "p50": 76151.25711943537,
      "p75": 86046.7061521024,
      "p90": 92175.1965253251,
      "p95": 95023.11194384446,
      "p99": 97856.20860622634
    }
  },
  "details": {
    "DNSDialup": {
      "average": 0.00072852586,
      "fastest": 0.000083115,
      "slowest": 0.001961301
    },
    "DNSLookup": {
      "average": 0.0000074714399999999996,
      "fastest": 0.000003827,
      "slowest": 0.000036528
    }
  },
  "statusCodeDistribution": {
    "200": 771415
  },
  "errorDistribution": {}
}