{
  "summary": {
    "successRate": 1,
    "total": 10.000860085,
    "slowest": 0.003415753,
    "fastest": 0.00003154,
    "average": 0.0006128273166365569,
    "requestsPerSec": 81383.80030141179,
    "totalData": 10580804,
    "sizePerRequest": 13,
    "sizePerSec": 1057989.4039183531
  },
  "responseTimeHistogram": {
    "0.00003154": 1,
    "0.00036996129999999997": 79978,
    "0.0007083826": 515870,
    "0.0010468039": 180014,
    "0.0013852252": 31502,
    "0.0017236464999999999": 5897,
    "0.0020620678": 607,
    "0.0024004891": 12,
    "0.0027389104": 20,
    "0.0030773317": 6,
    "0.0034157529999999997": 1
  },
  "latencyPercentiles": {
    "p10": 0.000371513,
    "p25": 0.000461093,
    "p50": 0.000574066,
    "p75": 0.000724487,
    "p90": 0.000914334,
    "p95": 0.001036452,
    "p99": 0.001342482
  },
  "rps": {
    "mean": 81418.89113510832,
    "stddev": 9872.589188746226,
    "max": 118356.29827239166,
    "percentiles": {
      "p10": 66448.41562247995,
      "p25": 74642.04586443561,
      "p50": 83118.73556603696,
      "p75": 89184.64099558307,
      "p90": 92929.31920020892,
      "p95": 95027.99524740563,
      "p99": 97441.28587282386
    }
  },
  "details": {
    "DNSDialup": {
      "average": 0.00078797934,
      "fastest": 0.000085861,
      "slowest": 0.001901676
    },
    "DNSLookup": {
      "average": 0.00000775684,
      "fastest": 0.000003307,
      "slowest": 0.000031338
    }
  },
  "statusCodeDistribution": {
    "200": 813908
  },
  "errorDistribution": {}
}