{
  "summary": {
    "successRate": 1,
    "total": 10.000947395,
    "slowest": 0.002858235,
    "fastest": 0.000031949,
    "average": 0.0005991157087754723,
    "requestsPerSec": 83247.81314380666,
    "totalData": 10823241,
    "sizePerRequest": 13,
    "sizePerSec": 1082221.5708694865
  },
  "responseTimeHistogram": {
    "0.000031949": 1,
    "0.0003145776": 43499,
    "0.0005972062": 437009,
    "0.0008798348000000001": 264714,
    "0.0011624634000000002": 70553,
    "0.0014450920000000003": 12936,
    "0.0017277206000000003": 3496,
    "0.0020103492": 312,
    "0.0022929778": 19,
    "0.0025756064000000004": 11,
    "0.002858235": 7
  },
  "latencyPercentiles": {
    "p10": 0.000365551,
    "p25": 0.000453094,
    "p50": 0.000562748,
    "p75": 0.000705934,
    "p90": 0.000889579,
    "p95": 0.001011121,
    "p99": 0.001302811
  },
  "rps": {
    "mean": 83259.88721092652,
    "stddev": 9423.935916839304,
    "max": 100842.73560301516,
    "percentiles": {
      "p10": 69375.78256034582,
      "p25": 76983.64203271149,
      "p50": 84370.93908557946,
      "p75": 90642.2664888608,
      "p90": 94582.50835241811,
      "p95": 96634.19884297202,
      "p99": 98348.26933059144
    }
  },
  "details": {
    "DNSDialup": {
      "average": 0.00094281864,
      "fastest": 0.000194631,
      "slowest": 0.001484612
    },
    "DNSLookup": {
      "average": 0.000007967179999999997,
      "fastest": 0.000003797,
      "slowest": 0.000045304
    }
  },
  "statusCodeDistribution": {
    "200": 832557
  },
  "errorDistribution": {}
}