{
  "summary": {
    "successRate": 1,
    "total": 10.000487601,
    "slowest": 0.005030345,
    "fastest": 0.000030496,
    "average": 0.0006554685613672724,
    "requestsPerSec": 76106.88902048068,
    "totalData": 9894378,
    "sizePerRequest": 13,
    "sizePerSec": 989389.5572662487
  },
  "responseTimeHistogram": {
    "0.000030496": 1,
    "0.0005304809": 253316,
    "0.0010304658000000002": 454344,
    "0.0015304507000000003": 49436,
    "0.0020304356000000003": 3971,
    "0.0025304205000000004": 25,
    "0.0030304054000000005": 10,
    "0.0035303903000000005": 2,
    "0.0040303752": 0,
    "0.0045303601": 0,
    "0.005030345": 1
  },
  "latencyPercentiles": {
    "p10": 0.000391952,
    "p25": 0.000486771,
    "p50": 0.000616787,
    "p75": 0.000786407,
    "p90": 0.000966636,
    "p95": 0.00109203,
    "p99": 0.001432706
  },
  "rps": {
    "mean": 76109.09106568912,
    "stddev": 10187.870208726337,
    "max": 99232.85294352018,
    "percentiles": {
      "p10": 63416.837170269115,
      "p25": 67731.51988126141,
      "p50": 74756.82486720973,
      "p75": 84183.75441727022,
      "p90": 91320.96729409177,
      "p95": 93274.08675551992,
      "p99": 96501.23707548458
    }
  },
  "details": {
    "DNSDialup": {
      "average": 0.0008439512600000001,
      "fastest": 0.000090088,
      "slowest": 0.001960773
    },
    "DNSLookup": {
      "average": 0.000042917500000000004,
      "fastest": 0.000003086,
      "slowest": 0.00181028
    }
  },
  "statusCodeDistribution": {
    "200": 761106
  },
  "errorDistribution": {}
}