{
  "summary": {
    "successRate": 1,
    "total": 10.000763161,
    "slowest": 0.003656648,
    "fastest": 0.000036197,
    "average": 0.0006124775974513274,
    "requestsPerSec": 81416.48661126613,
    "totalData": 10584951,
    "sizePerRequest": 13,
    "sizePerSec": 1058414.3259464595
  },
  "responseTimeHistogram": {
    "0.000036197": 1,
    "0.0003982421": 107896,
    "0.0007602872": 534355,
    "0.0011223322999999999": 148095,
    "0.0014843774": 20106,
    "0.0018464225": 3582,
    "0.0022084675999999998": 160,
    "0.0025705127": 24,
    "0.0029325578": 5,
    "0.0032946029": 0,
    "0.003656648": 3
  },
  "latencyPercentiles": {
    "p10": 0.000372588,
    "p25": 0.000462471,
    "p50": 0.000574683,
    "p75": 0.000722846,
    "p90": 0.000910366,
    "p95": 0.001034616,
    "p99": 0.001337313
  },
  "rps": {
    "mean": 81420.504159978,
    "stddev": 9239.551279879284,
    "max": 97967.88901683589,
    "percentiles": {
      "p10": 67807.24859487374,
      "p25": 74932.95551383463,
      "p50": 82502.24406103538,
      "p75": 88748.66288519678,
      "p90": 92317.2725617007,
      "p95": 94260.0813758692,
      "p99": 95923.98099524142
    }
  },
  "details": {
    "DNSDialup": {
      "average": 0.0006392023000000001,
      "fastest": 0.000083919,
      "slowest": 0.000873396
    },
    "DNSLookup": {
      "average": 0.000006733919999999997,
      "fastest": 0.000003437,
      "slowest": 0.000040445
    }
  },
  "statusCodeDistribution": {
    "200": 814227
  },
  "errorDistribution": {}
}