{
  "summary": {
    "successRate": 1,
    "total": 10.000427476,
    "slowest": 0.003724548,
    "fastest": 0.000032941,
    "average": 0.0006440558283178126,
    "requestsPerSec": 77460.18876283483,
    "totalData": 10070255,
    "sizePerRequest": 13,
    "sizePerSec": 1006982.453916853
  },
  "responseTimeHistogram": {
    "0.000032941": 1,
    "0.0004021017": 90609,
    "0.0007712624": 492862,
    "0.0011404231": 163693,
    "0.0015095838000000002": 23692,
    "0.0018787445000000003": 3665,
    "0.0022479051999999998": 60,
    "0.0026170659": 38,
    "0.0029862266": 3,
    "0.0033553873": 10,
    "0.0037245480000000003": 2
  },
  "latencyPercentiles": {
    "p10": 0.000387866,
    "p25": 0.000480828,
    "p50": 0.000607803,
    "p75": 0.000768717,
    "p90": 0.000949251,
    "p95": 0.001070334,
    "p99": 0.001406616
  },
  "rps": {
    "mean": 77479.99259476898,
    "stddev": 10226.965229422647,
    "max": 102170.9924698276,
    "percentiles": {
      "p10": 64669.60759405947,
      "p25": 68902.05035402115,
      "p50": 76389.75581210667,
      "p75": 85328.78139796903,
      "p90": 92647.93604210601,
      "p95": 94746.03650759747,
      "p99": 98017.78042537114
    }
  },
  "details": {
    "DNSDialup": {
      "average": 0.0008917813999999998,
      "fastest": 0.000094554,
      "slowest": 0.001385222
    },
    "DNSLookup": {
      "average": 0.0000074155,
      "fastest": 0.000003597,
      "slowest": 0.000030737
    }
  },
  "statusCodeDistribution": {
    "200": 774635
  },
  "errorDistribution": {}
}