{
  "summary": {
    "successRate": 1,
    "total": 10.000897191,
    "slowest": 0.0034566,
    "fastest": 0.000033032,
    "average": 0.0006155321888068793,
    "requestsPerSec": 81021.03086602963,
    "totalData": 10533679,
    "sizePerRequest": 13,
    "sizePerSec": 1053273.4012583853
  },
  "responseTimeHistogram": {
    "0.000033032": 1,
    "0.0003753888": 82608,
    "0.0007177456": 514532,
    "0.0010601023999999998": 178227,
    "0.0014024591999999998": 29090,
    "0.001744816": 5398,
    "0.0020871728": 380,
    "0.0024295296": 29,
    "0.0027718864": 14,
    "0.0031142432": 1,
    "0.0034566": 3
  },
  "latencyPercentiles": {
    "p10": 0.000373748,
    "p25": 0.000463011,
    "p50": 0.000578771,
    "p75": 0.000729141,
    "p90": 0.00091742,
    "p95": 0.001037267,
    "p99": 0.001341054
  },
  "rps": {
    "mean": 81023.63008352563,
    "stddev": 9451.133720518392,
    "max": 99700.9272186267,
    "percentiles": {
      "p10": 67008.83946393432,
      "p25": 74213.52912635358,
      "p50": 82285.55720684912,
      "p75": 88633.79704268875,
      "p90": 92643.08830036451,
      "p95": 94143.28708340159,
      "p99": 96751.59762700631
    }
  },
  "details": {
    "DNSDialup": {
      "average": 0.0006127134800000001,
      "fastest": 0.000081633,
      "slowest": 0.000960293
    },
    "DNSLookup": {
      "average": 0.000006560420000000001,
      "fastest": 0.000003206,
      "slowest": 0.000031389
    }
  },
  "statusCodeDistribution": {
    "200": 810283
  },
  "errorDistribution": {}
}