{
  "summary": {
    "successRate": 1,
    "total": 10.000379392,
    "slowest": 0.003304769,
    "fastest": 0.000033562,
    "average": 0.0006409337554908872,
    "requestsPerSec": 77821.54751274461,
    "totalData": 10117185,
    "sizePerRequest": 13,
    "sizePerSec": 1011680.1176656799
  },
  "responseTimeHistogram": {
    "0.000033562": 1,
    "0.0003606827": 60210,
    "0.0006878034": 435956,
    "0.0010149241": 231178,
    "0.0013420448": 39342,
    "0.0016691655": 10760,
    "0.0019962862": 714,
    "0.0023234069": 24,
    "0.0026505276": 16,
    "0.0029776483": 24,
    "0.003304769": 20
  },
  "latencyPercentiles": {
    "p10": 0.000383147,
    "p25": 0.000475984,
    "p50": 0.000604105,
    "p75": 0.000769122,
    "p90": 0.000943193,
    "p95": 0.001065789,
    "p99": 0.001412745
  },
  "rps": {
    "mean": 77832.20516833212,
    "stddev": 10857.801043513931,
    "max": 100964.83961999945,
    "percentiles": {
      "p10": 64334.61202126416,
      "p25": 68778.2667112568,
      "p50": 76842.54593493503,
      "p75": 86599.47681902077,
      "p90": 93728.3891474526,
      "p95": 96070.89071025209,
      "p99": 98810.47391023437
    }
  },
  "details": {
    "DNSDialup": {
      "average": 0.00065511892,
      "fastest": 0.000086298,
      "slowest": 0.001133118
    },
    "DNSLookup": {
      "average": 0.00000818484,
      "fastest": 0.000003286,
      "slowest": 0.000035476
    }
  },
  "statusCodeDistribution": {
    "200": 778245
  },
  "errorDistribution": {}
}