{
  "summary": {
    "successRate": 1,
    "total": 10.00037934,
    "slowest": 0.003649353,
    "fastest": 0.000034699,
    "average": 0.0006437356830932794,
    "requestsPerSec": 77489.26052239134,
    "totalData": 10073986,
    "sizePerRequest": 13,
    "sizePerSec": 1007360.3867910875
  },
  "responseTimeHistogram": {
    "0.000034699": 1,
    "0.00039616440000000004": 85534,
    "0.0007576298000000001": 481566,
    "0.0011190952000000001": 177739,
    "0.0014805606000000001": 25157,
    "0.001842026": 4814,
    "0.0022034914000000003": 86,
    "0.0025649568": 8,
    "0.0029264222": 11,
    "0.0032878876000000004": 5,
    "0.003649353": 1
  },
  "latencyPercentiles": {
    "p10": 0.000387445,
    "p25": 0.000480113,
    "p50": 0.000606712,
    "p75": 0.000772005,
    "p90": 0.00094714,
    "p95": 0.001066742,
    "p99": 0.001409976
  },
  "rps": {
    "mean": 77479.35997170051,
    "stddev": 10313.611008640108,
    "max": 100549.77213721121,
    "percentiles": {
      "p10": 64071.811686540255,
      "p25": 69100.54591440025,
      "p50": 76154.89143368676,
      "p75": 85881.56221067095,
      "p90": 92302.70446924123,
      "p95": 94491.39207441654,
      "p99": 97228.09892058343
    }
  },
  "details": {
    "DNSDialup": {
      "average": 0.00093076136,
      "fastest": 0.000093044,
      "slowest": 0.002108787
    },
    "DNSLookup": {
      "average": 0.00000807166,
      "fastest": 0.000003346,
      "slowest": 0.00003753
    }
  },
  "statusCodeDistribution": {
    "200": 774922
  },
  "errorDistribution": {}
}