{
  "summary": {
    "successRate": 1,
    "total": 10.000781465,
    "slowest": 0.003649295,
    "fastest": 0.000034034,
    "average": 0.000648178797071209,
    "requestsPerSec": 76947.58681540693,
    "totalData": 10003968,
    "sizePerRequest": 13,
    "sizePerSec": 1000318.6286002902
  },
  "responseTimeHistogram": {
    "0.000034034": 1,
    "0.00039556009999999997": 82281,
    "0.0007570861999999999": 479598,
    "0.0011186122999999998": 175650,
    "0.0014801384": 27050,
    "0.0018416645": 4798,
    "0.0022031905999999996": 124,
    "0.0025647166999999997": 19,
    "0.0029262427999999997": 4,
    "0.0032877689": 4,
    "0.003649295": 7
  },
  "latencyPercentiles": {
    "p10": 0.000389269,
    "p25": 0.000483004,
    "p50": 0.000609899,
    "p75": 0.000772322,
    "p90": 0.000963629,
    "p95": 0.001084396,
    "p99": 0.001411065
  },
  "rps": {
    "mean": 76920.05914661218,
    "stddev": 9823.4099754101,
    "max": 97705.38356663295,
    "percentiles": {
      "p10": 64297.696126279756,
      "p25": 69401.17287982156,
      "p50": 75938.30198546132,
      "p75": 84847.40149548739,
      "p90": 90543.04416319607,
      "p95": 93369.53795732104,
      "p99": 96159.39381118499
    }
  },
  "details": {
    "DNSDialup": {
      "average": 0.0009554666200000001,
      "fastest": 0.000137487,
      "slowest": 0.001465679
    },
    "DNSLookup": {
      "average": 0.0000079018,
      "fastest": 0.000004458,
      "slowest": 0.000031739
    }
  },
  "statusCodeDistribution": {
    "200": 769536
  },
  "errorDistribution": {}
}