{
  "summary": {
    "successRate": 1,
    "total": 10.000362214,
    "slowest": 0.003937165,
    "fastest": 0.000034786,
    "average": 0.0006391728621186147,
    "requestsPerSec": 78052.6728229166,
    "totalData": 10147215,
    "sizePerRequest": 13,
    "sizePerSec": 1014684.7466979158
  },
  "responseTimeHistogram": {
    "0.000034786": 1,
    "0.00042502390000000005": 122479,
    "0.0008152618": 506778,
    "0.0012054997": 130671,
    "0.0015957376": 18766,
    "0.0019859755000000002": 1798,
    "0.0023762134000000004": 37,
    "0.0027664513": 21,
    "0.0031566892000000004": 0,
    "0.0035469271000000005": 3,
    "0.003937165": 1
  },
  "latencyPercentiles": {
    "p10": 0.000383248,
    "p25": 0.00047574,
    "p50": 0.000601603,
    "p75": 0.000768687,
    "p90": 0.000937779,
    "p95": 0.001062954,
    "p99": 0.001406982
  },
  "rps": {
    "mean": 78064.88243022285,
    "stddev": 10628.818341371674,
    "max": 101007.60587272569,
    "percentiles": {
      "p10": 64359.49570224855,
      "p25": 69329.63842042157,
      "p50": 77636.75327911829,
      "p75": 86801.60582970765,
      "p90": 93241.64171719323,
      "p95": 95417.80496240659,
      "p99": 97775.18307463297
    }
  },
  "details": {
    "DNSDialup": {
      "average": 0.00097298902,
      "fastest": 0.000111657,
      "slowest": 0.001622482
    },
    "DNSLookup": {
      "average": 0.000015967139999999998,
      "fastest": 0.000003928,
      "slowest": 0.000259364
    }
  },
  "statusCodeDistribution": {
    "200": 780555
  },
  "errorDistribution": {}
}