{
  "summary": {
    "successRate": 1,
    "total": 10.001177384,
    "slowest": 0.003848912,
    "fastest": 0.000031468,
    "average": 0.0006044206867697901,
    "requestsPerSec": 82519.6842644062,
    "totalData": 10728822,
    "sizePerRequest": 13,
    "sizePerSec": 1072755.8954372806
  },
  "responseTimeHistogram": {
    "0.000031468": 1,
    "0.00041321239999999996": 133743,
    "0.0007949567999999999": 554868,
    "0.0011767012": 120687,
    "0.0015584455999999999": 14131,
    "0.0019401899999999998": 1812,
    "0.0023219344": 18,
    "0.0027036788": 12,
    "0.0030854232": 18,
    "0.0034671676": 3,
    "0.003848912": 1
  },
  "latencyPercentiles": {
    "p10": 0.000369594,
    "p25": 0.000458191,
    "p50": 0.000568952,
    "p75": 0.000711047,
    "p90": 0.000895861,
    "p95": 0.00101559,
    "p99": 0.001311032
  },
  "rps": {
    "mean": 82524.17860715964,
    "stddev": 9119.46209488712,
    "max": 99405.23865607571,
    "percentiles": {
      "p10": 69323.19554122776,
      "p25": 76437.56906519628,
      "p50": 83734.06301682933,
      "p75": 89729.37180827622,
      "p90": 93828.79605751122,
      "p95": 95042.37113353473,
      "p99": 97561.02487553391
    }
  },
  "details": {
    "DNSDialup": {
      "average": 0.0008801242600000001,
      "fastest": 0.00010847,
      "slowest": 0.00195683
    },
    "DNSLookup": {
      "average": 0.000007574200000000001,
      "fastest": 0.000003256,
      "slowest": 0.000032471
    }
  },
  "statusCodeDistribution": {
    "200": 825294
  },
  "errorDistribution": {}
}