{
  "summary": {
    "successRate": 1,
    "total": 10.000226287,
    "slowest": 0.003736365,
    "fastest": 0.000032212,
    "average": 0.0006712044706507609,
    "requestsPerSec": 74312.01841562887,
    "totalData": 9660781,
    "sizePerRequest": 13,
    "sizePerSec": 966056.2394031754
  },
  "responseTimeHistogram": {
    "0.000032212": 1,
    "0.0004026273": 75755,
    "0.0007730426": 450425,
    "0.0011434579000000002": 184739,
    "0.0015138732": 26554,
    "0.0018842885": 5473,
    "0.0022547038000000005": 117,
    "0.0026251191000000004": 19,
    "0.0029955344000000004": 30,
    "0.0033659497000000003": 22,
    "0.003736365": 2
  },
  "latencyPercentiles": {
    "p10": 0.000400879,
    "p25": 0.000497382,
    "p50": 0.000632447,
    "p75": 0.000804628,
    "p90": 0.000990684,
    "p95": 0.001115493,
    "p99": 0.001467623
  },
  "rps": {
    "mean": 74326.38676021903,
    "stddev": 9938.585700456839,
    "max": 97628.79073038606,
    "percentiles": {
      "p10": 62463.811345248985,
      "p25": 66218.59418124508,
      "p50": 72943.58379132085,
      "p75": 82014.72164253089,
      "p90": 88862.6429931207,
      "p95": 92610.57883718316,
      "p99": 95011.56257677845
    }
  },
  "details": {
    "DNSDialup": {
      "average": 0.0007317382800000002,
      "fastest": 0.000095369,
      "slowest": 0.001214443
    },
    "DNSLookup": {
      "average": 0.00000900222,
      "fastest": 0.000004538,
      "slowest": 0.000032
    }
  },
  "statusCodeDistribution": {
    "200": 743137
  },
  "errorDistribution": {}
}