{
  "summary": {
    "successRate": 1,
    "total": 10.000303819,
    "slowest": 0.003844222,
    "fastest": 0.000031141,
    "average": 0.0006318829979414405,
    "requestsPerSec": 78936.701753021,
    "totalData": 10262083,
    "sizePerRequest": 13,
    "sizePerSec": 1026177.122789273
  },
  "responseTimeHistogram": {
    "0.000031141": 1,
    "0.0004124491": 111981,
    "0.0007937572": 517973,
    "0.0011750653": 137649,
    "0.0015563734": 19351,
    "0.0019376814999999999": 2229,
    "0.0023189896000000002": 99,
    "0.0027002977": 45,
    "0.0030816058": 49,
    "0.0034629139": 11,
    "0.003844222": 3
  },
  "latencyPercentiles": {
    "p10": 0.000381347,
    "p25": 0.000471776,
    "p50": 0.000594599,
    "p75": 0.000754566,
    "p90": 0.000933529,
    "p95": 0.001051774,
    "p99": 0.00138973
  },
  "rps": {
    "mean": 78924.22321670705,
    "stddev": 10617.022542738032,
    "max": 101430.66248926919,
    "percentiles": {
      "p10": 65732.82039722652,
      "p25": 70100.9393525856,
      "p50": 78053.84153989311,
      "p75": 87727.48727274465,
      "p90": 93949.37866804619,
      "p95": 96825.17454537706,
      "p99": 98948.50191166767
    }
  },
  "details": {
    "DNSDialup": {
      "average": 0.0007981701000000001,
      "fastest": 0.000093237,
      "slowest": 0.001869587
    },
    "DNSLookup": {
      "average": 0.00000710636,
      "fastest": 0.000003687,
      "slowest": 0.000030537
    }
  },
  "statusCodeDistribution": {
    "200": 789391
  },
  "errorDistribution": {}
}