{
  "summary": {
    "successRate": 1,
    "total": 10.000461564,
    "slowest": 0.005402337,
    "fastest": 0.00003321,
    "average": 0.0006542318154512306,
    "requestsPerSec": 76240.28102309299,
    "totalData": 9911694,
    "sizePerRequest": 13,
    "sizePerSec": 991123.6533002089
  },
  "responseTimeHistogram": {
    "0.00003321": 1,
    "0.0005701227000000001": 310980,
    "0.0011070354000000003": 416911,
    "0.0016439481000000004": 33318,
    "0.0021808608000000004": 1196,
    "0.0027177735000000008": 24,
    "0.0032546862000000006": 4,
    "0.0037915989000000005": 3,
    "0.0043285116": 0,
    "0.004865424300000001": 0,
    "0.005402337000000001": 1
  },
  "latencyPercentiles": {
    "p10": 0.000393069,
    "p25": 0.000488531,
    "p50": 0.000617517,
    "p75": 0.000779713,
    "p90": 0.000965158,
    "p95": 0.001086486,
    "p99": 0.001430616
  },
  "rps": {
    "mean": 76219.50164334675,
    "stddev": 10263.043796692777,
    "max": 98957.93987379326,
    "percentiles": {
      "p10": 63696.33445679448,
      "p25": 67611.78473407682,
      "p50": 74719.6036696033,
      "p75": 84220.52454183283,
      "p90": 91887.17908579913,
      "p95": 93958.20682865662,
      "p99": 96859.91754499773
    }
  },
  "details": {
    "DNSDialup": {
      "average": 0.0009754028799999996,
      "fastest": 0.000117709,
      "slowest": 0.00214839
    },
    "DNSLookup": {
      "average": 0.0000301869,
      "fastest": 0.000003797,
      "slowest": 0.001114245
    }
  },
  "statusCodeDistribution": {
    "200": 762438
  },
  "errorDistribution": {}
}