{
  "summary": {
    "successRate": 1,
    "total": 10.000380414,
    "slowest": 0.003606465,
    "fastest": 0.000034044,
    "average": 0.0006590963441794414,
    "requestsPerSec": 75683.22090432029,
    "totalData": 9839193,
    "sizePerRequest": 13,
    "sizePerSec": 983881.8717561638
  },
  "responseTimeHistogram": {
    "0.000034044": 1,
    "0.0003912861": 73826,
    "0.0007485282": 450767,
    "0.0011057703": 196220,
    "0.0014630124": 28971,
    "0.0018202545": 6855,
    "0.0021774966": 165,
    "0.0025347387": 9,
    "0.0028919808": 21,
    "0.0032492229": 25,
    "0.003606465": 1
  },
  "latencyPercentiles": {
    "p10": 0.000393625,
    "p25": 0.000488122,
    "p50": 0.000619652,
    "p75": 0.000792123,
    "p90": 0.000976007,
    "p95": 0.001096773,
    "p99": 0.001451007
  },
  "rps": {
    "mean": 75677.4051229447,
    "stddev": 10743.496918735429,
    "max": 98608.10558627757,
    "percentiles": {
      "p10": 62529.8079594505,
      "p25": 66282.98629884952,
      "p50": 74322.1033935495,
      "p75": 84700.82159796405,
      "p90": 91451.57183516146,
      "p95": 93742.72793539171,
      "p99": 96131.03109684619
    }
  },
  "details": {
    "DNSDialup": {
      "average": 0.00075859824,
      "fastest": 0.000098033,
      "slowest": 0.001125412
    },
    "DNSLookup": {
      "average": 0.000011394499999999997,
      "fastest": 0.000003718,
      "slowest": 0.000214439
    }
  },
  "statusCodeDistribution": {
    "200": 756861
  },
  "errorDistribution": {}
}