{
  "summary": {
    "successRate": 1,
    "total": 10.000639367,
    "slowest": 0.002766601,
    "fastest": 0.000032327,
    "average": 0.0006119948028948783,
    "requestsPerSec": 81496.98935144093,
    "totalData": 10595286,
    "sizePerRequest": 13,
    "sizePerSec": 1059460.8615687322
  },
  "responseTimeHistogram": {
    "0.000032327": 1,
    "0.0003057544": 35152,
    "0.0005791818": 380918,
    "0.0008526091999999999": 291258,
    "0.0011260366": 84695,
    "0.001399464": 16837,
    "0.0016728913999999998": 5224,
    "0.0019463187999999999": 863,
    "0.0022197462": 41,
    "0.0024931735999999998": 7,
    "0.002766601": 26
  },
  "latencyPercentiles": {
    "p10": 0.00037178,
    "p25": 0.000462446,
    "p50": 0.000574448,
    "p75": 0.000722188,
    "p90": 0.000909417,
    "p95": 0.001029527,
    "p99": 0.001341181
  },
  "rps": {
    "mean": 81503.74220541237,
    "stddev": 9567.720391811772,
    "max": 98369.35267757003,
    "percentiles": {
      "p10": 66906.28358500016,
      "p25": 75222.76240790552,
      "p50": 82551.99124408512,
      "p75": 89314.00443589801,
      "p90": 92905.53717001337,
      "p95": 94460.94747509915,
      "p99": 96645.16228433602
    }
  },
  "details": {
    "DNSDialup": {
      "average": 0.00077790056,
      "fastest": 0.000098371,
      "slowest": 0.001428593
    },
    "DNSLookup": {
      "average": 0.000008344620000000001,
      "fastest": 0.000004168,
      "slowest": 0.000038201
    }
  },
  "statusCodeDistribution": {
    "200": 815022
  },
  "errorDistribution": {}
}