{
  "summary": {
    "successRate": 1,
    "total": 10.000159937,
    "slowest": 0.003284724,
    "fastest": 0.000029717,
    "average": 0.0006440983354582355,
    "requestsPerSec": 77445.361362124,
    "totalData": 10068058,
    "sizePerRequest": 13,
    "sizePerSec": 1006789.6977076118
  },
  "responseTimeHistogram": {
    "0.000029717": 1,
    "0.00035521770000000003": 55618,
    "0.0006807184": 427104,
    "0.0010062191": 235917,
    "0.0013317198000000001": 44249,
    "0.0016572205000000002": 10753,
    "0.0019827212": 769,
    "0.0023082219": 35,
    "0.0026337226": 18,
    "0.0029592233": 1,
    "0.003284724": 1
  },
  "latencyPercentiles": {
    "p10": 0.000384771,
    "p25": 0.000477887,
    "p50": 0.000608701,
    "p75": 0.000772285,
    "p90": 0.000953843,
    "p95": 0.001066381,
    "p99": 0.001403841
  },
  "rps": {
    "mean": 77433.14716140386,
    "stddev": 10371.593725449857,
    "max": 100751.816659311,
    "percentiles": {
      "p10": 64705.70704336355,
      "p25": 68747.07009521502,
      "p50": 76598.1782654243,
      "p75": 85603.95490271863,
      "p90": 92569.21400130694,
      "p95": 94890.93398204315,
      "p99": 97818.95763437157
    }
  },
  "details": {
    "DNSDialup": {
      "average": 0.0010187848599999996,
      "fastest": 0.00010572,
      "slowest": 0.002352268
    },
    "DNSLookup": {
      "average": 0.00001088142,
      "fastest": 0.000004678,
      "slowest": 0.000034975
    }
  },
  "statusCodeDistribution": {
    "200": 774466
  },
  "errorDistribution": {}
}