{
  "summary": {
    "successRate": 1,
    "total": 10.000232475,
    "slowest": 0.00659448,
    "fastest": 0.000033513,
    "average": 0.0006366192143420464,
    "requestsPerSec": 78356.57840544352,
    "totalData": 10186592,
    "sizePerRequest": 13,
    "sizePerSec": 1018635.5192707657
  },
  "responseTimeHistogram": {
    "0.000033513": 1,
    "0.0006896097": 507091,
    "0.0013457064": 266127,
    "0.0020018031000000004": 10246,
    "0.0026578998000000003": 62,
    "0.0033139965": 4,
    "0.0039700932": 2,
    "0.0046261899": 0,
    "0.0052822866": 1,
    "0.0059383833": 0,
    "0.00659448": 50
  },
  "latencyPercentiles": {
    "p10": 0.00038883,
    "p25": 0.000463566,
    "p50": 0.000589962,
    "p75": 0.000773418,
    "p90": 0.000944968,
    "p95": 0.001058939,
    "p99": 0.001399135
  },
  "rps": {
    "mean": 78354.80168388417,
    "stddev": 10512.478781158601,
    "max": 100229.32710110817,
    "percentiles": {
      "p10": 64664.78117778385,
      "p25": 69750.36673982859,
      "p50": 78437.24984994429,
      "p75": 88757.5032684898,
      "p90": 90714.87224272008,
      "p95": 93096.28017295217,
      "p99": 96934.75110827411
    }
  },
  "details": {
    "DNSDialup": {
      "average": 0.0009818325600000001,
      "fastest": 0.00011747,
      "slowest": 0.00186456
    },
    "DNSLookup": {
      "average": 0.000009773719999999999,
      "fastest": 0.000003456,
      "slowest": 0.000028443
    }
  },
  "statusCodeDistribution": {
    "200": 783584
  },
  "errorDistribution": {}
}