{
  "summary": {
    "successRate": 1,
    "total": 10.001123486,
    "slowest": 0.003929487,
    "fastest": 0.000033984,
    "average": 0.0006143224297004022,
    "requestsPerSec": 81177.67980132309,
    "totalData": 10554284,
    "sizePerRequest": 13,
    "sizePerSec": 1055309.8374172
  },
  "responseTimeHistogram": {
    "0.000033984": 1,
    "0.0004235343": 136911,
    "0.0008130846": 542133,
    "0.0012026349": 116313,
    "0.0015921852": 14413,
    "0.0019817355": 2036,
    "0.0023712858": 36,
    "0.0027608361": 18,
    "0.0031503864": 5,
    "0.0035399367": 1,
    "0.003929487": 1
  },
  "latencyPercentiles": {
    "p10": 0.000375463,
    "p25": 0.00046449,
    "p50": 0.000575122,
    "p75": 0.000719354,
    "p90": 0.000915618,
    "p95": 0.001046445,
    "p99": 0.00135477
  },
  "rps": {
    "mean": 81188.22567169774,
    "stddev": 9780.465431109204,
    "max": 98330.32701542579,
    "percentiles": {
      "p10": 65772.44835186173,
      "p25": 75137.78679297972,
      "p50": 83239.89890392989,
      "p75": 88752.93906460029,
      "p90": 92318.03894480997,
      "p95": 93842.99886207933,
      "p99": 96744.02605639002
    }
  },
  "details": {
    "DNSDialup": {
      "average": 0.0007690643999999997,
      "fastest": 0.000115087,
      "slowest": 0.001599688
    },
    "DNSLookup": {
      "average": 0.00000844626,
      "fastest": 0.000003637,
      "slowest": 0.000027972
    }
  },
  "statusCodeDistribution": {
    "200": 811868
  },
  "errorDistribution": {}
}