{
  "summary": {
    "successRate": 1,
    "total": 10.001432249,
    "slowest": 0.004161116,
    "fastest": 0.000032994,
    "average": 0.0006093144808952681,
    "requestsPerSec": 81850.17701658182,
    "totalData": 10642047,
    "sizePerRequest": 13,
    "sizePerSec": 1064052.3012155637
  },
  "responseTimeHistogram": {
    "0.000032994": 1,
    "0.00044580620000000005": 179437,
    "0.0008586184000000001": 535842,
    "0.0012714306": 92424,
    "0.0016842428000000001": 10023,
    "0.0020970550000000004": 806,
    "0.0025098672000000003": 73,
    "0.0029226794000000006": 7,
    "0.0033354916000000005": 3,
    "0.0037483038000000004": 1,
    "0.004161116": 2
  },
  "latencyPercentiles": {
    "p10": 0.00037089,
    "p25": 0.000460263,
    "p50": 0.000571538,
    "p75": 0.000718169,
    "p90": 0.000906497,
    "p95": 0.001030681,
    "p99": 0.001331486
  },
  "rps": {
    "mean": 81857.9915705608,
    "stddev": 9669.83946973704,
    "max": 99099.56088643117,
    "percentiles": {
      "p10": 68431.12932072808,
      "p25": 74479.81662127098,
      "p50": 83134.24299468918,
      "p75": 89643.7323438705,
      "p90": 93759.47549186622,
      "p95": 95294.60453041705,
      "p99": 97412.57747860881
    }
  },
  "details": {
    "DNSDialup": {
      "average": 0.0007797935600000002,
      "fastest": 0.000078023,
      "slowest": 0.001805749
    },
    "DNSLookup": {
      "average": 0.000006745779999999998,
      "fastest": 0.000003326,
      "slowest": 0.00002729
    }
  },
  "statusCodeDistribution": {
    "200": 818619
  },
  "errorDistribution": {}
}