{
  "summary": {
    "successRate": 1,
    "total": 10.000802416,
    "slowest": 0.003479383,
    "fastest": 0.000033072,
    "average": 0.000604735284019144,
    "requestsPerSec": 82465.28285375936,
    "totalData": 10721347,
    "sizePerRequest": 13,
    "sizePerSec": 1072048.6770988717
  },
  "responseTimeHistogram": {
    "0.000033072": 1,
    "0.0003777031": 90955,
    "0.0007223342": 538011,
    "0.0010669653000000001": 164550,
    "0.0014115964000000001": 26184,
    "0.0017562275000000001": 4680,
    "0.0021008586": 320,
    "0.0024454896999999997": 14,
    "0.0027901208": 2,
    "0.0031347519": 1,
    "0.003479383": 1
  },
  "latencyPercentiles": {
    "p10": 0.000369222,
    "p25": 0.000457529,
    "p50": 0.000568202,
    "p75": 0.000711564,
    "p90": 0.00089891,
    "p95": 0.001024275,
    "p99": 0.001317054
  },
  "rps": {
    "mean": 82463.76876583711,
    "stddev": 9337.66682272721,
    "max": 99845.83041907362,
    "percentiles": {
      "p10": 68605.79012838239,
      "p25": 76301.25897077376,
      "p50": 83741.77039507424,
      "p75": 89911.3827810615,
      "p90": 93640.48077984105,
      "p95": 95370.21676287765,
      "p99": 97319.96654908625
    }
  },
  "details": {
    "DNSDialup": {
      "average": 0.0009268626800000001,
      "fastest": 0.000105647,
      "slowest": 0.001983819
    },
    "DNSLookup": {
      "average": 0.00000804302,
      "fastest": 0.000003677,
      "slowest": 0.000029415
    }
  },
  "statusCodeDistribution": {
    "200": 824719
  },
  "errorDistribution": {}
}