{
  "summary": {
    "successRate": 1,
    "total": 10.000544832,
    "slowest": 0.003756197,
    "fastest": 0.000032237,
    "average": 0.000660304962941931,
    "requestsPerSec": 75544.88407297208,
    "totalData": 9821370,
    "sizePerRequest": 13,
    "sizePerSec": 982083.4929486371
  },
  "responseTimeHistogram": {
    "0.000032237": 1,
    "0.000404633": 82258,
    "0.0007770289999999999": 466426,
    "0.001149425": 177832,
    "0.001521821": 24146,
    "0.0018942170000000001": 4754,
    "0.002266613": 59,
    "0.002639009": 8,
    "0.003011405": 3,
    "0.003383801": 1,
    "0.003756197": 2
  },
  "latencyPercentiles": {
    "p10": 0.000396818,
    "p25": 0.000490382,
    "p50": 0.0006211,
    "p75": 0.000795309,
    "p90": 0.000967489,
    "p95": 0.001090829,
    "p99": 0.001450427
  },
  "rps": {
    "mean": 75556.77380048136,
    "stddev": 10369.192987832012,
    "max": 99112.47732889635,
    "percentiles": {
      "p10": 62638.735794216955,
      "p25": 66513.99834175713,
      "p50": 74237.51221491536,
      "p75": 84039.202535079,
      "p90": 90463.59590792436,
      "p95": 92980.07451030758,
      "p99": 95847.31982179737
    }
  },
  "details": {
    "DNSDialup": {
      "average": 0.0010493068599999997,
      "fastest": 0.000096409,
      "slowest": 0.002364771
    },
    "DNSLookup": {
      "average": 0.000009560100000000004,
      "fastest": 0.000004418,
      "slowest": 0.000029825
    }
  },
  "statusCodeDistribution": {
    "200": 755490
  },
  "errorDistribution": {}
}