{
  "summary": {
    "successRate": 1,
    "total": 10.00037996,
    "slowest": 0.013560507,
    "fastest": 0.000032505,
    "average": 0.0006294819995912122,
    "requestsPerSec": 79254.98862745211,
    "totalData": 10303540,
    "sizePerRequest": 13,
    "sizePerSec": 1030314.8521568774
  },
  "responseTimeHistogram": {
    "0.000032505": 1,
    "0.0013853052": 784774,
    "0.0027381054": 7684,
    "0.0040909056": 71,
    "0.0054437058": 0,
    "0.006796506000000001": 0,
    "0.0081493062": 0,
    "0.0095021064": 0,
    "0.0108549066": 49,
    "0.0122077068": 0,
    "0.013560507000000001": 1
  },
  "latencyPercentiles": {
    "p10": 0.000400555,
    "p25": 0.00047096,
    "p50": 0.00056941,
    "p75": 0.000758637,
    "p90": 0.000946478,
    "p95": 0.001038803,
    "p99": 0.001382021
  },
  "rps": {
    "mean": 79250.61379760018,
    "stddev": 11086.277032027092,
    "max": 99608.28740951023,
    "percentiles": {
      "p10": 64340.708366181265,
      "p25": 69732.93486513663,
      "p50": 81862.3545554636,
      "p75": 87674.26887315759,
      "p90": 92105.77503209165,
      "p95": 95094.59058925908,
      "p99": 98161.10528804307
    }
  },
  "details": {
    "DNSDialup": {
      "average": 0.0009656438400000002,
      "fastest": 0.000094016,
      "slowest": 0.001512251
    },
    "DNSLookup": {
      "average": 0.000044390599999999995,
      "fastest": 0.000003607,
      "slowest": 0.001000529
    }
  },
  "statusCodeDistribution": {
    "200": 792580
  },
  "errorDistribution": {}
}