{
  "summary": {
    "successRate": 1,
    "total": 10.0003096,
    "slowest": 0.00543116,
    "fastest": 0.000035106,
    "average": 0.0006617035847852339,
    "requestsPerSec": 75387.56600095662,
    "totalData": 9800687,
    "sizePerRequest": 13,
    "sizePerSec": 980038.358012436
  },
  "responseTimeHistogram": {
    "0.000035106": 1,
    "0.0005747114": 299406,
    "0.0011143168": 420303,
    "0.0016539222": 32731,
    "0.0021935276": 1422,
    "0.002733133": 27,
    "0.0032727384": 5,
    "0.0038123438": 2,
    "0.0043519492": 1,
    "0.0048915546": 0,
    "0.00543116": 1
  },
  "latencyPercentiles": {
    "p10": 0.000400242,
    "p25": 0.000498126,
    "p50": 0.000626507,
    "p75": 0.000785575,
    "p90": 0.000968082,
    "p95": 0.001095267,
    "p99": 0.001433191
  },
  "rps": {
    "mean": 75380.602222184,
    "stddev": 9337.909326191373,
    "max": 96948.18735964128,
    "percentiles": {
      "p10": 63679.00167370418,
      "p25": 67915.81759391885,
      "p50": 74354.40511822417,
      "p75": 82206.77073231895,
      "p90": 88925.69952716307,
      "p95": 92118.5803176512,
      "p99": 95319.84609735923
    }
  },
  "details": {
    "DNSDialup": {
      "average": 0.00105417082,
      "fastest": 0.000118362,
      "slowest": 0.002498293
    },
    "DNSLookup": {
      "average": 0.000009921520000000003,
      "fastest": 0.000004288,
      "slowest": 0.000034835
    }
  },
  "statusCodeDistribution": {
    "200": 753899
  },
  "errorDistribution": {}
}