{
  "summary": {
    "successRate": 1,
    "total": 10.00059799,
    "slowest": 0.004264506,
    "fastest": 0.000034084,
    "average": 0.0006522034503597333,
    "requestsPerSec": 76480.72652903429,
    "totalData": 9943089,
    "sizePerRequest": 13,
    "sizePerSec": 994249.4448774458
  },
  "responseTimeHistogram": {
    "0.000034084": 1,
    "0.0004571262": 150576,
    "0.0008801684": 499204,
    "0.0013032106": 100543,
    "0.0017262528": 14049,
    "0.0021492950000000003": 455,
    "0.0025723372": 19,
    "0.0029953794000000004": 3,
    "0.0034184216000000003": 1,
    "0.0038414638": 0,
    "0.004264506": 2
  },
  "latencyPercentiles": {
    "p10": 0.000390961,
    "p25": 0.000485512,
    "p50": 0.00061372,
    "p75": 0.000780833,
    "p90": 0.000963086,
    "p95": 0.001086449,
    "p99": 0.001431133
  },
  "rps": {
    "mean": 76490.32007182953,
    "stddev": 9857.407935317964,
    "max": 99225.00261593786,
    "percentiles": {
      "p10": 64354.625511298604,
      "p25": 68495.24949394741,
      "p50": 75417.81016125256,
      "p75": 84309.23186089062,
      "p90": 91232.30535932863,
      "p95": 93303.34784451185,
      "p99": 96929.46300165425
    }
  },
  "details": {
    "DNSDialup": {
      "average": 0.0007145683800000001,
      "fastest": 0.000078136,
      "slowest": 0.001670793
    },
    "DNSLookup": {
      "average": 0.000007755120000000001,
      "fastest": 0.000004348,
      "slowest": 0.000027171
    }
  },
  "statusCodeDistribution": {
    "200": 764853
  },
  "errorDistribution": {}
}