{
  "summary": {
    "successRate": 1,
    "total": 10.001237162,
    "slowest": 0.012172459,
    "fastest": 0.000031716,
    "average": 0.0006170800638458168,
    "requestsPerSec": 80848.89768160463,
    "totalData": 10511657,
    "sizePerRequest": 13,
    "sizePerSec": 1051035.6698608603
  },
  "responseTimeHistogram": {
    "0.000031716": 1,
    "0.0012457903": 796432,
    "0.0024598646": 12112,
    "0.0036739389": 42,
    "0.0048880132": 1,
    "0.0061020875": 0,
    "0.0073161618": 0,
    "0.0085302361": 0,
    "0.0097443104": 0,
    "0.010958384699999999": 0,
    "0.012172458999999998": 1
  },
  "latencyPercentiles": {
    "p10": 0.000395503,
    "p25": 0.000459773,
    "p50": 0.000560429,
    "p75": 0.000741838,
    "p90": 0.000927181,
    "p95": 0.001023771,
    "p99": 0.001329893
  },
  "rps": {
    "mean": 80818.39151645402,
    "stddev": 10103.10465995045,
    "max": 99546.3530482515,
    "percentiles": {
      "p10": 66335.53175316204,
      "p25": 71711.94721040566,
      "p50": 82939.62025659844,
      "p75": 89404.15899297313,
      "p90": 91814.72708222941,
      "p95": 94213.61878025382,
      "p99": 96925.66412353638
    }
  },
  "details": {
    "DNSDialup": {
      "average": 0.0010223359400000002,
      "fastest": 0.000597031,
      "slowest": 0.00138481
    },
    "DNSLookup": {
      "average": 0.000013349759999999998,
      "fastest": 0.000004148,
      "slowest": 0.000240269
    }
  },
  "statusCodeDistribution": {
    "200": 808589
  },
  "errorDistribution": {}
}