{
  "summary": {
    "successRate": 1,
    "total": 10.000632992,
    "slowest": 0.003513108,
    "fastest": 0.000029868,
    "average": 0.0006233337729864428,
    "requestsPerSec": 80007.33559966242,
    "totalData": 10401612,
    "sizePerRequest": 13,
    "sizePerSec": 1040095.3627956114
  },
  "responseTimeHistogram": {
    "0.000029868": 1,
    "0.000378192": 80413,
    "0.000726516": 510077,
    "0.0010748399999999999": 174579,
    "0.001423164": 29017,
    "0.001771488": 5569,
    "0.002119812": 439,
    "0.002468136": 7,
    "0.0028164600000000002": 7,
    "0.0031647840000000003": 2,
    "0.0035131080000000005": 13
  },
  "latencyPercentiles": {
    "p10": 0.000377706,
    "p25": 0.000468807,
    "p50": 0.000585272,
    "p75": 0.000737464,
    "p90": 0.000931458,
    "p95": 0.001052786,
    "p99": 0.001360717
  },
  "rps": {
    "mean": 80021.2523782498,
    "stddev": 9465.443533609376,
    "max": 97882.99658904756,
    "percentiles": {
      "p10": 66140.55738978837,
      "p25": 73478.48972272081,
      "p50": 80867.58103747126,
      "p75": 87562.70365208402,
      "p90": 91993.18910055824,
      "p95": 93773.49048550878,
      "p99": 95816.91168491803
    }
  },
  "details": {
    "DNSDialup": {
      "average": 0.0008467592,
      "fastest": 0.000077703,
      "slowest": 0.001460443
    },
    "DNSLookup": {
      "average": 0.00000769548,
      "fastest": 0.000003517,
      "slowest": 0.000040436
    }
  },
  "statusCodeDistribution": {
    "200": 800124
  },
  "errorDistribution": {}
}