{
  "summary": {
    "successRate": 1,
    "total": 10.000460764,
    "slowest": 0.004027928,
    "fastest": 0.000037693,
    "average": 0.0006424440367719095,
    "requestsPerSec": 77653.52200525868,
    "totalData": 10095423,
    "sizePerRequest": 13,
    "sizePerSec": 1009495.7860683629
  },
  "responseTimeHistogram": {
    "0.000037693": 1,
    "0.0004367165": 130965,
    "0.00083574": 509264,
    "0.0012347635": 119060,
    "0.001633787": 16183,
    "0.0020328105": 1016,
    "0.002431834": 25,
    "0.0028308575": 35,
    "0.003229881": 14,
    "0.0036289045": 4,
    "0.004027928": 4
  },
  "latencyPercentiles": {
    "p10": 0.000387396,
    "p25": 0.000480908,
    "p50": 0.000605281,
    "p75": 0.000766641,
    "p90": 0.00094837,
    "p95": 0.001066503,
    "p99": 0.001395288
  },
  "rps": {
    "mean": 77647.6780180193,
    "stddev": 9894.227477726816,
    "max": 98716.7329404453,
    "percentiles": {
      "p10": 64540.38825252747,
      "p25": 69266.16303893528,
      "p50": 77349.21730697242,
      "p75": 86005.31350638917,
      "p90": 91819.70450858473,
      "p95": 93760.39106788696,
      "p99": 96071.16952238517
    }
  },
  "details": {
    "DNSDialup": {
      "average": 0.0008244231800000002,
      "fastest": 0.00009125,
      "slowest": 0.001878428
    },
    "DNSLookup": {
      "average": 0.00000712876,
      "fastest": 0.000003527,
      "slowest": 0.000033674
    }
  },
  "statusCodeDistribution": {
    "200": 776571
  },
  "errorDistribution": {}
}