{
  "summary": {
    "successRate": 1,
    "total": 10.000676743,
    "slowest": 0.004802779,
    "fastest": 0.000035713,
    "average": 0.0006394626355666882,
    "requestsPerSec": 78007.62088886168,
    "totalData": 10141677,
    "sizePerRequest": 13,
    "sizePerSec": 1014099.0715552019
  },
  "responseTimeHistogram": {
    "0.000035713": 1,
    "0.0005124196000000001": 254213,
    "0.0009891262": 467600,
    "0.0014658327999999999": 52577,
    "0.0019425394": 5662,
    "0.0024192460000000003": 30,
    "0.0028959526": 11,
    "0.0033726592": 13,
    "0.0038493658000000003": 10,
    "0.0043260723999999995": 11,
    "0.004802779": 1
  },
  "latencyPercentiles": {
    "p10": 0.000383833,
    "p25": 0.000474556,
    "p50": 0.00059982,
    "p75": 0.000770842,
    "p90": 0.000940278,
    "p95": 0.001062895,
    "p99": 0.001410747
  },
  "rps": {
    "mean": 77988.57495081097,
    "stddev": 11524.99580426951,
    "max": 100222.34512863688,
    "percentiles": {
      "p10": 63513.22345311275,
      "p25": 67701.7399347174,
      "p50": 76901.15351730294,
      "p75": 88607.95400725609,
      "p90": 93741.1898788292,
      "p95": 95754.26204327968,
      "p99": 98167.24274896161
    }
  },
  "details": {
    "DNSDialup": {
      "average": 0.00082007086,
      "fastest": 0.000087179,
      "slowest": 0.001187167
    },
    "DNSLookup": {
      "average": 0.000007997120000000001,
      "fastest": 0.000003597,
      "slowest": 0.000030607
    }
  },
  "statusCodeDistribution": {
    "200": 780129
  },
  "errorDistribution": {}
}