{
  "summary": {
    "successRate": 1,
    "total": 10.000639305,
    "slowest": 0.003059897,
    "fastest": 0.000033943,
    "average": 0.0006077380490656832,
    "requestsPerSec": 82058.1539811869,
    "totalData": 10668242,
    "sizePerRequest": 13,
    "sizePerSec": 1066756.0017554297
  },
  "responseTimeHistogram": {
    "0.000033943": 1,
    "0.00033653839999999997": 54170,
    "0.0006391338": 471702,
    "0.0009417291999999999": 228246,
    "0.0012443246": 54277,
    "0.00154692": 9871,
    "0.0018495153999999998": 2237,
    "0.0021521108": 114,
    "0.0024547061999999997": 11,
    "0.0027573015999999995": 3,
    "0.003059897": 2
  },
  "latencyPercentiles": {
    "p10": 0.00037167,
    "p25": 0.000461561,
    "p50": 0.000572344,
    "p75": 0.000712724,
    "p90": 0.000898098,
    "p95": 0.001028521,
    "p99": 0.001326777
  },
  "rps": {
    "mean": 82060.82146545553,
    "stddev": 9405.700467021405,
    "max": 98757.72115037551,
    "percentiles": {
      "p10": 68111.0339875054,
      "p25": 75566.5514618703,
      "p50": 83731.87672546857,
      "p75": 89732.6985953658,
      "p90": 93087.38112466344,
      "p95": 94306.08274233961,
      "p99": 96930.71448661736
    }
  },
  "details": {
    "DNSDialup": {
      "average": 0.0006677138599999999,
      "fastest": 0.000075607,
      "slowest": 0.001440603
    },
    "DNSLookup": {
      "average": 0.00000802712,
      "fastest": 0.000003627,
      "slowest": 0.000030277
    }
  },
  "statusCodeDistribution": {
    "200": 820634
  },
  "errorDistribution": {}
}