{
  "summary": {
    "successRate": 1,
    "total": 10.000665062,
    "slowest": 0.003391253,
    "fastest": 0.000035095,
    "average": 0.0006126581312343621,
    "requestsPerSec": 81406.18598391372,
    "totalData": 10583508,
    "sizePerRequest": 13,
    "sizePerSec": 1058280.4177908783
  },
  "responseTimeHistogram": {
    "0.000035095": 1,
    "0.0003707108": 80780,
    "0.0007063266": 512815,
    "0.0010419424": 182498,
    "0.0013775582": 31130,
    "0.0017131739999999998": 6260,
    "0.0020487898000000004": 571,
    "0.0023844056000000002": 28,
    "0.0027200214": 22,
    "0.0030556372": 10,
    "0.003391253": 1
  },
  "latencyPercentiles": {
    "p10": 0.000371356,
    "p25": 0.000462301,
    "p50": 0.000575763,
    "p75": 0.000724069,
    "p90": 0.00090948,
    "p95": 0.00103065,
    "p99": 0.001344024
  },
  "rps": {
    "mean": 81397.1790937145,
    "stddev": 9996.940050455576,
    "max": 98558.04083024357,
    "percentiles": {
      "p10": 66277.31912048603,
      "p25": 74512.66715341597,
      "p50": 83143.95821070425,
      "p75": 89521.08221486658,
      "p90": 93273.289030027,
      "p95": 94914.48395025416,
      "p99": 97072.75066708775
    }
  },
  "details": {
    "DNSDialup": {
      "average": 0.0007860058600000004,
      "fastest": 0.000099926,
      "slowest": 0.00137419
    },
    "DNSLookup": {
      "average": 0.000007097420000000001,
      "fastest": 0.000003456,
      "slowest": 0.00003245
    }
  },
  "statusCodeDistribution": {
    "200": 814116
  },
  "errorDistribution": {}
}