{
  "summary": {
    "successRate": 1,
    "total": 10.000417214,
    "slowest": 0.004957962,
    "fastest": 0.000033782,
    "average": 0.0006171322115355866,
    "requestsPerSec": 80842.12715327619,
    "totalData": 10509915,
    "sizePerRequest": 13,
    "sizePerSec": 1050947.6529925903
  },
  "responseTimeHistogram": {
    "0.000033782": 1,
    "0.0005261999999999999": 345315,
    "0.0010186179999999998": 421772,
    "0.0015110359999999997": 38620,
    "0.0020034539999999996": 2545,
    "0.0024958719999999992": 76,
    "0.0029882899999999993": 45,
    "0.0034807079999999995": 17,
    "0.003973126": 13,
    "0.004465543999999999": 1,
    "0.004957961999999999": 50
  },
  "latencyPercentiles": {
    "p10": 0.000390362,
    "p25": 0.000460786,
    "p50": 0.000561965,
    "p75": 0.000741958,
    "p90": 0.000927617,
    "p95": 0.001022183,
    "p99": 0.001339575
  },
  "rps": {
    "mean": 80844.63697075468,
    "stddev": 10406.3144527754,
    "max": 100704.87411590567,
    "percentiles": {
      "p10": 66018.54950935434,
      "p25": 71611.54213802949,
      "p50": 82456.58170637047,
      "p75": 89330.78338794962,
      "p90": 92685.66008705205,
      "p95": 95400.67734480792,
      "p99": 98616.61414623515
    }
  },
  "details": {
    "DNSDialup": {
      "average": 0.0010609642199999997,
      "fastest": 0.000111009,
      "slowest": 0.002405344
    },
    "DNSLookup": {
      "average": 0.000008796720000000001,
      "fastest": 0.000004008,
      "slowest": 0.000027532
    }
  },
  "statusCodeDistribution": {
    "200": 808455
  },
  "errorDistribution": {}
}