{
  "summary": {
    "successRate": 1,
    "total": 10.000709219,
    "slowest": 0.002744293,
    "fastest": 0.000031501,
    "average": 0.0006155243994120616,
    "requestsPerSec": 81022.85370527179,
    "totalData": 10533718,
    "sizePerRequest": 13,
    "sizePerSec": 1053297.0981685333
  },
  "responseTimeHistogram": {
    "0.000031501": 1,
    "0.0003027802": 32372,
    "0.0005740594": 364150,
    "0.0008453385999999999": 302570,
    "0.0011166178": 85760,
    "0.001387897": 18659,
    "0.0016591762": 5512,
    "0.0019304554": 1134,
    "0.0022017346": 75,
    "0.0024730138000000003": 26,
    "0.002744293": 27
  },
  "latencyPercentiles": {
    "p10": 0.000375794,
    "p25": 0.000465338,
    "p50": 0.00057882,
    "p75": 0.00072307,
    "p90": 0.000913828,
    "p95": 0.001040165,
    "p99": 0.00135257
  },
  "rps": {
    "mean": 81023.39720082597,
    "stddev": 9643.994981963368,
    "max": 98209.60489935783,
    "percentiles": {
      "p10": 66029.46234609866,
      "p25": 74913.84407838831,
      "p50": 82643.28028588649,
      "p75": 88642.05178937028,
      "p90": 92550.57889135875,
      "p95": 93741.34930918991,
      "p99": 96028.59731627791
    }
  },
  "details": {
    "DNSDialup": {
      "average": 0.00070266724,
      "fastest": 0.000080423,
      "slowest": 0.001126699
    },
    "DNSLookup": {
      "average": 0.000006731340000000001,
      "fastest": 0.000003616,
      "slowest": 0.000029275
    }
  },
  "statusCodeDistribution": {
    "200": 810286
  },
  "errorDistribution": {}
}