{
  "summary": {
    "successRate": 1,
    "total": 10.000576725,
    "slowest": 0.003457395,
    "fastest": 0.000034942,
    "average": 0.0006246277902697138,
    "requestsPerSec": 79851.29477620202,
    "totalData": 10381267,
    "sizePerRequest": 13,
    "sizePerSec": 1038066.8320906262
  },
  "responseTimeHistogram": {
    "0.000034942": 1,
    "0.00037718729999999996": 80420,
    "0.0007194326": 495234,
    "0.0010616779": 185409,
    "0.0014039232": 30792,
    "0.0017461685": 6382,
    "0.0020884137999999997": 259,
    "0.0024306591": 43,
    "0.0027729044": 6,
    "0.0031151496999999996": 8,
    "0.003457395": 5
  },
  "latencyPercentiles": {
    "p10": 0.000376568,
    "p25": 0.000466829,
    "p50": 0.000587884,
    "p75": 0.000742441,
    "p90": 0.000927413,
    "p95": 0.001051116,
    "p99": 0.001372986
  },
  "rps": {
    "mean": 79861.50004983245,
    "stddev": 10653.890089834591,
    "max": 103613.394005961,
    "percentiles": {
      "p10": 65668.74898426548,
      "p25": 70221.67517797227,
      "p50": 79965.05156945229,
      "p75": 88904.53413123872,
      "p90": 94411.54653214233,
      "p95": 96002.620871547,
      "p99": 99481.5948040611
    }
  },
  "details": {
    "DNSDialup": {
      "average": 0.0010062450999999996,
      "fastest": 0.000092332,
      "slowest": 0.001465394
    },
    "DNSLookup": {
      "average": 0.00001625232,
      "fastest": 0.000004097,
      "slowest": 0.000383354
    }
  },
  "statusCodeDistribution": {
    "200": 798559
  },
  "errorDistribution": {}
}