{
  "summary": {
    "successRate": 1,
    "total": 10.002381941,
    "slowest": 0.003689376,
    "fastest": 0.000029726,
    "average": 0.0005632639538846683,
    "requestsPerSec": 88535.11145880767,
    "totalData": 11512306,
    "sizePerRequest": 13,
    "sizePerSec": 1150956.4489644999
  },
  "responseTimeHistogram": {
    "0.000029726": 1,
    "0.000395691": 158602,
    "0.000761656": 596825,
    "0.001127621": 114213,
    "0.001493586": 14019,
    "0.001859551": 1860,
    "0.002225516": 34,
    "0.0025914809999999996": 5,
    "0.002957446": 2,
    "0.003323411": 0,
    "0.003689376": 1
  },
  "latencyPercentiles": {
    "p10": 0.000346307,
    "p25": 0.000428312,
    "p50": 0.000529018,
    "p75": 0.000655995,
    "p90": 0.000831653,
    "p95": 0.000948418,
    "p99": 0.00124187
  },
  "rps": {
    "mean": 88543.70636769378,
    "stddev": 10134.733365754466,
    "max": 105580.71817499744,
    "percentiles": {
      "p10": 72569.94080076204,
      "p25": 82460.9142280254,
      "p50": 90871.53728501762,
      "p75": 96152.25875263676,
      "p90": 99810.07083614502,
      "p95": 101263.60366946354,
      "p99": 103701.26515544047
    }
  },
  "details": {
    "DNSDialup": {
      "average": 0.00084445206,
      "fastest": 0.000083737,
      "slowest": 0.002027317
    },
    "DNSLookup": {
      "average": 0.000007922040000000003,
      "fastest": 0.000003347,
      "slowest": 0.000040565
    }
  },
  "statusCodeDistribution": {
    "200": 885562
  },
  "errorDistribution": {}
}