{
  "summary": {
    "successRate": 1,
    "total": 10.000592036,
    "slowest": 0.00408349,
    "fastest": 0.000033612,
    "average": 0.0006329442393825295,
    "requestsPerSec": 78799.33479570248,
    "totalData": 10244520,
    "sizePerRequest": 13,
    "sizePerSec": 1024391.3523441323
  },
  "responseTimeHistogram": {
    "0.000033612": 1,
    "0.0004385998000000001": 151903,
    "0.0008435876000000001": 507712,
    "0.0012485754": 112031,
    "0.0016535632": 15505,
    "0.0020585510000000005": 843,
    "0.0024635388": 34,
    "0.0028685266000000004": 2,
    "0.0032735144000000005": 7,
    "0.0036785022000000007": 1,
    "0.00408349": 1
  },
  "latencyPercentiles": {
    "p10": 0.00037714,
    "p25": 0.00046905,
    "p50": 0.000595004,
    "p75": 0.000755693,
    "p90": 0.000944564,
    "p95": 0.001065379,
    "p99": 0.001389411
  },
  "rps": {
    "mean": 78768.9865691646,
    "stddev": 11080.330934114962,
    "max": 104321.23980442449,
    "percentiles": {
      "p10": 65027.42206388483,
      "p25": 69331.76087965893,
      "p50": 78355.10856245247,
      "p75": 87333.22155747745,
      "p90": 94669.59161679784,
      "p95": 97384.86116802193,
      "p99": 101241.3672226551
    }
  },
  "details": {
    "DNSDialup": {
      "average": 0.0008120949599999999,
      "fastest": 0.000081541,
      "slowest": 0.001132063
    },
    "DNSLookup": {
      "average": 0.0000249576,
      "fastest": 0.000003687,
      "slowest": 0.000942894
    }
  },
  "statusCodeDistribution": {
    "200": 788040
  },
  "errorDistribution": {}
}