{
  "summary": {
    "successRate": 1,
    "total": 10.000404441,
    "slowest": 0.003174205,
    "fastest": 0.000031793,
    "average": 0.000638121872405471,
    "requestsPerSec": 78175.73825262453,
    "totalData": 10163257,
    "sizePerRequest": 13,
    "sizePerSec": 1016284.5972841189
  },
  "responseTimeHistogram": {
    "0.000031793": 1,
    "0.0003460342": 50263,
    "0.0006602754": 422202,
    "0.0009745166": 242781,
    "0.0012887578": 52739,
    "0.001602999": 12358,
    "0.0019172402": 1404,
    "0.0022314814": 34,
    "0.0025457226": 5,
    "0.0028599638": 0,
    "0.003174205": 2
  },
  "latencyPercentiles": {
    "p10": 0.000383873,
    "p25": 0.000474204,
    "p50": 0.00060077,
    "p75": 0.000762491,
    "p90": 0.000945684,
    "p95": 0.001064304,
    "p99": 0.001401077
  },
  "rps": {
    "mean": 78162.2850303241,
    "stddev": 10226.08450231379,
    "max": 100810.69013777224,
    "percentiles": {
      "p10": 65123.61382237216,
      "p25": 69204.62000357987,
      "p50": 77550.90441365696,
      "p75": 86334.76857373922,
      "p90": 93287.07415501439,
      "p95": 95746.06061546342,
      "p99": 98522.09850669482
    }
  },
  "details": {
    "DNSDialup": {
      "average": 0.0009901476400000003,
      "fastest": 0.000122208,
      "slowest": 0.002231558
    },
    "DNSLookup": {
      "average": 0.000009559459999999998,
      "fastest": 0.000004158,
      "slowest": 0.000029105
    }
  },
  "statusCodeDistribution": {
    "200": 781789
  },
  "errorDistribution": {}
}