{
  "summary": {
    "successRate": 1,
    "total": 10.000725157,
    "slowest": 0.004246397,
    "fastest": 0.000032458,
    "average": 0.0006322710884883053,
    "requestsPerSec": 78869.0807534008,
    "totalData": 10253724,
    "sizePerRequest": 13,
    "sizePerSec": 1025298.0497942106
  },
  "responseTimeHistogram": {
    "0.000032458": 1,
    "0.0004538519": 162096,
    "0.0008752457999999999": 517931,
    "0.0012966396999999998": 96717,
    "0.0017180335999999999": 10974,
    "0.0021394275": 993,
    "0.0025608213999999997": 22,
    "0.0029822153": 11,
    "0.0034036091999999998": 2,
    "0.0038250030999999996": 0,
    "0.004246397": 1
  },
  "latencyPercentiles": {
    "p10": 0.000383791,
    "p25": 0.000475926,
    "p50": 0.00059138,
    "p75": 0.000748424,
    "p90": 0.000945514,
    "p95": 0.001072108,
    "p99": 0.001386989
  },
  "rps": {
    "mean": 78858.26526970405,
    "stddev": 9356.696987840814,
    "max": 95722.31507676531,
    "percentiles": {
      "p10": 64665.15117565669,
      "p25": 72828.57156023222,
      "p50": 80392.08079864542,
      "p75": 86194.71074817663,
      "p90": 89766.59783893969,
      "p95": 91673.30374670027,
      "p99": 93967.06379200213
    }
  },
  "details": {
    "DNSDialup": {
      "average": 0.00111336048,
      "fastest": 0.000115337,
      "slowest": 0.002449496
    },
    "DNSLookup": {
      "average": 0.0000096782,
      "fastest": 0.000003997,
      "slowest": 0.000031559
    }
  },
  "statusCodeDistribution": {
    "200": 788748
  },
  "errorDistribution": {}
}