{
  "summary": {
    "successRate": 1,
    "total": 10.001068566,
    "slowest": 0.003508601,
    "fastest": 0.000033402,
    "average": 0.0006210185705189815,
    "requestsPerSec": 80309.51839791636,
    "totalData": 10441353,
    "sizePerRequest": 13,
    "sizePerSec": 1044023.7391729127
  },
  "responseTimeHistogram": {
    "0.000033402": 1,
    "0.0003809219": 83011,
    "0.0007284418": 514111,
    "0.0010759617": 172742,
    "0.0014234816": 27899,
    "0.0017710015": 5060,
    "0.0021185214": 300,
    "0.0024660413": 21,
    "0.0028135612": 29,
    "0.0031610811": 6,
    "0.003508601": 1
  },
  "latencyPercentiles": {
    "p10": 0.000377965,
    "p25": 0.000468872,
    "p50": 0.000583925,
    "p75": 0.000734257,
    "p90": 0.000921317,
    "p95": 0.001045268,
    "p99": 0.001350419
  },
  "rps": {
    "mean": 80310.22414615,
    "stddev": 9229.01823741341,
    "max": 96945.86303411941,
    "percentiles": {
      "p10": 66334.2881935659,
      "p25": 73951.359218979,
      "p50": 81632.97194801105,
      "p75": 87612.33798491467,
      "p90": 91347.81904077757,
      "p95": 93321.01869704471,
      "p99": 95550.48887832741
    }
  },
  "details": {
    "DNSDialup": {
      "average": 0.0005363414799999999,
      "fastest": 0.000084818,
      "slowest": 0.000834942
    },
    "DNSLookup": {
      "average": 0.0000066706399999999995,
      "fastest": 0.000003486,
      "slowest": 0.00002657
    }
  },
  "statusCodeDistribution": {
    "200": 803181
  },
  "errorDistribution": {}
}