{
  "summary": {
    "successRate": 1,
    "total": 10.00032731,
    "slowest": 0.005579154,
    "fastest": 0.000033302,
    "average": 0.0006438562302874153,
    "requestsPerSec": 77477.16409494201,
    "totalData": 10072361,
    "sizePerRequest": 13,
    "sizePerSec": 1007203.1332342462
  },
  "responseTimeHistogram": {
    "0.000033302": 1,
    "0.0005878872000000001": 364797,
    "0.0011424724000000002": 382077,
    "0.0016970576000000003": 27018,
    "0.0022516428": 858,
    "0.002806228": 28,
    "0.0033608132000000003": 3,
    "0.003915398400000001": 12,
    "0.0044699836000000005": 1,
    "0.0050245688": 0,
    "0.005579154": 2
  },
  "latencyPercentiles": {
    "p10": 0.000386914,
    "p25": 0.000478759,
    "p50": 0.000602767,
    "p75": 0.000772431,
    "p90": 0.000956155,
    "p95": 0.001077918,
    "p99": 0.001426621
  },
  "rps": {
    "mean": 77466.93908732517,
    "stddev": 10979.360104595584,
    "max": 99179.7066085772,
    "percentiles": {
      "p10": 63326.723105606136,
      "p25": 68022.60391127852,
      "p50": 77149.45279924691,
      "p75": 87015.85428865119,
      "p90": 92891.22890959958,
      "p95": 94698.56288886168,
      "p99": 96863.42187252708
    }
  },
  "details": {
    "DNSDialup": {
      "average": 0.0007697610599999999,
      "fastest": 0.00009098,
      "slowest": 0.001259047
    },
    "DNSLookup": {
      "average": 0.000006726019999999998,
      "fastest": 0.000003416,
      "slowest": 0.000026851
    }
  },
  "statusCodeDistribution": {
    "200": 774797
  },
  "errorDistribution": {}
}