{
  "summary": {
    "successRate": 1,
    "total": 10.00053871,
    "slowest": 0.002969998,
    "fastest": 0.000035075,
    "average": 0.0006014751642783263,
    "requestsPerSec": 82910.93350510114,
    "totalData": 10779002,
    "sizePerRequest": 13,
    "sizePerSec": 1077842.135566315
  },
  "responseTimeHistogram": {
    "0.000035075": 1,
    "0.0003285673": 52322,
    "0.0006220596": 460806,
    "0.0009155519": 242844,
    "0.0012090442000000001": 59630,
    "0.0015025365": 10831,
    "0.0017960288000000001": 2522,
    "0.0020895211": 147,
    "0.0023830134": 13,
    "0.0026765057": 25,
    "0.0029699979999999997": 13
  },
  "latencyPercentiles": {
    "p10": 0.000366169,
    "p25": 0.000455019,
    "p50": 0.000565915,
    "p75": 0.00070972,
    "p90": 0.000891127,
    "p95": 0.00101216,
    "p99": 0.001308352
  },
  "rps": {
    "mean": 82910.42258618194,
    "stddev": 9442.965725788417,
    "max": 102465.20885891866,
    "percentiles": {
      "p10": 68932.81201852186,
      "p25": 76519.79567114175,
      "p50": 83851.66939868552,
      "p75": 90357.65485281781,
      "p90": 94485.67014697463,
      "p95": 96120.57364758615,
      "p99": 99723.69434977381
    }
  },
  "details": {
    "DNSDialup": {
      "average": 0.0005068548200000002,
      "fastest": 0.000086811,
      "slowest": 0.000797961
    },
    "DNSLookup": {
      "average": 0.0000070456800000000004,
      "fastest": 0.000003447,
      "slowest": 0.000031579
    }
  },
  "statusCodeDistribution": {
    "200": 829154
  },
  "errorDistribution": {}
}