{
  "summary": {
    "successRate": 1,
    "total": 10.00048086,
    "slowest": 0.003364208,
    "fastest": 0.000034552,
    "average": 0.000661357562060453,
    "requestsPerSec": 75425.2731003177,
    "totalData": 9805757,
    "sizePerRequest": 13,
    "sizePerSec": 980528.5503041301
  },
  "responseTimeHistogram": {
    "0.000034552": 1,
    "0.00036751759999999997": 54930,
    "0.0007004832": 418272,
    "0.0010334488": 226826,
    "0.0013664144": 42227,
    "0.00169938": 10714,
    "0.0020323456000000003": 1107,
    "0.0023653112000000002": 106,
    "0.0026982768": 62,
    "0.0030312424": 25,
    "0.003364208": 19
  },
  "latencyPercentiles": {
    "p10": 0.000396438,
    "p25": 0.000490204,
    "p50": 0.000620836,
    "p75": 0.000793595,
    "p90": 0.000974726,
    "p95": 0.001100499,
    "p99": 0.001464138
  },
  "rps": {
    "mean": 75429.56519822891,
    "stddev": 10653.138589820022,
    "max": 97227.7974272808,
    "percentiles": {
      "p10": 62396.86489306229,
      "p25": 66741.02570850229,
      "p50": 74328.63882453695,
      "p75": 84056.09904049942,
      "p90": 90632.60352842805,
      "p95": 93202.17161059807,
      "p99": 95653.52968041689
    }
  },
  "details": {
    "DNSDialup": {
      "average": 0.0007921461000000002,
      "fastest": 0.000086782,
      "slowest": 0.001351709
    },
    "DNSLookup": {
      "average": 0.000007192559999999999,
      "fastest": 0.000003877,
      "slowest": 0.000039083
    }
  },
  "statusCodeDistribution": {
    "200": 754289
  },
  "errorDistribution": {}
}