{
  "summary": {
    "successRate": 1,
    "total": 10.000188834,
    "slowest": 0.003880306,
    "fastest": 0.000034833,
    "average": 0.0006357916193408694,
    "requestsPerSec": 78460.31840242348,
    "totalData": 10200034,
    "sizePerRequest": 13,
    "sizePerSec": 1019984.1392315053
  },
  "responseTimeHistogram": {
    "0.000034833": 1,
    "0.0004193803": 116404,
    "0.0008039276": 512531,
    "0.0011884749": 134941,
    "0.0015730222": 18777,
    "0.0019575695": 1923,
    "0.0023421168000000003": 35,
    "0.0027266641": 5,
    "0.0031112114": 0,
    "0.0034957587": 0,
    "0.003880306": 1
  },
  "latencyPercentiles": {
    "p10": 0.000383503,
    "p25": 0.000474408,
    "p50": 0.000597001,
    "p75": 0.000758578,
    "p90": 0.000946046,
    "p95": 0.001061245,
    "p99": 0.001394037
  },
  "rps": {
    "mean": 78458.60515327452,
    "stddev": 10197.652673971934,
    "max": 99592.21351366665,
    "percentiles": {
      "p10": 65156.49067741719,
      "p25": 70157.69769058302,
      "p50": 78002.20746247537,
      "p75": 86336.42366256725,
      "p90": 93295.32308841444,
      "p95": 95423.71684889375,
      "p99": 97656.99338256908
    }
  },
  "details": {
    "DNSDialup": {
      "average": 0.00096840482,
      "fastest": 0.0001776,
      "slowest": 0.002082432
    },
    "DNSLookup": {
      "average": 0.000045111720000000005,
      "fastest": 0.000004358,
      "slowest": 0.001803552
    }
  },
  "statusCodeDistribution": {
    "200": 784618
  },
  "errorDistribution": {}
}