{
  "summary": {
    "successRate": 1,
    "total": 10.000468998,
    "slowest": 0.003533304,
    "fastest": 0.000034848,
    "average": 0.0006280283133899812,
    "requestsPerSec": 79436.27445461533,
    "totalData": 10327200,
    "sizePerRequest": 13,
    "sizePerSec": 1032671.5679099993
  },
  "responseTimeHistogram": {
    "0.000034848": 1,
    "0.00038469359999999996": 84144,
    "0.0007345391999999999": 492591,
    "0.0010843848000000001": 185751,
    "0.0014342304": 25892,
    "0.0017840759999999999": 5881,
    "0.0021339216": 111,
    "0.0024837672": 12,
    "0.0028336128": 9,
    "0.0031834584": 2,
    "0.0035333039999999997": 6
  },
  "latencyPercentiles": {
    "p10": 0.000379526,
    "p25": 0.000468996,
    "p50": 0.000590374,
    "p75": 0.000753662,
    "p90": 0.000925194,
    "p95": 0.00104126,
    "p99": 0.001388653
  },
  "rps": {
    "mean": 79426.27708482793,
    "stddev": 11171.963996304412,
    "max": 100457.86372950888,
    "percentiles": {
      "p10": 64820.44436815405,
      "p25": 69603.54978103729,
      "p50": 79118.72555957582,
      "p75": 89171.68223981869,
      "p90": 94989.18996965967,
      "p95": 97013.20349699618,
      "p99": 98719.92168019709
    }
  },
  "details": {
    "DNSDialup": {
      "average": 0.0010791846800000003,
      "fastest": 0.000116132,
      "slowest": 0.001587293
    },
    "DNSLookup": {
      "average": 0.000012190599999999998,
      "fastest": 0.000004818,
      "slowest": 0.000091621
    }
  },
  "statusCodeDistribution": {
    "200": 794400
  },
  "errorDistribution": {}
}