{
  "summary": {
    "successRate": 1,
    "total": 10.000373867,
    "slowest": 0.00394628,
    "fastest": 0.000036586,
    "average": 0.0006466897643247992,
    "requestsPerSec": 77125.71652397403,
    "totalData": 10026718,
    "sizePerRequest": 13,
    "sizePerSec": 1002634.3148116624
  },
  "responseTimeHistogram": {
    "0.000036586": 1,
    "0.0004275554": 116777,
    "0.0008185248": 503198,
    "0.0012094941999999998": 131611,
    "0.0016004635999999999": 17859,
    "0.001991433": 1764,
    "0.0023824023999999997": 58,
    "0.0027733718": 9,
    "0.0031643412": 7,
    "0.0035553105999999997": 1,
    "0.00394628": 1
  },
  "latencyPercentiles": {
    "p10": 0.000387911,
    "p25": 0.000482501,
    "p50": 0.000608884,
    "p75": 0.000771245,
    "p90": 0.00096183,
    "p95": 0.00108031,
    "p99": 0.001411809
  },
  "rps": {
    "mean": 77118.77212040317,
    "stddev": 9966.088310950712,
    "max": 99971.3636244536,
    "percentiles": {
      "p10": 64188.342415667335,
      "p25": 69033.3914514441,
      "p50": 76886.60507195008,
      "p75": 84993.41402951778,
      "p90": 90918.42916559243,
      "p95": 93562.70572537366,
      "p99": 96416.22302176048
    }
  },
  "details": {
    "DNSDialup": {
      "average": 0.00086339398,
      "fastest": 0.000087503,
      "slowest": 0.00133244
    },
    "DNSLookup": {
      "average": 0.000009852400000000002,
      "fastest": 0.000004108,
      "slowest": 0.000031939
    }
  },
  "statusCodeDistribution": {
    "200": 771286
  },
  "errorDistribution": {}
}