{
  "summary": {
    "successRate": 1,
    "total": 10.000378016,
    "slowest": 0.004485561,
    "fastest": 0.000034936,
    "average": 0.0006456359562202531,
    "requestsPerSec": 77263.37932064026,
    "totalData": 10044619,
    "sizePerRequest": 13,
    "sizePerSec": 1004423.9311683235
  },
  "responseTimeHistogram": {
    "0.000034936": 1,
    "0.0004799985": 196169,
    "0.0009250609999999999": 484122,
    "0.0013701235": 82249,
    "0.0018151859999999999": 9882,
    "0.0022602485": 147,
    "0.002705311": 20,
    "0.0031503735": 13,
    "0.003595436": 20,
    "0.0040404985": 39,
    "0.004485561": 1
  },
  "latencyPercentiles": {
    "p10": 0.000390217,
    "p25": 0.00047807,
    "p50": 0.000604419,
    "p75": 0.000773985,
    "p90": 0.00095774,
    "p95": 0.001076498,
    "p99": 0.001421125
  },
  "rps": {
    "mean": 77270.60512448096,
    "stddev": 10406.164221044293,
    "max": 99510.63239007097,
    "percentiles": {
      "p10": 64215.89985680396,
      "p25": 68286.48099649385,
      "p50": 77050.5336275499,
      "p75": 86040.00860400409,
      "p90": 91895.82897044781,
      "p95": 94041.63223058554,
      "p99": 97005.48080967327
    }
  },
  "details": {
    "DNSDialup": {
      "average": 0.0008695422600000001,
      "fastest": 0.000098215,
      "slowest": 0.001471341
    },
    "DNSLookup": {
      "average": 0.000007429759999999997,
      "fastest": 0.000003767,
      "slowest": 0.000030738
    }
  },
  "statusCodeDistribution": {
    "200": 772663
  },
  "errorDistribution": {}
}