{
  "summary": {
    "successRate": 1,
    "total": 10.0001913,
    "slowest": 0.008052117,
    "fastest": 0.00003793,
    "average": 0.0006527018194675985,
    "requestsPerSec": 76423.03802728254,
    "totalData": 9935185,
    "sizePerRequest": 13,
    "sizePerSec": 993499.4943546731
  },
  "responseTimeHistogram": {
    "0.00003793": 1,
    "0.0008393487": 613659,
    "0.0016407674": 148920,
    "0.0024421861": 1635,
    "0.0032436047999999996": 27,
    "0.0040450235": 1,
    "0.0048464422": 0,
    "0.0056478609": 0,
    "0.0064492796": 0,
    "0.0072506982999999995": 0,
    "0.008052117": 2
  },
  "latencyPercentiles": {
    "p10": 0.000393294,
    "p25": 0.000477074,
    "p50": 0.000608572,
    "p75": 0.000790531,
    "p90": 0.000973591,
    "p95": 0.001094285,
    "p99": 0.001428906
  },
  "rps": {
    "mean": 76430.07614283249,
    "stddev": 10210.741142427181,
    "max": 98666.48679856879,
    "percentiles": {
      "p10": 63206.09938859177,
      "p25": 67852.13758251877,
      "p50": 75980.33933541484,
      "p75": 86139.04564748406,
      "p90": 89542.56853708341,
      "p95": 91606.26586858508,
      "p99": 95033.95563234821
    }
  },
  "details": {
    "DNSDialup": {
      "average": 0.0007834530000000001,
      "fastest": 0.00008998,
      "slowest": 0.001727314
    },
    "DNSLookup": {
      "average": 0.000008650200000000002,
      "fastest": 0.000003677,
      "slowest": 0.000067616
    }
  },
  "statusCodeDistribution": {
    "200": 764245
  },
  "errorDistribution": {}
}