{
  "summary": {
    "successRate": 1,
    "total": 10.004106139,
    "slowest": 0.005388858,
    "fastest": 0.000033182,
    "average": 0.0006466231449832544,
    "requestsPerSec": 77151.0207184938,
    "totalData": 10033751,
    "sizePerRequest": 13,
    "sizePerSec": 1002963.2693404194
  },
  "responseTimeHistogram": {
    "0.000033182": 1,
    "0.0005687496": 327930,
    "0.0011043172000000001": 410064,
    "0.0016398848000000001": 32116,
    "0.0021754524": 1531,
    "0.00271102": 91,
    "0.0032465876": 52,
    "0.0037821552000000002": 20,
    "0.0043177228": 10,
    "0.0048532904": 8,
    "0.005388858": 4
  },
  "latencyPercentiles": {
    "p10": 0.000387961,
    "p25": 0.000480384,
    "p50": 0.000606284,
    "p75": 0.000773886,
    "p90": 0.000959905,
    "p95": 0.001078853,
    "p99": 0.00143311
  },
  "rps": {
    "mean": 77156.67241911925,
    "stddev": 10542.571798392184,
    "max": 98668.03196078812,
    "percentiles": {
      "p10": 63605.2474329194,
      "p25": 68317.65328161379,
      "p50": 76758.30778071922,
      "p75": 86273.53956512772,
      "p90": 91730.26181337073,
      "p95": 93723.92176936318,
      "p99": 96604.93587759261
    }
  },
  "details": {
    "DNSDialup": {
      "average": 0.00106151218,
      "fastest": 0.000134071,
      "slowest": 0.00169569
    },
    "DNSLookup": {
      "average": 0.000011423380000000002,
      "fastest": 0.000004308,
      "slowest": 0.000147404
    }
  },
  "statusCodeDistribution": {
    "200": 771827
  },
  "errorDistribution": {}
}