{
  "summary": {
    "successRate": 1,
    "total": 10.000231042,
    "slowest": 0.005047092,
    "fastest": 0.000035267,
    "average": 0.0006302879190609153,
    "requestsPerSec": 79146.57138178548,
    "totalData": 10289292,
    "sizePerRequest": 13,
    "sizePerSec": 1028905.4279632113
  },
  "responseTimeHistogram": {
    "0.000035267": 1,
    "0.0005364495": 341134,
    "0.0010376320000000001": 407648,
    "0.0015388145000000003": 39661,
    "0.002039997": 2971,
    "0.0025411795": 54,
    "0.0030423620000000003": 10,
    "0.0035435445": 2,
    "0.0040447270000000006": 1,
    "0.0045459095000000005": 0,
    "0.005047092": 2
  },
  "latencyPercentiles": {
    "p10": 0.000399168,
    "p25": 0.000470202,
    "p50": 0.000571288,
    "p75": 0.000759186,
    "p90": 0.000952371,
    "p95": 0.001048889,
    "p99": 0.001377205
  },
  "rps": {
    "mean": 79151.59646913047,
    "stddev": 10303.267683786693,
    "max": 98915.56931061055,
    "percentiles": {
      "p10": 63905.89851443132,
      "p25": 70309.65779485747,
      "p50": 81411.05562135155,
      "p75": 87049.5947285499,
      "p90": 90869.39695845461,
      "p95": 94121.03965700095,
      "p99": 96970.95364678225
    }
  },
  "details": {
    "DNSDialup": {
      "average": 0.00104141898,
      "fastest": 0.00008512,
      "slowest": 0.002575013
    },
    "DNSLookup": {
      "average": 0.000011536460000000003,
      "fastest": 0.00000494,
      "slowest": 0.000043711
    }
  },
  "statusCodeDistribution": {
    "200": 791484
  },
  "errorDistribution": {}
}