{
  "summary": {
    "successRate": 1,
    "total": 10.000478983,
    "slowest": 0.004073529,
    "fastest": 0.000030726,
    "average": 0.000659885324134565,
    "requestsPerSec": 75589.67938286,
    "totalData": 9827129,
    "sizePerRequest": 13,
    "sizePerSec": 982665.8319771801
  },
  "responseTimeHistogram": {
    "0.000030726": 1,
    "0.00043500630000000004": 117014,
    "0.0008392866000000001": 488938,
    "0.0012435669": 130081,
    "0.0016478472": 17870,
    "0.0020521275": 1989,
    "0.0024564078": 24,
    "0.0028606881": 5,
    "0.0032649684": 3,
    "0.0036692487": 2,
    "0.004073529": 6
  },
  "latencyPercentiles": {
    "p10": 0.000394416,
    "p25": 0.000488506,
    "p50": 0.000618214,
    "p75": 0.00079322,
    "p90": 0.000981588,
    "p95": 0.001103763,
    "p99": 0.001458035
  },
  "rps": {
    "mean": 75584.72205622714,
    "stddev": 10526.672421060308,
    "max": 97505.70408368662,
    "percentiles": {
      "p10": 62010.12005159392,
      "p25": 66977.78129742116,
      "p50": 74903.79762253595,
      "p75": 83783.40638105231,
      "p90": 90627.05217507479,
      "p95": 93127.05340902245,
      "p99": 95645.47677016881
    }
  },
  "details": {
    "DNSDialup": {
      "average": 0.0008574893800000001,
      "fastest": 0.000089306,
      "slowest": 0.001774691
    },
    "DNSLookup": {
      "average": 0.00002519326,
      "fastest": 0.000003296,
      "slowest": 0.000944015
    }
  },
  "statusCodeDistribution": {
    "200": 755933
  },
  "errorDistribution": {}
}