{
  "summary": {
    "successRate": 1,
    "total": 10.001029137,
    "slowest": 0.003554683,
    "fastest": 0.000030637,
    "average": 0.0005578594275423552,
    "requestsPerSec": 89405.79891843186,
    "totalData": 11623950,
    "sizePerRequest": 13,
    "sizePerSec": 1162275.3859396141
  },
  "responseTimeHistogram": {
    "0.000030637": 1,
    "0.00038304159999999997": 145196,
    "0.0007354462": 600784,
    "0.0010878508": 128894,
    "0.0014402554": 16304,
    "0.00179266": 2839,
    "0.0021450646": 100,
    "0.0024974692": 22,
    "0.0028498738": 8,
    "0.0032022784": 1,
    "0.003554683": 1
  },
  "latencyPercentiles": {
    "p10": 0.000342356,
    "p25": 0.000423447,
    "p50": 0.000522138,
    "p75": 0.000649384,
    "p90": 0.000825235,
    "p95": 0.000940446,
    "p99": 0.001239
  },
  "rps": {
    "mean": 89408.3176312876,
    "stddev": 10728.29135905185,
    "max": 106928.06861801488,
    "percentiles": {
      "p10": 73025.04759132233,
      "p25": 83062.30374150748,
      "p50": 91965.84754684556,
      "p75": 97252.1109930623,
      "p90": 101112.99377053879,
      "p95": 102852.93840739802,
      "p99": 104873.63177687331
    }
  },
  "details": {
    "DNSDialup": {
      "average": 0.0007327251799999998,
      "fastest": 0.000074278,
      "slowest": 0.001832132
    },
    "DNSLookup": {
      "average": 0.00000711934,
      "fastest": 0.000003226,
      "slowest": 0.000028012
    }
  },
  "statusCodeDistribution": {
    "200": 894150
  },
  "errorDistribution": {}
}