{
  "summary": {
    "successRate": 1,
    "total": 10.000400263,
    "slowest": 0.003371886,
    "fastest": 0.000031835,
    "average": 0.0006430776750857835,
    "requestsPerSec": 77577.99483990515,
    "totalData": 10085543,
    "sizePerRequest": 13,
    "sizePerSec": 1008513.9329187669
  },
  "responseTimeHistogram": {
    "0.000031835": 1,
    "0.0003658401": 63211,
    "0.0006998452": 443027,
    "0.0010338502999999999": 222070,
    "0.0013678554": 37627,
    "0.0017018605": 9309,
    "0.0020358655999999998": 490,
    "0.0023698707": 33,
    "0.0027038758": 5,
    "0.0030378809": 36,
    "0.003371886": 2
  },
  "latencyPercentiles": {
    "p10": 0.000384026,
    "p25": 0.000477342,
    "p50": 0.000604997,
    "p75": 0.000772002,
    "p90": 0.000951128,
    "p95": 0.001072421,
    "p99": 0.001410795
  },
  "rps": {
    "mean": 77578.60724346538,
    "stddev": 10803.868661380247,
    "max": 100515.83124342497,
    "percentiles": {
      "p10": 64019.6540337897,
      "p25": 68668.92281552423,
      "p50": 75936.9585177115,
      "p75": 86454.71941619007,
      "p90": 93107.32042969642,
      "p95": 95868.41169858821,
      "p99": 98471.94360199428
    }
  },
  "details": {
    "DNSDialup": {
      "average": 0.0008805737400000001,
      "fastest": 0.000099543,
      "slowest": 0.001527699
    },
    "DNSLookup": {
      "average": 0.000008607239999999999,
      "fastest": 0.000003837,
      "slowest": 0.00003273
    }
  },
  "statusCodeDistribution": {
    "200": 775811
  },
  "errorDistribution": {}
}