{
  "summary": {
    "successRate": 1,
    "total": 10.000352596,
    "slowest": 0.004738345,
    "fastest": 0.000031485,
    "average": 0.0006517807179382998,
    "requestsPerSec": 76541.90116318174,
    "totalData": 9950798,
    "sizePerRequest": 13,
    "sizePerSec": 995044.7151213626
  },
  "responseTimeHistogram": {
    "0.000031485": 1,
    "0.0005021709999999999": 219392,
    "0.0009728569999999999": 473787,
    "0.0014435429999999998": 65225,
    "0.0019142289999999997": 6946,
    "0.0023849149999999996": 68,
    "0.0028556009999999997": 15,
    "0.0033262869999999994": 10,
    "0.0037969729999999995": 1,
    "0.004267659": 0,
    "0.004738345": 1
  },
  "latencyPercentiles": {
    "p10": 0.000388878,
    "p25": 0.00048303,
    "p50": 0.000613154,
    "p75": 0.000784513,
    "p90": 0.000963016,
    "p95": 0.001083228,
    "p99": 0.001429512
  },
  "rps": {
    "mean": 76546.7385117638,
    "stddev": 11163.400018520768,
    "max": 99051.51860315056,
    "percentiles": {
      "p10": 62470.91417408295,
      "p25": 66654.02308571855,
      "p50": 75379.41975665391,
      "p75": 85975.03051003581,
      "p90": 92826.07484442313,
      "p95": 94838.9977958878,
      "p99": 97476.35422005616
    }
  },
  "details": {
    "DNSDialup": {
      "average": 0.00100475958,
      "fastest": 0.000100407,
      "slowest": 0.00152803
    },
    "DNSLookup": {
      "average": 0.000008203739999999997,
      "fastest": 0.000003687,
      "slowest": 0.000033131
    }
  },
  "statusCodeDistribution": {
    "200": 765446
  },
  "errorDistribution": {}
}