{
  "summary": {
    "successRate": 1,
    "total": 10.000692848,
    "slowest": 0.003231092,
    "fastest": 0.000037868,
    "average": 0.0006137237360533226,
    "requestsPerSec": 81259.26996773214,
    "totalData": 10564437,
    "sizePerRequest": 13,
    "sizePerSec": 1056370.509580518
  },
  "responseTimeHistogram": {
    "0.000037868": 1,
    "0.0003571904": 66607,
    "0.0006765128": 496002,
    "0.0009958351999999999": 199651,
    "0.0013151576": 40452,
    "0.00163448": 8401,
    "0.0019538024": 1448,
    "0.0022731248": 48,
    "0.0025924472": 17,
    "0.0029117696": 8,
    "0.003231092": 14
  },
  "latencyPercentiles": {
    "p10": 0.000374389,
    "p25": 0.000464088,
    "p50": 0.000575613,
    "p75": 0.000722792,
    "p90": 0.000907537,
    "p95": 0.001031419,
    "p99": 0.001356788
  },
  "rps": {
    "mean": 81256.2295578247,
    "stddev": 9829.413928879236,
    "max": 99486.70266137032,
    "percentiles": {
      "p10": 66067.48793894044,
      "p25": 74545.9725012398,
      "p50": 82847.48509295238,
      "p75": 89076.36516785744,
      "p90": 92812.6689293204,
      "p95": 94430.70886652287,
      "p99": 96615.28453801062
    }
  },
  "details": {
    "DNSDialup": {
      "average": 0.0008623904800000001,
      "fastest": 0.000130053,
      "slowest": 0.001308797
    },
    "DNSLookup": {
      "average": 0.000007139940000000002,
      "fastest": 0.000003627,
      "slowest": 0.000029715
    }
  },
  "statusCodeDistribution": {
    "200": 812649
  },
  "errorDistribution": {}
}