{
  "summary": {
    "successRate": 1,
    "total": 10.000428365,
    "slowest": 0.003628326,
    "fastest": 0.000035637,
    "average": 0.0006294513543858542,
    "requestsPerSec": 79249.20524141968,
    "totalData": 10302838,
    "sizePerRequest": 13,
    "sizePerSec": 1030239.6681384558
  },
  "responseTimeHistogram": {
    "0.000035637": 1,
    "0.0003949059": 94978,
    "0.0007541748000000001": 501077,
    "0.0011134437": 168456,
    "0.0014727126000000001": 23913,
    "0.0018319815000000003": 4024,
    "0.0021912503999999998": 51,
    "0.0025505193": 2,
    "0.0029097882": 9,
    "0.0032690571": 13,
    "0.0036283260000000003": 2
  },
  "latencyPercentiles": {
    "p10": 0.000379017,
    "p25": 0.000469042,
    "p50": 0.000592473,
    "p75": 0.000752588,
    "p90": 0.000931773,
    "p95": 0.001047774,
    "p99": 0.001375806
  },
  "rps": {
    "mean": 79236.71969432177,
    "stddev": 10289.503298492496,
    "max": 101933.85223232514,
    "percentiles": {
      "p10": 66333.97626264993,
      "p25": 70763.65190488964,
      "p50": 78327.61831822048,
      "p75": 86988.54184493587,
      "p90": 94012.14709026384,
      "p95": 96489.4763847817,
      "p99": 100083.05893060965
    }
  },
  "details": {
    "DNSDialup": {
      "average": 0.0007593251399999999,
      "fastest": 0.000084017,
      "slowest": 0.001848299
    },
    "DNSLookup": {
      "average": 0.000007061920000000001,
      "fastest": 0.000003827,
      "slowest": 0.000030768
    }
  },
  "statusCodeDistribution": {
    "200": 792526
  },
  "errorDistribution": {}
}