{
  "summary": {
    "successRate": 1,
    "total": 10.000782132,
    "slowest": 0.003440444,
    "fastest": 0.000034371,
    "average": 0.0006246945242386015,
    "requestsPerSec": 79833.35597776224,
    "totalData": 10379148,
    "sizePerRequest": 13,
    "sizePerSec": 1037833.6277109092
  },
  "responseTimeHistogram": {
    "0.000034371": 1,
    "0.0003749783": 77109,
    "0.0007155855999999999": 501344,
    "0.0010561929": 180030,
    "0.0013968002": 32924,
    "0.0017374075": 6269,
    "0.0020780148": 674,
    "0.0024186221": 20,
    "0.0027592294": 6,
    "0.0030998366999999997": 17,
    "0.003440444": 2
  },
  "latencyPercentiles": {
    "p10": 0.000378035,
    "p25": 0.000470718,
    "p50": 0.000586403,
    "p75": 0.000737676,
    "p90": 0.000930353,
    "p95": 0.001056169,
    "p99": 0.001370468
  },
  "rps": {
    "mean": 79843.48794026511,
    "stddev": 9397.290185620248,
    "max": 97936.85363803088,
    "percentiles": {
      "p10": 65700.40077244499,
      "p25": 73490.10817054112,
      "p50": 81183.30218637436,
      "p75": 87154.44538203166,
      "p90": 91207.81650987551,
      "p95": 93310.7307340292,
      "p99": 95427.53084264809
    }
  },
  "details": {
    "DNSDialup": {
      "average": 0.0009721169399999997,
      "fastest": 0.000109534,
      "slowest": 0.001733311
    },
    "DNSLookup": {
      "average": 0.000011593699999999999,
      "fastest": 0.00000484,
      "slowest": 0.000119472
    }
  },
  "statusCodeDistribution": {
    "200": 798396
  },
  "errorDistribution": {}
}