{
  "summary": {
    "successRate": 1,
    "total": 10.000391733,
    "slowest": 0.005597976,
    "fastest": 0.000034104,
    "average": 0.0006207210400553276,
    "requestsPerSec": 80375.6514204942,
    "totalData": 10449244,
    "sizePerRequest": 13,
    "sizePerSec": 1044883.4684664246
  },
  "responseTimeHistogram": {
    "0.000034104": 1,
    "0.0005904912": 455484,
    "0.0011468784000000002": 327064,
    "0.0017032656000000002": 20518,
    "0.0022596528000000003": 555,
    "0.0028160400000000006": 41,
    "0.0033724272000000004": 32,
    "0.0039288144": 36,
    "0.0044852016000000005": 8,
    "0.005041588800000001": 29,
    "0.005597976000000001": 20
  },
  "latencyPercentiles": {
    "p10": 0.000403361,
    "p25": 0.000466009,
    "p50": 0.00055366,
    "p75": 0.000741426,
    "p90": 0.000944762,
    "p95": 0.001032907,
    "p99": 0.001349286
  },
  "rps": {
    "mean": 80374.66735587388,
    "stddev": 10175.698330966268,
    "max": 99214.51508355698,
    "percentiles": {
      "p10": 64514.00915698214,
      "p25": 73164.17467946475,
      "p50": 84345.32717882491,
      "p75": 86911.95039316617,
      "p90": 91655.1305610311,
      "p95": 94107.74671997584,
      "p99": 97120.79884960855
    }
  },
  "details": {
    "DNSDialup": {
      "average": 0.0009306948399999999,
      "fastest": 0.000121936,
      "slowest": 0.00150057
    },
    "DNSLookup": {
      "average": 0.000008160359999999998,
      "fastest": 0.000003507,
      "slowest": 0.00003215
    }
  },
  "statusCodeDistribution": {
    "200": 803788
  },
  "errorDistribution": {}
}