{
  "summary": {
    "successRate": 1,
    "total": 10.000352524,
    "slowest": 0.004519926,
    "fastest": 0.000035828,
    "average": 0.0006470037674813785,
    "requestsPerSec": 77097.78211814565,
    "totalData": 10023065,
    "sizePerRequest": 13,
    "sizePerSec": 1002271.1675358935
  },
  "responseTimeHistogram": {
    "0.000035828": 1,
    "0.0004842378": 194369,
    "0.0009326476": 489156,
    "0.0013810574": 78302,
    "0.0018294671999999998": 8950,
    "0.0022778769999999998": 164,
    "0.0027262868": 41,
    "0.0031746965999999996": 20,
    "0.0036231063999999998": 0,
    "0.0040715162": 1,
    "0.004519926": 1
  },
  "latencyPercentiles": {
    "p10": 0.000390094,
    "p25": 0.000483173,
    "p50": 0.000608429,
    "p75": 0.000771135,
    "p90": 0.000955642,
    "p95": 0.001078974,
    "p99": 0.001409747
  },
  "rps": {
    "mean": 77109.28679255518,
    "stddev": 9852.489906618652,
    "max": 101118.74741577047,
    "percentiles": {
      "p10": 65342.1037854799,
      "p25": 68977.62869211464,
      "p50": 76084.55068615018,
      "p75": 84938.89351934483,
      "p90": 91188.25841083708,
      "p95": 94055.7657536648,
      "p99": 97034.00071384723
    }
  },
  "details": {
    "DNSDialup": {
      "average": 0.0008507028400000003,
      "fastest": 0.000085534,
      "slowest": 0.001379061
    },
    "DNSLookup": {
      "average": 0.00001030294,
      "fastest": 0.000004308,
      "slowest": 0.000116499
    }
  },
  "statusCodeDistribution": {
    "200": 771005
  },
  "errorDistribution": {}
}