{
  "summary": {
    "successRate": 1,
    "total": 10.000763608,
    "slowest": 0.003431893,
    "fastest": 0.000034366,
    "average": 0.0006191041469829609,
    "requestsPerSec": 80541.94975228336,
    "totalData": 10471253,
    "sizePerRequest": 13,
    "sizePerSec": 1047045.3467796836
  },
  "responseTimeHistogram": {
    "0.000034366": 1,
    "0.0003741187": 79609,
    "0.0007138714": 511296,
    "0.0010536241": 172969,
    "0.0013933768": 34466,
    "0.0017331295": 6282,
    "0.0020728822": 806,
    "0.0024126349": 39,
    "0.0027523876": 10,
    "0.0030921403": 2,
    "0.003431893": 1
  },
  "latencyPercentiles": {
    "p10": 0.00037517,
    "p25": 0.000465661,
    "p50": 0.000579319,
    "p75": 0.000728347,
    "p90": 0.000925389,
    "p95": 0.001059289,
    "p99": 0.00136826
  },
  "rps": {
    "mean": 80533.66377962199,
    "stddev": 9003.087930473317,
    "max": 96292.21746016496,
    "percentiles": {
      "p10": 67903.97917318153,
      "p25": 73917.69589639602,
      "p50": 82116.25080603432,
      "p75": 87605.31911464101,
      "p90": 91304.49218101388,
      "p95": 92816.97825005499,
      "p99": 95034.13626174827
    }
  },
  "details": {
    "DNSDialup": {
      "average": 0.0007615616600000001,
      "fastest": 0.00012302,
      "slowest": 0.001064979
    },
    "DNSLookup": {
      "average": 0.000007854319999999998,
      "fastest": 0.000003977,
      "slowest": 0.000030828
    }
  },
  "statusCodeDistribution": {
    "200": 805481
  },
  "errorDistribution": {}
}