{
  "summary": {
    "successRate": 1,
    "total": 10.000614561,
    "slowest": 0.003426542,
    "fastest": 0.000034515,
    "average": 0.0006232845084240252,
    "requestsPerSec": 80010.18288619952,
    "totalData": 10401963,
    "sizePerRequest": 13,
    "sizePerSec": 1040132.3775205938
  },
  "responseTimeHistogram": {
    "0.000034515": 1,
    "0.00037371769999999994": 76088,
    "0.0007129203999999999": 501643,
    "0.0010521230999999997": 183488,
    "0.0013913257999999997": 32093,
    "0.0017305284999999998": 6166,
    "0.0020697311999999996": 619,
    "0.0024089338999999997": 32,
    "0.0027481365999999998": 18,
    "0.0030873393": 2,
    "0.003426542": 1
  },
  "latencyPercentiles": {
    "p10": 0.000378346,
    "p25": 0.000470095,
    "p50": 0.000585401,
    "p75": 0.000737104,
    "p90": 0.000926439,
    "p95": 0.001048166,
    "p99": 0.001358969
  },
  "rps": {
    "mean": 80008.69458699255,
    "stddev": 9456.356026131922,
    "max": 97227.99193887437,
    "percentiles": {
      "p10": 65545.19411830461,
      "p25": 73045.01033537045,
      "p50": 81727.9673104138,
      "p75": 87533.36771978532,
      "p90": 91073.37978444889,
      "p95": 92641.1850142576,
      "p99": 94748.8051095127
    }
  },
  "details": {
    "DNSDialup": {
      "average": 0.0008786552399999998,
      "fastest": 0.000115137,
      "slowest": 0.002015651
    },
    "DNSLookup": {
      "average": 0.000009459080000000001,
      "fastest": 0.000003507,
      "slowest": 0.000056706
    }
  },
  "statusCodeDistribution": {
    "200": 800151
  },
  "errorDistribution": {}
}