{
  "summary": {
    "successRate": 1,
    "total": 10.000531409,
    "slowest": 0.005654817,
    "fastest": 0.000033432,
    "average": 0.0006465845016555535,
    "requestsPerSec": 77160.99959503661,
    "totalData": 10031463,
    "sizePerRequest": 13,
    "sizePerSec": 1003092.994735476
  },
  "responseTimeHistogram": {
    "0.000033432": 1,
    "0.0005955705000000001": 361060,
    "0.001157709": 384525,
    "0.0017198475000000002": 25691,
    "0.002281986": 329,
    "0.0028441245": 17,
    "0.0034062630000000005": 27,
    "0.0039684015000000005": 0,
    "0.0045305400000000004": 0,
    "0.0050926785": 0,
    "0.005654817": 1
  },
  "latencyPercentiles": {
    "p10": 0.000388532,
    "p25": 0.000483656,
    "p50": 0.000611762,
    "p75": 0.000772382,
    "p90": 0.000942891,
    "p95": 0.001072142,
    "p99": 0.001414711
  },
  "rps": {
    "mean": 77176.30738658136,
    "stddev": 10717.968498514076,
    "max": 99364.7261826448,
    "percentiles": {
      "p10": 64113.11754385141,
      "p25": 68302.5886681199,
      "p50": 75446.39953570881,
      "p75": 85837.46805480495,
      "p90": 92987.83542756384,
      "p95": 95211.21656282163,
      "p99": 97605.55375600219
    }
  },
  "details": {
    "DNSDialup": {
      "average": 0.0006216848600000001,
      "fastest": 0.000106264,
      "slowest": 0.001002481
    },
    "DNSLookup": {
      "average": 0.00000852634,
      "fastest": 0.000003146,
      "slowest": 0.00003247
    }
  },
  "statusCodeDistribution": {
    "200": 771651
  },
  "errorDistribution": {}
}