{
  "summary": {
    "successRate": 1,
    "total": 10.000168063,
    "slowest": 0.004445931,
    "fastest": 0.000028472,
    "average": 0.0006646833723930673,
    "requestsPerSec": 75057.33856385089,
    "totalData": 9757618,
    "sizePerRequest": 13,
    "sizePerSec": 975745.4013300616
  },
  "responseTimeHistogram": {
    "0.000028472": 1,
    "0.0004702179": 153227,
    "0.0009119638000000001": 493315,
    "0.0013537097000000003": 93410,
    "0.0017954556000000003": 10507,
    "0.0022372015": 100,
    "0.0026789474000000002": 24,
    "0.0031206933": 0,
    "0.0035624392": 1,
    "0.0040041851": 0,
    "0.004445931": 1
  },
  "latencyPercentiles": {
    "p10": 0.000396715,
    "p25": 0.000496625,
    "p50": 0.00063267,
    "p75": 0.0007914,
    "p90": 0.000974424,
    "p95": 0.001108546,
    "p99": 0.001414491
  },
  "rps": {
    "mean": 75050.50865622655,
    "stddev": 9452.65599600392,
    "max": 99463.47759140564,
    "percentiles": {
      "p10": 63864.23464720939,
      "p25": 67349.40078547345,
      "p50": 73924.46662445547,
      "p75": 82047.00962249548,
      "p90": 88633.77920853114,
      "p95": 93040.99478469299,
      "p99": 96623.6783082348
    }
  },
  "details": {
    "DNSDialup": {
      "average": 0.0010085327199999999,
      "fastest": 0.000078758,
      "slowest": 0.002160637
    },
    "DNSLookup": {
      "average": 0.000009173299999999999,
      "fastest": 0.000004618,
      "slowest": 0.000035467
    }
  },
  "statusCodeDistribution": {
    "200": 750586
  },
  "errorDistribution": {}
}