{
  "summary": {
    "successRate": 1,
    "total": 10.000337166,
    "slowest": 0.003898635,
    "fastest": 0.000033348,
    "average": 0.0006185152031209252,
    "requestsPerSec": 80653.18064896934,
    "totalData": 10485267,
    "sizePerRequest": 13,
    "sizePerSec": 1048491.3484366013
  },
  "responseTimeHistogram": {
    "0.000033348": 1,
    "0.00041987670000000004": 134537,
    "0.0008064054000000001": 532681,
    "0.0011929341000000003": 121389,
    "0.0015794628000000003": 16649,
    "0.0019659915": 1226,
    "0.0023525202000000004": 46,
    "0.0027390489000000003": 17,
    "0.0031255776000000002": 9,
    "0.0035121063": 1,
    "0.003898635": 3
  },
  "latencyPercentiles": {
    "p10": 0.00037364,
    "p25": 0.000462326,
    "p50": 0.000581647,
    "p75": 0.000736557,
    "p90": 0.000918069,
    "p95": 0.00103125,
    "p99": 0.001356051
  },
  "rps": {
    "mean": 80639.37335423355,
    "stddev": 10920.342903681938,
    "max": 101812.44220336624,
    "percentiles": {
      "p10": 66452.15164861584,
      "p25": 71249.1120129097,
      "p50": 80186.64166632041,
      "p75": 90217.25856156643,
      "p90": 95855.92234509374,
      "p95": 97678.74583699544,
      "p99": 99903.99787514248
    }
  },
  "details": {
    "DNSDialup": {
      "average": 0.0007469049,
      "fastest": 0.000086711,
      "slowest": 0.001154548
    },
    "DNSLookup": {
      "average": 0.000008016179999999998,
      "fastest": 0.000003787,
      "slowest": 0.000049632
    }
  },
  "statusCodeDistribution": {
    "200": 806559
  },
  "errorDistribution": {}
}