{
  "summary": {
    "successRate": 1,
    "total": 10.000324726,
    "slowest": 0.003796091,
    "fastest": 0.000031372,
    "average": 0.0006237856685973169,
    "requestsPerSec": 79971.10313035648,
    "totalData": 10396581,
    "sizePerRequest": 13,
    "sizePerSec": 1039624.3406946342
  },
  "responseTimeHistogram": {
    "0.000031372": 1,
    "0.0004078439": 115874,
    "0.0007843158": 521236,
    "0.0011607877": 140926,
    "0.0015372596": 19955,
    "0.0019137315": 1702,
    "0.0022902034": 36,
    "0.0026666753": 5,
    "0.0030431472": 0,
    "0.0034196191": 1,
    "0.003796091": 1
  },
  "latencyPercentiles": {
    "p10": 0.000374057,
    "p25": 0.000465702,
    "p50": 0.000588222,
    "p75": 0.000744996,
    "p90": 0.000925554,
    "p95": 0.001039229,
    "p99": 0.001356645
  },
  "rps": {
    "mean": 79960.33413198934,
    "stddev": 9879.596275606676,
    "max": 101134.55767835923,
    "percentiles": {
      "p10": 67034.79105655673,
      "p25": 71928.8650535465,
      "p50": 79409.03674838375,
      "p75": 87267.92062262278,
      "p90": 94155.46698560147,
      "p95": 96905.41680213771,
      "p99": 99701.94418791526
    }
  },
  "details": {
    "DNSDialup": {
      "average": 0.00088635594,
      "fastest": 0.000143238,
      "slowest": 0.002064887
    },
    "DNSLookup": {
      "average": 0.00000945344,
      "fastest": 0.000003938,
      "slowest": 0.000044634
    }
  },
  "statusCodeDistribution": {
    "200": 799737
  },
  "errorDistribution": {}
}