{
  "summary": {
    "successRate": 1,
    "total": 10.000379543,
    "slowest": 0.004605956,
    "fastest": 0.000032435,
    "average": 0.000653325806874096,
    "requestsPerSec": 76350.40217393078,
    "totalData": 9925929,
    "sizePerRequest": 13,
    "sizePerSec": 992555.2282611001
  },
  "responseTimeHistogram": {
    "0.000032435": 1,
    "0.0004897871": 196447,
    "0.0009471392": 483995,
    "0.0014044913": 74280,
    "0.0018618433999999999": 8694,
    "0.0023191954999999998": 109,
    "0.0027765476": 4,
    "0.0032338997": 1,
    "0.0036912518": 0,
    "0.0041486039": 1,
    "0.004605956": 1
  },
  "latencyPercentiles": {
    "p10": 0.000392378,
    "p25": 0.000486059,
    "p50": 0.000615831,
    "p75": 0.000783023,
    "p90": 0.000963412,
    "p95": 0.001084099,
    "p99": 0.00143188
  },
  "rps": {
    "mean": 76342.67579982991,
    "stddev": 10681.031140560046,
    "max": 99573.25317586232,
    "percentiles": {
      "p10": 63112.58844291196,
      "p25": 67219.33900383292,
      "p50": 75130.68337108672,
      "p75": 85125.75053953852,
      "p90": 91898.37182542346,
      "p95": 93990.88328945798,
      "p99": 97229.3438159627
    }
  },
  "details": {
    "DNSDialup": {
      "average": 0.0007416432399999999,
      "fastest": 0.000103502,
      "slowest": 0.001659776
    },
    "DNSLookup": {
      "average": 0.00000927368,
      "fastest": 0.00000523,
      "slowest": 0.000037641
    }
  },
  "statusCodeDistribution": {
    "200": 763533
  },
  "errorDistribution": {}
}