{
  "summary": {
    "successRate": 1,
    "total": 10.0004063,
    "slowest": 0.003975482,
    "fastest": 0.000028746,
    "average": 0.0006389631387550186,
    "requestsPerSec": 78067.52811633263,
    "totalData": 10149191,
    "sizePerRequest": 13,
    "sizePerSec": 1014877.8655123243
  },
  "responseTimeHistogram": {
    "0.000028746": 1,
    "0.0004234196": 119859,
    "0.0008180932": 513112,
    "0.0012127668": 128724,
    "0.0016074404": 17662,
    "0.002002114": 1296,
    "0.0023967876": 28,
    "0.0027914612": 10,
    "0.0031861348": 13,
    "0.0035808084": 1,
    "0.003975482": 1
  },
  "latencyPercentiles": {
    "p10": 0.000384985,
    "p25": 0.000474969,
    "p50": 0.00060102,
    "p75": 0.000764218,
    "p90": 0.000947183,
    "p95": 0.001061112,
    "p99": 0.001402661
  },
  "rps": {
    "mean": 78077.63870316654,
    "stddev": 10908.835052991122,
    "max": 101808.43991966452,
    "percentiles": {
      "p10": 64747.40805217775,
      "p25": 68525.54565218923,
      "p50": 77026.22743044051,
      "p75": 87414.52829461085,
      "p90": 94004.8436020629,
      "p95": 96427.68954649601,
      "p99": 99322.60776377402
    }
  },
  "details": {
    "DNSDialup": {
      "average": 0.0010109914799999997,
      "fastest": 0.000124111,
      "slowest": 0.002100919
    },
    "DNSLookup": {
      "average": 0.000026497639999999998,
      "fastest": 0.000004909,
      "slowest": 0.000914404
    }
  },
  "statusCodeDistribution": {
    "200": 780707
  },
  "errorDistribution": {}
}