{
  "summary": {
    "successRate": 1,
    "total": 10.000638982,
    "slowest": 0.003105239,
    "fastest": 0.000033402,
    "average": 0.0006115391595075973,
    "requestsPerSec": 81543.88949224044,
    "totalData": 10601383,
    "sizePerRequest": 13,
    "sizePerSec": 1060070.5633991258
  },
  "responseTimeHistogram": {
    "0.000033402": 1,
    "0.00034058570000000004": 55738,
    "0.0006477694": 473528,
    "0.0009549531000000001": 222664,
    "0.0012621368000000001": 52056,
    "0.0015693205": 9389,
    "0.0018765042000000003": 1986,
    "0.0021836879": 80,
    "0.0024908716": 20,
    "0.0027980553000000003": 21,
    "0.003105239": 8
  },
  "latencyPercentiles": {
    "p10": 0.00037236,
    "p25": 0.00046316,
    "p50": 0.000575357,
    "p75": 0.000719524,
    "p90": 0.000906945,
    "p95": 0.001029785,
    "p99": 0.001333242
  },
  "rps": {
    "mean": 81542.82884574175,
    "stddev": 9285.763334210706,
    "max": 99120.91760738632,
    "percentiles": {
      "p10": 68182.76913020518,
      "p25": 75357.23381909076,
      "p50": 83026.62143692725,
      "p75": 89175.02998169535,
      "p90": 92329.97954436397,
      "p95": 94101.00688077536,
      "p99": 96877.938301378
    }
  },
  "details": {
    "DNSDialup": {
      "average": 0.0008125368799999999,
      "fastest": 0.000085716,
      "slowest": 0.001557926
    },
    "DNSLookup": {
      "average": 0.00000716436,
      "fastest": 0.000003526,
      "slowest": 0.000031448
    }
  },
  "statusCodeDistribution": {
    "200": 815491
  },
  "errorDistribution": {}
}