{
  "summary": {
    "successRate": 1,
    "total": 10.001871697,
    "slowest": 0.003548692,
    "fastest": 0.000031799,
    "average": 0.0006002042018765077,
    "requestsPerSec": 83097.14673197531,
    "totalData": 10804651,
    "sizePerRequest": 13,
    "sizePerSec": 1080262.907515679
  },
  "responseTimeHistogram": {
    "0.000031799": 1,
    "0.0003834883": 101431,
    "0.0007351776": 550078,
    "0.0010868669": 153044,
    "0.0014385562000000002": 22338,
    "0.0017902455": 4050,
    "0.0021419348": 153,
    "0.0024936241": 23,
    "0.0028453134": 7,
    "0.0031970027000000002": 1,
    "0.003548692": 1
  },
  "latencyPercentiles": {
    "p10": 0.00036571,
    "p25": 0.000454576,
    "p50": 0.000565272,
    "p75": 0.00070439,
    "p90": 0.000889616,
    "p95": 0.001014608,
    "p99": 0.001309664
  },
  "rps": {
    "mean": 83101.13962349894,
    "stddev": 9358.518444418665,
    "max": 100504.04026241577,
    "percentiles": {
      "p10": 69570.34953745226,
      "p25": 76744.13555235608,
      "p50": 84521.06797776854,
      "p75": 90594.32482675715,
      "p90": 94470.97604430109,
      "p95": 96001.25761647003,
      "p99": 98354.03224990814
    }
  },
  "details": {
    "DNSDialup": {
      "average": 0.00084031886,
      "fastest": 0.000105026,
      "slowest": 0.001530516
    },
    "DNSLookup": {
      "average": 0.0000083417,
      "fastest": 0.000003606,
      "slowest": 0.000041777
    }
  },
  "statusCodeDistribution": {
    "200": 831127
  },
  "errorDistribution": {}
}