{
  "summary": {
    "successRate": 1,
    "total": 10.000727495,
    "slowest": 0.006954385,
    "fastest": 0.000034665,
    "average": 0.0006555101774825913,
    "requestsPerSec": 76092.06434036528,
    "totalData": 9892688,
    "sizePerRequest": 13,
    "sizePerSec": 989196.8364247485
  },
  "responseTimeHistogram": {
    "0.000034665": 1,
    "0.0007266370000000001": 512541,
    "0.0014186090000000001": 240319,
    "0.0021105810000000007": 8068,
    "0.0028025530000000006": 25,
    "0.0034945250000000005": 20,
    "0.004186497000000001": 1,
    "0.004878469000000001": 0,
    "0.005570441000000001": 0,
    "0.0062624130000000005": 0,
    "0.006954385": 1
  },
  "latencyPercentiles": {
    "p10": 0.000393354,
    "p25": 0.000488168,
    "p50": 0.000618861,
    "p75": 0.000782005,
    "p90": 0.000970534,
    "p95": 0.001092814,
    "p99": 0.00142881
  },
  "rps": {
    "mean": 76088.14965898277,
    "stddev": 9722.635359280463,
    "max": 98940.79328907597,
    "percentiles": {
      "p10": 64357.503308157764,
      "p25": 67979.82190688363,
      "p50": 75308.95423465852,
      "p75": 83388.10590590362,
      "p90": 90228.26851652705,
      "p95": 93018.86881246121,
      "p99": 96330.93186222411
    }
  },
  "details": {
    "DNSDialup": {
      "average": 0.0008991298800000002,
      "fastest": 0.000184902,
      "slowest": 0.001253172
    },
    "DNSLookup": {
      "average": 0.000007828759999999998,
      "fastest": 0.000003286,
      "slowest": 0.000029014
    }
  },
  "statusCodeDistribution": {
    "200": 760976
  },
  "errorDistribution": {}
}