{
  "summary": {
    "successRate": 1,
    "total": 10.000430004,
    "slowest": 0.003719916,
    "fastest": 0.000035306,
    "average": 0.0006304120326829323,
    "requestsPerSec": 79114.29805353798,
    "totalData": 10285301,
    "sizePerRequest": 13,
    "sizePerSec": 1028485.8746959937
  },
  "responseTimeHistogram": {
    "0.000035306": 1,
    "0.00040376699999999997": 106579,
    "0.000772228": 502409,
    "0.0011406889999999999": 155928,
    "0.00150915": 22493,
    "0.001877611": 3671,
    "0.002246072": 70,
    "0.002614533": 16,
    "0.002982994": 1,
    "0.003351455": 5,
    "0.003719916": 4
  },
  "latencyPercentiles": {
    "p10": 0.0003769,
    "p25": 0.000467673,
    "p50": 0.000589561,
    "p75": 0.000755651,
    "p90": 0.000942302,
    "p95": 0.001059592,
    "p99": 0.001392433
  },
  "rps": {
    "mean": 79114.07466571228,
    "stddev": 10900.743464740182,
    "max": 101101.7086188755,
    "percentiles": {
      "p10": 65077.47738888653,
      "p25": 69572.246969046,
      "p50": 78814.48610254539,
      "p75": 88387.3575946575,
      "p90": 94072.14392718331,
      "p95": 96614.42453358564,
      "p99": 99408.13158516317
    }
  },
  "details": {
    "DNSDialup": {
      "average": 0.00096362554,
      "fastest": 0.000109606,
      "slowest": 0.00153218
    },
    "DNSLookup": {
      "average": 0.00001910784,
      "fastest": 0.000003967,
      "slowest": 0.000560647
    }
  },
  "statusCodeDistribution": {
    "200": 791177
  },
  "errorDistribution": {}
}