{
  "summary": {
    "successRate": 1,
    "total": 10.000679264,
    "slowest": 0.003443552,
    "fastest": 0.00003251,
    "average": 0.000605104016177317,
    "requestsPerSec": 82412.40202221528,
    "totalData": 10714340,
    "sizePerRequest": 13,
    "sizePerSec": 1071361.2262887985
  },
  "responseTimeHistogram": {
    "0.00003251": 1,
    "0.00037361420000000005": 84412,
    "0.0007147184000000001": 540203,
    "0.0010558225999999999": 164803,
    "0.0013969268": 29094,
    "0.0017380310000000001": 5173,
    "0.0020791352": 469,
    "0.0024202394": 15,
    "0.0027613436": 9,
    "0.0031024478": 0,
    "0.0034435520000000003": 1
  },
  "latencyPercentiles": {
    "p10": 0.000371569,
    "p25": 0.000459003,
    "p50": 0.000567748,
    "p75": 0.000707778,
    "p90": 0.00089767,
    "p95": 0.001027971,
    "p99": 0.001325706
  },
  "rps": {
    "mean": 82413.06366700538,
    "stddev": 9020.400422774163,
    "max": 98918.24052355274,
    "percentiles": {
      "p10": 69550.02538625583,
      "p25": 76520.56107476115,
      "p50": 83705.96823554012,
      "p75": 89616.63413616583,
      "p90": 93102.26238498322,
      "p95": 94541.68342822326,
      "p99": 96640.67983763391
    }
  },
  "details": {
    "DNSDialup": {
      "average": 0.00084995994,
      "fastest": 0.000119815,
      "slowest": 0.001940962
    },
    "DNSLookup": {
      "average": 0.000008142359999999999,
      "fastest": 0.000003927,
      "slowest": 0.000030286
    }
  },
  "statusCodeDistribution": {
    "200": 824180
  },
  "errorDistribution": {}
}