{
  "summary": {
    "successRate": 1,
    "total": 10.000469225,
    "slowest": 0.00433477,
    "fastest": 0.000034745,
    "average": 0.0006688536093049519,
    "requestsPerSec": 74586.90019617554,
    "totalData": 9696752,
    "sizePerRequest": 13,
    "sizePerSec": 969629.7025502821
  },
  "responseTimeHistogram": {
    "0.000034745": 1,
    "0.00046474749999999995": 146584,
    "0.0008947499999999999": 479879,
    "0.0013247525": 104508,
    "0.001754755": 14411,
    "0.0021847575": 485,
    "0.00261476": 26,
    "0.0030447625": 2,
    "0.003474765": 7,
    "0.0039047674999999997": 0,
    "0.00433477": 1
  },
  "latencyPercentiles": {
    "p10": 0.000397042,
    "p25": 0.000494715,
    "p50": 0.000630779,
    "p75": 0.000805254,
    "p90": 0.000985422,
    "p95": 0.001109789,
    "p99": 0.001462612
  },
  "rps": {
    "mean": 74582.0357789423,
    "stddev": 10543.840393781718,
    "max": 96877.09479203625,
    "percentiles": {
      "p10": 61982.7283475233,
      "p25": 65602.77499738033,
      "p50": 72840.97304734075,
      "p75": 83228.06302057087,
      "p90": 90263.7713544651,
      "p95": 92280.78259708335,
      "p99": 95685.81103533373
    }
  },
  "details": {
    "DNSDialup": {
      "average": 0.00101703306,
      "fastest": 0.000105027,
      "slowest": 0.001403457
    },
    "DNSLookup": {
      "average": 0.00000975352,
      "fastest": 0.000004589,
      "slowest": 0.000070492
    }
  },
  "statusCodeDistribution": {
    "200": 745904
  },
  "errorDistribution": {}
}