{
  "summary": {
    "successRate": 1,
    "total": 10.001167962,
    "slowest": 0.003546554,
    "fastest": 0.000034935,
    "average": 0.0006117059701838451,
    "requestsPerSec": 81530.077596751,
    "totalData": 10600148,
    "sizePerRequest": 13,
    "sizePerSec": 1059891.0087577628
  },
  "responseTimeHistogram": {
    "0.000034935": 1,
    "0.0003860969": 94744,
    "0.0007372588": 532511,
    "0.0010884207000000001": 159298,
    "0.0014395826": 23548,
    "0.0017907444999999999": 4877,
    "0.0021419064": 359,
    "0.0024930683": 28,
    "0.0028442301999999997": 5,
    "0.0031953920999999996": 0,
    "0.0035465539999999995": 25
  },
  "latencyPercentiles": {
    "p10": 0.00037287,
    "p25": 0.000463079,
    "p50": 0.000573817,
    "p75": 0.000719424,
    "p90": 0.000906848,
    "p95": 0.001030054,
    "p99": 0.001349694
  },
  "rps": {
    "mean": 81545.56735582848,
    "stddev": 9646.215315320625,
    "max": 102149.23171309198,
    "percentiles": {
      "p10": 67719.74030429877,
      "p25": 74825.00264942298,
      "p50": 83407.50393181732,
      "p75": 89231.33960878145,
      "p90": 92530.13706563943,
      "p95": 94254.95063621545,
      "p99": 96502.01819027624
    }
  },
  "details": {
    "DNSDialup": {
      "average": 0.0007538761599999999,
      "fastest": 0.00015816,
      "slowest": 0.001105709
    },
    "DNSLookup": {
      "average": 0.00000715066,
      "fastest": 0.000003767,
      "slowest": 0.000029686
    }
  },
  "statusCodeDistribution": {
    "200": 815396
  },
  "errorDistribution": {}
}