{
  "summary": {
    "successRate": 1,
    "total": 10.000461467,
    "slowest": 0.00527913,
    "fastest": 0.000031787,
    "average": 0.0006528364730807142,
    "requestsPerSec": 76410.07392724151,
    "totalData": 9933768,
    "sizePerRequest": 13,
    "sizePerSec": 993330.9610541397
  },
  "responseTimeHistogram": {
    "0.000031787": 1,
    "0.0005565213": 296997,
    "0.0010812556": 428507,
    "0.0016059899": 36332,
    "0.0021307242": 2255,
    "0.0026554585": 29,
    "0.0031801928000000004": 4,
    "0.0037049271000000003": 10,
    "0.0042296614": 0,
    "0.0047543957000000005": 0,
    "0.00527913": 1
  },
  "latencyPercentiles": {
    "p10": 0.000391739,
    "p25": 0.000484873,
    "p50": 0.000613537,
    "p75": 0.000784883,
    "p90": 0.000959305,
    "p95": 0.001083569,
    "p99": 0.001437899
  },
  "rps": {
    "mean": 76410.1621325265,
    "stddev": 10470.503889255759,
    "max": 99155.17985759217,
    "percentiles": {
      "p10": 62731.35313029642,
      "p25": 67437.59581548789,
      "p50": 76251.05770824158,
      "p75": 84534.72686580346,
      "p90": 91115.56253808436,
      "p95": 93532.94230228169,
      "p99": 96193.93337594093
    }
  },
  "details": {
    "DNSDialup": {
      "average": 0.00086679804,
      "fastest": 0.00009142,
      "slowest": 0.00138274
    },
    "DNSLookup": {
      "average": 0.000007097280000000001,
      "fastest": 0.000003877,
      "slowest": 0.000034354
    }
  },
  "statusCodeDistribution": {
    "200": 764136
  },
  "errorDistribution": {}
}