{
  "summary": {
    "successRate": 1,
    "total": 10.000362665,
    "slowest": 0.003937923,
    "fastest": 0.000034213,
    "average": 0.0006486146589536442,
    "requestsPerSec": 76901.71104409642,
    "totalData": 9997585,
    "sizePerRequest": 13,
    "sizePerSec": 999722.2435732534
  },
  "responseTimeHistogram": {
    "0.000034213": 1,
    "0.00042458400000000004": 112155,
    "0.000814955": 484407,
    "0.001205326": 151825,
    "0.001595697": 18072,
    "0.001986068": 2483,
    "0.002376439": 39,
    "0.00276681": 24,
    "0.0031571810000000002": 37,
    "0.0035475520000000003": 0,
    "0.003937923": 2
  },
  "latencyPercentiles": {
    "p10": 0.000395549,
    "p25": 0.000473038,
    "p50": 0.000601624,
    "p75": 0.000792298,
    "p90": 0.000959927,
    "p95": 0.001073015,
    "p99": 0.001430475
  },
  "rps": {
    "mean": 76901.29921644552,
    "stddev": 10761.299387785075,
    "max": 97835.94492616587,
    "percentiles": {
      "p10": 62518.566461293674,
      "p25": 67362.24871224849,
      "p50": 77452.51950140695,
      "p75": 87416.30314053554,
      "p90": 89704.49676828083,
      "p95": 92237.56836159097,
      "p99": 95681.84625128427
    }
  },
  "details": {
    "DNSDialup": {
      "average": 0.0008098124000000002,
      "fastest": 0.000086435,
      "slowest": 0.001995273
    },
    "DNSLookup": {
      "average": 0.00000711056,
      "fastest": 0.000003376,
      "slowest": 0.000029666
    }
  },
  "statusCodeDistribution": {
    "200": 769045
  },
  "errorDistribution": {}
}