{
  "summary": {
    "successRate": 1,
    "total": 10.000422626,
    "slowest": 0.004631903,
    "fastest": 0.000034627,
    "average": 0.0006469266726466006,
    "requestsPerSec": 77115.5408967413,
    "totalData": 10025444,
    "sizePerRequest": 13,
    "sizePerSec": 1002502.0316576367
  },
  "responseTimeHistogram": {
    "0.000034627": 1,
    "0.0004943546": 212552,
    "0.0009540821999999999": 482304,
    "0.0014138097999999999": 68699,
    "0.0018735374": 7554,
    "0.002333265": 63,
    "0.0027929926": 7,
    "0.0032527202000000002": 6,
    "0.0037124478": 1,
    "0.0041721753999999995": 0,
    "0.004631903": 1
  },
  "latencyPercentiles": {
    "p10": 0.000388046,
    "p25": 0.000481189,
    "p50": 0.000609272,
    "p75": 0.000776494,
    "p90": 0.000952302,
    "p95": 0.001072922,
    "p99": 0.001411935
  },
  "rps": {
    "mean": 77108.11576554777,
    "stddev": 10495.767035811114,
    "max": 99143.00823696754,
    "percentiles": {
      "p10": 64015.02432620868,
      "p25": 68008.94317602609,
      "p50": 76000.15960033648,
      "p75": 85193.79078752907,
      "p90": 92932.94353910733,
      "p95": 95007.42958099398,
      "p99": 97005.83005038799
    }
  },
  "details": {
    "DNSDialup": {
      "average": 0.0009026816800000002,
      "fastest": 0.000095769,
      "slowest": 0.00126108
    },
    "DNSLookup": {
      "average": 0.000007316399999999999,
      "fastest": 0.000003776,
      "slowest": 0.000025639
    }
  },
  "statusCodeDistribution": {
    "200": 771188
  },
  "errorDistribution": {}
}