{
  "summary": {
    "successRate": 1,
    "total": 10.000377876,
    "slowest": 0.003957528,
    "fastest": 0.000033763,
    "average": 0.0006430485846200182,
    "requestsPerSec": 77573.26869235197,
    "totalData": 10084906,
    "sizePerRequest": 13,
    "sizePerSec": 1008452.4930005755
  },
  "responseTimeHistogram": {
    "0.000033763": 1,
    "0.00042613950000000003": 120497,
    "0.000818516": 506836,
    "0.0012108925": 128676,
    "0.001603269": 18154,
    "0.0019956455": 1553,
    "0.002388022": 20,
    "0.0027803985": 7,
    "0.003172775": 5,
    "0.0035651515": 5,
    "0.003957528": 8
  },
  "latencyPercentiles": {
    "p10": 0.000385268,
    "p25": 0.000478292,
    "p50": 0.000606569,
    "p75": 0.000767484,
    "p90": 0.000953419,
    "p95": 0.001070588,
    "p99": 0.001409457
  },
  "rps": {
    "mean": 77562.46625170854,
    "stddev": 10369.137058917433,
    "max": 99830.2186071744,
    "percentiles": {
      "p10": 64604.205733792616,
      "p25": 68680.42347246206,
      "p50": 76602.07993172147,
      "p75": 85808.88098781659,
      "p90": 92842.86149545001,
      "p95": 95115.23210369228,
      "p99": 97449.71884655577
    }
  },
  "details": {
    "DNSDialup": {
      "average": 0.0011626934000000002,
      "fastest": 0.000162544,
      "slowest": 0.001850309
    },
    "DNSLookup": {
      "average": 0.000015711599999999997,
      "fastest": 0.000004418,
      "slowest": 0.000113603
    }
  },
  "statusCodeDistribution": {
    "200": 775762
  },
  "errorDistribution": {}
}