{
  "summary": {
    "successRate": 1,
    "total": 10.000506747,
    "slowest": 0.005764277,
    "fastest": 0.00003213,
    "average": 0.0006521932848614945,
    "requestsPerSec": 76481.72431156503,
    "totalData": 9943128,
    "sizePerRequest": 13,
    "sizePerSec": 994262.4160503454
  },
  "responseTimeHistogram": {
    "0.00003213": 1,
    "0.0006053447": 369340,
    "0.0011785594": 370761,
    "0.0017517740999999998": 24288,
    "0.0023249888": 409,
    "0.0028982035": 34,
    "0.0034714181999999996": 21,
    "0.0040446329": 0,
    "0.0046178476": 0,
    "0.005191062299999999": 0,
    "0.005764277": 2
  },
  "latencyPercentiles": {
    "p10": 0.000390364,
    "p25": 0.000485199,
    "p50": 0.000614259,
    "p75": 0.000780486,
    "p90": 0.000964195,
    "p95": 0.001084812,
    "p99": 0.001433308
  },
  "rps": {
    "mean": 76496.28426501738,
    "stddev": 10226.241859761667,
    "max": 98189.60412556742,
    "percentiles": {
      "p10": 63753.88478341813,
      "p25": 67805.15319164883,
      "p50": 75537.04105938692,
      "p75": 85063.70599495656,
      "p90": 90604.05906184576,
      "p95": 93408.72437485868,
      "p99": 96244.82121323964
    }
  },
  "details": {
    "DNSDialup": {
      "average": 0.0006624677399999999,
      "fastest": 0.000083695,
      "slowest": 0.001129428
    },
    "DNSLookup": {
      "average": 0.00000848916,
      "fastest": 0.000004077,
      "slowest": 0.000040355
    }
  },
  "statusCodeDistribution": {
    "200": 764856
  },
  "errorDistribution": {}
}