{
  "summary": {
    "successRate": 1,
    "total": 10.000377294,
    "slowest": 0.00394971,
    "fastest": 0.000034183,
    "average": 0.0006461173208789369,
    "requestsPerSec": 77198.78733607309,
    "totalData": 10036221,
    "sizePerRequest": 13,
    "sizePerSec": 1003584.2353689501
  },
  "responseTimeHistogram": {
    "0.000034183": 1,
    "0.0004257357": 115818,
    "0.0008172884": 502586,
    "0.0012088410999999998": 133070,
    "0.0016003938": 18375,
    "0.0019919465000000003": 2119,
    "0.0023834992": 22,
    "0.0027750519": 9,
    "0.0031666046": 7,
    "0.0035581573000000003": 1,
    "0.00394971": 9
  },
  "latencyPercentiles": {
    "p10": 0.000388177,
    "p25": 0.000481268,
    "p50": 0.000606139,
    "p75": 0.000771484,
    "p90": 0.000964217,
    "p95": 0.001084305,
    "p99": 0.001418213
  },
  "rps": {
    "mean": 77193.734299001,
    "stddev": 10155.27289038601,
    "max": 98221.94278202059,
    "percentiles": {
      "p10": 63862.96854558117,
      "p25": 68804.62431172714,
      "p50": 76884.3224747015,
      "p75": 85442.02893403251,
      "p90": 91466.63344247008,
      "p95": 93524.89632739591,
      "p99": 96129.274648539
    }
  },
  "details": {
    "DNSDialup": {
      "average": 0.0010132019199999998,
      "fastest": 0.000114253,
      "slowest": 0.001612624
    },
    "DNSLookup": {
      "average": 0.000009309899999999999,
      "fastest": 0.000004038,
      "slowest": 0.000029926
    }
  },
  "statusCodeDistribution": {
    "200": 772017
  },
  "errorDistribution": {}
}