{
  "summary": {
    "successRate": 1,
    "total": 10.000261086,
    "slowest": 0.004471656,
    "fastest": 0.000031741,
    "average": 0.0006158242870289027,
    "requestsPerSec": 81010.28493487475,
    "totalData": 10531612,
    "sizePerRequest": 13,
    "sizePerSec": 1053133.7041533717
  },
  "responseTimeHistogram": {
    "0.000031741": 1,
    "0.0004757325": 224944,
    "0.0009197239999999999": 508064,
    "0.0013637154999999999": 70013,
    "0.001807707": 7023,
    "0.0022516985": 59,
    "0.0026956899999999997": 7,
    "0.0031396815": 12,
    "0.003583673": 0,
    "0.0040276645": 0,
    "0.004471656": 1
  },
  "latencyPercentiles": {
    "p10": 0.00037452,
    "p25": 0.000462681,
    "p50": 0.000580151,
    "p75": 0.000731196,
    "p90": 0.000910494,
    "p95": 0.001029789,
    "p99": 0.001342316
  },
  "rps": {
    "mean": 81030.07223313444,
    "stddev": 10425.191751739352,
    "max": 102417.40389540044,
    "percentiles": {
      "p10": 67543.74808563504,
      "p25": 72306.99989845476,
      "p50": 80561.4764626824,
      "p75": 89120.53090143803,
      "p90": 96082.20303854336,
      "p95": 97986.44889664826,
      "p99": 100543.9377007738
    }
  },
  "details": {
    "DNSDialup": {
      "average": 0.0007025118999999998,
      "fastest": 0.000070992,
      "slowest": 0.001644166
    },
    "DNSLookup": {
      "average": 0.000038070160000000004,
      "fastest": 0.000003487,
      "slowest": 0.001565279
    }
  },
  "statusCodeDistribution": {
    "200": 810124
  },
  "errorDistribution": {}
}