{
  "summary": {
    "successRate": 1,
    "total": 10.002158163,
    "slowest": 0.003393552,
    "fastest": 0.000032721,
    "average": 0.0006103211342887671,
    "requestsPerSec": 81712.96501022945,
    "totalData": 10624978,
    "sizePerRequest": 13,
    "sizePerSec": 1062268.545132983
  },
  "responseTimeHistogram": {
    "0.000032721": 1,
    "0.0003688041": 79175,
    "0.0007048872": 521712,
    "0.0010409703": 175789,
    "0.0013770534000000002": 33425,
    "0.0017131365000000003": 6380,
    "0.0020492196": 765,
    "0.0023853027": 7,
    "0.0027213858": 15,
    "0.0030574689": 18,
    "0.003393552": 19
  },
  "latencyPercentiles": {
    "p10": 0.000371574,
    "p25": 0.000459752,
    "p50": 0.000571249,
    "p75": 0.000718135,
    "p90": 0.000909375,
    "p95": 0.001040035,
    "p99": 0.001351092
  },
  "rps": {
    "mean": 81724.38927563028,
    "stddev": 9409.304251100746,
    "max": 100234.75645730777,
    "percentiles": {
      "p10": 68070.24849644606,
      "p25": 75557.27241248445,
      "p50": 83341.44570094347,
      "p75": 89050.47380855671,
      "p90": 93048.07794187739,
      "p95": 94719.62590648161,
      "p99": 97062.81905649362
    }
  },
  "details": {
    "DNSDialup": {
      "average": 0.00057575672,
      "fastest": 0.000095598,
      "slowest": 0.000889869
    },
    "DNSLookup": {
      "average": 0.000007171999999999999,
      "fastest": 0.000003466,
      "slowest": 0.000034013
    }
  },
  "statusCodeDistribution": {
    "200": 817306
  },
  "errorDistribution": {}
}