{
  "summary": {
    "successRate": 1,
    "total": 10.000743719,
    "slowest": 0.003295538,
    "fastest": 0.000036588,
    "average": 0.0006265621643205484,
    "requestsPerSec": 79593.98044444578,
    "totalData": 10347987,
    "sizePerRequest": 13,
    "sizePerSec": 1034721.7457777951
  },
  "responseTimeHistogram": {
    "0.000036588": 1,
    "0.000362483": 63954,
    "0.000688378": 482632,
    "0.0010142729999999998": 198225,
    "0.0013401679999999999": 42241,
    "0.001666063": 7709,
    "0.001991958": 1181,
    "0.002317853": 45,
    "0.002643748": 9,
    "0.002969643": 0,
    "0.003295538": 2
  },
  "latencyPercentiles": {
    "p10": 0.000381921,
    "p25": 0.000474423,
    "p50": 0.000588945,
    "p75": 0.000739196,
    "p90": 0.000929512,
    "p95": 0.001055312,
    "p99": 0.00136454
  },
  "rps": {
    "mean": 79583.8126043695,
    "stddev": 9004.742296765824,
    "max": 97925.27580533779,
    "percentiles": {
      "p10": 66515.55081486714,
      "p25": 73425.1311084404,
      "p50": 80867.71361099997,
      "p75": 86725.79576675959,
      "p90": 90439.67588581047,
      "p95": 92512.50769104138,
      "p99": 95094.40789476888
    }
  },
  "details": {
    "DNSDialup": {
      "average": 0.0007450995999999999,
      "fastest": 0.000080861,
      "slowest": 0.001980464
    },
    "DNSLookup": {
      "average": 0.000009755679999999997,
      "fastest": 0.000003997,
      "slowest": 0.000039052
    }
  },
  "statusCodeDistribution": {
    "200": 795999
  },
  "errorDistribution": {}
}