{
  "summary": {
    "successRate": 1,
    "total": 10.000817238,
    "slowest": 0.004058749,
    "fastest": 0.000033283,
    "average": 0.0006094769506829454,
    "requestsPerSec": 81837.21195205787,
    "totalData": 10639707,
    "sizePerRequest": 13,
    "sizePerSec": 1063883.7553767525
  },
  "responseTimeHistogram": {
    "0.000033283": 1,
    "0.00043582960000000003": 161484,
    "0.0008383762000000001": 543735,
    "0.0012409228000000003": 101251,
    "0.0016434694000000002": 11086,
    "0.002046016": 836,
    "0.0024485626000000003": 26,
    "0.0028511092": 17,
    "0.0032536558": 2,
    "0.0036562024": 0,
    "0.004058749": 1
  },
  "latencyPercentiles": {
    "p10": 0.000372068,
    "p25": 0.000461256,
    "p50": 0.000572762,
    "p75": 0.000718188,
    "p90": 0.000904385,
    "p95": 0.001026833,
    "p99": 0.001323408
  },
  "rps": {
    "mean": 81844.96689701092,
    "stddev": 9595.551453168826,
    "max": 98207.88609325368,
    "percentiles": {
      "p10": 67558.6750601143,
      "p25": 75056.04434831387,
      "p50": 83437.55479049322,
      "p75": 89629.73018149518,
      "p90": 93436.4221790388,
      "p95": 95019.30624091545,
      "p99": 97227.70598301453
    }
  },
  "details": {
    "DNSDialup": {
      "average": 0.00090254314,
      "fastest": 0.000113101,
      "slowest": 0.001937744
    },
    "DNSLookup": {
      "average": 0.00000710532,
      "fastest": 0.000003246,
      "slowest": 0.000034284
    }
  },
  "statusCodeDistribution": {
    "200": 818439
  },
  "errorDistribution": {}
}