{
  "summary": {
    "successRate": 1,
    "total": 10.000178466,
    "slowest": 0.00354788,
    "fastest": 0.000035586,
    "average": 0.0006529590686227423,
    "requestsPerSec": 76385.83677252546,
    "totalData": 9930336,
    "sizePerRequest": 13,
    "sizePerSec": 993015.878042831
  },
  "responseTimeHistogram": {
    "0.000035586": 1,
    "0.00038681539999999996": 72099,
    "0.0007380447999999999": 458661,
    "0.0010892742": 195008,
    "0.0014405035999999999": 30579,
    "0.0017917329999999998": 7196,
    "0.0021429624": 274,
    "0.0024941918": 28,
    "0.0028454212": 12,
    "0.0031966506": 8,
    "0.00354788": 6
  },
  "latencyPercentiles": {
    "p10": 0.000392072,
    "p25": 0.000486288,
    "p50": 0.000614221,
    "p75": 0.000779697,
    "p90": 0.000967658,
    "p95": 0.001088714,
    "p99": 0.001438058
  },
  "rps": {
    "mean": 76376.04523930339,
    "stddev": 10337.702168835029,
    "max": 99075.7235755265,
    "percentiles": {
      "p10": 63357.83937155483,
      "p25": 67814.45804245376,
      "p50": 75731.83008818542,
      "p75": 84547.3152420809,
      "p90": 91231.45299186467,
      "p95": 93777.43628719792,
      "p99": 96262.11794470446
    }
  },
  "details": {
    "DNSDialup": {
      "average": 0.00104341496,
      "fastest": 0.000082344,
      "slowest": 0.001774537
    },
    "DNSLookup": {
      "average": 0.0000173916,
      "fastest": 0.000003817,
      "slowest": 0.000286696
    }
  },
  "statusCodeDistribution": {
    "200": 763872
  },
  "errorDistribution": {}
}