{
  "summary": {
    "successRate": 1,
    "total": 10.000312495,
    "slowest": 0.003954753,
    "fastest": 0.000035941,
    "average": 0.0006545401797684745,
    "requestsPerSec": 76195.6189250064,
    "totalData": 9905740,
    "sizePerRequest": 13,
    "sizePerSec": 990543.0460250833
  },
  "responseTimeHistogram": {
    "0.000035941": 1,
    "0.00042782219999999997": 111240,
    "0.0008197033999999999": 492100,
    "0.0012115846": 136395,
    "0.0016034658": 19668,
    "0.0019953469999999997": 2508,
    "0.0023872281999999996": 42,
    "0.0027791094": 11,
    "0.0031709905999999996": 1,
    "0.0035628717999999994": 3,
    "0.003954753": 11
  },
  "latencyPercentiles": {
    "p10": 0.000392192,
    "p25": 0.000486218,
    "p50": 0.000613858,
    "p75": 0.000782993,
    "p90": 0.000972586,
    "p95": 0.001096778,
    "p99": 0.001450979
  },
  "rps": {
    "mean": 76210.44923049457,
    "stddev": 10817.047324963018,
    "max": 97509.81923879778,
    "percentiles": {
      "p10": 62150.6216813595,
      "p25": 66843.44603519983,
      "p50": 75072.90001537788,
      "p75": 85616.51551596582,
      "p90": 91737.32445837562,
      "p95": 93675.00557696674,
      "p99": 95501.50855343645
    }
  },
  "details": {
    "DNSDialup": {
      "average": 0.0008331389599999999,
      "fastest": 0.000090558,
      "slowest": 0.001360661
    },
    "DNSLookup": {
      "average": 0.000012742799999999998,
      "fastest": 0.000003657,
      "slowest": 0.000242545
    }
  },
  "statusCodeDistribution": {
    "200": 761980
  },
  "errorDistribution": {}
}