{
  "summary": {
    "successRate": 1,
    "total": 10.000426049,
    "slowest": 0.002927771,
    "fastest": 0.000034785,
    "average": 0.0006590470049531202,
    "requestsPerSec": 75686.77537250394,
    "totalData": 9839700,
    "sizePerRequest": 13,
    "sizePerSec": 983928.0798425511
  },
  "responseTimeHistogram": {
    "0.000034785": 1,
    "0.0003240836": 32985,
    "0.0006133822": 334583,
    "0.0009026807999999999": 280312,
    "0.0011919794": 84288,
    "0.0014812780000000002": 18989,
    "0.0017705766": 5427,
    "0.0020598751999999997": 272,
    "0.0023491738": 37,
    "0.0026384724": 5,
    "0.002927771": 1
  },
  "latencyPercentiles": {
    "p10": 0.000394809,
    "p25": 0.000490244,
    "p50": 0.000621072,
    "p75": 0.000785129,
    "p90": 0.000979934,
    "p95": 0.001100138,
    "p99": 0.001438802
  },
  "rps": {
    "mean": 75686.58941242172,
    "stddev": 9432.896704006482,
    "max": 97915.7840243883,
    "percentiles": {
      "p10": 63752.28324749254,
      "p25": 68455.21535529959,
      "p50": 74904.08227248392,
      "p75": 82430.78789928171,
      "p90": 89305.27136432426,
      "p95": 92317.46646465507,
      "p99": 95374.72811160394
    }
  },
  "details": {
    "DNSDialup": {
      "average": 0.00097670476,
      "fastest": 0.000078006,
      "slowest": 0.001896808
    },
    "DNSLookup": {
      "average": 0.000010475000000000002,
      "fastest": 0.000004838,
      "slowest": 0.000061085
    }
  },
  "statusCodeDistribution": {
    "200": 756900
  },
  "errorDistribution": {}
}