{
  "summary": {
    "successRate": 1,
    "total": 10.000608725,
    "slowest": 0.003392309,
    "fastest": 0.000034923,
    "average": 0.000608087010136904,
    "requestsPerSec": 82012.10771797295,
    "totalData": 10662223,
    "sizePerRequest": 13,
    "sizePerSec": 1066157.4003336483
  },
  "responseTimeHistogram": {
    "0.000034923": 1,
    "0.00037066160000000004": 82064,
    "0.0007064002": 522657,
    "0.0010421388": 179729,
    "0.0013778774000000001": 29965,
    "0.0017136160000000003": 5236,
    "0.0020493546": 483,
    "0.0023850932": 9,
    "0.0027208318": 22,
    "0.0030565704000000003": 4,
    "0.0033923090000000005": 1
  },
  "latencyPercentiles": {
    "p10": 0.000370609,
    "p25": 0.000460787,
    "p50": 0.000573162,
    "p75": 0.000717057,
    "p90": 0.000898301,
    "p95": 0.001019868,
    "p99": 0.001310556
  },
  "rps": {
    "mean": 82013.38595063162,
    "stddev": 9130.146095737478,
    "max": 98221.98207958702,
    "percentiles": {
      "p10": 68529.55679784708,
      "p25": 76004.74100907511,
      "p50": 83548.65628424485,
      "p75": 89314.99598782358,
      "p90": 92857.70491328859,
      "p95": 94420.80845171936,
      "p99": 96403.76938738018
    }
  },
  "details": {
    "DNSDialup": {
      "average": 0.0008120161399999998,
      "fastest": 0.000093644,
      "slowest": 0.001985944
    },
    "DNSLookup": {
      "average": 0.000006991320000000002,
      "fastest": 0.000003346,
      "slowest": 0.00002722
    }
  },
  "statusCodeDistribution": {
    "200": 820171
  },
  "errorDistribution": {}
}