{
  "summary": {
    "successRate": 1,
    "total": 10.000602419,
    "slowest": 0.00370313,
    "fastest": 0.000033553,
    "average": 0.000672780819559972,
    "requestsPerSec": 74153.1328743847,
    "totalData": 9640488,
    "sizePerRequest": 13,
    "sizePerSec": 963990.727367001
  },
  "responseTimeHistogram": {
    "0.000033553": 1,
    "0.0004005107": 73297,
    "0.0007674683999999999": 441521,
    "0.0011344260999999998": 194379,
    "0.0015013837999999999": 27128,
    "0.0018683414999999999": 5125,
    "0.0022352991999999997": 68,
    "0.0026022568999999997": 46,
    "0.0029692145999999997": 9,
    "0.0033361722999999998": 1,
    "0.00370313": 1
  },
  "latencyPercentiles": {
    "p10": 0.000401593,
    "p25": 0.000500199,
    "p50": 0.000640366,
    "p75": 0.000807236,
    "p90": 0.000977149,
    "p95": 0.001106002,
    "p99": 0.001449471
  },
  "rps": {
    "mean": 74164.31927231327,
    "stddev": 9548.645796716395,
    "max": 98245.0277295627,
    "percentiles": {
      "p10": 63124.62491617782,
      "p25": 66244.70855380272,
      "p50": 72631.14423465233,
      "p75": 81270.63230653758,
      "p90": 88537.62849210843,
      "p95": 91831.1808418325,
      "p99": 95217.7962061139
    }
  },
  "details": {
    "DNSDialup": {
      "average": 0.0010002000400000002,
      "fastest": 0.000104085,
      "slowest": 0.001623183
    },
    "DNSLookup": {
      "average": 0.000024093460000000006,
      "fastest": 0.000004048,
      "slowest": 0.000780516
    }
  },
  "statusCodeDistribution": {
    "200": 741576
  },
  "errorDistribution": {}
}