{
  "summary": {
    "successRate": 1,
    "total": 10.000448224,
    "slowest": 0.003670799,
    "fastest": 0.000035207,
    "average": 0.0006488724938068599,
    "requestsPerSec": 76864.05476859155,
    "totalData": 9992775,
    "sizePerRequest": 13,
    "sizePerSec": 999232.7119916901
  },
  "responseTimeHistogram": {
    "0.000035207": 1,
    "0.0003987662": 84803,
    "0.0007623254": 476587,
    "0.0011258846000000002": 177777,
    "0.0014894438": 24708,
    "0.001853003": 4712,
    "0.0022165622000000005": 66,
    "0.0025801214000000005": 5,
    "0.0029436806000000004": 4,
    "0.0033072398000000003": 11,
    "0.003670799": 1
  },
  "latencyPercentiles": {
    "p10": 0.000389856,
    "p25": 0.000484362,
    "p50": 0.000613789,
    "p75": 0.000776941,
    "p90": 0.000951805,
    "p95": 0.001072133,
    "p99": 0.001412444
  },
  "rps": {
    "mean": 76882.29454887498,
    "stddev": 10191.37942212735,
    "max": 101024.88553167201,
    "percentiles": {
      "p10": 64327.866831911146,
      "p25": 68756.62723549527,
      "p50": 75352.4302209439,
      "p75": 84560.23225343262,
      "p90": 92003.36732324422,
      "p95": 94866.76723077602,
      "p99": 97652.47844191354
    }
  },
  "details": {
    "DNSDialup": {
      "average": 0.0007678023399999998,
      "fastest": 0.000073828,
      "slowest": 0.001842232
    },
    "DNSLookup": {
      "average": 0.0000071585800000000015,
      "fastest": 0.000003416,
      "slowest": 0.000029605
    }
  },
  "statusCodeDistribution": {
    "200": 768675
  },
  "errorDistribution": {}
}