{
  "summary": {
    "successRate": 1,
    "total": 10.000445963,
    "slowest": 0.004912094,
    "fastest": 0.000034776,
    "average": 0.0006433893750468925,
    "requestsPerSec": 77535.64219723987,
    "totalData": 10080083,
    "sizePerRequest": 13,
    "sizePerSec": 1007963.3485641184
  },
  "responseTimeHistogram": {
    "0.000034776": 1,
    "0.0005225077999999999": 262666,
    "0.0010102395999999998": 456189,
    "0.0014979713999999998": 51594,
    "0.0019857031999999998": 4779,
    "0.0024734349999999995": 55,
    "0.0029611667999999993": 55,
    "0.0034488985999999995": 5,
    "0.003936630399999999": 46,
    "0.0044243621999999995": 0,
    "0.004912094": 1
  },
  "latencyPercentiles": {
    "p10": 0.000385625,
    "p25": 0.000478029,
    "p50": 0.000603655,
    "p75": 0.000771908,
    "p90": 0.000952908,
    "p95": 0.001077754,
    "p99": 0.001416333
  },
  "rps": {
    "mean": 77502.8164617349,
    "stddev": 10951.96448189014,
    "max": 99150.08626257966,
    "percentiles": {
      "p10": 63229.279116857404,
      "p25": 68720.02501529374,
      "p50": 77501.02301350403,
      "p75": 86536.5616973158,
      "p90": 92240.37361152968,
      "p95": 95169.50640785853,
      "p99": 97511.41858711505
    }
  },
  "details": {
    "DNSDialup": {
      "average": 0.00085417936,
      "fastest": 0.000090951,
      "slowest": 0.001992208
    },
    "DNSLookup": {
      "average": 0.000043641079999999997,
      "fastest": 0.000003727,
      "slowest": 0.00186569
    }
  },
  "statusCodeDistribution": {
    "200": 775391
  },
  "errorDistribution": {}
}