{
  "summary": {
    "successRate": 1,
    "total": 10.000144988,
    "slowest": 0.003217975,
    "fastest": 0.000030741,
    "average": 0.0006675395498687163,
    "requestsPerSec": 74723.11660447696,
    "totalData": 9714146,
    "sizePerRequest": 13,
    "sizePerSec": 971400.5158582006
  },
  "responseTimeHistogram": {
    "0.000030741": 1,
    "0.0003494644": 43437,
    "0.0006681878": 384024,
    "0.0009869111999999999": 243993,
    "0.0013056346": 58976,
    "0.001624358": 14202,
    "0.0019430813999999999": 2494,
    "0.0022618048": 69,
    "0.0025805282": 38,
    "0.0028992516": 6,
    "0.003217975": 2
  },
  "latencyPercentiles": {
    "p10": 0.000397954,
    "p25": 0.000493247,
    "p50": 0.000625778,
    "p75": 0.000803399,
    "p90": 0.000989415,
    "p95": 0.001115403,
    "p99": 0.001481385
  },
  "rps": {
    "mean": 74717.74387269242,
    "stddev": 10885.921150259617,
    "max": 97595.16504544116,
    "percentiles": {
      "p10": 61212.33405260387,
      "p25": 65116.07715945209,
      "p50": 73542.55907894121,
      "p75": 83524.81112526664,
      "p90": 90967.90754299426,
      "p95": 93011.28226853702,
      "p99": 95393.55245689307
    }
  },
  "details": {
    "DNSDialup": {
      "average": 0.00066104342,
      "fastest": 0.000102739,
      "slowest": 0.001396141
    },
    "DNSLookup": {
      "average": 0.000008408299999999999,
      "fastest": 0.000004158,
      "slowest": 0.0000267
    }
  },
  "statusCodeDistribution": {
    "200": 747242
  },
  "errorDistribution": {}
}