{
  "summary": {
    "successRate": 1,
    "total": 10.00193433,
    "slowest": 0.004197547,
    "fastest": 0.000028631,
    "average": 0.0006076143869837485,
    "requestsPerSec": 82079.82305358729,
    "totalData": 10672441,
    "sizePerRequest": 13,
    "sizePerSec": 1067037.6996966347
  },
  "responseTimeHistogram": {
    "0.000028631": 1,
    "0.0004455226": 180791,
    "0.0008624142": 533035,
    "0.0012793058000000002": 97159,
    "0.0016961974000000001": 9186,
    "0.002113089": 627,
    "0.0025299806": 111,
    "0.0029468721999999998": 36,
    "0.0033637638": 7,
    "0.0037806554": 2,
    "0.004197547": 2
  },
  "latencyPercentiles": {
    "p10": 0.00037802,
    "p25": 0.000457662,
    "p50": 0.000562225,
    "p75": 0.000720888,
    "p90": 0.000910489,
    "p95": 0.001016981,
    "p99": 0.001317835
  },
  "rps": {
    "mean": 82071.30001518464,
    "stddev": 9390.091387518953,
    "max": 100068.28724677983,
    "percentiles": {
      "p10": 67219.31883223222,
      "p25": 76333.4187707384,
      "p50": 84055.66165915912,
      "p75": 88612.2643208976,
      "p90": 92942.40962150466,
      "p95": 94672.23388055715,
      "p99": 97142.04307624706
    }
  },
  "details": {
    "DNSDialup": {
      "average": 0.00085394234,
      "fastest": 0.000173337,
      "slowest": 0.001772322
    },
    "DNSLookup": {
      "average": 0.000007478120000000001,
      "fastest": 0.000003576,
      "slowest": 0.000029406
    }
  },
  "statusCodeDistribution": {
    "200": 820957
  },
  "errorDistribution": {}
}