{
  "summary": {
    "successRate": 1,
    "total": 10.000352596,
    "slowest": 0.003976169,
    "fastest": 0.000033783,
    "average": 0.0006489503497934706,
    "requestsPerSec": 76865.78974299997,
    "totalData": 9992905,
    "sizePerRequest": 13,
    "sizePerSec": 999255.2666589996
  },
  "responseTimeHistogram": {
    "0.000033783": 1,
    "0.0004280216": 109439,
    "0.0008222602": 512867,
    "0.0012164987999999997": 127150,
    "0.0016107373999999998": 17604,
    "0.002004976": 1567,
    "0.0023992145999999995": 27,
    "0.0027934531999999996": 9,
    "0.0031876917999999997": 8,
    "0.0035819304": 11,
    "0.003976169": 2
  },
  "latencyPercentiles": {
    "p10": 0.000395549,
    "p25": 0.000488967,
    "p50": 0.000612252,
    "p75": 0.000770047,
    "p90": 0.000956628,
    "p95": 0.001079822,
    "p99": 0.00140116
  },
  "rps": {
    "mean": 76856.32860445215,
    "stddev": 9151.589552495494,
    "max": 98012.643631032,
    "percentiles": {
      "p10": 64637.47680905025,
      "p25": 69748.35296038477,
      "p50": 77111.05772567668,
      "p75": 83772.83210022906,
      "p90": 89334.4733152382,
      "p95": 91865.01286961202,
      "p99": 95166.62615496632
    }
  },
  "details": {
    "DNSDialup": {
      "average": 0.0008541859799999998,
      "fastest": 0.000097472,
      "slowest": 0.001697603
    },
    "DNSLookup": {
      "average": 0.00002651776,
      "fastest": 0.000003276,
      "slowest": 0.001000913
    }
  },
  "statusCodeDistribution": {
    "200": 768685
  },
  "errorDistribution": {}
}