{
  "summary": {
    "successRate": 1,
    "total": 10.000427731,
    "slowest": 0.004964846,
    "fastest": 0.000033633,
    "average": 0.000661525116729443,
    "requestsPerSec": 75402.77478957364,
    "totalData": 9802780,
    "sizePerRequest": 13,
    "sizePerSec": 980236.0722644574
  },
  "responseTimeHistogram": {
    "0.000033633": 1,
    "0.0005267543": 237123,
    "0.0010198756": 459559,
    "0.0015129968999999998": 52476,
    "0.0020061182": 4852,
    "0.0024992395": 42,
    "0.0029923607999999997": 3,
    "0.0034854821": 3,
    "0.0039786034": 0,
    "0.0044717247": 0,
    "0.004964846": 1
  },
  "latencyPercentiles": {
    "p10": 0.000396239,
    "p25": 0.000492438,
    "p50": 0.000624776,
    "p75": 0.000792011,
    "p90": 0.000973291,
    "p95": 0.001097767,
    "p99": 0.00144693
  },
  "rps": {
    "mean": 75412.24187190473,
    "stddev": 9916.10852895305,
    "max": 97589.61662510507,
    "percentiles": {
      "p10": 63308.94555400606,
      "p25": 67045.83924029548,
      "p50": 73809.0676592798,
      "p75": 83031.48553932014,
      "p90": 90026.42954677169,
      "p95": 92974.31777958231,
      "p99": 95394.0123423007
    }
  },
  "details": {
    "DNSDialup": {
      "average": 0.00087475988,
      "fastest": 0.000092262,
      "slowest": 0.002058052
    },
    "DNSLookup": {
      "average": 0.0000304763,
      "fastest": 0.000003606,
      "slowest": 0.001159438
    }
  },
  "statusCodeDistribution": {
    "200": 754060
  },
  "errorDistribution": {}
}