{
  "summary": {
    "successRate": 1,
    "total": 10.000578498,
    "slowest": 0.004109409,
    "fastest": 0.000033192,
    "average": 0.0006544702616641169,
    "requestsPerSec": 76212.39112841571,
    "totalData": 9908184,
    "sizePerRequest": 13,
    "sizePerSec": 990761.0846694042
  },
  "responseTimeHistogram": {
    "0.000033192": 1,
    "0.0004408137": 128183,
    "0.0008484354000000001": 496253,
    "0.0012560571000000001": 119796,
    "0.0016636788": 16906,
    "0.0020713005": 1003,
    "0.0024789222000000002": 19,
    "0.0028865439": 3,
    "0.0032941656": 2,
    "0.0037017873000000003": 0,
    "0.004109409": 2
  },
  "latencyPercentiles": {
    "p10": 0.000391917,
    "p25": 0.000485313,
    "p50": 0.000615251,
    "p75": 0.000784777,
    "p90": 0.000971647,
    "p95": 0.00108955,
    "p99": 0.001430605
  },
  "rps": {
    "mean": 76200.75038827483,
    "stddev": 9843.106700586883,
    "max": 97502.0475429967,
    "percentiles": {
      "p10": 63964.815547595535,
      "p25": 68115.448583748,
      "p50": 74934.95715751943,
      "p75": 83834.91724303352,
      "p90": 90469.62542372754,
      "p95": 92905.92204171834,
      "p99": 96166.71630758405
    }
  },
  "details": {
    "DNSDialup": {
      "average": 0.0006863793999999999,
      "fastest": 0.000070472,
      "slowest": 0.001651219
    },
    "DNSLookup": {
      "average": 0.000007739800000000002,
      "fastest": 0.000003697,
      "slowest": 0.000033714
    }
  },
  "statusCodeDistribution": {
    "200": 762168
  },
  "errorDistribution": {}
}