{
  "summary": {
    "successRate": 1,
    "total": 10.000597471,
    "slowest": 0.004119285,
    "fastest": 0.00003701,
    "average": 0.0006070349946499725,
    "requestsPerSec": 82144.49210481576,
    "totalData": 10679422,
    "sizePerRequest": 13,
    "sizePerSec": 1067878.397362605
  },
  "responseTimeHistogram": {
    "0.00003701": 1,
    "0.0004452375000000001": 181353,
    "0.0008534650000000001": 536402,
    "0.0012616925000000002": 92325,
    "0.0016699200000000003": 10231,
    "0.0020781475000000004": 1109,
    "0.0024863750000000003": 35,
    "0.0028946025000000006": 25,
    "0.0033028300000000005": 1,
    "0.0037110575000000004": 0,
    "0.004119285": 12
  },
  "latencyPercentiles": {
    "p10": 0.000369719,
    "p25": 0.000458942,
    "p50": 0.000568786,
    "p75": 0.000712856,
    "p90": 0.000901742,
    "p95": 0.001032286,
    "p99": 0.001334185
  },
  "rps": {
    "mean": 82144.20031997014,
    "stddev": 9107.296120052488,
    "max": 98725.1551695425,
    "percentiles": {
      "p10": 69646.09287437866,
      "p25": 76281.95733496151,
      "p50": 83635.88815960912,
      "p75": 89353.92106442533,
      "p90": 93016.80813723516,
      "p95": 94194.3095768434,
      "p99": 97423.65446330306
    }
  },
  "details": {
    "DNSDialup": {
      "average": 0.0008427229000000002,
      "fastest": 0.000100439,
      "slowest": 0.001335583
    },
    "DNSLookup": {
      "average": 0.00000640222,
      "fastest": 0.000003226,
      "slowest": 0.000029536
    }
  },
  "statusCodeDistribution": {
    "200": 821494
  },
  "errorDistribution": {}
}