{
  "summary": {
    "successRate": 1,
    "total": 10.000648635,
    "slowest": 0.003317009,
    "fastest": 0.000032781,
    "average": 0.0006095751597184529,
    "requestsPerSec": 81814.29323859053,
    "totalData": 10636548,
    "sizePerRequest": 13,
    "sizePerSec": 1063585.8121016768
  },
  "responseTimeHistogram": {
    "0.000032781": 1,
    "0.00036120380000000005": 74401,
    "0.0006896266": 508509,
    "0.0010180494000000002": 193043,
    "0.0013464722": 35118,
    "0.001674895": 6338,
    "0.0020033178000000004": 742,
    "0.0023317406000000003": 15,
    "0.0026601634000000002": 15,
    "0.0029885862": 11,
    "0.003317009": 3
  },
  "latencyPercentiles": {
    "p10": 0.000369721,
    "p25": 0.000460949,
    "p50": 0.000574837,
    "p75": 0.000719382,
    "p90": 0.000903301,
    "p95": 0.001023334,
    "p99": 0.001321669
  },
  "rps": {
    "mean": 81803.79950515956,
    "stddev": 9205.770446890103,
    "max": 98139.10843470664,
    "percentiles": {
      "p10": 68857.79234511593,
      "p25": 74932.8805479779,
      "p50": 83139.88220149292,
      "p75": 89123.17465790702,
      "p90": 92857.29828782192,
      "p95": 94613.20667079314,
      "p99": 96802.22645121411
    }
  },
  "details": {
    "DNSDialup": {
      "average": 0.0008162230399999998,
      "fastest": 0.000103852,
      "slowest": 0.001740114
    },
    "DNSLookup": {
      "average": 0.00002331688,
      "fastest": 0.000003357,
      "slowest": 0.000779763
    }
  },
  "statusCodeDistribution": {
    "200": 818196
  },
  "errorDistribution": {}
}