{
  "summary": {
    "successRate": 1,
    "total": 10.000725359,
    "slowest": 0.009211984,
    "fastest": 0.000033724,
    "average": 0.000616408617024703,
    "requestsPerSec": 80937.72910897512,
    "totalData": 10522668,
    "sizePerRequest": 13,
    "sizePerSec": 1052190.4784166766
  },
  "responseTimeHistogram": {
    "0.000033724": 1,
    "0.0009515499999999998": 743788,
    "0.0018693759999999996": 65319,
    "0.0027872019999999995": 206,
    "0.0037050279999999995": 108,
    "0.004622853999999999": 12,
    "0.005540679999999998": 0,
    "0.006458505999999998": 1,
    "0.0073763319999999985": 0,
    "0.008294158": 0,
    "0.009211984": 1
  },
  "latencyPercentiles": {
    "p10": 0.000387776,
    "p25": 0.000459976,
    "p50": 0.000564564,
    "p75": 0.000741039,
    "p90": 0.000923251,
    "p95": 0.001020782,
    "p99": 0.001350569
  },
  "rps": {
    "mean": 80909.36545029694,
    "stddev": 10582.510491812394,
    "max": 101578.56906781146,
    "percentiles": {
      "p10": 66200.81427001522,
      "p25": 72104.6363281168,
      "p50": 82028.98904473174,
      "p75": 89845.88429310845,
      "p90": 93695.6938842696,
      "p95": 96420.68012323538,
      "p99": 99668.4722404268
    }
  },
  "details": {
    "DNSDialup": {
      "average": 0.0008035595200000001,
      "fastest": 0.000088504,
      "slowest": 0.001210677
    },
    "DNSLookup": {
      "average": 0.000006712819999999999,
      "fastest": 0.000003607,
      "slowest": 0.000029866
    }
  },
  "statusCodeDistribution": {
    "200": 809436
  },
  "errorDistribution": {}
}