{
  "summary": {
    "successRate": 1,
    "total": 10.000546911,
    "slowest": 0.002762095,
    "fastest": 0.000035009,
    "average": 0.0006134034620818742,
    "requestsPerSec": 81293.05399345473,
    "totalData": 10568675,
    "sizePerRequest": 13,
    "sizePerSec": 1056809.7019149116
  },
  "responseTimeHistogram": {
    "0.000035009": 1,
    "0.00030771760000000004": 35162,
    "0.0005804262000000001": 378508,
    "0.0008531348000000001": 294062,
    "0.0011258434": 81352,
    "0.001398552": 17807,
    "0.0016712606000000001": 5119,
    "0.0019439692": 859,
    "0.0022166778": 54,
    "0.0024893864000000003": 32,
    "0.002762095": 19
  },
  "latencyPercentiles": {
    "p10": 0.000374622,
    "p25": 0.000464009,
    "p50": 0.000576448,
    "p75": 0.000721023,
    "p90": 0.000908814,
    "p95": 0.001038528,
    "p99": 0.001343496
  },
  "rps": {
    "mean": 81296.00113348321,
    "stddev": 9528.38922972095,
    "max": 98305.9966657972,
    "percentiles": {
      "p10": 66438.19143819093,
      "p25": 75239.01142742687,
      "p50": 82772.23532977395,
      "p75": 89118.64371058786,
      "p90": 92424.17816500952,
      "p95": 93906.07630379732,
      "p99": 96125.88670128962
    }
  },
  "details": {
    "DNSDialup": {
      "average": 0.0006286584599999999,
      "fastest": 0.000083797,
      "slowest": 0.001349703
    },
    "DNSLookup": {
      "average": 0.000007252379999999999,
      "fastest": 0.000003747,
      "slowest": 0.000027602
    }
  },
  "statusCodeDistribution": {
    "200": 812975
  },
  "errorDistribution": {}
}