{
  "summary": {
    "successRate": 1,
    "total": 10.000486796,
    "slowest": 0.003788992,
    "fastest": 0.000033021,
    "average": 0.0006354728990758361,
    "requestsPerSec": 78500.67861836513,
    "totalData": 10205585,
    "sizePerRequest": 13,
    "sizePerSec": 1020508.8220387467
  },
  "responseTimeHistogram": {
    "0.000033021": 1,
    "0.0004086181": 104139,
    "0.0007842152000000001": 510971,
    "0.0011598123": 146365,
    "0.0015354094": 20811,
    "0.0019110065000000002": 2706,
    "0.0022866035999999997": 29,
    "0.0026622007": 18,
    "0.0030377978": 1,
    "0.0034133949": 1,
    "0.003788992": 3
  },
  "latencyPercentiles": {
    "p10": 0.000383091,
    "p25": 0.000474663,
    "p50": 0.000599413,
    "p75": 0.000757149,
    "p90": 0.000939478,
    "p95": 0.001060113,
    "p99": 0.001392485
  },
  "rps": {
    "mean": 78509.98781914185,
    "stddev": 9876.18420732642,
    "max": 100462.38714241318,
    "percentiles": {
      "p10": 65710.72256752594,
      "p25": 70978.00482730546,
      "p50": 77901.78395085644,
      "p75": 85942.35998523916,
      "p90": 92716.81883093575,
      "p95": 94725.2442775874,
      "p99": 97668.50747596115
    }
  },
  "details": {
    "DNSDialup": {
      "average": 0.0008097136599999997,
      "fastest": 0.000116646,
      "slowest": 0.001355443
    },
    "DNSLookup": {
      "average": 0.0000067521999999999995,
      "fastest": 0.000003667,
      "slowest": 0.000027952
    }
  },
  "statusCodeDistribution": {
    "200": 785045
  },
  "errorDistribution": {}
}