{
  "summary": {
    "successRate": 1,
    "total": 10.001082066,
    "slowest": 0.004730465,
    "fastest": 0.000034805,
    "average": 0.0006117208149766389,
    "requestsPerSec": 81524.67849172432,
    "totalData": 10599355,
    "sizePerRequest": 13,
    "sizePerSec": 1059820.820392416
  },
  "responseTimeHistogram": {
    "0.000034805": 1,
    "0.000504371": 279575,
    "0.000973937": 477155,
    "0.0014435029999999998": 53585,
    "0.0019130689999999999": 4959,
    "0.002382635": 51,
    "0.002852201": 6,
    "0.003321767": 2,
    "0.003791333": 0,
    "0.004260898999999999": 0,
    "0.004730465": 1
  },
  "latencyPercentiles": {
    "p10": 0.000372479,
    "p25": 0.000463065,
    "p50": 0.000574728,
    "p75": 0.000718468,
    "p90": 0.000906951,
    "p95": 0.001038619,
    "p99": 0.001347287
  },
  "rps": {
    "mean": 81539.33917442811,
    "stddev": 9492.670532313205,
    "max": 97842.22940505027,
    "percentiles": {
      "p10": 66808.23077403141,
      "p25": 75229.44730998595,
      "p50": 83215.64526404953,
      "p75": 89205.12929493292,
      "p90": 93417.59053229437,
      "p95": 94519.87956324802,
      "p99": 96641.25615226796
    }
  },
  "details": {
    "DNSDialup": {
      "average": 0.00092087424,
      "fastest": 0.000082114,
      "slowest": 0.002043473
    },
    "DNSLookup": {
      "average": 0.000008565219999999999,
      "fastest": 0.000003246,
      "slowest": 0.000028012
    }
  },
  "statusCodeDistribution": {
    "200": 815335
  },
  "errorDistribution": {}
}