{
  "summary": {
    "successRate": 1,
    "total": 10.00020401,
    "slowest": 0.003444525,
    "fastest": 0.000034721,
    "average": 0.0006479804766784978,
    "requestsPerSec": 76976.72959773948,
    "totalData": 10007179,
    "sizePerRequest": 13,
    "sizePerSec": 1000697.4847706133
  },
  "responseTimeHistogram": {
    "0.000034721": 1,
    "0.00037570139999999996": 66217,
    "0.0007166818": 446453,
    "0.0010576621999999999": 214891,
    "0.0013986425999999998": 33516,
    "0.0017396229999999998": 8349,
    "0.0020806034": 314,
    "0.0024215838": 28,
    "0.0027625642": 6,
    "0.0031035446": 0,
    "0.003444525": 8
  },
  "latencyPercentiles": {
    "p10": 0.000389196,
    "p25": 0.000483208,
    "p50": 0.000611288,
    "p75": 0.000776656,
    "p90": 0.000946679,
    "p95": 0.001074722,
    "p99": 0.00142086
  },
  "rps": {
    "mean": 76963.53950625373,
    "stddev": 10552.337086486636,
    "max": 99511.50174581016,
    "percentiles": {
      "p10": 63677.42538152176,
      "p25": 68102.92161533854,
      "p50": 76099.02453785321,
      "p75": 85110.80056058703,
      "p90": 92457.87863201876,
      "p95": 95117.14962207858,
      "p99": 97549.11613067608
    }
  },
  "details": {
    "DNSDialup": {
      "average": 0.0009494336400000001,
      "fastest": 0.000105224,
      "slowest": 0.001417013
    },
    "DNSLookup": {
      "average": 0.000009697,
      "fastest": 0.000004088,
      "slowest": 0.000051646
    }
  },
  "statusCodeDistribution": {
    "200": 769783
  },
  "errorDistribution": {}
}