{
  "summary": {
    "successRate": 1,
    "total": 10.000651789,
    "slowest": 0.003370049,
    "fastest": 0.000033543,
    "average": 0.0006109739214015197,
    "requestsPerSec": 81623.4798713678,
    "totalData": 10611744,
    "sizePerRequest": 13,
    "sizePerSec": 1061105.2383277814
  },
  "responseTimeHistogram": {
    "0.000033543": 1,
    "0.0003671936": 77923,
    "0.0007008442": 515101,
    "0.0010344948": 183295,
    "0.0013681454": 33022,
    "0.001701796": 6310,
    "0.0020354466": 589,
    "0.0023690972": 20,
    "0.0027027478": 24,
    "0.0030363983999999998": 2,
    "0.003370049": 1
  },
  "latencyPercentiles": {
    "p10": 0.000371282,
    "p25": 0.00046116,
    "p50": 0.000573502,
    "p75": 0.000720875,
    "p90": 0.00090792,
    "p95": 0.001030857,
    "p99": 0.001333617
  },
  "rps": {
    "mean": 81614.24578219865,
    "stddev": 9655.270249528248,
    "max": 99891.6135875442,
    "percentiles": {
      "p10": 67414.66943206813,
      "p25": 74965.42282762474,
      "p50": 82986.37221620131,
      "p75": 89568.14014114127,
      "p90": 93135.18572207907,
      "p95": 94924.47152875505,
      "p99": 97183.30065612178
    }
  },
  "details": {
    "DNSDialup": {
      "average": 0.00076069984,
      "fastest": 0.000084167,
      "slowest": 0.001700601
    },
    "DNSLookup": {
      "average": 0.00000721658,
      "fastest": 0.000003176,
      "slowest": 0.000029726
    }
  },
  "statusCodeDistribution": {
    "200": 816288
  },
  "errorDistribution": {}
}