{
  "summary": {
    "successRate": 1,
    "total": 10.000590832,
    "slowest": 0.003535436,
    "fastest": 0.000032781,
    "average": 0.0006077144256822903,
    "requestsPerSec": 82061.05157047785,
    "totalData": 10668567,
    "sizePerRequest": 13,
    "sizePerSec": 1066793.670416212
  },
  "responseTimeHistogram": {
    "0.000032781": 1,
    "0.0003830465": 95706,
    "0.000733312": 534987,
    "0.0010835775": 161399,
    "0.001433843": 23876,
    "0.0017841085": 4446,
    "0.002134374": 225,
    "0.0024846395": 3,
    "0.002834905": 14,
    "0.0031851705": 1,
    "0.003535436": 1
  },
  "latencyPercentiles": {
    "p10": 0.00036957,
    "p25": 0.000458635,
    "p50": 0.000570794,
    "p75": 0.000716525,
    "p90": 0.000903403,
    "p95": 0.001027736,
    "p99": 0.001327873
  },
  "rps": {
    "mean": 82049.23039938255,
    "stddev": 9480.445010187092,
    "max": 99984.67702297244,
    "percentiles": {
      "p10": 68285.71799643237,
      "p25": 75965.25748091604,
      "p50": 83313.00939702036,
      "p75": 89304.78129989326,
      "p90": 93613.52715467263,
      "p95": 95137.7601770141,
      "p99": 97345.8596344747
    }
  },
  "details": {
    "DNSDialup": {
      "average": 0.0009111541,
      "fastest": 0.000100037,
      "slowest": 0.002080886
    },
    "DNSLookup": {
      "average": 0.00000822548,
      "fastest": 0.000003857,
      "slowest": 0.000029986
    }
  },
  "statusCodeDistribution": {
    "200": 820659
  },
  "errorDistribution": {}
}