{
  "summary": {
    "successRate": 1,
    "total": 10.000488409,
    "slowest": 0.009477738,
    "fastest": 0.000031778,
    "average": 0.0006358131774265554,
    "requestsPerSec": 78461.86785175843,
    "totalData": 10200541,
    "sizePerRequest": 13,
    "sizePerSec": 1020004.2820728596
  },
  "responseTimeHistogram": {
    "0.000031778": 1,
    "0.000976374": 717143,
    "0.0019209700000000001": 67269,
    "0.0028655660000000004": 204,
    "0.003810162": 36,
    "0.0047547579999999996": 2,
    "0.005699354": 1,
    "0.00664395": 0,
    "0.007588546": 0,
    "0.008533142": 0,
    "0.009477738": 1
  },
  "latencyPercentiles": {
    "p10": 0.000390066,
    "p25": 0.000469302,
    "p50": 0.000589243,
    "p75": 0.000764203,
    "p90": 0.000949355,
    "p95": 0.001065568,
    "p99": 0.001399648
  },
  "rps": {
    "mean": 78470.90018437107,
    "stddev": 10824.513414483614,
    "max": 101245.62127694745,
    "percentiles": {
      "p10": 63923.3192268544,
      "p25": 69028.62794531412,
      "p50": 79118.68783406836,
      "p75": 88093.5856544708,
      "p90": 92101.47362357099,
      "p95": 94546.21418950081,
      "p99": 97218.64653640495
    }
  },
  "details": {
    "DNSDialup": {
      "average": 0.00092368842,
      "fastest": 0.000102209,
      "slowest": 0.002033549
    },
    "DNSLookup": {
      "average": 0.00002873818,
      "fastest": 0.000003997,
      "slowest": 0.001084895
    }
  },
  "statusCodeDistribution": {
    "200": 784657
  },
  "errorDistribution": {}
}