{
  "summary": {
    "successRate": 1,
    "total": 10.00074181,
    "slowest": 0.003695798,
    "fastest": 0.000033412,
    "average": 0.0006322508213909725,
    "requestsPerSec": 78905.04674472744,
    "totalData": 10258417,
    "sizePerRequest": 13,
    "sizePerSec": 1025765.6076814567
  },
  "responseTimeHistogram": {
    "0.000033412": 1,
    "0.00039965059999999997": 98455,
    "0.0007658892": 503345,
    "0.0011321278": 161024,
    "0.0014983664": 22953,
    "0.001864605": 3252,
    "0.0022308436": 49,
    "0.0025970822": 24,
    "0.0029633208": 3,
    "0.0033295594": 0,
    "0.003695798": 3
  },
  "latencyPercentiles": {
    "p10": 0.000379735,
    "p25": 0.000471978,
    "p50": 0.00059788,
    "p75": 0.000756518,
    "p90": 0.000927434,
    "p95": 0.001048341,
    "p99": 0.001378917
  },
  "rps": {
    "mean": 78886.45356379834,
    "stddev": 10455.265658390706,
    "max": 100313.00056486405,
    "percentiles": {
      "p10": 65332.55521225323,
      "p25": 70187.76277857884,
      "p50": 78043.16604869279,
      "p75": 87424.97919861946,
      "p90": 93606.35587155947,
      "p95": 96159.63948584285,
      "p99": 99213.15566443905
    }
  },
  "details": {
    "DNSDialup": {
      "average": 0.0005702557199999999,
      "fastest": 0.000075313,
      "slowest": 0.000879648
    },
    "DNSLookup": {
      "average": 0.000007297320000000002,
      "fastest": 0.000003377,
      "slowest": 0.000032611
    }
  },
  "statusCodeDistribution": {
    "200": 789109
  },
  "errorDistribution": {}
}