{
  "summary": {
    "successRate": 1,
    "total": 10.001274889,
    "slowest": 0.003587977,
    "fastest": 0.000028894,
    "average": 0.0006123969755295905,
    "requestsPerSec": 81439.01742925087,
    "totalData": 10588422,
    "sizePerRequest": 13,
    "sizePerSec": 1058707.2265802613
  },
  "responseTimeHistogram": {
    "0.000028894": 1,
    "0.00038480230000000005": 91033,
    "0.0007407106000000001": 541966,
    "0.0010966189000000002": 152132,
    "0.0014525272000000002": 24467,
    "0.0018084355000000001": 4568,
    "0.0021643438000000003": 292,
    "0.0025202521": 10,
    "0.0028761604": 6,
    "0.0032320687": 13,
    "0.003587977": 6
  },
  "latencyPercentiles": {
    "p10": 0.000374881,
    "p25": 0.000463794,
    "p50": 0.000573751,
    "p75": 0.000715114,
    "p90": 0.000911356,
    "p95": 0.001043547,
    "p99": 0.001348632
  },
  "rps": {
    "mean": 81437.52839507734,
    "stddev": 9773.020380034584,
    "max": 98436.5494908271,
    "percentiles": {
      "p10": 66114.80971737618,
      "p25": 75358.52419150196,
      "p50": 83314.8217067814,
      "p75": 88876.88241990222,
      "p90": 92559.0248901729,
      "p95": 94316.4865218363,
      "p99": 96433.96404213856
    }
  },
  "details": {
    "DNSDialup": {
      "average": 0.00094153696,
      "fastest": 0.000125159,
      "slowest": 0.001534484
    },
    "DNSLookup": {
      "average": 0.00000706086,
      "fastest": 0.000003566,
      "slowest": 0.00002637
    }
  },
  "statusCodeDistribution": {
    "200": 814494
  },
  "errorDistribution": {}
}