{
  "summary": {
    "successRate": 1,
    "total": 10.000854562,
    "slowest": 0.003837009,
    "fastest": 0.000028604,
    "average": 0.0005708112533767081,
    "requestsPerSec": 87392.03180905132,
    "totalData": 11361935,
    "sizePerRequest": 13,
    "sizePerSec": 1136096.413517667
  },
  "responseTimeHistogram": {
    "0.000028604": 1,
    "0.00040944449999999997": 171883,
    "0.000790285": 587173,
    "0.0011711254999999998": 101604,
    "0.001551966": 12141,
    "0.0019328065": 1145,
    "0.0023136469999999994": 18,
    "0.0026944874999999995": 19,
    "0.0030753279999999996": 9,
    "0.0034561684999999997": 1,
    "0.0038370089999999997": 1
  },
  "latencyPercentiles": {
    "p10": 0.000350104,
    "p25": 0.000433951,
    "p50": 0.000538636,
    "p75": 0.000665222,
    "p90": 0.000840497,
    "p95": 0.000956723,
    "p99": 0.001259472
  },
  "rps": {
    "mean": 87398.85794225307,
    "stddev": 10657.608686333373,
    "max": 104629.67765131185,
    "percentiles": {
      "p10": 71511.6386947185,
      "p25": 80205.19729678202,
      "p50": 89549.19832956263,
      "p75": 95850.66666239493,
      "p90": 99704.88553939042,
      "p95": 101433.100514501,
      "p99": 103116.45738659817
    }
  },
  "details": {
    "DNSDialup": {
      "average": 0.0007045643799999998,
      "fastest": 0.000086034,
      "slowest": 0.001381517
    },
    "DNSLookup": {
      "average": 0.0000069908399999999995,
      "fastest": 0.000003637,
      "slowest": 0.000035486
    }
  },
  "statusCodeDistribution": {
    "200": 873995
  },
  "errorDistribution": {}
}