{
  "summary": {
    "successRate": 1,
    "total": 10.000410542,
    "slowest": 0.003637365,
    "fastest": 0.000034284,
    "average": 0.0006505253205077749,
    "requestsPerSec": 76687.3516621274,
    "totalData": 9969765,
    "sizePerRequest": 13,
    "sizePerSec": 996935.5716076562
  },
  "responseTimeHistogram": {
    "0.000034284": 1,
    "0.0003945921": 78934,
    "0.0007549002": 472450,
    "0.0011152083000000002": 182812,
    "0.0014755164000000002": 27161,
    "0.0018358245000000002": 5438,
    "0.0021961326": 84,
    "0.0025564407": 13,
    "0.0029167488": 10,
    "0.0032770569000000003": 1,
    "0.003637365": 1
  },
  "latencyPercentiles": {
    "p10": 0.00039196,
    "p25": 0.000485206,
    "p50": 0.000611522,
    "p75": 0.000779683,
    "p90": 0.00095941,
    "p95": 0.001083439,
    "p99": 0.001421565
  },
  "rps": {
    "mean": 76653.03390087558,
    "stddev": 10630.674729595934,
    "max": 99324.0562864314,
    "percentiles": {
      "p10": 63378.338649848156,
      "p25": 67480.66638859999,
      "p50": 75730.76941161354,
      "p75": 85607.32798727558,
      "p90": 92070.08374774759,
      "p95": 93986.64131125226,
      "p99": 96930.37134946465
    }
  },
  "details": {
    "DNSDialup": {
      "average": 0.0007510288399999999,
      "fastest": 0.00008008,
      "slowest": 0.001843881
    },
    "DNSLookup": {
      "average": 0.00000735146,
      "fastest": 0.000003717,
      "slowest": 0.000035546
    }
  },
  "statusCodeDistribution": {
    "200": 766905
  },
  "errorDistribution": {}
}