{
  "summary": {
    "successRate": 1,
    "total": 10.00041454,
    "slowest": 0.004136808,
    "fastest": 0.000033202,
    "average": 0.0006583264918326304,
    "requestsPerSec": 75773.8588704544,
    "totalData": 9851010,
    "sizePerRequest": 13,
    "sizePerSec": 985060.1653159071
  },
  "responseTimeHistogram": {
    "0.000033202": 1,
    "0.00044356259999999987": 127015,
    "0.0008539231999999998": 494889,
    "0.0012642837999999996": 118377,
    "0.0016746443999999996": 16370,
    "0.0020850049999999996": 1057,
    "0.002495365599999999": 38,
    "0.002905726199999999": 18,
    "0.003316086799999999": 0,
    "0.003726447399999999": 2,
    "0.004136808": 3
  },
  "latencyPercentiles": {
    "p10": 0.00039438,
    "p25": 0.000488486,
    "p50": 0.000620222,
    "p75": 0.000790169,
    "p90": 0.000972252,
    "p95": 0.001093139,
    "p99": 0.001443198
  },
  "rps": {
    "mean": 75749.113323082,
    "stddev": 10327.261903779365,
    "max": 98146.51163185983,
    "percentiles": {
      "p10": 63078.91803435128,
      "p25": 67315.34116625207,
      "p50": 74546.60335014814,
      "p75": 83922.20581565684,
      "p90": 90945.05417983861,
      "p95": 93901.37096001468,
      "p99": 96369.85486759881
    }
  },
  "details": {
    "DNSDialup": {
      "average": 0.0009621342800000001,
      "fastest": 0.00009262,
      "slowest": 0.001495111
    },
    "DNSLookup": {
      "average": 0.000013445259999999999,
      "fastest": 0.000003416,
      "slowest": 0.000110117
    }
  },
  "statusCodeDistribution": {
    "200": 757770
  },
  "errorDistribution": {}
}