{
  "summary": {
    "successRate": 1,
    "total": 10.000308428,
    "slowest": 0.005704419,
    "fastest": 0.00003764,
    "average": 0.0006294905422378127,
    "requestsPerSec": 79233.45621835654,
    "totalData": 10300667,
    "sizePerRequest": 13,
    "sizePerSec": 1030034.9308386351
  },
  "responseTimeHistogram": {
    "0.00003764": 1,
    "0.0006043178999999999": 433948,
    "0.0011709957999999998": 338351,
    "0.0017376736999999997": 19308,
    "0.0023043515999999994": 440,
    "0.002871029499999999": 95,
    "0.003437707399999999": 78,
    "0.0040043853": 82,
    "0.004571063199999999": 24,
    "0.005137741099999999": 31,
    "0.005704418999999999": 1
  },
  "latencyPercentiles": {
    "p10": 0.000394426,
    "p25": 0.000468474,
    "p50": 0.000577216,
    "p75": 0.000758947,
    "p90": 0.000938163,
    "p95": 0.00103985,
    "p99": 0.0013777
  },
  "rps": {
    "mean": 79237.40096607484,
    "stddev": 10616.270986702015,
    "max": 99667.14194805696,
    "percentiles": {
      "p10": 64653.630186239374,
      "p25": 70130.21209537107,
      "p50": 80468.97800795046,
      "p75": 88315.40220614245,
      "p90": 92308.52986059671,
      "p95": 94736.4356331405,
      "p99": 97733.86607636668
    }
  },
  "details": {
    "DNSDialup": {
      "average": 0.0008344078800000001,
      "fastest": 0.000088779,
      "slowest": 0.001348429
    },
    "DNSLookup": {
      "average": 0.0000075246,
      "fastest": 0.000003677,
      "slowest": 0.00003222
    }
  },
  "statusCodeDistribution": {
    "200": 792359
  },
  "errorDistribution": {}
}