{
  "summary": {
    "successRate": 1,
    "total": 10.000353637,
    "slowest": 0.005485613,
    "fastest": 0.000033211,
    "average": 0.0006383808078305101,
    "requestsPerSec": 78135.03685599714,
    "totalData": 10157914,
    "sizePerRequest": 13,
    "sizePerSec": 1015755.4791279627
  },
  "responseTimeHistogram": {
    "0.000033211": 1,
    "0.0005784512000000001": 359147,
    "0.0011236914000000001": 393212,
    "0.0016689316000000002": 28053,
    "0.0022141718000000003": 924,
    "0.002759412": 28,
    "0.0033046522000000004": 8,
    "0.0038498924000000007": 3,
    "0.004395132600000001": 1,
    "0.0049403728000000004": 0,
    "0.005485613": 1
  },
  "latencyPercentiles": {
    "p10": 0.000383576,
    "p25": 0.000474654,
    "p50": 0.000598621,
    "p75": 0.000764775,
    "p90": 0.000946962,
    "p95": 0.00106836,
    "p99": 0.001407336
  },
  "rps": {
    "mean": 78131.91438793002,
    "stddev": 10827.02560548894,
    "max": 100226.93445330429,
    "percentiles": {
      "p10": 64273.835911811315,
      "p25": 68724.92653085348,
      "p50": 77634.24852012742,
      "p75": 87072.21769735828,
      "p90": 93426.0317167937,
      "p95": 95295.15503885732,
      "p99": 97991.9262259939
    }
  },
  "details": {
    "DNSDialup": {
      "average": 0.0010833450600000003,
      "fastest": 0.00021488,
      "slowest": 0.001871191
    },
    "DNSLookup": {
      "average": 0.000015614839999999998,
      "fastest": 0.000004849,
      "slowest": 0.000214999
    }
  },
  "statusCodeDistribution": {
    "200": 781378
  },
  "errorDistribution": {}
}