{
  "summary": {
    "successRate": 1,
    "total": 10.001376751,
    "slowest": 0.003616763,
    "fastest": 0.000031682,
    "average": 0.0006321343787446757,
    "requestsPerSec": 78894.53818656571,
    "totalData": 10257702,
    "sizePerRequest": 13,
    "sizePerSec": 1025628.9964253542
  },
  "responseTimeHistogram": {
    "0.000031682": 1,
    "0.0003901901": 85963,
    "0.0007486982": 506588,
    "0.0011072063": 163950,
    "0.0014657144": 26769,
    "0.0018242225": 5339,
    "0.0021827305999999997": 412,
    "0.0025412386999999997": 18,
    "0.0028997467999999998": 10,
    "0.0032582549": 1,
    "0.003616763": 3
  },
  "latencyPercentiles": {
    "p10": 0.000382383,
    "p25": 0.000474137,
    "p50": 0.000589469,
    "p75": 0.000747759,
    "p90": 0.00094949,
    "p95": 0.001076115,
    "p99": 0.001399724
  },
  "rps": {
    "mean": 78895.28721953118,
    "stddev": 9273.963052173554,
    "max": 96366.68574653566,
    "percentiles": {
      "p10": 65211.20980696511,
      "p25": 72905.33667064708,
      "p50": 79346.25886891951,
      "p75": 86420.68046882979,
      "p90": 90464.82637085755,
      "p95": 92326.62596751357,
      "p99": 93929.1431789489
    }
  },
  "details": {
    "DNSDialup": {
      "average": 0.0008593745200000003,
      "fastest": 0.000140782,
      "slowest": 0.001313087
    },
    "DNSLookup": {
      "average": 0.0000074702,
      "fastest": 0.000003557,
      "slowest": 0.000031509
    }
  },
  "statusCodeDistribution": {
    "200": 789054
  },
  "errorDistribution": {}
}