{
  "summary": {
    "successRate": 1,
    "total": 10.00099153,
    "slowest": 0.002753398,
    "fastest": 0.000032779,
    "average": 0.0006158072047169075,
    "requestsPerSec": 80973.07127706366,
    "totalData": 10527543,
    "sizePerRequest": 13,
    "sizePerSec": 1052649.9266018276
  },
  "responseTimeHistogram": {
    "0.000032779": 1,
    "0.0003048409": 34292,
    "0.0005769028000000001": 367995,
    "0.0008489647000000001": 297329,
    "0.0011210266": 84612,
    "0.0013930885": 18973,
    "0.0016651504000000001": 5468,
    "0.0019372123": 1060,
    "0.0022092742000000003": 70,
    "0.0024813361000000003": 3,
    "0.002753398": 8
  },
  "latencyPercentiles": {
    "p10": 0.000373805,
    "p25": 0.00046491,
    "p50": 0.000578358,
    "p75": 0.000725744,
    "p90": 0.000914607,
    "p95": 0.001044361,
    "p99": 0.001349026
  },
  "rps": {
    "mean": 80954.97938033949,
    "stddev": 9191.19093144816,
    "max": 97816.18354725876,
    "percentiles": {
      "p10": 67823.48048894528,
      "p25": 74013.12252662666,
      "p50": 82049.81244113154,
      "p75": 88144.84089051625,
      "p90": 92228.42604941383,
      "p95": 93684.38152243567,
      "p99": 96305.80550635865
    }
  },
  "details": {
    "DNSDialup": {
      "average": 0.00074324284,
      "fastest": 0.00008576,
      "slowest": 0.001544828
    },
    "DNSLookup": {
      "average": 0.000008124139999999998,
      "fastest": 0.000004478,
      "slowest": 0.000030968
    }
  },
  "statusCodeDistribution": {
    "200": 809811
  },
  "errorDistribution": {}
}