{
  "summary": {
    "successRate": 1,
    "total": 10.000562768,
    "slowest": 0.003296799,
    "fastest": 0.000032313,
    "average": 0.0006091714425758097,
    "requestsPerSec": 81855.49343476706,
    "totalData": 10641813,
    "sizePerRequest": 13,
    "sizePerSec": 1064121.414651972
  },
  "responseTimeHistogram": {
    "0.000032313": 1,
    "0.0003587616": 71514,
    "0.0006852102": 512426,
    "0.0010116588": 186792,
    "0.0013381074": 39559,
    "0.001664556": 7288,
    "0.0019910046": 977,
    "0.0023174531999999998": 25,
    "0.0026439018": 15,
    "0.0029703504": 3,
    "0.003296799": 1
  },
  "latencyPercentiles": {
    "p10": 0.000370542,
    "p25": 0.000459381,
    "p50": 0.000570375,
    "p75": 0.000715846,
    "p90": 0.000909999,
    "p95": 0.001037346,
    "p99": 0.001341767
  },
  "rps": {
    "mean": 81853.87715418299,
    "stddev": 9425.096554904288,
    "max": 98639.55446133725,
    "percentiles": {
      "p10": 67938.16220236316,
      "p25": 75688.89729429339,
      "p50": 83382.10668153496,
      "p75": 89139.75633132157,
      "p90": 93175.92906460616,
      "p95": 95120.76486296623,
      "p99": 97006.34421491307
    }
  },
  "details": {
    "DNSDialup": {
      "average": 0.0008097124199999998,
      "fastest": 0.000076242,
      "slowest": 0.00197419
    },
    "DNSLookup": {
      "average": 0.00000704506,
      "fastest": 0.000003346,
      "slowest": 0.000030778
    }
  },
  "statusCodeDistribution": {
    "200": 818601
  },
  "errorDistribution": {}
}