{
  "summary": {
    "successRate": 1,
    "total": 10.000332483,
    "slowest": 0.003936085,
    "fastest": 0.000034705,
    "average": 0.0006498409966500627,
    "requestsPerSec": 76745.34834763454,
    "totalData": 9977227,
    "sizePerRequest": 13,
    "sizePerSec": 997689.528519249
  },
  "responseTimeHistogram": {
    "0.000034705": 1,
    "0.000424843": 112213,
    "0.000814981": 494184,
    "0.0012051190000000002": 139225,
    "0.001595257": 19281,
    "0.001985395": 2540,
    "0.002375533": 15,
    "0.002765671": 14,
    "0.003155809": 4,
    "0.003545947": 0,
    "0.003936085": 2
  },
  "latencyPercentiles": {
    "p10": 0.000390192,
    "p25": 0.000481611,
    "p50": 0.000608291,
    "p75": 0.000780287,
    "p90": 0.000964793,
    "p95": 0.001089174,
    "p99": 0.001432527
  },
  "rps": {
    "mean": 76761.49471628947,
    "stddev": 10776.999244288363,
    "max": 99508.37240953436,
    "percentiles": {
      "p10": 62878.13236727854,
      "p25": 67354.1594796335,
      "p50": 76575.26546760174,
      "p75": 85866.7184402248,
      "p90": 91840.62636709056,
      "p95": 93774.54138295153,
      "p99": 96678.23202535551
    }
  },
  "details": {
    "DNSDialup": {
      "average": 0.0010129158000000001,
      "fastest": 0.000100318,
      "slowest": 0.00220292
    },
    "DNSLookup": {
      "average": 0.0000504546,
      "fastest": 0.000005259,
      "slowest": 0.002021569
    }
  },
  "statusCodeDistribution": {
    "200": 767479
  },
  "errorDistribution": {}
}