{
  "summary": {
    "successRate": 1,
    "total": 10.000193342,
    "slowest": 0.003794137,
    "fastest": 0.000034054,
    "average": 0.000655732011543681,
    "requestsPerSec": 76066.12932224246,
    "totalData": 9888788,
    "sizePerRequest": 13,
    "sizePerSec": 988859.6811891521
  },
  "responseTimeHistogram": {
    "0.000034054": 1,
    "0.0004100623": 94122,
    "0.0007860706": 475243,
    "0.0011620788999999999": 163521,
    "0.0015380872": 23363,
    "0.0019140955": 4333,
    "0.0022901037999999998": 74,
    "0.0026661121": 0,
    "0.0030421204": 7,
    "0.0034181286999999997": 10,
    "0.003794137": 2
  },
  "latencyPercentiles": {
    "p10": 0.000390526,
    "p25": 0.000485186,
    "p50": 0.000613202,
    "p75": 0.000787268,
    "p90": 0.000981098,
    "p95": 0.001100402,
    "p99": 0.001448378
  },
  "rps": {
    "mean": 76080.63679092613,
    "stddev": 10690.735630437153,
    "max": 99456.2612722452,
    "percentiles": {
      "p10": 62415.157592645846,
      "p25": 67032.48878083391,
      "p50": 75747.85982236432,
      "p75": 84568.4327758027,
      "p90": 91377.69306193049,
      "p95": 93939.44517302739,
      "p99": 95943.82714023581
    }
  },
  "details": {
    "DNSDialup": {
      "average": 0.0007899931,
      "fastest": 0.000079861,
      "slowest": 0.001477456
    },
    "DNSLookup": {
      "average": 0.00000688238,
      "fastest": 0.000003717,
      "slowest": 0.000020659
    }
  },
  "statusCodeDistribution": {
    "200": 760676
  },
  "errorDistribution": {}
}