{
  "summary": {
    "successRate": 1,
    "total": 10.000396055,
    "slowest": 0.0031294,
    "fastest": 0.000033593,
    "average": 0.0006369921384127375,
    "requestsPerSec": 78310.49847355271,
    "totalData": 10180768,
    "sizePerRequest": 13,
    "sizePerSec": 1018036.4801561852
  },
  "responseTimeHistogram": {
    "0.000033593": 1,
    "0.00034317369999999997": 49217,
    "0.0006527543999999999": 416791,
    "0.0009623351": 246710,
    "0.0012719157999999998": 55577,
    "0.0015814965": 13044,
    "0.0018910771999999998": 1746,
    "0.0022006579": 35,
    "0.0025102386": 7,
    "0.0028198193": 7,
    "0.0031294": 1
  },
  "latencyPercentiles": {
    "p10": 0.000383196,
    "p25": 0.000476141,
    "p50": 0.000600825,
    "p75": 0.000757447,
    "p90": 0.00094171,
    "p95": 0.001062206,
    "p99": 0.001392534
  },
  "rps": {
    "mean": 78325.69697839994,
    "stddev": 10099.852378703736,
    "max": 100834.39461200216,
    "percentiles": {
      "p10": 65439.62369214738,
      "p25": 70139.39995743537,
      "p50": 77369.08969395733,
      "p75": 85908.89157028255,
      "p90": 92830.54124807662,
      "p95": 95673.31446087013,
      "p99": 98528.34660531838
    }
  },
  "details": {
    "DNSDialup": {
      "average": 0.0007929983999999998,
      "fastest": 0.000082054,
      "slowest": 0.001874024
    },
    "DNSLookup": {
      "average": 0.000008656920000000003,
      "fastest": 0.000003697,
      "slowest": 0.000027642
    }
  },
  "statusCodeDistribution": {
    "200": 783136
  },
  "errorDistribution": {}
}