{
  "summary": {
    "successRate": 1,
    "total": 10.000394439,
    "slowest": 0.004974525,
    "fastest": 0.000036759,
    "average": 0.0006676364620721733,
    "requestsPerSec": 74713.95299030964,
    "totalData": 9713197,
    "sizePerRequest": 13,
    "sizePerSec": 971281.3888740253
  },
  "responseTimeHistogram": {
    "0.000036759": 1,
    "0.0005305356": 239749,
    "0.0010243122": 447047,
    "0.0015180888": 54740,
    "0.0020118654": 5544,
    "0.0025056419999999998": 62,
    "0.0029994186": 14,
    "0.0034931952000000002": 4,
    "0.0039869718": 5,
    "0.0044807484": 2,
    "0.004974525": 1
  },
  "latencyPercentiles": {
    "p10": 0.000398285,
    "p25": 0.000492877,
    "p50": 0.000625855,
    "p75": 0.000805358,
    "p90": 0.000986387,
    "p95": 0.001115528,
    "p99": 0.001469039
  },
  "rps": {
    "mean": 74704.84573179997,
    "stddev": 10733.929183930311,
    "max": 97903.9311142245,
    "percentiles": {
      "p10": 61131.73277094642,
      "p25": 66056.44523245124,
      "p50": 73712.65646311597,
      "p75": 83466.83837370799,
      "p90": 90597.58265627616,
      "p95": 92779.91544004342,
      "p99": 95227.27309102209
    }
  },
  "details": {
    "DNSDialup": {
      "average": 0.0010699885999999998,
      "fastest": 0.000092102,
      "slowest": 0.001827009
    },
    "DNSLookup": {
      "average": 0.000013227239999999999,
      "fastest": 0.000004368,
      "slowest": 0.000130242
    }
  },
  "statusCodeDistribution": {
    "200": 747169
  },
  "errorDistribution": {}
}