{
  "summary": {
    "successRate": 1,
    "total": 10.000693559,
    "slowest": 0.00385078,
    "fastest": 0.000034689,
    "average": 0.0006148944198725684,
    "requestsPerSec": 81105.1748776017,
    "totalData": 10544404,
    "sizePerRequest": 13,
    "sizePerSec": 1054367.2734088222
  },
  "responseTimeHistogram": {
    "0.000034689": 1,
    "0.0004162981": 126192,
    "0.0007979071999999999": 540820,
    "0.0011795163": 126347,
    "0.0015611254": 15399,
    "0.0019427345": 2293,
    "0.0023243435999999998": 43,
    "0.0027059527": 6,
    "0.0030875618": 4,
    "0.0034691708999999996": 0,
    "0.00385078": 3
  },
  "latencyPercentiles": {
    "p10": 0.000375209,
    "p25": 0.00046566,
    "p50": 0.000577382,
    "p75": 0.000723708,
    "p90": 0.000913571,
    "p95": 0.001034889,
    "p99": 0.001344355
  },
  "rps": {
    "mean": 81104.9125084842,
    "stddev": 9347.415894937352,
    "max": 97267.78223214405,
    "percentiles": {
      "p10": 67208.93878885976,
      "p25": 74784.1920434025,
      "p50": 82769.89036304598,
      "p75": 88587.61314940135,
      "p90": 92237.06085105034,
      "p95": 93869.50920453486,
      "p99": 96025.77331756077
    }
  },
  "details": {
    "DNSDialup": {
      "average": 0.0008805950999999999,
      "fastest": 0.000102721,
      "slowest": 0.002364993
    },
    "DNSLookup": {
      "average": 0.000008055600000000003,
      "fastest": 0.000003677,
      "slowest": 0.000030638
    }
  },
  "statusCodeDistribution": {
    "200": 811108
  },
  "errorDistribution": {}
}