{
  "summary": {
    "successRate": 1,
    "total": 10.000591232,
    "slowest": 0.004978774,
    "fastest": 0.000034054,
    "average": 0.000643910856692026,
    "requestsPerSec": 77469.81973635376,
    "totalData": 10071672,
    "sizePerRequest": 13,
    "sizePerSec": 1007107.656572599
  },
  "responseTimeHistogram": {
    "0.000034054": 1,
    "0.000528526": 269943,
    "0.0010229979999999998": 450266,
    "0.0015174699999999997": 50235,
    "0.0020119419999999996": 4251,
    "0.0025064139999999998": 33,
    "0.0030008859999999995": 5,
    "0.003495357999999999": 8,
    "0.00398983": 1,
    "0.004484302": 0,
    "0.004978774": 1
  },
  "latencyPercentiles": {
    "p10": 0.000387536,
    "p25": 0.000479396,
    "p50": 0.000603995,
    "p75": 0.00076886,
    "p90": 0.000958717,
    "p95": 0.001081128,
    "p99": 0.001420181
  },
  "rps": {
    "mean": 77483.46677039565,
    "stddev": 10545.292797763457,
    "max": 100092.08055227046,
    "percentiles": {
      "p10": 63785.453371881005,
      "p25": 68581.78287369397,
      "p50": 77414.74750940023,
      "p75": 85770.10467378344,
      "p90": 92533.33205009173,
      "p95": 94405.47697005613,
      "p99": 96818.07932955366
    }
  },
  "details": {
    "DNSDialup": {
      "average": 0.00070041186,
      "fastest": 0.000092583,
      "slowest": 0.001762963
    },
    "DNSLookup": {
      "average": 0.000007456259999999997,
      "fastest": 0.000003857,
      "slowest": 0.000026209
    }
  },
  "statusCodeDistribution": {
    "200": 774744
  },
  "errorDistribution": {}
}