{
  "summary": {
    "successRate": 1,
    "total": 10.000361009,
    "slowest": 0.003743186,
    "fastest": 0.00003243,
    "average": 0.0006487963656567513,
    "requestsPerSec": 76881.62450416194,
    "totalData": 9994972,
    "sizePerRequest": 13,
    "sizePerSec": 999461.1185541052
  },
  "responseTimeHistogram": {
    "0.00003243": 1,
    "0.0004035056": 89825,
    "0.0007745812": 489113,
    "0.0011456568": 161625,
    "0.0015167324": 24375,
    "0.001887808": 3836,
    "0.0022588836": 63,
    "0.0026299592": 5,
    "0.0030010348": 0,
    "0.0033721104": 0,
    "0.003743186": 1
  },
  "latencyPercentiles": {
    "p10": 0.000389399,
    "p25": 0.000483121,
    "p50": 0.000612108,
    "p75": 0.000772293,
    "p90": 0.000963853,
    "p95": 0.00108491,
    "p99": 0.00141788
  },
  "rps": {
    "mean": 76881.6268690828,
    "stddev": 9720.666349347843,
    "max": 98242.85353271177,
    "percentiles": {
      "p10": 64628.88911343172,
      "p25": 68767.77093282803,
      "p50": 76000.40546918308,
      "p75": 84974.59730508158,
      "p90": 91202.77450568919,
      "p95": 93329.18403584423,
      "p99": 96001.6037915054
    }
  },
  "details": {
    "DNSDialup": {
      "average": 0.00093506044,
      "fastest": 0.00011291,
      "slowest": 0.002044144
    },
    "DNSLookup": {
      "average": 0.00000829024,
      "fastest": 0.000003847,
      "slowest": 0.000032982
    }
  },
  "statusCodeDistribution": {
    "200": 768844
  },
  "errorDistribution": {}
}