{
  "summary": {
    "successRate": 1,
    "total": 10.000371874,
    "slowest": 0.003702465,
    "fastest": 0.000033372,
    "average": 0.0006355346814583913,
    "requestsPerSec": 78486.9812732326,
    "totalData": 10203687,
    "sizePerRequest": 13,
    "sizePerSec": 1020330.7565520237
  },
  "responseTimeHistogram": {
    "0.000033372": 1,
    "0.0004002813": 95879,
    "0.0007671906": 495173,
    "0.0011340999": 166867,
    "0.0015010092": 22172,
    "0.0018679185": 4708,
    "0.0022348278": 71,
    "0.0026017371": 12,
    "0.0029686464": 2,
    "0.0033355557": 6,
    "0.003702465": 8
  },
  "latencyPercentiles": {
    "p10": 0.000382162,
    "p25": 0.000473094,
    "p50": 0.000596933,
    "p75": 0.000764592,
    "p90": 0.000932748,
    "p95": 0.001054032,
    "p99": 0.001415986
  },
  "rps": {
    "mean": 78486.31603284935,
    "stddev": 11303.46751169643,
    "max": 100105.20146626986,
    "percentiles": {
      "p10": 63444.13808686893,
      "p25": 68917.23620076908,
      "p50": 78006.35751813886,
      "p75": 88460.36535331668,
      "p90": 94083.61358026575,
      "p95": 96098.22923537157,
      "p99": 98550.05357221271
    }
  },
  "details": {
    "DNSDialup": {
      "average": 0.00098949308,
      "fastest": 0.000204161,
      "slowest": 0.001564596
    },
    "DNSLookup": {
      "average": 0.00001006026,
      "fastest": 0.000004358,
      "slowest": 0.000120875
    }
  },
  "statusCodeDistribution": {
    "200": 784899
  },
  "errorDistribution": {}
}