{
  "summary": {
    "successRate": 1,
    "total": 10.001095504,
    "slowest": 0.004262294,
    "fastest": 0.000029583,
    "average": 0.0006181563651202797,
    "requestsPerSec": 80679.36154367114,
    "totalData": 10489466,
    "sizePerRequest": 13,
    "sizePerSec": 1048831.7000677248
  },
  "responseTimeHistogram": {
    "0.000029583": 1,
    "0.0004528541": 189502,
    "0.0008761252": 503837,
    "0.0012993962999999999": 104218,
    "0.0017226674": 8613,
    "0.0021459385": 605,
    "0.0025692096": 49,
    "0.0029924807000000003": 37,
    "0.0034157518": 18,
    "0.0038390229": 1,
    "0.004262294": 1
  },
  "latencyPercentiles": {
    "p10": 0.00038734,
    "p25": 0.000458473,
    "p50": 0.000561423,
    "p75": 0.000749198,
    "p90": 0.000930891,
    "p95": 0.00103682,
    "p99": 0.001331981
  },
  "rps": {
    "mean": 80683.71570797515,
    "stddev": 10202.371755850141,
    "max": 98366.19060966208,
    "percentiles": {
      "p10": 64139.91052482488,
      "p25": 73605.35110902581,
      "p50": 84098.62409004086,
      "p75": 87902.06569854495,
      "p90": 91078.40981746398,
      "p95": 92851.8234303234,
      "p99": 95794.55868850905
    }
  },
  "details": {
    "DNSDialup": {
      "average": 0.0006034639399999999,
      "fastest": 0.000095432,
      "slowest": 0.001094207
    },
    "DNSLookup": {
      "average": 0.00001052298,
      "fastest": 0.000003797,
      "slowest": 0.000075863
    }
  },
  "statusCodeDistribution": {
    "200": 806882
  },
  "errorDistribution": {}
}