{
  "summary": {
    "successRate": 1,
    "total": 10.00063484,
    "slowest": 0.006368158,
    "fastest": 0.000034293,
    "average": 0.0006533672804537894,
    "requestsPerSec": 76356.75256791998,
    "totalData": 9927008,
    "sizePerRequest": 13,
    "sizePerSec": 992637.7833829597
  },
  "responseTimeHistogram": {
    "0.000034293": 1,
    "0.0006676795": 453061,
    "0.0013010659999999998": 296600,
    "0.0019344524999999999": 13884,
    "0.0025678389999999997": 38,
    "0.0032012254999999996": 14,
    "0.003834612": 16,
    "0.0044679985": 0,
    "0.005101385": 0,
    "0.0057347715": 0,
    "0.006368158": 2
  },
  "latencyPercentiles": {
    "p10": 0.000396455,
    "p25": 0.000490514,
    "p50": 0.000615695,
    "p75": 0.000780862,
    "p90": 0.000953512,
    "p95": 0.001079337,
    "p99": 0.00142066
  },
  "rps": {
    "mean": 76338.82449063749,
    "stddev": 10360.94244357545,
    "max": 100028.48506557917,
    "percentiles": {
      "p10": 63272.33926548396,
      "p25": 67397.78070023851,
      "p50": 75506.61921227153,
      "p75": 84898.58803161823,
      "p90": 91148.9469845347,
      "p95": 93351.24049590473,
      "p99": 96638.43310485204
    }
  },
  "details": {
    "DNSDialup": {
      "average": 0.0009236845600000002,
      "fastest": 0.000164997,
      "slowest": 0.001589335
    },
    "DNSLookup": {
      "average": 0.00001106446,
      "fastest": 0.000003897,
      "slowest": 0.000175095
    }
  },
  "statusCodeDistribution": {
    "200": 763616
  },
  "errorDistribution": {}
}