{
  "summary": {
    "successRate": 1,
    "total": 10.000432733,
    "slowest": 0.004471647,
    "fastest": 0.000033453,
    "average": 0.0006447534514066182,
    "requestsPerSec": 77370.35192954984,
    "totalData": 10058581,
    "sizePerRequest": 13,
    "sizePerSec": 1005814.575084148
  },
  "responseTimeHistogram": {
    "0.000033453": 1,
    "0.00047727239999999997": 189875,
    "0.0009210917999999999": 491745,
    "0.0013649111999999998": 82259,
    "0.0018087305999999997": 9740,
    "0.00225255": 99,
    "0.0026963694": 6,
    "0.0031401887999999998": 3,
    "0.0035840081999999997": 1,
    "0.0040278276": 7,
    "0.004471647": 1
  },
  "latencyPercentiles": {
    "p10": 0.00038572,
    "p25": 0.000479605,
    "p50": 0.000607569,
    "p75": 0.000771834,
    "p90": 0.000953178,
    "p95": 0.001071859,
    "p99": 0.001408432
  },
  "rps": {
    "mean": 77361.81993190979,
    "stddev": 10710.416994952693,
    "max": 99375.47721766401,
    "percentiles": {
      "p10": 63730.917697767865,
      "p25": 67804.58358984595,
      "p50": 76276.06248951594,
      "p75": 86528.96124332843,
      "p90": 92601.47236341923,
      "p95": 95194.6254116528,
      "p99": 97582.81853809212
    }
  },
  "details": {
    "DNSDialup": {
      "average": 0.0008920129200000001,
      "fastest": 0.000091172,
      "slowest": 0.002154491
    },
    "DNSLookup": {
      "average": 0.000049714880000000006,
      "fastest": 0.000003647,
      "slowest": 0.002051442
    }
  },
  "statusCodeDistribution": {
    "200": 773737
  },
  "errorDistribution": {}
}