{
  "summary": {
    "successRate": 1,
    "total": 10.00084758,
    "slowest": 0.003945166,
    "fastest": 0.000032641,
    "average": 0.0006136863107493902,
    "requestsPerSec": 81258.912657081,
    "totalData": 10564554,
    "sizePerRequest": 13,
    "sizePerSec": 1056365.864542053
  },
  "responseTimeHistogram": {
    "0.000032641": 1,
    "0.0004238935": 140342,
    "0.000815146": 539668,
    "0.0012063984999999998": 115948,
    "0.0015976509999999998": 14437,
    "0.0019889035": 2209,
    "0.0023801559999999996": 30,
    "0.0027714084999999997": 7,
    "0.0031626609999999998": 10,
    "0.0035539135": 5,
    "0.003945166": 1
  },
  "latencyPercentiles": {
    "p10": 0.000372802,
    "p25": 0.000462882,
    "p50": 0.000574856,
    "p75": 0.000722075,
    "p90": 0.000911981,
    "p95": 0.001039001,
    "p99": 0.001365139
  },
  "rps": {
    "mean": 81269.33975225377,
    "stddev": 9443.230200133188,
    "max": 98224.92080360983,
    "percentiles": {
      "p10": 66910.0632735184,
      "p25": 74869.17162765961,
      "p50": 82931.256790687,
      "p75": 88772.07404692331,
      "p90": 92660.99696981379,
      "p95": 93817.49696318345,
      "p99": 96298.70896533864
    }
  },
  "details": {
    "DNSDialup": {
      "average": 0.0008641748200000001,
      "fastest": 0.000127067,
      "slowest": 0.001996792
    },
    "DNSLookup": {
      "average": 0.0000076127000000000025,
      "fastest": 0.000003667,
      "slowest": 0.000028563
    }
  },
  "statusCodeDistribution": {
    "200": 812658
  },
  "errorDistribution": {}
}