{
  "summary": {
    "successRate": 1,
    "total": 10.000312951,
    "slowest": 0.003366424,
    "fastest": 0.000035366,
    "average": 0.0006433956762276073,
    "requestsPerSec": 77528.27374492033,
    "totalData": 10078991,
    "sizePerRequest": 13,
    "sizePerSec": 1007867.5586839643
  },
  "responseTimeHistogram": {
    "0.000035366": 1,
    "0.00036847179999999994": 65035,
    "0.0007015775999999999": 445060,
    "0.0010346833999999997": 215372,
    "0.0013677891999999997": 39739,
    "0.0017008949999999998": 9431,
    "0.0020340007999999996": 614,
    "0.0023671065999999992": 25,
    "0.0027002123999999997": 14,
    "0.0030333181999999993": 4,
    "0.003366424": 12
  },
  "latencyPercentiles": {
    "p10": 0.000384009,
    "p25": 0.000476541,
    "p50": 0.000602789,
    "p75": 0.000773629,
    "p90": 0.000957223,
    "p95": 0.001077105,
    "p99": 0.001418286
  },
  "rps": {
    "mean": 77546.43827398343,
    "stddev": 10725.676881634816,
    "max": 100282.09790149065,
    "percentiles": {
      "p10": 63650.99717894326,
      "p25": 68526.75393675298,
      "p50": 77002.87990770226,
      "p75": 86349.11537682725,
      "p90": 92135.54982089873,
      "p95": 94934.59416611165,
      "p99": 98043.55981127844
    }
  },
  "details": {
    "DNSDialup": {
      "average": 0.001052981020000001,
      "fastest": 0.000213903,
      "slowest": 0.001558969
    },
    "DNSLookup": {
      "average": 0.00000897596,
      "fastest": 0.000004569,
      "slowest": 0.000024887
    }
  },
  "statusCodeDistribution": {
    "200": 775307
  },
  "errorDistribution": {}
}