{
  "summary": {
    "successRate": 1,
    "total": 10.000298819,
    "slowest": 0.003601238,
    "fastest": 0.00003691,
    "average": 0.0006493501723362357,
    "requestsPerSec": 76808.60481295185,
    "totalData": 9985417,
    "sizePerRequest": 13,
    "sizePerSec": 998511.862568374
  },
  "responseTimeHistogram": {
    "0.00003691": 1,
    "0.00039334280000000003": 81851,
    "0.0007497756": 469707,
    "0.0011062084": 180941,
    "0.0014626412": 29545,
    "0.0018190740000000002": 5817,
    "0.0021755067999999996": 156,
    "0.0025319395999999997": 18,
    "0.0028883724": 21,
    "0.0032448052": 32,
    "0.003601238": 20
  },
  "latencyPercentiles": {
    "p10": 0.000387481,
    "p25": 0.000482146,
    "p50": 0.000609989,
    "p75": 0.000774009,
    "p90": 0.000968956,
    "p95": 0.00109275,
    "p99": 0.001423195
  },
  "rps": {
    "mean": 76795.55371185626,
    "stddev": 10169.952503246255,
    "max": 98582.83542083169,
    "percentiles": {
      "p10": 64132.25353323528,
      "p25": 68522.05834252342,
      "p50": 75923.19453592962,
      "p75": 84975.77289669141,
      "p90": 91786.01267247715,
      "p95": 94004.30539718641,
      "p99": 97153.30802011404
    }
  },
  "details": {
    "DNSDialup": {
      "average": 0.00101009298,
      "fastest": 0.000108765,
      "slowest": 0.001487757
    },
    "DNSLookup": {
      "average": 0.000012153880000000001,
      "fastest": 0.000004238,
      "slowest": 0.000111039
    }
  },
  "statusCodeDistribution": {
    "200": 768109
  },
  "errorDistribution": {}
}