{
  "summary": {
    "successRate": 1,
    "total": 10.000351416,
    "slowest": 0.003205941,
    "fastest": 0.000038011,
    "average": 0.0006395831426617273,
    "requestsPerSec": 77991.5592518214,
    "totalData": 10139259,
    "sizePerRequest": 13,
    "sizePerSec": 1013890.270273678
  },
  "responseTimeHistogram": {
    "0.000038011": 1,
    "0.000354804": 55278,
    "0.000671597": 429053,
    "0.00098839": 235224,
    "0.001305183": 48040,
    "0.001621976": 11157,
    "0.001938769": 1148,
    "0.002255562": 23,
    "0.002572355": 15,
    "0.0028891480000000002": 3,
    "0.0032059410000000003": 1
  },
  "latencyPercentiles": {
    "p10": 0.000385819,
    "p25": 0.000478519,
    "p50": 0.000603029,
    "p75": 0.000763081,
    "p90": 0.000944137,
    "p95": 0.001065132,
    "p99": 0.001391405
  },
  "rps": {
    "mean": 78004.57074407645,
    "stddev": 10115.764090872322,
    "max": 99855.96927077971,
    "percentiles": {
      "p10": 64724.502119601966,
      "p25": 69764.44875861355,
      "p50": 77343.64261306345,
      "p75": 86093.8602103247,
      "p90": 92301.44913275144,
      "p95": 94212.24759218987,
      "p99": 97324.24346905069
    }
  },
  "details": {
    "DNSDialup": {
      "average": 0.0008542605200000002,
      "fastest": 0.000090849,
      "slowest": 0.001606705
    },
    "DNSLookup": {
      "average": 0.000008711,
      "fastest": 0.000004799,
      "slowest": 0.000031268
    }
  },
  "statusCodeDistribution": {
    "200": 779943
  },
  "errorDistribution": {}
}