{
  "summary": {
    "successRate": 1,
    "total": 10.000738789,
    "slowest": 0.004147093,
    "fastest": 0.000033282,
    "average": 0.0006105493841444886,
    "requestsPerSec": 81691.86469489739,
    "totalData": 10620727,
    "sizePerRequest": 13,
    "sizePerSec": 1061994.241033666
  },
  "responseTimeHistogram": {
    "0.000033282": 1,
    "0.0004446631": 176195,
    "0.0008560442000000001": 534101,
    "0.0012674253": 95359,
    "0.0016788064": 10539,
    "0.0020901875": 735,
    "0.0025015686000000002": 23,
    "0.0029129497": 19,
    "0.0033243308": 5,
    "0.0037357119000000004": 0,
    "0.004147093": 2
  },
  "latencyPercentiles": {
    "p10": 0.000371897,
    "p25": 0.000460755,
    "p50": 0.000571916,
    "p75": 0.000720899,
    "p90": 0.000908962,
    "p95": 0.001026144,
    "p99": 0.001336242
  },
  "rps": {
    "mean": 81686.39337344393,
    "stddev": 9946.789442485937,
    "max": 98748.66177499024,
    "percentiles": {
      "p10": 67217.5975670438,
      "p25": 74687.1748705085,
      "p50": 83324.14733790008,
      "p75": 89542.3095926359,
      "p90": 93671.8088086359,
      "p95": 95343.21908120546,
      "p99": 96843.91974914481
    }
  },
  "details": {
    "DNSDialup": {
      "average": 0.00075836916,
      "fastest": 0.000131184,
      "slowest": 0.001174589
    },
    "DNSLookup": {
      "average": 0.0000068015,
      "fastest": 0.000003276,
      "slowest": 0.000033452
    }
  },
  "statusCodeDistribution": {
    "200": 816979
  },
  "errorDistribution": {}
}