{
  "summary": {
    "successRate": 1,
    "total": 10.000790523,
    "slowest": 0.003143502,
    "fastest": 0.000033253,
    "average": 0.0006123743356910019,
    "requestsPerSec": 81444.36163589066,
    "totalData": 10588604,
    "sizePerRequest": 13,
    "sizePerSec": 1058776.7012665786
  },
  "responseTimeHistogram": {
    "0.000033253": 1,
    "0.0003442779": 59120,
    "0.0006553028": 477620,
    "0.0009663277": 217831,
    "0.0012773526": 48564,
    "0.0015883775": 9356,
    "0.0018994024": 1915,
    "0.0022104273": 77,
    "0.0025214522": 20,
    "0.0028324771": 2,
    "0.003143502": 2
  },
  "latencyPercentiles": {
    "p10": 0.000371404,
    "p25": 0.000461264,
    "p50": 0.000574703,
    "p75": 0.000725105,
    "p90": 0.000908157,
    "p95": 0.001031908,
    "p99": 0.001351895
  },
  "rps": {
    "mean": 81448.69658734322,
    "stddev": 9717.190261162268,
    "max": 100262.92169767135,
    "percentiles": {
      "p10": 67958.56400231978,
      "p25": 74305.06688259257,
      "p50": 82183.79132439027,
      "p75": 89304.26874405207,
      "p90": 93601.47890335802,
      "p95": 95279.359988028,
      "p99": 97279.33129467026
    }
  },
  "details": {
    "DNSDialup": {
      "average": 0.0008168684799999999,
      "fastest": 0.000082684,
      "slowest": 0.001938141
    },
    "DNSLookup": {
      "average": 0.0000070215400000000016,
      "fastest": 0.000004107,
      "slowest": 0.000026349
    }
  },
  "statusCodeDistribution": {
    "200": 814508
  },
  "errorDistribution": {}
}