{
  "summary": {
    "successRate": 1,
    "total": 10.000652428,
    "slowest": 0.003916595,
    "fastest": 0.000033491,
    "average": 0.0006160641881739369,
    "requestsPerSec": 80948.01872460396,
    "totalData": 10523929,
    "sizePerRequest": 13,
    "sizePerSec": 1052324.2434198514
  },
  "responseTimeHistogram": {
    "0.000033491": 1,
    "0.00042180140000000005": 132698,
    "0.0008101118": 545105,
    "0.0011984222000000003": 115353,
    "0.0015867326000000002": 14537,
    "0.001975043": 1795,
    "0.0023633534000000005": 33,
    "0.0027516638000000004": 3,
    "0.0031399742000000003": 7,
    "0.0035282846000000002": 0,
    "0.003916595": 1
  },
  "latencyPercentiles": {
    "p10": 0.000375802,
    "p25": 0.000466582,
    "p50": 0.0005796,
    "p75": 0.000725292,
    "p90": 0.000913618,
    "p95": 0.001039777,
    "p99": 0.001346306
  },
  "rps": {
    "mean": 80945.42328944383,
    "stddev": 9111.546138276502,
    "max": 97900.00477463099,
    "percentiles": {
      "p10": 67226.33927972818,
      "p25": 75108.49255847638,
      "p50": 82192.72160924756,
      "p75": 88120.59378276663,
      "p90": 91844.3332596678,
      "p95": 93421.95415922874,
      "p99": 95819.98804949492
    }
  },
  "details": {
    "DNSDialup": {
      "average": 0.0008620222199999998,
      "fastest": 0.000095149,
      "slowest": 0.002069095
    },
    "DNSLookup": {
      "average": 0.000010954399999999998,
      "fastest": 0.000004258,
      "slowest": 0.000059461
    }
  },
  "statusCodeDistribution": {
    "200": 809533
  },
  "errorDistribution": {}
}