{
  "summary": {
    "successRate": 1,
    "total": 10.000610029,
    "slowest": 0.004084005,
    "fastest": 0.000034412,
    "average": 0.0006200302268744844,
    "requestsPerSec": 80428.99359814642,
    "totalData": 10456407,
    "sizePerRequest": 13,
    "sizePerSec": 1045576.9167759035
  },
  "responseTimeHistogram": {
    "0.000034412": 1,
    "0.00043937129999999997": 155822,
    "0.0008443306": 530854,
    "0.0012492898999999999": 103926,
    "0.0016542491999999998": 12225,
    "0.0020592085": 1468,
    "0.0024641678": 16,
    "0.0028691271": 14,
    "0.0032740864": 11,
    "0.0036790457": 1,
    "0.004084005": 1
  },
  "latencyPercentiles": {
    "p10": 0.000377512,
    "p25": 0.000466883,
    "p50": 0.00058074,
    "p75": 0.000730059,
    "p90": 0.000925158,
    "p95": 0.001053629,
    "p99": 0.001363104
  },
  "rps": {
    "mean": 80430.79651453323,
    "stddev": 9285.430070497594,
    "max": 97047.44649658947,
    "percentiles": {
      "p10": 67032.63003928939,
      "p25": 73971.35097617058,
      "p50": 81764.2748964965,
      "p75": 87908.47437693027,
      "p90": 91327.25205201235,
      "p95": 93090.40976944259,
      "p99": 95811.9764970616
    }
  },
  "details": {
    "DNSDialup": {
      "average": 0.0007864570200000002,
      "fastest": 0.000088072,
      "slowest": 0.001723047
    },
    "DNSLookup": {
      "average": 0.00003148772,
      "fastest": 0.000003877,
      "slowest": 0.001182827
    }
  },
  "statusCodeDistribution": {
    "200": 804339
  },
  "errorDistribution": {}
}