{
  "summary": {
    "successRate": 1,
    "total": 10.000428301,
    "slowest": 0.003975055,
    "fastest": 0.000036007,
    "average": 0.0006465421024613949,
    "requestsPerSec": 77155.49542241551,
    "totalData": 10030644,
    "sizePerRequest": 13,
    "sizePerSec": 1003021.4404914017
  },
  "responseTimeHistogram": {
    "0.000036007": 1,
    "0.0004299118": 121726,
    "0.0008238166": 501648,
    "0.0012177214": 128572,
    "0.0016116262": 18222,
    "0.0020055309999999996": 1364,
    "0.0023994358": 27,
    "0.0027933406": 15,
    "0.0031872453999999997": 5,
    "0.0035811501999999996": 7,
    "0.003975055": 1
  },
  "latencyPercentiles": {
    "p10": 0.000387867,
    "p25": 0.000480908,
    "p50": 0.000609358,
    "p75": 0.000772845,
    "p90": 0.000957393,
    "p95": 0.001077503,
    "p99": 0.001405305
  },
  "rps": {
    "mean": 77151.01684554535,
    "stddev": 10292.971682538104,
    "max": 99380.90011417566,
    "percentiles": {
      "p10": 64300.495113809025,
      "p25": 68607.29922799348,
      "p50": 76125.12890505158,
      "p75": 85295.90671751091,
      "p90": 91880.57926801994,
      "p95": 94504.47951233221,
      "p99": 97560.12630584116
    }
  },
  "details": {
    "DNSDialup": {
      "average": 0.0010774671800000003,
      "fastest": 0.000105638,
      "slowest": 0.001942202
    },
    "DNSLookup": {
      "average": 0.000029748319999999996,
      "fastest": 0.000004288,
      "slowest": 0.001061489
    }
  },
  "statusCodeDistribution": {
    "200": 771588
  },
  "errorDistribution": {}
}