{
  "summary": {
    "successRate": 1,
    "total": 10.000506614,
    "slowest": 0.004535928,
    "fastest": 0.000035266,
    "average": 0.0006518941138217788,
    "requestsPerSec": 76528.92293762349,
    "totalData": 9949264,
    "sizePerRequest": 13,
    "sizePerSec": 994875.9981891053
  },
  "responseTimeHistogram": {
    "0.000035266": 1,
    "0.0004853322": 194475,
    "0.0009353984": 484021,
    "0.0013854646": 77305,
    "0.0018355308": 9397,
    "0.002285597": 106,
    "0.0027356632000000002": 12,
    "0.0031857294": 5,
    "0.0036357956": 3,
    "0.0040858618": 2,
    "0.004535928": 1
  },
  "latencyPercentiles": {
    "p10": 0.000390009,
    "p25": 0.000483081,
    "p50": 0.000612945,
    "p75": 0.000785167,
    "p90": 0.000956848,
    "p95": 0.001084176,
    "p99": 0.001424322
  },
  "rps": {
    "mean": 76519.8731246993,
    "stddev": 10816.791770773969,
    "max": 99571.57204598538,
    "percentiles": {
      "p10": 63653.01659752491,
      "p25": 67399.0834529372,
      "p50": 74845.60342616655,
      "p75": 85345.79655443203,
      "p90": 93028.9878326088,
      "p95": 95533.19778623039,
      "p99": 98203.59160440521
    }
  },
  "details": {
    "DNSDialup": {
      "average": 0.0009998605999999995,
      "fastest": 0.000192459,
      "slowest": 0.00179214
    },
    "DNSLookup": {
      "average": 0.0000094668,
      "fastest": 0.000004588,
      "slowest": 0.000027111
    }
  },
  "statusCodeDistribution": {
    "200": 765328
  },
  "errorDistribution": {}
}