{
  "summary": {
    "successRate": 1,
    "total": 10.000439762,
    "slowest": 0.006881544,
    "fastest": 0.000032163,
    "average": 0.0006370254516358966,
    "requestsPerSec": 78314.9560058317,
    "totalData": 10181392,
    "sizePerRequest": 13,
    "sizePerSec": 1018094.4280758122
  },
  "responseTimeHistogram": {
    "0.000032163": 1,
    "0.0007171011": 535856,
    "0.0014020392": 240265,
    "0.0020869773": 6862,
    "0.0027719154": 84,
    "0.0034568535": 89,
    "0.0041417916": 16,
    "0.0048267297": 10,
    "0.0055116678": 0,
    "0.0061966059": 0,
    "0.006881544": 1
  },
  "latencyPercentiles": {
    "p10": 0.000391646,
    "p25": 0.000467601,
    "p50": 0.000590577,
    "p75": 0.000773311,
    "p90": 0.00094533,
    "p95": 0.001055955,
    "p99": 0.001381973
  },
  "rps": {
    "mean": 78310.9675276162,
    "stddev": 10750.343972217011,
    "max": 98832.98056561568,
    "percentiles": {
      "p10": 64298.03052818125,
      "p25": 68959.60533022152,
      "p50": 78824.42769014071,
      "p75": 88443.3903072002,
      "p90": 90848.85851610384,
      "p95": 93814.51310518032,
      "p99": 96511.70687003683
    }
  },
  "details": {
    "DNSDialup": {
      "average": 0.0006981080800000001,
      "fastest": 0.000140923,
      "slowest": 0.001283773
    },
    "DNSLookup": {
      "average": 0.000008444780000000003,
      "fastest": 0.000004208,
      "slowest": 0.000033071
    }
  },
  "statusCodeDistribution": {
    "200": 783184
  },
  "errorDistribution": {}
}