{
  "summary": {
    "successRate": 1,
    "total": 10.000560052,
    "slowest": 0.003602039,
    "fastest": 0.000034454,
    "average": 0.0006643832514794025,
    "requestsPerSec": 75077.09529226273,
    "totalData": 9760569,
    "sizePerRequest": 13,
    "sizePerSec": 976002.2387994155
  },
  "responseTimeHistogram": {
    "0.000034454": 1,
    "0.0003912125": 72755,
    "0.0007479709999999999": 438238,
    "0.0011047295": 202406,
    "0.001461488": 30194,
    "0.0018182464999999999": 6976,
    "0.0021750050000000003": 211,
    "0.0025317635": 23,
    "0.002888522": 7,
    "0.0032452805000000003": 0,
    "0.003602039": 2
  },
  "latencyPercentiles": {
    "p10": 0.000393941,
    "p25": 0.000490616,
    "p50": 0.00062712,
    "p75": 0.00079894,
    "p90": 0.000979918,
    "p95": 0.001103889,
    "p99": 0.001454243
  },
  "rps": {
    "mean": 75071.05992276811,
    "stddev": 10174.440959043875,
    "max": 98229.49831834492,
    "percentiles": {
      "p10": 62505.05665908152,
      "p25": 66459.81801253902,
      "p50": 73903.57693313228,
      "p75": 82833.42721793544,
      "p90": 89642.29323394783,
      "p95": 93043.34257357234,
      "p99": 96644.25869943437
    }
  },
  "details": {
    "DNSDialup": {
      "average": 0.0009667104200000001,
      "fastest": 0.000089316,
      "slowest": 0.001844159
    },
    "DNSLookup": {
      "average": 0.000012116199999999998,
      "fastest": 0.000004489,
      "slowest": 0.00019314
    }
  },
  "statusCodeDistribution": {
    "200": 750813
  },
  "errorDistribution": {}
}