{
  "summary": {
    "successRate": 1,
    "total": 10.001432852,
    "slowest": 0.003658668,
    "fastest": 0.000035407,
    "average": 0.0006030861043603822,
    "requestsPerSec": 82701.55009185478,
    "totalData": 10752742,
    "sizePerRequest": 13,
    "sizePerSec": 1075120.1511941121
  },
  "responseTimeHistogram": {
    "0.000035407": 1,
    "0.0003977331": 112052,
    "0.0007600592": 557720,
    "0.0011223853": 135412,
    "0.0014847114": 18878,
    "0.0018470375000000001": 2936,
    "0.0022093635999999995": 114,
    "0.0025716896999999996": 3,
    "0.0029340157999999997": 16,
    "0.0032963419": 0,
    "0.003658668": 2
  },
  "latencyPercentiles": {
    "p10": 0.000370803,
    "p25": 0.000459247,
    "p50": 0.000569474,
    "p75": 0.000704335,
    "p90": 0.0008889,
    "p95": 0.001014213,
    "p99": 0.001306767
  },
  "rps": {
    "mean": 82692.43512387658,
    "stddev": 9139.401167773818,
    "max": 98891.71999206317,
    "percentiles": {
      "p10": 69404.30306679013,
      "p25": 76883.9863804941,
      "p50": 84170.72866329607,
      "p75": 89704.31528987376,
      "p90": 93813.78124446451,
      "p95": 94999.40010938633,
      "p99": 96800.16456028253
    }
  },
  "details": {
    "DNSDialup": {
      "average": 0.0007860332599999998,
      "fastest": 0.000102259,
      "slowest": 0.001690265
    },
    "DNSLookup": {
      "average": 0.0000070406,
      "fastest": 0.000003316,
      "slowest": 0.000034274
    }
  },
  "statusCodeDistribution": {
    "200": 827134
  },
  "errorDistribution": {}
}