{
  "summary": {
    "successRate": 1,
    "total": 10.000165869,
    "slowest": 0.002978718,
    "fastest": 0.000033243,
    "average": 0.0006439859395149888,
    "requestsPerSec": 77462.51513700768,
    "totalData": 10070294,
    "sizePerRequest": 13,
    "sizePerSec": 1007012.6967810998
  },
  "responseTimeHistogram": {
    "0.000033243": 1,
    "0.0003277905": 38445,
    "0.000622338": 375396,
    "0.0009168854999999999": 266239,
    "0.001211433": 74242,
    "0.0015059805": 15852,
    "0.001800528": 4262,
    "0.0020950755000000002": 171,
    "0.002389623": 22,
    "0.0026841704999999998": 6,
    "0.002978718": 2
  },
  "latencyPercentiles": {
    "p10": 0.000386576,
    "p25": 0.000479051,
    "p50": 0.000604092,
    "p75": 0.000771265,
    "p90": 0.000955382,
    "p95": 0.001077342,
    "p99": 0.00141796
  },
  "rps": {
    "mean": 77454.8984919448,
    "stddev": 10994.238919751348,
    "max": 99307.84531978321,
    "percentiles": {
      "p10": 63417.959966262795,
      "p25": 68184.41912932172,
      "p50": 75828.14740831824,
      "p75": 86877.09473387392,
      "p90": 93456.98072114751,
      "p95": 95134.30543053965,
      "p99": 97603.26856712079
    }
  },
  "details": {
    "DNSDialup": {
      "average": 0.0011182577,
      "fastest": 0.00010661,
      "slowest": 0.001994705
    },
    "DNSLookup": {
      "average": 0.000021295740000000003,
      "fastest": 0.000004759,
      "slowest": 0.000478851
    }
  },
  "statusCodeDistribution": {
    "200": 774638
  },
  "errorDistribution": {}
}