{
  "summary": {
    "successRate": 1,
    "total": 10.001953632,
    "slowest": 0.002981382,
    "fastest": 0.000033863,
    "average": 0.0006166344060792956,
    "requestsPerSec": 80884.89806748187,
    "totalData": 10517091,
    "sizePerRequest": 13,
    "sizePerSec": 1051503.6748772643
  },
  "responseTimeHistogram": {
    "0.000033863": 1,
    "0.00032861489999999995": 43395,
    "0.0006233667999999999": 439410,
    "0.0009181186999999999": 246020,
    "0.0012128706": 65523,
    "0.0015076225": 11154,
    "0.0018023744": 3249,
    "0.0020971262999999996": 218,
    "0.0023918781999999997": 12,
    "0.0026866300999999998": 10,
    "0.002981382": 15
  },
  "latencyPercentiles": {
    "p10": 0.000380049,
    "p25": 0.000465804,
    "p50": 0.000576865,
    "p75": 0.000727833,
    "p90": 0.00091647,
    "p95": 0.001038304,
    "p99": 0.001338696
  },
  "rps": {
    "mean": 80887.23922551239,
    "stddev": 9262.128782874406,
    "max": 96884.33213031675,
    "percentiles": {
      "p10": 67732.70134821093,
      "p25": 74768.47580653723,
      "p50": 82607.16627680922,
      "p75": 87900.22854059938,
      "p90": 91934.69615432715,
      "p95": 93432.71182388665,
      "p99": 95244.54587410479
    }
  },
  "details": {
    "DNSDialup": {
      "average": 0.0008380446799999999,
      "fastest": 0.00012911,
      "slowest": 0.001363329
    },
    "DNSLookup": {
      "average": 0.000007942940000000001,
      "fastest": 0.000004048,
      "slowest": 0.00003229
    }
  },
  "statusCodeDistribution": {
    "200": 809007
  },
  "errorDistribution": {}
}