{
  "summary": {
    "successRate": 1,
    "total": 10.000641752,
    "slowest": 0.003647587,
    "fastest": 0.000033422,
    "average": 0.0006239516123000989,
    "requestsPerSec": 79912.87157548407,
    "totalData": 10389340,
    "sizePerRequest": 13,
    "sizePerSec": 1038867.3304812929
  },
  "responseTimeHistogram": {
    "0.000033422": 1,
    "0.0003948385": 94684,
    "0.000756255": 522172,
    "0.0011176715": 155074,
    "0.001479088": 22908,
    "0.0018405045": 4085,
    "0.002201921": 235,
    "0.0025633375": 14,
    "0.002924754": 3,
    "0.0032861705": 3,
    "0.003647587": 1
  },
  "latencyPercentiles": {
    "p10": 0.000379403,
    "p25": 0.000471253,
    "p50": 0.000587229,
    "p75": 0.000736206,
    "p90": 0.000923789,
    "p95": 0.001053562,
    "p99": 0.001357537
  },
  "rps": {
    "mean": 79905.12992671618,
    "stddev": 8773.40274050213,
    "max": 95416.06806585904,
    "percentiles": {
      "p10": 67229.89040927697,
      "p25": 74039.53269616593,
      "p50": 80982.18882343831,
      "p75": 87021.95461180052,
      "p90": 90537.22890852962,
      "p95": 92115.9084173765,
      "p99": 94055.5302247813
    }
  },
  "details": {
    "DNSDialup": {
      "average": 0.0008793211999999998,
      "fastest": 0.000166714,
      "slowest": 0.002031341
    },
    "DNSLookup": {
      "average": 0.00000722576,
      "fastest": 0.000003837,
      "slowest": 0.000033984
    }
  },
  "statusCodeDistribution": {
    "200": 799180
  },
  "errorDistribution": {}
}