{
  "summary": {
    "successRate": 1,
    "total": 10.000559831,
    "slowest": 0.004291016,
    "fastest": 0.000035686,
    "average": 0.0006466467243126901,
    "requestsPerSec": 77150.48087691402,
    "totalData": 10030124,
    "sizePerRequest": 13,
    "sizePerSec": 1002956.2513998823
  },
  "responseTimeHistogram": {
    "0.000035686": 1,
    "0.00046121899999999996": 164271,
    "0.000886752": 497471,
    "0.0013122849999999998": 96735,
    "0.001737818": 12658,
    "0.002163351": 366,
    "0.0025888839999999996": 33,
    "0.0030144169999999997": 8,
    "0.0034399499999999998": 1,
    "0.003865483": 3,
    "0.004291016": 1
  },
  "latencyPercentiles": {
    "p10": 0.000387454,
    "p25": 0.000480561,
    "p50": 0.000607387,
    "p75": 0.000778411,
    "p90": 0.000953084,
    "p95": 0.001075387,
    "p99": 0.001413568
  },
  "rps": {
    "mean": 77149.09726451267,
    "stddev": 10349.092979231822,
    "max": 99195.82177971481,
    "percentiles": {
      "p10": 63737.94319758726,
      "p25": 68671.01703583232,
      "p50": 76601.28690162006,
      "p75": 85819.8501313332,
      "p90": 91528.05334834938,
      "p95": 94031.26990833491,
      "p99": 96700.51251271785
    }
  },
  "details": {
    "DNSDialup": {
      "average": 0.0010047118400000003,
      "fastest": 0.000128142,
      "slowest": 0.00141242
    },
    "DNSLookup": {
      "average": 0.000008514200000000002,
      "fastest": 0.000004609,
      "slowest": 0.000029164
    }
  },
  "statusCodeDistribution": {
    "200": 771548
  },
  "errorDistribution": {}
}