{
  "summary": {
    "successRate": 1,
    "total": 10.000372182,
    "slowest": 0.004576471,
    "fastest": 0.000031188,
    "average": 0.0006446351015465702,
    "requestsPerSec": 77394.1195301805,
    "totalData": 10061610,
    "sizePerRequest": 13,
    "sizePerSec": 1006123.5538923466
  },
  "responseTimeHistogram": {
    "0.000031188": 1,
    "0.00048571630000000007": 204624,
    "0.0009402446000000001": 488438,
    "0.0013947729": 72117,
    "0.0018493012": 8645,
    "0.0023038295000000005": 115,
    "0.0027583578": 15,
    "0.0032128861000000003": 6,
    "0.0036674144000000005": 7,
    "0.0041219427": 1,
    "0.004576471": 1
  },
  "latencyPercentiles": {
    "p10": 0.000386987,
    "p25": 0.000478464,
    "p50": 0.000606227,
    "p75": 0.00077448,
    "p90": 0.00094802,
    "p95": 0.001071673,
    "p99": 0.001416161
  },
  "rps": {
    "mean": 77398.84574724024,
    "stddev": 10811.451046494483,
    "max": 102018.49595331756,
    "percentiles": {
      "p10": 64122.30815100194,
      "p25": 68327.67659332778,
      "p50": 76193.68775846792,
      "p75": 85628.03461853591,
      "p90": 93537.7424790914,
      "p95": 95966.79028150342,
      "p99": 98602.64953368428
    }
  },
  "details": {
    "DNSDialup": {
      "average": 0.00080266298,
      "fastest": 0.000102762,
      "slowest": 0.001763757
    },
    "DNSLookup": {
      "average": 0.00000745646,
      "fastest": 0.000003447,
      "slowest": 0.000034385
    }
  },
  "statusCodeDistribution": {
    "200": 773970
  },
  "errorDistribution": {}
}