{
  "summary": {
    "successRate": 1,
    "total": 10.000680833,
    "slowest": 0.004620273,
    "fastest": 0.000033693,
    "average": 0.0006075473936410232,
    "requestsPerSec": 82080.11171513006,
    "totalData": 10671141,
    "sizePerRequest": 13,
    "sizePerSec": 1067041.4522966908
  },
  "responseTimeHistogram": {
    "0.000033693": 1,
    "0.000492351": 266527,
    "0.0009510090000000002": 488953,
    "0.0014096670000000003": 60077,
    "0.0018683250000000003": 5158,
    "0.0023269830000000003": 109,
    "0.0027856410000000006": 24,
    "0.0032442990000000004": 4,
    "0.0037029570000000006": 2,
    "0.0041616150000000005": 1,
    "0.004620273": 1
  },
  "latencyPercentiles": {
    "p10": 0.000370327,
    "p25": 0.000459535,
    "p50": 0.000569473,
    "p75": 0.000713582,
    "p90": 0.000904533,
    "p95": 0.001032386,
    "p99": 0.001320451
  },
  "rps": {
    "mean": 82085.74078990579,
    "stddev": 9168.283243757774,
    "max": 98500.53950066918,
    "percentiles": {
      "p10": 69493.95066691734,
      "p25": 75723.46670233061,
      "p50": 83429.95969852972,
      "p75": 89543.73315927674,
      "p90": 92978.66345734538,
      "p95": 94078.20721365385,
      "p99": 96317.43021091327
    }
  },
  "details": {
    "DNSDialup": {
      "average": 0.00078129996,
      "fastest": 0.000094797,
      "slowest": 0.001565401
    },
    "DNSLookup": {
      "average": 0.00002722338,
      "fastest": 0.000004459,
      "slowest": 0.000999044
    }
  },
  "statusCodeDistribution": {
    "200": 820857
  },
  "errorDistribution": {}
}