{
  "summary": {
    "successRate": 1,
    "total": 10.000357189,
    "slowest": 0.004024199,
    "fastest": 0.000038522,
    "average": 0.0006313660905896727,
    "requestsPerSec": 79005.07802551851,
    "totalData": 10271027,
    "sizePerRequest": 13,
    "sizePerSec": 1027066.0143317406
  },
  "responseTimeHistogram": {
    "0.000038522": 1,
    "0.00043708969999999996": 135195,
    "0.0008356574": 534628,
    "0.0012342250999999999": 105638,
    "0.0016327928": 13767,
    "0.0020313605": 768,
    "0.0024299281999999997": 34,
    "0.0028284958999999998": 16,
    "0.0032270636": 23,
    "0.0036256313": 6,
    "0.004024199": 3
  },
  "latencyPercentiles": {
    "p10": 0.000385671,
    "p25": 0.00048035,
    "p50": 0.000599856,
    "p75": 0.000744797,
    "p90": 0.000920609,
    "p95": 0.001041995,
    "p99": 0.00135419
  },
  "rps": {
    "mean": 78989.20401496119,
    "stddev": 9007.985843133874,
    "max": 101101.61762588331,
    "percentiles": {
      "p10": 67582.07166783368,
      "p25": 72621.28480775784,
      "p50": 78740.0787000612,
      "p75": 84998.6324130539,
      "p90": 91598.69481947923,
      "p95": 94805.32805943774,
      "p99": 98025.34935534456
    }
  },
  "details": {
    "DNSDialup": {
      "average": 0.0009407771199999998,
      "fastest": 0.000094818,
      "slowest": 0.002002467
    },
    "DNSLookup": {
      "average": 0.000021763840000000003,
      "fastest": 0.000002795,
      "slowest": 0.000784914
    }
  },
  "statusCodeDistribution": {
    "200": 790079
  },
  "errorDistribution": {}
}