{
  "summary": {
    "successRate": 1,
    "total": 10.000960453,
    "slowest": 0.003296241,
    "fastest": 0.000032751,
    "average": 0.0006165560730696788,
    "requestsPerSec": 80878.03204514882,
    "totalData": 10515154,
    "sizePerRequest": 13,
    "sizePerSec": 1051414.4165869346
  },
  "responseTimeHistogram": {
    "0.000032751": 1,
    "0.0003591": 68104,
    "0.000685449": 495356,
    "0.0010117979999999997": 196842,
    "0.0013381469999999998": 39898,
    "0.001664496": 7639,
    "0.0019908449999999998": 943,
    "0.002317194": 30,
    "0.002643543": 23,
    "0.002969892": 6,
    "0.003296241": 16
  },
  "latencyPercentiles": {
    "p10": 0.000373804,
    "p25": 0.000464102,
    "p50": 0.00057886,
    "p75": 0.000728859,
    "p90": 0.000917329,
    "p95": 0.001041132,
    "p99": 0.001351304
  },
  "rps": {
    "mean": 80886.13074956581,
    "stddev": 9448.244044509802,
    "max": 99210.04997805932,
    "percentiles": {
      "p10": 66541.16902127408,
      "p25": 74710.44409662599,
      "p50": 82124.35808460822,
      "p75": 88204.1808781689,
      "p90": 92339.56605243041,
      "p95": 94343.06761035997,
      "p99": 96108.57385588618
    }
  },
  "details": {
    "DNSDialup": {
      "average": 0.0007142851800000003,
      "fastest": 0.000153705,
      "slowest": 0.001049564
    },
    "DNSLookup": {
      "average": 0.000007763600000000003,
      "fastest": 0.000003657,
      "slowest": 0.000030326
    }
  },
  "statusCodeDistribution": {
    "200": 808858
  },
  "errorDistribution": {}
}