{
  "summary": {
    "successRate": 1,
    "total": 10.001314172,
    "slowest": 0.004265092,
    "fastest": 0.000032831,
    "average": 0.0006108456301963393,
    "requestsPerSec": 81654.76915887049,
    "totalData": 10616515,
    "sizePerRequest": 13,
    "sizePerSec": 1061511.9990653163
  },
  "responseTimeHistogram": {
    "0.000032831": 1,
    "0.0004560571": 211311,
    "0.0008792832": 500593,
    "0.0013025093": 96129,
    "0.0017257354": 7969,
    "0.0021489615": 532,
    "0.0025721876": 62,
    "0.0029954137": 43,
    "0.0034186398": 13,
    "0.0038418659": 1,
    "0.004265092": 1
  },
  "latencyPercentiles": {
    "p10": 0.000382478,
    "p25": 0.000452827,
    "p50": 0.000556076,
    "p75": 0.000739579,
    "p90": 0.000915592,
    "p95": 0.001023144,
    "p99": 0.001313472
  },
  "rps": {
    "mean": 81659.56235503023,
    "stddev": 9015.250428719917,
    "max": 97525.1270031714,
    "percentiles": {
      "p10": 67546.50576922213,
      "p25": 75625.09240565574,
      "p50": 84788.15679025784,
      "p75": 88011.80238270861,
      "p90": 90404.82761779468,
      "p95": 92175.44560222734,
      "p99": 95245.82276533173
    }
  },
  "details": {
    "DNSDialup": {
      "average": 0.0006320285,
      "fastest": 0.000081883,
      "slowest": 0.000914225
    },
    "DNSLookup": {
      "average": 0.000006843340000000002,
      "fastest": 0.000003256,
      "slowest": 0.000027361
    }
  },
  "statusCodeDistribution": {
    "200": 816655
  },
  "errorDistribution": {}
}