{
  "summary": {
    "successRate": 1,
    "total": 10.000315134,
    "slowest": 0.004637026,
    "fastest": 0.000037097,
    "average": 0.0006108863988861218,
    "requestsPerSec": 81658.82665273217,
    "totalData": 10615982,
    "sizePerRequest": 13,
    "sizePerSec": 1061564.7464855183
  },
  "responseTimeHistogram": {
    "0.000037097": 1,
    "0.0004970899": 270251,
    "0.0009570828": 484997,
    "0.0014170756999999999": 56663,
    "0.0018770686": 4626,
    "0.0023370615": 51,
    "0.0027970543999999995": 10,
    "0.0032570472999999996": 11,
    "0.0037170401999999996": 1,
    "0.0041770331": 1,
    "0.004637026": 2
  },
  "latencyPercentiles": {
    "p10": 0.000372175,
    "p25": 0.000459731,
    "p50": 0.000575029,
    "p75": 0.000724607,
    "p90": 0.000902381,
    "p95": 0.001022065,
    "p99": 0.001330613
  },
  "rps": {
    "mean": 81648.97047851745,
    "stddev": 9981.817228584923,
    "max": 101979.07799649611,
    "percentiles": {
      "p10": 68119.4604657856,
      "p25": 73565.4806343089,
      "p50": 82055.36713585118,
      "p75": 89723.417812049,
      "p90": 94703.1192501659,
      "p95": 97170.91533401165,
      "p99": 100053.20829617325
    }
  },
  "details": {
    "DNSDialup": {
      "average": 0.0009484889000000002,
      "fastest": 0.00010774,
      "slowest": 0.001612921
    },
    "DNSLookup": {
      "average": 0.000007077019999999999,
      "fastest": 0.000003898,
      "slowest": 0.000028754
    }
  },
  "statusCodeDistribution": {
    "200": 816614
  },
  "errorDistribution": {}
}