{
  "summary": {
    "successRate": 1,
    "total": 10.000348004,
    "slowest": 0.004792335,
    "fastest": 0.000033903,
    "average": 0.0006576001723795217,
    "requestsPerSec": 75846.86049891589,
    "totalData": 9860435,
    "sizePerRequest": 13,
    "sizePerSec": 986009.1864859067
  },
  "responseTimeHistogram": {
    "0.000033903": 1,
    "0.0005097462": 220845,
    "0.0009855894": 469072,
    "0.0014614326000000001": 61404,
    "0.0019372758": 7040,
    "0.002413119": 107,
    "0.0028889622": 15,
    "0.0033648054": 4,
    "0.0038406486": 6,
    "0.0043164918": 0,
    "0.004792335": 1
  },
  "latencyPercentiles": {
    "p10": 0.000393894,
    "p25": 0.000488363,
    "p50": 0.000618001,
    "p75": 0.000790618,
    "p90": 0.000967763,
    "p95": 0.001092701,
    "p99": 0.00145048
  },
  "rps": {
    "mean": 75862.47721067417,
    "stddev": 10886.69223029702,
    "max": 98617.48488006843,
    "percentiles": {
      "p10": 62304.236688092504,
      "p25": 66516.98165459686,
      "p50": 74776.32419410557,
      "p75": 85003.07883176387,
      "p90": 91809.08909981653,
      "p95": 93845.16533446043,
      "p99": 96352.38271287223
    }
  },
  "details": {
    "DNSDialup": {
      "average": 0.0010163987799999999,
      "fastest": 0.000134792,
      "slowest": 0.001658839
    },
    "DNSLookup": {
      "average": 0.000028063059999999996,
      "fastest": 0.000003858,
      "slowest": 0.000616361
    }
  },
  "statusCodeDistribution": {
    "200": 758495
  },
  "errorDistribution": {}
}