{
  "summary": {
    "successRate": 1,
    "total": 10.000454447,
    "slowest": 0.005552994,
    "fastest": 0.000035577,
    "average": 0.0006432346821783372,
    "requestsPerSec": 77557.27543288514,
    "totalData": 10082904,
    "sizePerRequest": 13,
    "sizePerSec": 1008244.5806275068
  },
  "responseTimeHistogram": {
    "0.000035577": 1,
    "0.0005873187": 359895,
    "0.0011390604": 388554,
    "0.0016908021000000002": 26442,
    "0.0022425438000000003": 675,
    "0.0027942855000000003": 24,
    "0.0033460272000000006": 8,
    "0.0038977689000000005": 3,
    "0.0044495106000000005": 4,
    "0.005001252300000001": 1,
    "0.005552994": 1
  },
  "latencyPercentiles": {
    "p10": 0.000389548,
    "p25": 0.000479887,
    "p50": 0.000605494,
    "p75": 0.000769928,
    "p90": 0.00094704,
    "p95": 0.001068155,
    "p99": 0.001410315
  },
  "rps": {
    "mean": 77548.97821450999,
    "stddev": 10461.593443494306,
    "max": 99660.42117980875,
    "percentiles": {
      "p10": 64039.84380692127,
      "p25": 68823.14522373892,
      "p50": 76850.64057833672,
      "p75": 86201.97402520191,
      "p90": 92471.51616818874,
      "p95": 94335.394640067,
      "p99": 96666.11654247933
    }
  },
  "details": {
    "DNSDialup": {
      "average": 0.0010599922399999997,
      "fastest": 0.000147826,
      "slowest": 0.001945866
    },
    "DNSLookup": {
      "average": 0.000011760540000000001,
      "fastest": 0.000004078,
      "slowest": 0.000066604
    }
  },
  "statusCodeDistribution": {
    "200": 775608
  },
  "errorDistribution": {}
}