{
  "summary": {
    "successRate": 1,
    "total": 10.000393914,
    "slowest": 0.00416686,
    "fastest": 0.000033734,
    "average": 0.0006643432558751061,
    "requestsPerSec": 75093.4419641902,
    "totalData": 9762532,
    "sizePerRequest": 13,
    "sizePerSec": 976214.7455344727
  },
  "responseTimeHistogram": {
    "0.000033734": 1,
    "0.0004470466": 126177,
    "0.0008603592": 488175,
    "0.0012736718": 119138,
    "0.0016869844": 16499,
    "0.002100297": 932,
    "0.0025136095999999998": 33,
    "0.0029269222": 3,
    "0.0033402348": 3,
    "0.0037535474": 2,
    "0.00416686": 1
  },
  "latencyPercentiles": {
    "p10": 0.000398032,
    "p25": 0.000492887,
    "p50": 0.000626439,
    "p75": 0.000796235,
    "p90": 0.000982859,
    "p95": 0.001103924,
    "p99": 0.001442074
  },
  "rps": {
    "mean": 75091.23213603164,
    "stddev": 9827.632076919952,
    "max": 97674.51588817054,
    "percentiles": {
      "p10": 62811.86164440408,
      "p25": 66846.49173500258,
      "p50": 74295.61102182453,
      "p75": 82611.2186034845,
      "p90": 89580.04873154407,
      "p95": 92113.33801134513,
      "p99": 95128.08861807956
    }
  },
  "details": {
    "DNSDialup": {
      "average": 0.0009676152799999999,
      "fastest": 0.000145641,
      "slowest": 0.001513567
    },
    "DNSLookup": {
      "average": 0.00000912296,
      "fastest": 0.000003907,
      "slowest": 0.000032301
    }
  },
  "statusCodeDistribution": {
    "200": 750964
  },
  "errorDistribution": {}
}