{
  "summary": {
    "successRate": 1,
    "total": 10.00081612,
    "slowest": 0.003738422,
    "fastest": 0.000033513,
    "average": 0.0006190687882892111,
    "requestsPerSec": 80558.52545762036,
    "totalData": 10473463,
    "sizePerRequest": 13,
    "sizePerSec": 1047260.8309490646
  },
  "responseTimeHistogram": {
    "0.000033513": 1,
    "0.0004040039": 109096,
    "0.0007744948": 534475,
    "0.0011449856999999999": 140421,
    "0.0015154766": 18801,
    "0.0018859675": 2722,
    "0.0022564584": 74,
    "0.0026269493": 46,
    "0.0029974402": 8,
    "0.0033679311000000003": 1,
    "0.0037384220000000004": 6
  },
  "latencyPercentiles": {
    "p10": 0.00037573,
    "p25": 0.000468251,
    "p50": 0.000584786,
    "p75": 0.000730437,
    "p90": 0.000914299,
    "p95": 0.001039364,
    "p99": 0.001339591
  },
  "rps": {
    "mean": 80562.76558012608,
    "stddev": 8730.60145053851,
    "max": 97423.80328668328,
    "percentiles": {
      "p10": 68250.19119060351,
      "p25": 74756.57016053978,
      "p50": 81558.4493850437,
      "p75": 87610.96889331224,
      "p90": 91380.13766538506,
      "p95": 92873.89566347923,
      "p99": 95579.34041047932
    }
  },
  "details": {
    "DNSDialup": {
      "average": 0.0008659605399999999,
      "fastest": 0.000090678,
      "slowest": 0.001351629
    },
    "DNSLookup": {
      "average": 0.000008538940000000003,
      "fastest": 0.000003778,
      "slowest": 0.000031448
    }
  },
  "statusCodeDistribution": {
    "200": 805651
  },
  "errorDistribution": {}
}