{
  "summary": {
    "successRate": 1,
    "total": 10.00061505,
    "slowest": 0.003528286,
    "fastest": 0.000032489,
    "average": 0.0006152173608826698,
    "requestsPerSec": 81066.51400405618,
    "totalData": 10539295,
    "sizePerRequest": 13,
    "sizePerSec": 1053864.6820527303
  },
  "responseTimeHistogram": {
    "0.000032489": 1,
    "0.00038206869999999997": 87164,
    "0.0007316483999999999": 528283,
    "0.0010812280999999999": 163391,
    "0.0014308077999999997": 26334,
    "0.0017803874999999995": 5137,
    "0.0021299672": 362,
    "0.0024795469": 22,
    "0.0028291265999999997": 16,
    "0.0031787062999999996": 3,
    "0.0035282859999999994": 2
  },
  "latencyPercentiles": {
    "p10": 0.000375631,
    "p25": 0.000464148,
    "p50": 0.000575997,
    "p75": 0.00072319,
    "p90": 0.000918737,
    "p95": 0.001040815,
    "p99": 0.001355642
  },
  "rps": {
    "mean": 81057.26409281681,
    "stddev": 9711.476708419461,
    "max": 98917.7773786874,
    "percentiles": {
      "p10": 66308.10134526133,
      "p25": 74507.68919352727,
      "p50": 82700.01654000276,
      "p75": 88620.25859111155,
      "p90": 92453.97463038999,
      "p95": 94021.43688761571,
      "p99": 96575.54536881743
    }
  },
  "details": {
    "DNSDialup": {
      "average": 0.00099138416,
      "fastest": 0.000150822,
      "slowest": 0.002293918
    },
    "DNSLookup": {
      "average": 0.00000770568,
      "fastest": 0.000003406,
      "slowest": 0.000028743
    }
  },
  "statusCodeDistribution": {
    "200": 810715
  },
  "errorDistribution": {}
}