{
  "summary": {
    "successRate": 1,
    "total": 10.002578092,
    "slowest": 0.003626796,
    "fastest": 0.000033473,
    "average": 0.0006276375732551322,
    "requestsPerSec": 79457.9150184954,
    "totalData": 10332192,
    "sizePerRequest": 13,
    "sizePerSec": 1032952.8952404404
  },
  "responseTimeHistogram": {
    "0.000033473": 1,
    "0.00039280529999999997": 88151,
    "0.0007521375999999999": 504882,
    "0.0011114698999999998": 173946,
    "0.0014708021999999999": 22963,
    "0.0018301345": 4560,
    "0.0021894667999999996": 245,
    "0.0025487990999999996": 21,
    "0.0029081313999999997": 2,
    "0.0032674636999999998": 8,
    "0.003626796": 5
  },
  "latencyPercentiles": {
    "p10": 0.0003845,
    "p25": 0.000465812,
    "p50": 0.000581525,
    "p75": 0.000755822,
    "p90": 0.000937265,
    "p95": 0.001051476,
    "p99": 0.001374325
  },
  "rps": {
    "mean": 79443.58991277553,
    "stddev": 9990.281584488375,
    "max": 98141.9101854721,
    "percentiles": {
      "p10": 64456.46161492144,
      "p25": 71772.16821087943,
      "p50": 81406.79746758874,
      "p75": 87419.5382668061,
      "p90": 91115.00664159525,
      "p95": 92815.37022530938,
      "p99": 95394.33923370655
    }
  },
  "details": {
    "DNSDialup": {
      "average": 0.0008128950999999998,
      "fastest": 0.000084158,
      "slowest": 0.001537228
    },
    "DNSLookup": {
      "average": 0.00000690906,
      "fastest": 0.000003657,
      "slowest": 0.000029575
    }
  },
  "statusCodeDistribution": {
    "200": 794784
  },
  "errorDistribution": {}
}