{
  "summary": {
    "successRate": 1,
    "total": 10.000185633,
    "slowest": 0.008184391,
    "fastest": 0.00003125,
    "average": 0.0006149158805161038,
    "requestsPerSec": 81115.6942250334,
    "totalData": 10545236,
    "sizePerRequest": 13,
    "sizePerSec": 1054504.0249254343
  },
  "responseTimeHistogram": {
    "0.00003125": 1,
    "0.0008465641": 688532,
    "0.0016618782": 121726,
    "0.0024771923": 759,
    "0.0032925064": 69,
    "0.0041078205": 81,
    "0.0049231346": 2,
    "0.0057384487": 1,
    "0.0065537628": 0,
    "0.0073690768999999995": 0,
    "0.008184391": 1
  },
  "latencyPercentiles": {
    "p10": 0.000379257,
    "p25": 0.000456644,
    "p50": 0.000564232,
    "p75": 0.00074066,
    "p90": 0.000923261,
    "p95": 0.001029239,
    "p99": 0.001352781
  },
  "rps": {
    "mean": 81104.16866163453,
    "stddev": 11013.306613009667,
    "max": 104411.95489646404,
    "percentiles": {
      "p10": 65564.1726884112,
      "p25": 71776.87024175486,
      "p50": 82065.1925889911,
      "p75": 90453.53944999755,
      "p90": 94436.91313128694,
      "p95": 97519.37710022846,
      "p99": 100759.55275177695
    }
  },
  "details": {
    "DNSDialup": {
      "average": 0.0009702326599999999,
      "fastest": 0.000095087,
      "slowest": 0.002157269
    },
    "DNSLookup": {
      "average": 0.000008075660000000002,
      "fastest": 0.000004268,
      "slowest": 0.000030697
    }
  },
  "statusCodeDistribution": {
    "200": 811172
  },
  "errorDistribution": {}
}