{
  "summary": {
    "successRate": 1,
    "total": 10.000919072,
    "slowest": 0.00349749,
    "fastest": 0.000035316,
    "average": 0.0006106359660878348,
    "requestsPerSec": 81674.09356274811,
    "totalData": 10618608,
    "sizePerRequest": 13,
    "sizePerSec": 1061763.2163157254
  },
  "responseTimeHistogram": {
    "0.000035316": 1,
    "0.0003815334": 91807,
    "0.0007277507999999999": 526434,
    "0.0010739682": 167451,
    "0.0014201856": 25863,
    "0.001766403": 4930,
    "0.0021126204": 277,
    "0.0024588378": 21,
    "0.0028050552": 14,
    "0.0031512726": 1,
    "0.00349749": 17
  },
  "latencyPercentiles": {
    "p10": 0.000371122,
    "p25": 0.000460217,
    "p50": 0.000573759,
    "p75": 0.000721689,
    "p90": 0.000908704,
    "p95": 0.001032059,
    "p99": 0.001333641
  },
  "rps": {
    "mean": 81685.64017719703,
    "stddev": 9340.848895911577,
    "max": 100509.33910754489,
    "percentiles": {
      "p10": 68470.9104513476,
      "p25": 74905.09354636174,
      "p50": 82981.63850853122,
      "p75": 89206.7886366163,
      "p90": 92871.9010647523,
      "p95": 94524.0563723411,
      "p99": 97940.31223251208
    }
  },
  "details": {
    "DNSDialup": {
      "average": 0.00076937476,
      "fastest": 0.000124616,
      "slowest": 0.001077374
    },
    "DNSLookup": {
      "average": 0.000009069359999999999,
      "fastest": 0.000003306,
      "slowest": 0.000080539
    }
  },
  "statusCodeDistribution": {
    "200": 816816
  },
  "errorDistribution": {}
}