{
  "summary": {
    "successRate": 1,
    "total": 10.000364338,
    "slowest": 0.004099821,
    "fastest": 0.00003829,
    "average": 0.0006400578603656656,
    "requestsPerSec": 77932.86060974312,
    "totalData": 10131641,
    "sizePerRequest": 13,
    "sizePerSec": 1013127.1879266604
  },
  "responseTimeHistogram": {
    "0.00003829": 1,
    "0.0004444431": 147601,
    "0.0008505962": 505562,
    "0.0012567493": 110252,
    "0.0016629024": 14837,
    "0.0020690555": 1075,
    "0.0024752085999999998": 22,
    "0.0028813617": 4,
    "0.0032875148": 1,
    "0.0036936678999999997": 1,
    "0.004099821": 1
  },
  "latencyPercentiles": {
    "p10": 0.000383673,
    "p25": 0.000476445,
    "p50": 0.000600671,
    "p75": 0.000764636,
    "p90": 0.000953581,
    "p95": 0.001076519,
    "p99": 0.001405791
  },
  "rps": {
    "mean": 77936.09907219496,
    "stddev": 9785.045187307009,
    "max": 99475.58435394811,
    "percentiles": {
      "p10": 64995.393739394254,
      "p25": 70004.85133619634,
      "p50": 77606.27058667383,
      "p75": 85858.04003506358,
      "p90": 91812.51404566412,
      "p95": 94348.68392089423,
      "p99": 96563.23314203054
    }
  },
  "details": {
    "DNSDialup": {
      "average": 0.00102582696,
      "fastest": 0.000130473,
      "slowest": 0.001715696
    },
    "DNSLookup": {
      "average": 0.000008529379999999997,
      "fastest": 0.000004198,
      "slowest": 0.00003234
    }
  },
  "statusCodeDistribution": {
    "200": 779357
  },
  "errorDistribution": {}
}