{
  "summary": {
    "successRate": 1,
    "total": 10.000288665,
    "slowest": 0.011184208,
    "fastest": 0.000035076,
    "average": 0.0006195267485468319,
    "requestsPerSec": 80527.97543919699,
    "totalData": 10468939,
    "sizePerRequest": 13,
    "sizePerSec": 1046863.6807095609
  },
  "responseTimeHistogram": {
    "0.000035076": 1,
    "0.0011499892": 786432,
    "0.0022649024": 18837,
    "0.0033798156": 31,
    "0.0044947288": 1,
    "0.005609642": 0,
    "0.0067245552": 0,
    "0.0078394684": 0,
    "0.0089543816": 0,
    "0.0100692948": 0,
    "0.011184208": 1
  },
  "latencyPercentiles": {
    "p10": 0.000407428,
    "p25": 0.000478731,
    "p50": 0.000557559,
    "p75": 0.000725328,
    "p90": 0.000945189,
    "p95": 0.001033332,
    "p99": 0.001326217
  },
  "rps": {
    "mean": 80526.51493555662,
    "stddev": 9367.517157164808,
    "max": 99553.55139767665,
    "percentiles": {
      "p10": 66523.28980376034,
      "p25": 72981.71032287575,
      "p50": 84010.03919968111,
      "p75": 86563.49432308252,
      "p90": 90947.97875888615,
      "p95": 94068.2088582429,
      "p99": 96819.21861488781
    }
  },
  "details": {
    "DNSDialup": {
      "average": 0.00100354218,
      "fastest": 0.000426223,
      "slowest": 0.001430522
    },
    "DNSLookup": {
      "average": 0.000008549259999999999,
      "fastest": 0.000004138,
      "slowest": 0.000024044
    }
  },
  "statusCodeDistribution": {
    "200": 805303
  },
  "errorDistribution": {}
}