{
  "summary": {
    "successRate": 1,
    "total": 10.00039409,
    "slowest": 0.005425123,
    "fastest": 0.000033994,
    "average": 0.0006572139983795912,
    "requestsPerSec": 75902.6087540916,
    "totalData": 9867728,
    "sizePerRequest": 13,
    "sizePerSec": 986733.9138031909
  },
  "responseTimeHistogram": {
    "0.000033994": 1,
    "0.0005731069": 312506,
    "0.0011122198": 412175,
    "0.0016513327000000002": 32926,
    "0.0021904456": 1415,
    "0.0027295584999999997": 28,
    "0.0032686714": 0,
    "0.0038077843": 4,
    "0.0043468972": 0,
    "0.0048860101": 0,
    "0.005425123": 1
  },
  "latencyPercentiles": {
    "p10": 0.000393085,
    "p25": 0.000487592,
    "p50": 0.000619462,
    "p75": 0.000787977,
    "p90": 0.000969534,
    "p95": 0.001092684,
    "p99": 0.001441487
  },
  "rps": {
    "mean": 75907.93287838006,
    "stddev": 10392.497375165527,
    "max": 99135.21282760636,
    "percentiles": {
      "p10": 62951.273812525935,
      "p25": 67207.24259701655,
      "p50": 74613.84833025103,
      "p75": 84266.75548242216,
      "p90": 91037.35262578208,
      "p95": 93462.82571144692,
      "p99": 96582.46210614295
    }
  },
  "details": {
    "DNSDialup": {
      "average": 0.00083560774,
      "fastest": 0.000100118,
      "slowest": 0.001188122
    },
    "DNSLookup": {
      "average": 0.000007018260000000002,
      "fastest": 0.000003556,
      "slowest": 0.000029595
    }
  },
  "statusCodeDistribution": {
    "200": 759056
  },
  "errorDistribution": {}
}