{
  "summary": {
    "successRate": 1,
    "total": 10.000439139,
    "slowest": 0.004612846,
    "fastest": 0.000036929,
    "average": 0.0006496985098578421,
    "requestsPerSec": 76773.1285925083,
    "totalData": 9980945,
    "sizePerRequest": 13,
    "sizePerSec": 998050.671702608
  },
  "responseTimeHistogram": {
    "0.000036929": 1,
    "0.0004945207": 210021,
    "0.0009521124000000001": 475177,
    "0.0014097041000000002": 74128,
    "0.0018672958000000002": 8351,
    "0.0023248875": 77,
    "0.0027824792": 3,
    "0.0032400709": 2,
    "0.0036976626": 3,
    "0.0041552543": 1,
    "0.004612846": 1
  },
  "latencyPercentiles": {
    "p10": 0.000388287,
    "p25": 0.000482092,
    "p50": 0.000611425,
    "p75": 0.000776566,
    "p90": 0.000966033,
    "p95": 0.00108316,
    "p99": 0.001426671
  },
  "rps": {
    "mean": 76785.7154769637,
    "stddev": 10426.51666361935,
    "max": 100256.33539834728,
    "percentiles": {
      "p10": 63792.352188262266,
      "p25": 67850.26798851429,
      "p50": 75641.64072321693,
      "p75": 85142.18543685814,
      "p90": 92065.42864154268,
      "p95": 94410.5173316309,
      "p99": 97377.54173648522
    }
  },
  "details": {
    "DNSDialup": {
      "average": 0.0009828610800000004,
      "fastest": 0.000082334,
      "slowest": 0.001917149
    },
    "DNSLookup": {
      "average": 0.000040034600000000005,
      "fastest": 0.000004408,
      "slowest": 0.001591139
    }
  },
  "statusCodeDistribution": {
    "200": 767765
  },
  "errorDistribution": {}
}