{
  "summary": {
    "successRate": 1,
    "total": 10.000522612,
    "slowest": 0.005907085,
    "fastest": 0.000034024,
    "average": 0.0006533733538955488,
    "requestsPerSec": 76349.60987776826,
    "totalData": 9925968,
    "sizePerRequest": 13,
    "sizePerSec": 992544.9284109874
  },
  "responseTimeHistogram": {
    "0.000034024": 1,
    "0.0006213301": 390716,
    "0.0012086362": 350578,
    "0.0017959423": 21870,
    "0.0023832484000000003": 283,
    "0.0029705545000000004": 28,
    "0.0035578606": 8,
    "0.0041451667": 1,
    "0.0047324728": 3,
    "0.0053197789": 36,
    "0.005907085": 12
  },
  "latencyPercentiles": {
    "p10": 0.000389932,
    "p25": 0.000483838,
    "p50": 0.000614832,
    "p75": 0.000782295,
    "p90": 0.000963856,
    "p95": 0.001088761,
    "p99": 0.00144075
  },
  "rps": {
    "mean": 76357.713468999,
    "stddev": 10747.641633982572,
    "max": 98968.12966045417,
    "percentiles": {
      "p10": 63144.238853745985,
      "p25": 67486.37036038649,
      "p50": 75312.45668033708,
      "p75": 85038.60752781895,
      "p90": 92056.26478903797,
      "p95": 95016.89506637429,
      "p99": 97522.3911410071
    }
  },
  "details": {
    "DNSDialup": {
      "average": 0.0010787546600000003,
      "fastest": 0.000121919,
      "slowest": 0.001522494
    },
    "DNSLookup": {
      "average": 0.0000122271,
      "fastest": 0.000003417,
      "slowest": 0.000116398
    }
  },
  "statusCodeDistribution": {
    "200": 763536
  },
  "errorDistribution": {}
}