{
  "summary": {
    "successRate": 1,
    "total": 10.000409835,
    "slowest": 0.004205534,
    "fastest": 0.000030475,
    "average": 0.0006344354495513984,
    "requestsPerSec": 78628.27753798752,
    "totalData": 10222095,
    "sizePerRequest": 13,
    "sizePerSec": 1022167.6079938379
  },
  "responseTimeHistogram": {
    "0.000030475": 1,
    "0.00044798090000000004": 162548,
    "0.0008654868": 506538,
    "0.0012829927000000002": 103287,
    "0.0017004986000000001": 13483,
    "0.0021180045": 403,
    "0.0025355104": 43,
    "0.0029530163": 7,
    "0.0033705222": 1,
    "0.0037880281": 3,
    "0.004205534": 1
  },
  "latencyPercentiles": {
    "p10": 0.000379513,
    "p25": 0.000470099,
    "p50": 0.000594851,
    "p75": 0.000761192,
    "p90": 0.000943926,
    "p95": 0.001060084,
    "p99": 0.001387101
  },
  "rps": {
    "mean": 78613.86156745518,
    "stddev": 10541.71772150233,
    "max": 101274.48423462185,
    "percentiles": {
      "p10": 65457.82544299164,
      "p25": 69705.16826103475,
      "p50": 77669.38983287329,
      "p75": 87378.74572564814,
      "p90": 93804.90202193128,
      "p95": 96529.67305109676,
      "p99": 99582.61719597876
    }
  },
  "details": {
    "DNSDialup": {
      "average": 0.0008853903999999998,
      "fastest": 0.000095168,
      "slowest": 0.001830022
    },
    "DNSLookup": {
      "average": 0.000025847920000000002,
      "fastest": 0.000004128,
      "slowest": 0.000962076
    }
  },
  "statusCodeDistribution": {
    "200": 786315
  },
  "errorDistribution": {}
}