{
  "summary": {
    "successRate": 1,
    "total": 10.000436843,
    "slowest": 0.004130857,
    "fastest": 0.000032845,
    "average": 0.0006404210732475304,
    "requestsPerSec": 77898.19707178966,
    "totalData": 10127208,
    "sizePerRequest": 13,
    "sizePerSec": 1012676.5619332656
  },
  "responseTimeHistogram": {
    "0.000032845": 1,
    "0.00044264619999999995": 143366,
    "0.0008524473999999999": 512257,
    "0.0012622485999999999": 107631,
    "0.0016720498": 15055,
    "0.002081851": 644,
    "0.0024916521999999997": 26,
    "0.0029014533999999997": 18,
    "0.0033112546": 4,
    "0.0037210558": 13,
    "0.004130857": 1
  },
  "latencyPercentiles": {
    "p10": 0.000384739,
    "p25": 0.000477578,
    "p50": 0.000604121,
    "p75": 0.000764311,
    "p90": 0.000945931,
    "p95": 0.001070637,
    "p99": 0.001395261
  },
  "rps": {
    "mean": 77893.15274775357,
    "stddev": 10398.085415493135,
    "max": 99209.17695966437,
    "percentiles": {
      "p10": 64689.644160823256,
      "p25": 69051.49860766165,
      "p50": 77355.20254872572,
      "p75": 86350.32496938572,
      "p90": 92486.22490747916,
      "p95": 95156.97279315226,
      "p99": 97668.95428172284
    }
  },
  "details": {
    "DNSDialup": {
      "average": 0.00070328724,
      "fastest": 0.000099056,
      "slowest": 0.001362833
    },
    "DNSLookup": {
      "average": 0.000022117060000000003,
      "fastest": 0.000003326,
      "slowest": 0.000794879
    }
  },
  "statusCodeDistribution": {
    "200": 779016
  },
  "errorDistribution": {}
}