{
  "summary": {
    "successRate": 1,
    "total": 10.000708673,
    "slowest": 0.003411701,
    "fastest": 0.000034089,
    "average": 0.0006204891928214828,
    "requestsPerSec": 80378.50379245818,
    "totalData": 10449946,
    "sizePerRequest": 13,
    "sizePerSec": 1044920.5493019564
  },
  "responseTimeHistogram": {
    "0.000034089": 1,
    "0.00037185019999999997": 75635,
    "0.0007096113999999999": 507921,
    "0.0010473726": 178474,
    "0.0013851337999999998": 34955,
    "0.0017228949999999997": 6151,
    "0.0020606562": 669,
    "0.0023984174": 21,
    "0.0027361786": 12,
    "0.0030739397999999998": 1,
    "0.0034117009999999996": 2
  },
  "latencyPercentiles": {
    "p10": 0.00037745,
    "p25": 0.000468805,
    "p50": 0.000581905,
    "p75": 0.000730481,
    "p90": 0.000926457,
    "p95": 0.001053873,
    "p99": 0.001352474
  },
  "rps": {
    "mean": 80364.5212782335,
    "stddev": 9331.16779411625,
    "max": 96750.20368068675,
    "percentiles": {
      "p10": 66113.19126749168,
      "p25": 73942.30894641746,
      "p50": 81725.49835547886,
      "p75": 87741.11548671922,
      "p90": 91806.13540302009,
      "p95": 93174.75857719152,
      "p99": 94972.01728070102
    }
  },
  "details": {
    "DNSDialup": {
      "average": 0.0007608662399999999,
      "fastest": 0.000088034,
      "slowest": 0.001665015
    },
    "DNSLookup": {
      "average": 0.000007408739999999999,
      "fastest": 0.000003807,
      "slowest": 0.000030136
    }
  },
  "statusCodeDistribution": {
    "200": 803842
  },
  "errorDistribution": {}
}