{
  "summary": {
    "successRate": 1,
    "total": 10.000380523,
    "slowest": 0.003319836,
    "fastest": 0.00003259,
    "average": 0.0006238418415957728,
    "requestsPerSec": 79961.35728644412,
    "totalData": 10395372,
    "sizePerRequest": 13,
    "sizePerSec": 1039497.6447237736
  },
  "responseTimeHistogram": {
    "0.00003259": 1,
    "0.0003613146": 69868,
    "0.0006900392": 467384,
    "0.0010187638": 217218,
    "0.0013474884000000001": 37038,
    "0.0016762130000000002": 7781,
    "0.0020049376": 271,
    "0.0023336622": 24,
    "0.0026623868": 15,
    "0.0029911114": 15,
    "0.003319836": 29
  },
  "latencyPercentiles": {
    "p10": 0.000372809,
    "p25": 0.000464694,
    "p50": 0.00058834,
    "p75": 0.000745365,
    "p90": 0.000925675,
    "p95": 0.001038734,
    "p99": 0.00135061
  },
  "rps": {
    "mean": 79968.83876492715,
    "stddev": 9928.215516008459,
    "max": 103172.21239179798,
    "percentiles": {
      "p10": 67460.72517773425,
      "p25": 71892.00739106207,
      "p50": 79635.36419205174,
      "p75": 87471.149032623,
      "p90": 94151.20884248879,
      "p95": 97022.74213076063,
      "p99": 100823.72785210743
    }
  },
  "details": {
    "DNSDialup": {
      "average": 0.0007552044800000001,
      "fastest": 0.000088805,
      "slowest": 0.001273925
    },
    "DNSLookup": {
      "average": 0.00001241616,
      "fastest": 0.000003467,
      "slowest": 0.00021101
    }
  },
  "statusCodeDistribution": {
    "200": 799644
  },
  "errorDistribution": {}
}