{
  "summary": {
    "successRate": 1,
    "total": 10.000516719,
    "slowest": 0.004055348,
    "fastest": 0.000035015,
    "average": 0.0006577977439493004,
    "requestsPerSec": 75838.88126091137,
    "totalData": 9859564,
    "sizePerRequest": 13,
    "sizePerSec": 985905.4563918478
  },
  "responseTimeHistogram": {
    "0.000035015": 1,
    "0.0004370483": 119205,
    "0.0008390816": 491335,
    "0.0012411148999999998": 128821,
    "0.0016431482": 17788,
    "0.0020451815": 1239,
    "0.0024472148": 24,
    "0.0028492481": 2,
    "0.0032512814": 6,
    "0.0036533147": 0,
    "0.004055348": 7
  },
  "latencyPercentiles": {
    "p10": 0.000393816,
    "p25": 0.000489385,
    "p50": 0.000619929,
    "p75": 0.000790076,
    "p90": 0.000971405,
    "p95": 0.00109198,
    "p99": 0.001428539
  },
  "rps": {
    "mean": 75847.8636434197,
    "stddev": 9943.975930521296,
    "max": 99078.83703062961,
    "percentiles": {
      "p10": 63609.89356579923,
      "p25": 67697.64154935748,
      "p50": 74452.39959883688,
      "p75": 83914.98870902631,
      "p90": 90797.84375643278,
      "p95": 93261.95417689907,
      "p99": 95845.43586437899
    }
  },
  "details": {
    "DNSDialup": {
      "average": 0.0008948292799999999,
      "fastest": 0.000092025,
      "slowest": 0.001940658
    },
    "DNSLookup": {
      "average": 0.000006947999999999999,
      "fastest": 0.000003887,
      "slowest": 0.000027732
    }
  },
  "statusCodeDistribution": {
    "200": 758428
  },
  "errorDistribution": {}
}