{
  "summary": {
    "successRate": 1,
    "total": 10.000175219,
    "slowest": 0.003393031,
    "fastest": 0.000029387,
    "average": 0.0006502515573832417,
    "requestsPerSec": 76708.35592385833,
    "totalData": 9972261,
    "sizePerRequest": 13,
    "sizePerSec": 997208.6270101583
  },
  "responseTimeHistogram": {
    "0.000029387": 1,
    "0.0003657514": 58524,
    "0.0007021158": 438132,
    "0.0010384802000000001": 219730,
    "0.0013748446": 40523,
    "0.001711209": 9538,
    "0.0020475734": 607,
    "0.0023839378": 33,
    "0.0027203022": 3,
    "0.0030566666": 1,
    "0.003393031": 5
  },
  "latencyPercentiles": {
    "p10": 0.000389718,
    "p25": 0.000482501,
    "p50": 0.000611519,
    "p75": 0.000778313,
    "p90": 0.000966609,
    "p95": 0.001086651,
    "p99": 0.001426346
  },
  "rps": {
    "mean": 76717.4030136553,
    "stddev": 9813.193201304228,
    "max": 99787.55621987478,
    "percentiles": {
      "p10": 64005.90134410183,
      "p25": 68723.68218087501,
      "p50": 75749.25974360482,
      "p75": 84288.28920100915,
      "p90": 90668.79041128524,
      "p95": 93455.31338531025,
      "p99": 96405.04198369541
    }
  },
  "details": {
    "DNSDialup": {
      "average": 0.0010686213599999997,
      "fastest": 0.000156572,
      "slowest": 0.001551046
    },
    "DNSLookup": {
      "average": 0.000009798139999999998,
      "fastest": 0.000005089,
      "slowest": 0.000027121
    }
  },
  "statusCodeDistribution": {
    "200": 767097
  },
  "errorDistribution": {}
}