{
  "summary": {
    "successRate": 1,
    "total": 10.000681561,
    "slowest": 0.003003416,
    "fastest": 0.000033011,
    "average": 0.0006125395452504473,
    "requestsPerSec": 81423.4504951657,
    "totalData": 10585770,
    "sizePerRequest": 13,
    "sizePerSec": 1058504.856437154
  },
  "responseTimeHistogram": {
    "0.000033011": 1,
    "0.0003300515": 49559,
    "0.000627092": 445244,
    "0.0009241325": 244459,
    "0.0012211729999999999": 60610,
    "0.0015182134999999998": 11121,
    "0.001815254": 3023,
    "0.0021122945": 224,
    "0.002409335": 33,
    "0.0027063754999999998": 11,
    "0.0030034159999999996": 5
  },
  "latencyPercentiles": {
    "p10": 0.000371816,
    "p25": 0.000462346,
    "p50": 0.000575621,
    "p75": 0.000723549,
    "p90": 0.000908201,
    "p95": 0.00103035,
    "p99": 0.001348656
  },
  "rps": {
    "mean": 81425.42619042117,
    "stddev": 9391.29592126321,
    "max": 99072.95298243042,
    "percentiles": {
      "p10": 68020.63746140506,
      "p25": 74860.67763804874,
      "p50": 82834.40848843733,
      "p75": 88909.31769650146,
      "p90": 92710.82862477553,
      "p95": 94360.40009208671,
      "p99": 96609.64164223771
    }
  },
  "details": {
    "DNSDialup": {
      "average": 0.0008706284,
      "fastest": 0.000090349,
      "slowest": 0.00185623
    },
    "DNSLookup": {
      "average": 0.00000765822,
      "fastest": 0.000003807,
      "slowest": 0.000033263
    }
  },
  "statusCodeDistribution": {
    "200": 814290
  },
  "errorDistribution": {}
}