{
  "summary": {
    "successRate": 1,
    "total": 10.000324591,
    "slowest": 0.004084611,
    "fastest": 0.000034435,
    "average": 0.0006364205971349877,
    "requestsPerSec": 78378.05591884513,
    "totalData": 10189478,
    "sizePerRequest": 13,
    "sizePerSec": 1018914.7269449866
  },
  "responseTimeHistogram": {
    "0.000034435": 1,
    "0.0004394526": 138733,
    "0.0008444702": 520953,
    "0.0012494878000000001": 107660,
    "0.0016545054": 15425,
    "0.002059523": 987,
    "0.0024645406000000005": 28,
    "0.0028695582000000004": 8,
    "0.0032745758000000003": 10,
    "0.0036795934000000002": 0,
    "0.004084611": 1
  },
  "latencyPercentiles": {
    "p10": 0.00038504,
    "p25": 0.000477038,
    "p50": 0.000599783,
    "p75": 0.00075809,
    "p90": 0.000936075,
    "p95": 0.001059834,
    "p99": 0.001402196
  },
  "rps": {
    "mean": 78362.90354166244,
    "stddev": 10409.3537303823,
    "max": 98338.12577155622,
    "percentiles": {
      "p10": 64422.973232257136,
      "p25": 69636.8030504157,
      "p50": 78535.93785483434,
      "p75": 86355.16367856039,
      "p90": 92948.27733524874,
      "p95": 94924.30490571364,
      "p99": 97031.1676967755
    }
  },
  "details": {
    "DNSDialup": {
      "average": 0.0010072056199999999,
      "fastest": 0.000135283,
      "slowest": 0.002348134
    },
    "DNSLookup": {
      "average": 0.000010115420000000001,
      "fastest": 0.000004379,
      "slowest": 0.000031229
    }
  },
  "statusCodeDistribution": {
    "200": 783806
  },
  "errorDistribution": {}
}