{
  "summary": {
    "successRate": 1,
    "total": 10.001129336,
    "slowest": 0.003601226,
    "fastest": 0.000033262,
    "average": 0.0006144650561181195,
    "requestsPerSec": 81167.83342436719,
    "totalData": 10553010,
    "sizePerRequest": 13,
    "sizePerSec": 1055181.8345167735
  },
  "responseTimeHistogram": {
    "0.000033262": 1,
    "0.00039005839999999996": 95726,
    "0.0007468548": 536052,
    "0.0011036511999999998": 153377,
    "0.0014604476": 22261,
    "0.001817244": 4168,
    "0.0021740403999999996": 166,
    "0.0025308367999999997": 13,
    "0.0028876331999999998": 3,
    "0.0032444296": 1,
    "0.003601226": 2
  },
  "latencyPercentiles": {
    "p10": 0.000375391,
    "p25": 0.000466399,
    "p50": 0.000579472,
    "p75": 0.000721979,
    "p90": 0.000906216,
    "p95": 0.001033941,
    "p99": 0.00134187
  },
  "rps": {
    "mean": 81147.54391153395,
    "stddev": 9541.685959933733,
    "max": 98376.00132535746,
    "percentiles": {
      "p10": 67044.26933104142,
      "p25": 73872.52065352403,
      "p50": 82802.2108190297,
      "p75": 88819.55806668133,
      "p90": 92577.93479067364,
      "p95": 93979.57617415287,
      "p99": 95824.16685488076
    }
  },
  "details": {
    "DNSDialup": {
      "average": 0.00088787578,
      "fastest": 0.000094028,
      "slowest": 0.001473603
    },
    "DNSLookup": {
      "average": 0.000008109599999999996,
      "fastest": 0.000003547,
      "slowest": 0.000035155
    }
  },
  "statusCodeDistribution": {
    "200": 811770
  },
  "errorDistribution": {}
}