{
  "summary": {
    "successRate": 1,
    "total": 10.000269548,
    "slowest": 0.00473123,
    "fastest": 0.000033572,
    "average": 0.0006462772821555022,
    "requestsPerSec": 77194.71923178204,
    "totalData": 10035584,
    "sizePerRequest": 13,
    "sizePerSec": 1003531.3500131667
  },
  "responseTimeHistogram": {
    "0.000033572": 1,
    "0.0005033378": 242209,
    "0.0009731036000000001": 460071,
    "0.0014428694": 63295,
    "0.0019126352": 6219,
    "0.002382401": 99,
    "0.0028521668": 45,
    "0.0033219326000000003": 21,
    "0.0037916984": 5,
    "0.0042614642000000005": 2,
    "0.00473123": 1
  },
  "latencyPercentiles": {
    "p10": 0.000393187,
    "p25": 0.000473706,
    "p50": 0.000603614,
    "p75": 0.000781286,
    "p90": 0.000956415,
    "p95": 0.001072233,
    "p99": 0.001412311
  },
  "rps": {
    "mean": 77155.77385618964,
    "stddev": 10871.35251956077,
    "max": 101254.13045812726,
    "percentiles": {
      "p10": 63623.426145508165,
      "p25": 67965.88755908725,
      "p50": 77077.26236838778,
      "p75": 86824.63214814449,
      "p90": 90946.39175443746,
      "p95": 93352.40804187243,
      "p99": 97185.86371059077
    }
  },
  "details": {
    "DNSDialup": {
      "average": 0.0008204453,
      "fastest": 0.000095416,
      "slowest": 0.001705655
    },
    "DNSLookup": {
      "average": 0.0000069294200000000015,
      "fastest": 0.000003507,
      "slowest": 0.000028012
    }
  },
  "statusCodeDistribution": {
    "200": 771968
  },
  "errorDistribution": {}
}