{
  "summary": {
    "successRate": 1,
    "total": 10.001212674,
    "slowest": 0.004109942,
    "fastest": 0.000036498,
    "average": 0.0006233036793842116,
    "requestsPerSec": 80016.29663174984,
    "totalData": 10403380,
    "sizePerRequest": 13,
    "sizePerSec": 1040211.856212748
  },
  "responseTimeHistogram": {
    "0.000036498": 1,
    "0.0004438424": 162038,
    "0.0008511868": 520392,
    "0.0012585312": 103779,
    "0.0016658756": 12612,
    "0.0020732199999999998": 1407,
    "0.0024805644": 14,
    "0.0028879087999999996": 11,
    "0.0032952532": 2,
    "0.0037025976": 0,
    "0.004109942": 4
  },
  "latencyPercentiles": {
    "p10": 0.000376269,
    "p25": 0.00046732,
    "p50": 0.000582739,
    "p75": 0.000736922,
    "p90": 0.000934211,
    "p95": 0.00106178,
    "p99": 0.001377472
  },
  "rps": {
    "mean": 80000.46090898608,
    "stddev": 9505.51154469728,
    "max": 98423.50353264097,
    "percentiles": {
      "p10": 65843.6876894936,
      "p25": 73601.00097361265,
      "p50": 81266.8978280725,
      "p75": 87447.97850428178,
      "p90": 91936.95865738625,
      "p95": 93637.95146172582,
      "p99": 95876.12564376037
    }
  },
  "details": {
    "DNSDialup": {
      "average": 0.0008476243,
      "fastest": 0.000095048,
      "slowest": 0.001713737
    },
    "DNSLookup": {
      "average": 0.000008860040000000001,
      "fastest": 0.000003767,
      "slowest": 0.000129463
    }
  },
  "statusCodeDistribution": {
    "200": 800260
  },
  "errorDistribution": {}
}