{
  "summary": {
    "successRate": 1,
    "total": 10.000537706,
    "slowest": 0.004145318,
    "fastest": 0.000034966,
    "average": 0.0006554273407945009,
    "requestsPerSec": 76109.80752998323,
    "totalData": 9894807,
    "sizePerRequest": 13,
    "sizePerSec": 989427.4978897821
  },
  "responseTimeHistogram": {
    "0.000034966": 1,
    "0.00044600120000000003": 133696,
    "0.0008570364000000001": 494596,
    "0.0012680716000000002": 115510,
    "0.0016791068000000001": 16413,
    "0.002090142": 860,
    "0.0025011772000000003": 55,
    "0.0029122124": 5,
    "0.0033232476000000003": 1,
    "0.0037342828000000005": 0,
    "0.004145318": 2
  },
  "latencyPercentiles": {
    "p10": 0.000393068,
    "p25": 0.00048623,
    "p50": 0.000616923,
    "p75": 0.000785188,
    "p90": 0.000967271,
    "p95": 0.001092275,
    "p99": 0.001435146
  },
  "rps": {
    "mean": 76095.6514489068,
    "stddev": 10046.051750275295,
    "max": 99866.36119701782,
    "percentiles": {
      "p10": 63119.12509490379,
      "p25": 67515.16407640152,
      "p50": 75635.79842339482,
      "p75": 84033.09223172154,
      "p90": 90052.88806116114,
      "p95": 92818.61013132325,
      "p99": 96044.1899317864
    }
  },
  "details": {
    "DNSDialup": {
      "average": 0.00083475364,
      "fastest": 0.000111338,
      "slowest": 0.001638306
    },
    "DNSLookup": {
      "average": 0.000009347500000000003,
      "fastest": 0.00000547,
      "slowest": 0.000059531
    }
  },
  "statusCodeDistribution": {
    "200": 761139
  },
  "errorDistribution": {}
}