{
  "summary": {
    "successRate": 1,
    "total": 10.0003407,
    "slowest": 0.005588849,
    "fastest": 0.000033993,
    "average": 0.0006398299206896442,
    "requestsPerSec": 77961.94383657348,
    "totalData": 10135398,
    "sizePerRequest": 13,
    "sizePerSec": 1013505.2698754553
  },
  "responseTimeHistogram": {
    "0.000033993": 1,
    "0.0005894785999999999": 368041,
    "0.0011449642": 386608,
    "0.0017004498": 24460,
    "0.0022559354": 506,
    "0.0028114209999999997": 28,
    "0.0033669066": 1,
    "0.0039223922": 0,
    "0.0044778778": 0,
    "0.0050333634": 0,
    "0.005588849": 1
  },
  "latencyPercentiles": {
    "p10": 0.000386864,
    "p25": 0.000479657,
    "p50": 0.000603366,
    "p75": 0.00076541,
    "p90": 0.000937261,
    "p95": 0.001059789,
    "p99": 0.001399865
  },
  "rps": {
    "mean": 77947.77350105898,
    "stddev": 9909.693467403173,
    "max": 100914.57206421287,
    "percentiles": {
      "p10": 64852.019619189006,
      "p25": 70192.74928953874,
      "p50": 77965.97418889588,
      "p75": 85549.30779276993,
      "p90": 91207.28446218818,
      "p95": 93981.24678784463,
      "p99": 97073.8009331919
    }
  },
  "details": {
    "DNSDialup": {
      "average": 0.0010871544000000003,
      "fastest": 0.000139711,
      "slowest": 0.002247607
    },
    "DNSLookup": {
      "average": 0.0000369283,
      "fastest": 0.000004067,
      "slowest": 0.001406936
    }
  },
  "statusCodeDistribution": {
    "200": 779646
  },
  "errorDistribution": {}
}