{
  "summary": {
    "successRate": 1,
    "total": 10.000699363,
    "slowest": 0.003218182,
    "fastest": 0.000031599,
    "average": 0.0006095515723886818,
    "requestsPerSec": 81813.67825405352,
    "totalData": 10636522,
    "sizePerRequest": 13,
    "sizePerSec": 1063577.8173026957
  },
  "responseTimeHistogram": {
    "0.000031599": 1,
    "0.00035025729999999997": 65435,
    "0.0006689156": 496247,
    "0.0009875739": 203646,
    "0.0013062322": 43589,
    "0.0016248904999999999": 7948,
    "0.0019435487999999999": 1244,
    "0.0022622071": 56,
    "0.0025808654": 13,
    "0.0028995237": 13,
    "0.003218182": 2
  },
  "latencyPercentiles": {
    "p10": 0.000369921,
    "p25": 0.000459909,
    "p50": 0.00057218,
    "p75": 0.000719239,
    "p90": 0.000908896,
    "p95": 0.001029674,
    "p99": 0.001331346
  },
  "rps": {
    "mean": 81812.93061739698,
    "stddev": 9485.692494883402,
    "max": 99020.30096754059,
    "percentiles": {
      "p10": 68036.34501550735,
      "p25": 75139.22353858678,
      "p50": 83408.52814561159,
      "p75": 89173.5592690411,
      "p90": 92669.10335036766,
      "p95": 94277.28852112916,
      "p99": 96253.45917122914
    }
  },
  "details": {
    "DNSDialup": {
      "average": 0.0009967572600000005,
      "fastest": 0.000123935,
      "slowest": 0.001536939
    },
    "DNSLookup": {
      "average": 0.000009948839999999998,
      "fastest": 0.000004479,
      "slowest": 0.000029044
    }
  },
  "statusCodeDistribution": {
    "200": 818194
  },
  "errorDistribution": {}
}