{
  "summary": {
    "successRate": 1,
    "total": 10.000770099,
    "slowest": 0.003841079,
    "fastest": 0.000033403,
    "average": 0.0006150058416632727,
    "requestsPerSec": 81084.85566337385,
    "totalData": 10541843,
    "sizePerRequest": 13,
    "sizePerSec": 1054103.12362386
  },
  "responseTimeHistogram": {
    "0.000033403": 1,
    "0.0004141706": 124566,
    "0.0007949382": 540647,
    "0.0011757058": 126395,
    "0.0015564734": 16451,
    "0.001937241": 2764,
    "0.0023180086": 66,
    "0.0026987762": 14,
    "0.0030795438": 6,
    "0.0034603114": 0,
    "0.003841079": 1
  },
  "latencyPercentiles": {
    "p10": 0.000374481,
    "p25": 0.000464777,
    "p50": 0.000576339,
    "p75": 0.000722123,
    "p90": 0.000914174,
    "p95": 0.001044132,
    "p99": 0.001358214
  },
  "rps": {
    "mean": 81087.65082349381,
    "stddev": 9721.719802520927,
    "max": 98040.19648055865,
    "percentiles": {
      "p10": 66024.64700072535,
      "p25": 74873.84959136626,
      "p50": 82802.97377818868,
      "p75": 88930.85560807309,
      "p90": 92232.81525397151,
      "p95": 93730.87789843958,
      "p99": 95910.29197442328
    }
  },
  "details": {
    "DNSDialup": {
      "average": 0.0008405759599999998,
      "fastest": 0.000088496,
      "slowest": 0.001699008
    },
    "DNSLookup": {
      "average": 0.000007747119999999999,
      "fastest": 0.000003496,
      "slowest": 0.000028704
    }
  },
  "statusCodeDistribution": {
    "200": 810911
  },
  "errorDistribution": {}
}