{
  "summary": {
    "successRate": 1,
    "total": 10.00038372,
    "slowest": 0.00493992,
    "fastest": 0.000034054,
    "average": 0.000643927934127324,
    "requestsPerSec": 77470.7272932523,
    "totalData": 10071581,
    "sizePerRequest": 13,
    "sizePerSec": 1007119.4548122799
  },
  "responseTimeHistogram": {
    "0.000034054": 1,
    "0.0005246406": 263359,
    "0.0010152272": 456757,
    "0.0015058137999999998": 50504,
    "0.0019964004": 4092,
    "0.002486987": 20,
    "0.0029775735999999996": 1,
    "0.0034681601999999997": 0,
    "0.0039587468": 2,
    "0.0044493334": 0,
    "0.00493992": 1
  },
  "latencyPercentiles": {
    "p10": 0.000387013,
    "p25": 0.000478987,
    "p50": 0.000605408,
    "p75": 0.000770079,
    "p90": 0.000953,
    "p95": 0.001076436,
    "p99": 0.001412866
  },
  "rps": {
    "mean": 77460.72520988331,
    "stddev": 10458.403701561647,
    "max": 99150.91129612316,
    "percentiles": {
      "p10": 64216.96612245019,
      "p25": 68414.45597454792,
      "p50": 76601.44010707234,
      "p75": 85933.24000000586,
      "p90": 92822.00809811277,
      "p95": 94704.61211460669,
      "p99": 97482.09019399883
    }
  },
  "details": {
    "DNSDialup": {
      "average": 0.0008407264399999997,
      "fastest": 0.000076355,
      "slowest": 0.001993643
    },
    "DNSLookup": {
      "average": 0.000008576259999999998,
      "fastest": 0.000003526,
      "slowest": 0.00003241
    }
  },
  "statusCodeDistribution": {
    "200": 774737
  },
  "errorDistribution": {}
}