{
  "summary": {
    "successRate": 1,
    "total": 10.000613321,
    "slowest": 0.003839872,
    "fastest": 0.000029471,
    "average": 0.000643291525334109,
    "requestsPerSec": 77536.94449636646,
    "totalData": 10080421,
    "sizePerRequest": 13,
    "sizePerSec": 1007980.2784527639
  },
  "responseTimeHistogram": {
    "0.000029471": 1,
    "0.00041051109999999994": 101612,
    "0.0007915511999999999": 501876,
    "0.0011725912999999998": 148358,
    "0.0015536314": 21095,
    "0.0019346715": 2413,
    "0.0023157115999999996": 35,
    "0.0026967516999999996": 9,
    "0.0030777917999999997": 7,
    "0.0034588318999999998": 2,
    "0.003839872": 9
  },
  "latencyPercentiles": {
    "p10": 0.000385863,
    "p25": 0.000478961,
    "p50": 0.000606116,
    "p75": 0.000769142,
    "p90": 0.000952618,
    "p95": 0.001072149,
    "p99": 0.001397418
  },
  "rps": {
    "mean": 77524.37293041668,
    "stddev": 10000.759829276929,
    "max": 98934.98341013069,
    "percentiles": {
      "p10": 64435.354700998505,
      "p25": 69219.13909195783,
      "p50": 77258.72805678689,
      "p75": 85559.01004923663,
      "p90": 91468.67468094773,
      "p95": 94323.95828540332,
      "p99": 97094.03271497673
    }
  },
  "details": {
    "DNSDialup": {
      "average": 0.0010180795999999998,
      "fastest": 0.00011171,
      "slowest": 0.001592692
    },
    "DNSLookup": {
      "average": 0.000011308999999999998,
      "fastest": 0.000003416,
      "slowest": 0.000163877
    }
  },
  "statusCodeDistribution": {
    "200": 775417
  },
  "errorDistribution": {}
}