{
  "summary": {
    "successRate": 1,
    "total": 10.000382764,
    "slowest": 0.004317015,
    "fastest": 0.000034665,
    "average": 0.0006536750203437772,
    "requestsPerSec": 76310.37911340491,
    "totalData": 9920729,
    "sizePerRequest": 13,
    "sizePerSec": 992034.9284742638
  },
  "responseTimeHistogram": {
    "0.000034665": 1,
    "0.00046290000000000003": 158166,
    "0.000891135": 492783,
    "0.00131937": 98826,
    "0.001747605": 12908,
    "0.00217584": 402,
    "0.0026040750000000004": 17,
    "0.0030323100000000003": 13,
    "0.003460545": 14,
    "0.00388878": 1,
    "0.004317015": 2
  },
  "latencyPercentiles": {
    "p10": 0.000391641,
    "p25": 0.000485779,
    "p50": 0.000614945,
    "p75": 0.000784047,
    "p90": 0.000965499,
    "p95": 0.001087532,
    "p99": 0.001429492
  },
  "rps": {
    "mean": 76293.60560859137,
    "stddev": 10500.742722172608,
    "max": 98938.57647337319,
    "percentiles": {
      "p10": 63135.267360348145,
      "p25": 67303.92381876192,
      "p50": 75413.64232789552,
      "p75": 84717.97715475164,
      "p90": 91587.49353257308,
      "p95": 93574.5789394146,
      "p99": 96905.07289521195
    }
  },
  "details": {
    "DNSDialup": {
      "average": 0.0008347589199999999,
      "fastest": 0.00010181,
      "slowest": 0.001335775
    },
    "DNSLookup": {
      "average": 0.0000103224,
      "fastest": 0.000003657,
      "slowest": 0.00014561
    }
  },
  "statusCodeDistribution": {
    "200": 763133
  },
  "errorDistribution": {}
}