{
  "summary": {
    "successRate": 1,
    "total": 10.000194676,
    "slowest": 0.00351357,
    "fastest": 0.000029619,
    "average": 0.0006449850383714783,
    "requestsPerSec": 77334.59448104848,
    "totalData": 10053693,
    "sizePerRequest": 13,
    "sizePerSec": 1005349.7282536303
  },
  "responseTimeHistogram": {
    "0.000029619": 1,
    "0.0003780141": 70586,
    "0.0007264092000000001": 461878,
    "0.0010748043": 201532,
    "0.0014231994000000001": 32120,
    "0.0017715945000000002": 6978,
    "0.0021199896": 226,
    "0.0024683847": 14,
    "0.0028167798": 14,
    "0.0031651749": 4,
    "0.00351357": 8
  },
  "latencyPercentiles": {
    "p10": 0.000386157,
    "p25": 0.000478441,
    "p50": 0.000606293,
    "p75": 0.00077154,
    "p90": 0.000960912,
    "p95": 0.001078085,
    "p99": 0.001411468
  },
  "rps": {
    "mean": 77349.88755692833,
    "stddev": 10640.388809118223,
    "max": 99502.82588025232,
    "percentiles": {
      "p10": 63941.07574706095,
      "p25": 68156.9451276542,
      "p50": 76262.83294806432,
      "p75": 86121.49582486595,
      "p90": 92575.39340038456,
      "p95": 94919.63887328273,
      "p99": 97829.7010972537
    }
  },
  "details": {
    "DNSDialup": {
      "average": 0.0011020097399999998,
      "fastest": 0.0001717,
      "slowest": 0.001552625
    },
    "DNSLookup": {
      "average": 0.000010923340000000002,
      "fastest": 0.000004658,
      "slowest": 0.000034966
    }
  },
  "statusCodeDistribution": {
    "200": 773361
  },
  "errorDistribution": {}
}