{
  "summary": {
    "successRate": 1,
    "total": 10.000239333,
    "slowest": 0.00417815,
    "fastest": 0.000030775,
    "average": 0.0006432768024335625,
    "requestsPerSec": 77547.74402657789,
    "totalData": 10081448,
    "sizePerRequest": 13,
    "sizePerSec": 1008120.6723455125
  },
  "responseTimeHistogram": {
    "0.000030775": 1,
    "0.00044551249999999997": 146408,
    "0.00086025": 507736,
    "0.0012749875": 106732,
    "0.001689725": 14127,
    "0.0021044625": 454,
    "0.0025191999999999997": 31,
    "0.0029339375": 5,
    "0.0033486749999999997": 1,
    "0.0037634124999999996": 0,
    "0.00417815": 1
  },
  "latencyPercentiles": {
    "p10": 0.000385007,
    "p25": 0.000478505,
    "p50": 0.000608318,
    "p75": 0.000770534,
    "p90": 0.00094565,
    "p95": 0.00106376,
    "p99": 0.001400998
  },
  "rps": {
    "mean": 77556.86829108543,
    "stddev": 10449.475984460067,
    "max": 104326.48359947947,
    "percentiles": {
      "p10": 65031.19239207351,
      "p25": 68703.4626545159,
      "p50": 75942.35394246835,
      "p75": 85614.03213986715,
      "p90": 92806.23657908857,
      "p95": 96153.18232513971,
      "p99": 99232.04692393457
    }
  },
  "details": {
    "DNSDialup": {
      "average": 0.0010227028400000004,
      "fastest": 0.000115927,
      "slowest": 0.002300565
    },
    "DNSLookup": {
      "average": 0.000027823200000000005,
      "fastest": 0.000004148,
      "slowest": 0.001001991
    }
  },
  "statusCodeDistribution": {
    "200": 775496
  },
  "errorDistribution": {}
}