{
  "summary": {
    "successRate": 1,
    "total": 10.000393271,
    "slowest": 0.003652525,
    "fastest": 0.000032882,
    "average": 0.000649170772536815,
    "requestsPerSec": 76842.37801211567,
    "totalData": 9989902,
    "sizePerRequest": 13,
    "sizePerSec": 998950.9141575039
  },
  "responseTimeHistogram": {
    "0.000032882": 1,
    "0.0003948463": 79765,
    "0.0007568106": 478526,
    "0.0011187749": 177476,
    "0.0014807391999999999": 26808,
    "0.0018427034999999997": 5651,
    "0.0022046678000000003": 157,
    "0.0025666321": 25,
    "0.0029285964": 25,
    "0.0032905607": 11,
    "0.0036525249999999998": 9
  },
  "latencyPercentiles": {
    "p10": 0.000391384,
    "p25": 0.000483518,
    "p50": 0.000608812,
    "p75": 0.000776295,
    "p90": 0.000960198,
    "p95": 0.00108681,
    "p99": 0.001436091
  },
  "rps": {
    "mean": 76833.11649386275,
    "stddev": 11121.738857078613,
    "max": 99352.98494687259,
    "percentiles": {
      "p10": 62637.701632612414,
      "p25": 67009.42822654739,
      "p50": 76709.85721665197,
      "p75": 86214.90058758267,
      "p90": 92603.90036305785,
      "p95": 94455.59656414238,
      "p99": 96606.5209401645
    }
  },
  "details": {
    "DNSDialup": {
      "average": 0.0008808613600000002,
      "fastest": 0.000085821,
      "slowest": 0.001537059
    },
    "DNSLookup": {
      "average": 0.000007687680000000001,
      "fastest": 0.000003757,
      "slowest": 0.000030428
    }
  },
  "statusCodeDistribution": {
    "200": 768454
  },
  "errorDistribution": {}
}