{
  "summary": {
    "successRate": 1,
    "total": 10.000311101,
    "slowest": 0.004272992,
    "fastest": 0.000034003,
    "average": 0.0006529636387693832,
    "requestsPerSec": 76393.42339295891,
    "totalData": 9931454,
    "sizePerRequest": 13,
    "sizePerSec": 993114.5041084657
  },
  "responseTimeHistogram": {
    "0.000034003": 1,
    "0.00045790189999999996": 152130,
    "0.0008818007999999999": 496606,
    "0.0013056996999999998": 100328,
    "0.0017295985999999997": 14286,
    "0.0021534974999999996": 497,
    "0.0025773963999999997": 50,
    "0.0030012952999999994": 22,
    "0.0034251941999999995": 35,
    "0.0038490930999999996": 2,
    "0.004272992": 1
  },
  "latencyPercentiles": {
    "p10": 0.000390899,
    "p25": 0.000485013,
    "p50": 0.000613179,
    "p75": 0.000781521,
    "p90": 0.000965686,
    "p95": 0.001092719,
    "p99": 0.001437659
  },
  "rps": {
    "mean": 76392.84400116655,
    "stddev": 10354.853808771906,
    "max": 98600.27768729987,
    "percentiles": {
      "p10": 63422.787807659035,
      "p25": 67754.65090141496,
      "p50": 75463.32882554967,
      "p75": 84752.29911925143,
      "p90": 91651.19635828465,
      "p95": 94256.71426497129,
      "p99": 96357.54458539595
    }
  },
  "details": {
    "DNSDialup": {
      "average": 0.00082790318,
      "fastest": 0.000144589,
      "slowest": 0.001379552
    },
    "DNSLookup": {
      "average": 0.000009078499999999998,
      "fastest": 0.000004458,
      "slowest": 0.000033132
    }
  },
  "statusCodeDistribution": {
    "200": 763958
  },
  "errorDistribution": {}
}