{
  "summary": {
    "successRate": 1,
    "total": 10.000558089,
    "slowest": 0.005445194,
    "fastest": 0.000034067,
    "average": 0.0006475893430833466,
    "requestsPerSec": 77031.50095666626,
    "totalData": 10014654,
    "sizePerRequest": 13,
    "sizePerSec": 1001409.5124366614
  },
  "responseTimeHistogram": {
    "0.000034067": 1,
    "0.0005751797000000001": 336348,
    "0.0011162924000000002": 401572,
    "0.0016574051000000003": 31134,
    "0.0021985178000000004": 1284,
    "0.0027396305000000004": 12,
    "0.0032807432000000005": 4,
    "0.0038218559000000006": 0,
    "0.0043629686": 2,
    "0.004904081300000001": 0,
    "0.005445194": 1
  },
  "latencyPercentiles": {
    "p10": 0.000385975,
    "p25": 0.000479279,
    "p50": 0.000608118,
    "p75": 0.000779721,
    "p90": 0.000954826,
    "p95": 0.001080875,
    "p99": 0.001439598
  },
  "rps": {
    "mean": 77044.85746039782,
    "stddev": 10966.20955419938,
    "max": 99900.63472762374,
    "percentiles": {
      "p10": 63139.3926670819,
      "p25": 67574.57530129846,
      "p50": 76257.10081539939,
      "p75": 85954.76177872729,
      "p90": 92663.40029848317,
      "p95": 94864.9102619035,
      "p99": 97445.44855720471
    }
  },
  "details": {
    "DNSDialup": {
      "average": 0.0009266612999999998,
      "fastest": 0.000099847,
      "slowest": 0.002271231
    },
    "DNSLookup": {
      "average": 0.000009099540000000001,
      "fastest": 0.000004278,
      "slowest": 0.000030928
    }
  },
  "statusCodeDistribution": {
    "200": 770358
  },
  "errorDistribution": {}
}