{
  "summary": {
    "successRate": 1,
    "total": 10.000524609,
    "slowest": 0.003290902,
    "fastest": 0.000034395,
    "average": 0.0006400803259270407,
    "requestsPerSec": 77934.21150112386,
    "totalData": 10131979,
    "sizePerRequest": 13,
    "sizePerSec": 1013144.7495146103
  },
  "responseTimeHistogram": {
    "0.000034395": 1,
    "0.0003600457": 60184,
    "0.0006856964": 438490,
    "0.0010113471": 226768,
    "0.0013369978": 42303,
    "0.0016626485": 10639,
    "0.0019882992": 922,
    "0.0023139499": 26,
    "0.0026396006": 13,
    "0.0029652513": 17,
    "0.003290902": 20
  },
  "latencyPercentiles": {
    "p10": 0.00038295,
    "p25": 0.00047571,
    "p50": 0.00060039,
    "p75": 0.000769137,
    "p90": 0.000946307,
    "p95": 0.001068609,
    "p99": 0.001417432
  },
  "rps": {
    "mean": 77945.49469639524,
    "stddev": 10879.453054798094,
    "max": 99882.58291956202,
    "percentiles": {
      "p10": 63956.82024095635,
      "p25": 68477.0561521983,
      "p50": 77205.59076766156,
      "p75": 87283.60896902828,
      "p90": 93194.64633834215,
      "p95": 95230.38801681198,
      "p99": 98113.16678698505
    }
  },
  "details": {
    "DNSDialup": {
      "average": 0.0006756676,
      "fastest": 0.000097823,
      "slowest": 0.001218972
    },
    "DNSLookup": {
      "average": 0.000008766799999999997,
      "fastest": 0.000003787,
      "slowest": 0.000029755
    }
  },
  "statusCodeDistribution": {
    "200": 779383
  },
  "errorDistribution": {}
}