{
  "summary": {
    "successRate": 1,
    "total": 10.000364878,
    "slowest": 0.004161309,
    "fastest": 0.000029376,
    "average": 0.0006468980411033419,
    "requestsPerSec": 77107.68651015616,
    "totalData": 10024365,
    "sizePerRequest": 13,
    "sizePerSec": 1002399.9246320301
  },
  "responseTimeHistogram": {
    "0.000029376": 1,
    "0.0004425693": 136589,
    "0.0008557626": 509018,
    "0.0012689559": 109359,
    "0.0016821492": 15213,
    "0.0020953424999999998": 882,
    "0.0025085358": 20,
    "0.0029217290999999997": 8,
    "0.0033349224": 5,
    "0.0037481157": 8,
    "0.004161309": 2
  },
  "latencyPercentiles": {
    "p10": 0.000388983,
    "p25": 0.000481503,
    "p50": 0.000608341,
    "p75": 0.000770509,
    "p90": 0.000961303,
    "p95": 0.001082508,
    "p99": 0.001424993
  },
  "rps": {
    "mean": 77105.94367277925,
    "stddev": 10312.662244595851,
    "max": 98881.50659017985,
    "percentiles": {
      "p10": 64216.298096455015,
      "p25": 68185.87965192154,
      "p50": 76475.65682323904,
      "p75": 85048.10320717502,
      "p90": 91848.50519559342,
      "p95": 94720.20725544718,
      "p99": 96622.2907624888
    }
  },
  "details": {
    "DNSDialup": {
      "average": 0.0011661240800000003,
      "fastest": 0.00011887,
      "slowest": 0.002154987
    },
    "DNSLookup": {
      "average": 0.00003476472,
      "fastest": 0.000004027,
      "slowest": 0.001229523
    }
  },
  "statusCodeDistribution": {
    "200": 771105
  },
  "errorDistribution": {}
}