{
  "summary": {
    "successRate": 1,
    "total": 10.000413073,
    "slowest": 0.004075004,
    "fastest": 0.000036345,
    "average": 0.0006340259562208024,
    "requestsPerSec": 78682.54983630915,
    "totalData": 10229154,
    "sizePerRequest": 13,
    "sizePerSec": 1022873.1478720189
  },
  "responseTimeHistogram": {
    "0.000036345": 1,
    "0.0004402109": 136316,
    "0.0008440768": 517003,
    "0.0012479426999999997": 117975,
    "0.0016518085999999998": 14456,
    "0.0020556745": 1067,
    "0.0024595403999999998": 20,
    "0.0028634063": 5,
    "0.0032672722": 8,
    "0.0036711381": 0,
    "0.004075004": 7
  },
  "latencyPercentiles": {
    "p10": 0.000394711,
    "p25": 0.000472678,
    "p50": 0.000583519,
    "p75": 0.000763115,
    "p90": 0.000948784,
    "p95": 0.00105361,
    "p99": 0.001407179
  },
  "rps": {
    "mean": 78689.24771531444,
    "stddev": 10860.160505464495,
    "max": 100617.45444254621,
    "percentiles": {
      "p10": 63663.59387768617,
      "p25": 69163.11826172807,
      "p50": 79902.53892820464,
      "p75": 87320.45044949462,
      "p90": 92747.28256465068,
      "p95": 95318.61572565271,
      "p99": 98324.55164054337
    }
  },
  "details": {
    "DNSDialup": {
      "average": 0.0008611125,
      "fastest": 0.000111843,
      "slowest": 0.001793604
    },
    "DNSLookup": {
      "average": 0.00000716862,
      "fastest": 0.000003517,
      "slowest": 0.000027601
    }
  },
  "statusCodeDistribution": {
    "200": 786858
  },
  "errorDistribution": {}
}