{
  "summary": {
    "successRate": 1,
    "total": 10.000949367,
    "slowest": 0.003416202,
    "fastest": 0.000034111,
    "average": 0.000622448807687687,
    "requestsPerSec": 80115.6940803858,
    "totalData": 10416029,
    "sizePerRequest": 13,
    "sizePerSec": 1041504.0230450153
  },
  "responseTimeHistogram": {
    "0.000034111": 1,
    "0.0003723201": 74829,
    "0.0007105292000000001": 503388,
    "0.0010487383000000003": 182037,
    "0.0013869474000000003": 33938,
    "0.0017251565000000002": 6294,
    "0.0020633656000000004": 694,
    "0.0024015747000000003": 40,
    "0.0027397838000000002": 7,
    "0.0030779929": 3,
    "0.003416202": 2
  },
  "latencyPercentiles": {
    "p10": 0.000378343,
    "p25": 0.000469571,
    "p50": 0.000583569,
    "p75": 0.000735383,
    "p90": 0.000927143,
    "p95": 0.001052284,
    "p99": 0.001359558
  },
  "rps": {
    "mean": 80093.27386699626,
    "stddev": 9465.753047479597,
    "max": 97076.02023144113,
    "percentiles": {
      "p10": 65862.37166597025,
      "p25": 74176.46581216685,
      "p50": 81455.21034156978,
      "p75": 87309.58659260807,
      "p90": 91649.43440279107,
      "p95": 93408.91121013038,
      "p99": 95829.31418720951
    }
  },
  "details": {
    "DNSDialup": {
      "average": 0.0009940461000000004,
      "fastest": 0.000083596,
      "slowest": 0.002179717
    },
    "DNSLookup": {
      "average": 0.000010163000000000002,
      "fastest": 0.000004268,
      "slowest": 0.000036929
    }
  },
  "statusCodeDistribution": {
    "200": 801233
  },
  "errorDistribution": {}
}