{
  "summary": {
    "successRate": 1,
    "total": 10.000901126,
    "slowest": 0.003722036,
    "fastest": 0.000034546,
    "average": 0.0006260409735494501,
    "requestsPerSec": 79647.12279068281,
    "totalData": 10355059,
    "sizePerRequest": 13,
    "sizePerSec": 1035412.5962788765
  },
  "responseTimeHistogram": {
    "0.000034546": 1,
    "0.000403295": 105218,
    "0.000772044": 516408,
    "0.0011407930000000002": 148914,
    "0.0015095420000000002": 21681,
    "0.0018782910000000002": 4082,
    "0.00224704": 215,
    "0.0026157890000000003": 11,
    "0.002984538": 9,
    "0.003353287": 2,
    "0.003722036": 2
  },
  "latencyPercentiles": {
    "p10": 0.000377607,
    "p25": 0.000468644,
    "p50": 0.000583623,
    "p75": 0.000741595,
    "p90": 0.000942468,
    "p95": 0.001071922,
    "p99": 0.001386671
  },
  "rps": {
    "mean": 79662.66306291954,
    "stddev": 9631.936933694336,
    "max": 97442.37962764826,
    "percentiles": {
      "p10": 65727.7897094898,
      "p25": 73385.20021745114,
      "p50": 80924.99378989058,
      "p75": 87049.9753908646,
      "p90": 91213.2748793229,
      "p95": 93196.14887000239,
      "p99": 95985.20606742775
    }
  },
  "details": {
    "DNSDialup": {
      "average": 0.00089796204,
      "fastest": 0.000079359,
      "slowest": 0.001704144
    },
    "DNSLookup": {
      "average": 0.000008229379999999998,
      "fastest": 0.000003807,
      "slowest": 0.000030327
    }
  },
  "statusCodeDistribution": {
    "200": 796543
  },
  "errorDistribution": {}
}