{
  "summary": {
    "successRate": 1,
    "total": 10.000864084,
    "slowest": 0.003639023,
    "fastest": 0.000038414,
    "average": 0.0006215920157749512,
    "requestsPerSec": 80221.56818264785,
    "totalData": 10429705,
    "sizePerRequest": 13,
    "sizePerSec": 1042880.386374422
  },
  "responseTimeHistogram": {
    "0.000038414": 1,
    "0.0003984749": 101456,
    "0.0007585357999999999": 520266,
    "0.0011185967": 154626,
    "0.0014786576": 21613,
    "0.0018387185": 4111,
    "0.0021987794": 191,
    "0.0025588403": 12,
    "0.0029189012": 8,
    "0.0032789621": 0,
    "0.003639023": 1
  },
  "latencyPercentiles": {
    "p10": 0.000376351,
    "p25": 0.000468675,
    "p50": 0.000584051,
    "p75": 0.000735475,
    "p90": 0.000924446,
    "p95": 0.001044761,
    "p99": 0.001356606
  },
  "rps": {
    "mean": 80213.58892963409,
    "stddev": 9207.785273958107,
    "max": 97441.3736072361,
    "percentiles": {
      "p10": 66346.17693915327,
      "p25": 73788.10299497297,
      "p50": 81709.23314334163,
      "p75": 87254.70258768735,
      "p90": 91032.46961766425,
      "p95": 92966.49893669433,
      "p99": 95716.75043131923
    }
  },
  "details": {
    "DNSDialup": {
      "average": 0.00076667716,
      "fastest": 0.000093236,
      "slowest": 0.001729783
    },
    "DNSLookup": {
      "average": 0.000008350520000000002,
      "fastest": 0.000003346,
      "slowest": 0.000025287
    }
  },
  "statusCodeDistribution": {
    "200": 802285
  },
  "errorDistribution": {}
}