{
  "summary": {
    "successRate": 1,
    "total": 10.002429038,
    "slowest": 0.003802586,
    "fastest": 0.000028225,
    "average": 0.0006107529768045727,
    "requestsPerSec": 81660.06446003441,
    "totalData": 10618387,
    "sizePerRequest": 13,
    "sizePerSec": 1061580.8379804473
  },
  "responseTimeHistogram": {
    "0.000028225": 1,
    "0.0004056611": 119874,
    "0.0007830972": 544525,
    "0.0011605333": 132958,
    "0.0015379694": 16760,
    "0.0019154055000000002": 2592,
    "0.0022928416": 56,
    "0.0026702777000000002": 23,
    "0.0030477138000000003": 5,
    "0.0034251499000000005": 4,
    "0.0038025860000000006": 1
  },
  "latencyPercentiles": {
    "p10": 0.000370423,
    "p25": 0.000461401,
    "p50": 0.000574093,
    "p75": 0.000721276,
    "p90": 0.000903165,
    "p95": 0.001025153,
    "p99": 0.001348617
  },
  "rps": {
    "mean": 81664.6982366854,
    "stddev": 9563.759726226815,
    "max": 98738.04376826544,
    "percentiles": {
      "p10": 67087.17979013622,
      "p25": 75250.00199220904,
      "p50": 83404.30542436197,
      "p75": 89017.83917497404,
      "p90": 93126.76774742096,
      "p95": 94546.72706573289,
      "p99": 97460.52298476269
    }
  },
  "details": {
    "DNSDialup": {
      "average": 0.00085751738,
      "fastest": 0.000089935,
      "slowest": 0.001574916
    },
    "DNSLookup": {
      "average": 0.000013211580000000003,
      "fastest": 0.000003616,
      "slowest": 0.000332821
    }
  },
  "statusCodeDistribution": {
    "200": 816799
  },
  "errorDistribution": {}
}