{
  "summary": {
    "successRate": 1,
    "total": 10.000432673,
    "slowest": 0.004987185,
    "fastest": 0.000029584,
    "average": 0.0006365792017505782,
    "requestsPerSec": 78370.60911534422,
    "totalData": 10188620,
    "sizePerRequest": 13,
    "sizePerSec": 1018817.9184994749
  },
  "responseTimeHistogram": {
    "0.000029584": 1,
    "0.0005253441": 301220,
    "0.0010211042": 436050,
    "0.0015168642999999998": 42672,
    "0.0020126244": 3615,
    "0.0025083845": 37,
    "0.0030041445999999996": 64,
    "0.0034999046999999997": 27,
    "0.0039956648": 25,
    "0.0044914249": 21,
    "0.004987185": 8
  },
  "latencyPercentiles": {
    "p10": 0.000394698,
    "p25": 0.00046768,
    "p50": 0.000588855,
    "p75": 0.000774364,
    "p90": 0.000939837,
    "p95": 0.001050531,
    "p99": 0.001395995
  },
  "rps": {
    "mean": 78370.14118600338,
    "stddev": 10430.159015084433,
    "max": 99260.6334831641,
    "percentiles": {
      "p10": 64161.93865145486,
      "p25": 69509.515852725,
      "p50": 78346.68850489067,
      "p75": 88308.8532743386,
      "p90": 90798.18916176069,
      "p95": 93350.50262191615,
      "p99": 96560.01159125402
    }
  },
  "details": {
    "DNSDialup": {
      "average": 0.0005983429000000001,
      "fastest": 0.000088926,
      "slowest": 0.000904362
    },
    "DNSLookup": {
      "average": 0.00000912946,
      "fastest": 0.000003877,
      "slowest": 0.000026289
    }
  },
  "statusCodeDistribution": {
    "200": 783740
  },
  "errorDistribution": {}
}