{
  "summary": {
    "successRate": 1,
    "total": 10.000806037,
    "slowest": 0.002914223,
    "fastest": 0.000029768,
    "average": 0.0006177564944801317,
    "requestsPerSec": 80738.09221103684,
    "totalData": 10496798,
    "sizePerRequest": 13,
    "sizePerSec": 1049595.198743479
  },
  "responseTimeHistogram": {
    "0.000029768": 1,
    "0.00031821350000000003": 39838,
    "0.0006066590000000001": 411201,
    "0.0008951045000000001": 264571,
    "0.00118355": 74159,
    "0.0014719955": 13499,
    "0.0017604410000000002": 3768,
    "0.0020488865": 366,
    "0.002337332": 22,
    "0.0026257775000000003": 16,
    "0.002914223": 5
  },
  "latencyPercentiles": {
    "p10": 0.000375836,
    "p25": 0.000465069,
    "p50": 0.000579456,
    "p75": 0.0007315,
    "p90": 0.000920996,
    "p95": 0.001040458,
    "p99": 0.001346694
  },
  "rps": {
    "mean": 80752.00180892658,
    "stddev": 9614.346419408297,
    "max": 99973.87349443795,
    "percentiles": {
      "p10": 66124.20108690161,
      "p25": 74018.91183196819,
      "p50": 82448.16621870837,
      "p75": 88174.54909351154,
      "p90": 92380.32810562915,
      "p95": 94134.68863276138,
      "p99": 96292.29616586774
    }
  },
  "details": {
    "DNSDialup": {
      "average": 0.00080762628,
      "fastest": 0.000081655,
      "slowest": 0.001350512
    },
    "DNSLookup": {
      "average": 0.0000075324800000000014,
      "fastest": 0.000003427,
      "slowest": 0.000033343
    }
  },
  "statusCodeDistribution": {
    "200": 807446
  },
  "errorDistribution": {}
}