{
  "summary": {
    "successRate": 1,
    "total": 10.000394847,
    "slowest": 0.005302367,
    "fastest": 0.000038169,
    "average": 0.0006496806148992221,
    "requestsPerSec": 76778.16843705271,
    "totalData": 9981556,
    "sizePerRequest": 13,
    "sizePerSec": 998116.1896816852
  },
  "responseTimeHistogram": {
    "0.000038169": 1,
    "0.0005645887999999999": 338963,
    "0.0010910085999999999": 393752,
    "0.0016174283999999997": 32512,
    "0.0021438481999999995": 2202,
    "0.0026702679999999995": 172,
    "0.003196687799999999": 196,
    "0.003723107599999999": 8,
    "0.0042495274": 1,
    "0.004775947199999999": 1,
    "0.005302367": 4
  },
  "latencyPercentiles": {
    "p10": 0.000400316,
    "p25": 0.000474425,
    "p50": 0.000598045,
    "p75": 0.000793179,
    "p90": 0.000963111,
    "p95": 0.001074776,
    "p99": 0.00142665
  },
  "rps": {
    "mean": 76782.49446372695,
    "stddev": 10968.548608449511,
    "max": 95965.30438963651,
    "percentiles": {
      "p10": 62203.719782442706,
      "p25": 66902.33489148921,
      "p50": 77919.40369422126,
      "p75": 86830.7380812809,
      "p90": 89881.81942021823,
      "p95": 92058.59258657595,
      "p99": 95124.30425974053
    }
  },
  "details": {
    "DNSDialup": {
      "average": 0.0011625247800000002,
      "fastest": 0.000144165,
      "slowest": 0.001835241
    },
    "DNSLookup": {
      "average": 0.00001175024,
      "fastest": 0.000004288,
      "slowest": 0.000034946
    }
  },
  "statusCodeDistribution": {
    "200": 767812
  },
  "errorDistribution": {}
}