{
  "summary": {
    "successRate": 1,
    "total": 10.000604202,
    "slowest": 0.005332209,
    "fastest": 0.000032541,
    "average": 0.0006388230984337612,
    "requestsPerSec": 78086.38200518198,
    "totalData": 10151843,
    "sizePerRequest": 13,
    "sizePerSec": 1015122.9660673656
  },
  "responseTimeHistogram": {
    "0.000032541": 1,
    "0.0005625078": 330313,
    "0.0010924746000000002": 416003,
    "0.0016224414000000002": 33130,
    "0.0021524082000000003": 1432,
    "0.0026823750000000003": 24,
    "0.0032123418000000003": 6,
    "0.0037423086000000004": 0,
    "0.0042722754": 0,
    "0.0048022422": 0,
    "0.005332209": 2
  },
  "latencyPercentiles": {
    "p10": 0.000383243,
    "p25": 0.00047601,
    "p50": 0.000600141,
    "p75": 0.000762921,
    "p90": 0.000951558,
    "p95": 0.001072546,
    "p99": 0.001401324
  },
  "rps": {
    "mean": 78087.67298267817,
    "stddev": 10367.569462182188,
    "max": 100575.38170118036,
    "percentiles": {
      "p10": 64247.517463923345,
      "p25": 69967.84586544656,
      "p50": 77688.77496315038,
      "p75": 86544.92547081196,
      "p90": 92736.99356122052,
      "p95": 94760.42058786286,
      "p99": 97162.20058819577
    }
  },
  "details": {
    "DNSDialup": {
      "average": 0.0008253973999999998,
      "fastest": 0.000086809,
      "slowest": 0.001879753
    },
    "DNSLookup": {
      "average": 0.000024367640000000003,
      "fastest": 0.000003426,
      "slowest": 0.000899161
    }
  },
  "statusCodeDistribution": {
    "200": 780911
  },
  "errorDistribution": {}
}