{
  "summary": {
    "successRate": 1,
    "total": 10.000667143,
    "slowest": 0.003598727,
    "fastest": 0.000033791,
    "average": 0.0006165566101341681,
    "requestsPerSec": 80887.30366015743,
    "totalData": 10516051,
    "sizePerRequest": 13,
    "sizePerSec": 1051534.9475820465
  },
  "responseTimeHistogram": {
    "0.000033791": 1,
    "0.00039028459999999995": 95722,
    "0.0007467782": 528958,
    "0.0011032718": 155775,
    "0.0014597654": 23826,
    "0.001816259": 4403,
    "0.0021727526": 204,
    "0.0025292462": 17,
    "0.0028857398": 16,
    "0.0032422334": 3,
    "0.003598727": 2
  },
  "latencyPercentiles": {
    "p10": 0.000374991,
    "p25": 0.000465588,
    "p50": 0.000578078,
    "p75": 0.000725634,
    "p90": 0.000918296,
    "p95": 0.001044012,
    "p99": 0.001351039
  },
  "rps": {
    "mean": 80886.56018073329,
    "stddev": 9360.8074525373,
    "max": 98633.9794059068,
    "percentiles": {
      "p10": 67695.64717990326,
      "p25": 74400.6100850019,
      "p50": 82139.64059055496,
      "p75": 88376.37486315914,
      "p90": 92230.85121973178,
      "p95": 93885.4157651284,
      "p99": 96452.6556180479
    }
  },
  "details": {
    "DNSDialup": {
      "average": 0.0007601406,
      "fastest": 0.000128989,
      "slowest": 0.001210007
    },
    "DNSLookup": {
      "average": 0.00000714432,
      "fastest": 0.000003587,
      "slowest": 0.000028042
    }
  },
  "statusCodeDistribution": {
    "200": 808927
  },
  "errorDistribution": {}
}