{
  "summary": {
    "successRate": 1,
    "total": 10.000626845,
    "slowest": 0.002817805,
    "fastest": 0.000034114,
    "average": 0.0006023690347433856,
    "requestsPerSec": 82796.2099609767,
    "totalData": 10764182,
    "sizePerRequest": 13,
    "sizePerSec": 1076350.7294926972
  },
  "responseTimeHistogram": {
    "0.000034114": 1,
    "0.00031248310000000004": 40295,
    "0.0005908522000000001": 418927,
    "0.0008692213000000001": 276430,
    "0.0011475904000000001": 73794,
    "0.0014259595000000003": 14282,
    "0.0017043286000000002": 3855,
    "0.0019826977": 384,
    "0.0022610668": 28,
    "0.0025394359000000003": 15,
    "0.0028178050000000005": 3
  },
  "latencyPercentiles": {
    "p10": 0.000369193,
    "p25": 0.000457029,
    "p50": 0.000566433,
    "p75": 0.00070728,
    "p90": 0.000892125,
    "p95": 0.001015107,
    "p99": 0.001310001
  },
  "rps": {
    "mean": 82803.74233697215,
    "stddev": 9574.979802192061,
    "max": 99752.18447692518,
    "percentiles": {
      "p10": 68289.84577124414,
      "p25": 76702.73061721017,
      "p50": 84251.37648938312,
      "p75": 90367.68073360277,
      "p90": 94128.91640311418,
      "p95": 95841.68275962364,
      "p99": 97834.10496899208
    }
  },
  "details": {
    "DNSDialup": {
      "average": 0.0006676954600000001,
      "fastest": 0.00008098,
      "slowest": 0.001330184
    },
    "DNSLookup": {
      "average": 0.0000081384,
      "fastest": 0.000003346,
      "slowest": 0.000031378
    }
  },
  "statusCodeDistribution": {
    "200": 828014
  },
  "errorDistribution": {}
}