{
  "summary": {
    "successRate": 1,
    "total": 10.000444866,
    "slowest": 0.00813328,
    "fastest": 0.000034575,
    "average": 0.0006200790193563428,
    "requestsPerSec": 80440.32148359428,
    "totalData": 10457707,
    "sizePerRequest": 13,
    "sizePerSec": 1045724.1792867257
  },
  "responseTimeHistogram": {
    "0.000034575": 1,
    "0.0008444454999999999": 673681,
    "0.0016543159999999999": 129469,
    "0.0024641864999999995": 1027,
    "0.0032740569999999995": 202,
    "0.0040839275": 22,
    "0.0048937979999999996": 24,
    "0.0057036685": 10,
    "0.006513539": 2,
    "0.007323409499999999": 0,
    "0.00813328": 1
  },
  "latencyPercentiles": {
    "p10": 0.000392914,
    "p25": 0.000462499,
    "p50": 0.000563269,
    "p75": 0.000744005,
    "p90": 0.00093316,
    "p95": 0.001028668,
    "p99": 0.001360426
  },
  "rps": {
    "mean": 80434.86972919083,
    "stddev": 10535.551896622852,
    "max": 98825.41789748184,
    "percentiles": {
      "p10": 65146.06478240883,
      "p25": 71647.35173476097,
      "p50": 82914.25296008293,
      "p75": 88640.46803773621,
      "p90": 92192.18382640615,
      "p95": 94460.36962222228,
      "p99": 97442.11933104381
    }
  },
  "details": {
    "DNSDialup": {
      "average": 0.00075514122,
      "fastest": 0.000064059,
      "slowest": 0.001651659
    },
    "DNSLookup": {
      "average": 0.000009106300000000001,
      "fastest": 0.00000522,
      "slowest": 0.000031559
    }
  },
  "statusCodeDistribution": {
    "200": 804439
  },
  "errorDistribution": {}
}