{
  "summary": {
    "successRate": 1,
    "total": 10.00037656,
    "slowest": 0.007393326,
    "fastest": 0.000032443,
    "average": 0.0006095776214529277,
    "requestsPerSec": 81857.01759214555,
    "totalData": 10641813,
    "sizePerRequest": 13,
    "sizePerSec": 1064141.2286978923
  },
  "responseTimeHistogram": {
    "0.000032443": 1,
    "0.0007685313000000001": 633430,
    "0.0015046196000000002": 182378,
    "0.0022407079000000005": 2701,
    "0.0029767962000000004": 79,
    "0.0037128845000000002": 6,
    "0.004448972800000001": 4,
    "0.005185061100000001": 0,
    "0.005921149400000001": 1,
    "0.0066572377000000005": 0,
    "0.007393326": 1
  },
  "latencyPercentiles": {
    "p10": 0.000396743,
    "p25": 0.000454481,
    "p50": 0.000540074,
    "p75": 0.000742321,
    "p90": 0.000921474,
    "p95": 0.001003717,
    "p99": 0.001314394
  },
  "rps": {
    "mean": 81855.51844017323,
    "stddev": 10072.339283364025,
    "max": 100850.54970059657,
    "percentiles": {
      "p10": 66339.46534793214,
      "p25": 73108.64875314714,
      "p50": 86213.38893930161,
      "p75": 89394.68685230573,
      "p90": 90605.56318159093,
      "p95": 94108.66740826862,
      "p99": 98208.26913626282
    }
  },
  "details": {
    "DNSDialup": {
      "average": 0.0009303031600000001,
      "fastest": 0.000097823,
      "slowest": 0.001536308
    },
    "DNSLookup": {
      "average": 0.000010708260000000001,
      "fastest": 0.000004038,
      "slowest": 0.00016573
    }
  },
  "statusCodeDistribution": {
    "200": 818601
  },
  "errorDistribution": {}
}