{
  "summary": {
    "successRate": 1,
    "total": 10.000222096,
    "slowest": 0.004324263,
    "fastest": 0.000033432,
    "average": 0.0006468327398059233,
    "requestsPerSec": 77119.18721369965,
    "totalData": 10025717,
    "sizePerRequest": 13,
    "sizePerSec": 1002549.4337780955
  },
  "responseTimeHistogram": {
    "0.000033432": 1,
    "0.0004625151": 164278,
    "0.0008915982": 501845,
    "0.0013206812999999999": 92521,
    "0.0017497644": 12301,
    "0.0021788475": 225,
    "0.0026079306": 13,
    "0.0030370137": 6,
    "0.0034660968": 4,
    "0.0038951799": 8,
    "0.004324263": 7
  },
  "latencyPercentiles": {
    "p10": 0.000388788,
    "p25": 0.00048195,
    "p50": 0.000610543,
    "p75": 0.000773965,
    "p90": 0.000953439,
    "p95": 0.001071747,
    "p99": 0.00141358
  },
  "rps": {
    "mean": 77111.22823522061,
    "stddev": 10231.147689066584,
    "max": 98575.4397840595,
    "percentiles": {
      "p10": 64275.29056655723,
      "p25": 68844.28064130805,
      "p50": 76229.09664619033,
      "p75": 85039.79011779705,
      "p90": 92036.60295699786,
      "p95": 94721.57757536706,
      "p99": 97453.8920022772
    }
  },
  "details": {
    "DNSDialup": {
      "average": 0.00099443674,
      "fastest": 0.000159692,
      "slowest": 0.001864108
    },
    "DNSLookup": {
      "average": 0.00002024666,
      "fastest": 0.000005109,
      "slowest": 0.000587278
    }
  },
  "statusCodeDistribution": {
    "200": 771209
  },
  "errorDistribution": {}
}