{
  "summary": {
    "successRate": 1,
    "total": 10.000582566,
    "slowest": 0.003575559,
    "fastest": 0.000035518,
    "average": 0.0006123807080176387,
    "requestsPerSec": 81425.85640645366,
    "totalData": 10585978,
    "sizePerRequest": 13,
    "sizePerSec": 1058536.1332838978
  },
  "responseTimeHistogram": {
    "0.000035518": 1,
    "0.0003895221": 96554,
    "0.0007435262": 535975,
    "0.0010975302999999999": 152388,
    "0.0014515344": 24510,
    "0.0018055385": 4497,
    "0.0021595425999999997": 353,
    "0.0025135467": 12,
    "0.0028675508": 14,
    "0.0032215548999999996": 1,
    "0.003575559": 1
  },
  "latencyPercentiles": {
    "p10": 0.000374426,
    "p25": 0.000462805,
    "p50": 0.00057296,
    "p75": 0.000717248,
    "p90": 0.000911562,
    "p95": 0.001044391,
    "p99": 0.00135151
  },
  "rps": {
    "mean": 81445.81802987943,
    "stddev": 9210.036452738095,
    "max": 102217.5364406213,
    "percentiles": {
      "p10": 67940.52652407115,
      "p25": 75504.76435063068,
      "p50": 83154.95711115414,
      "p75": 88691.05023216514,
      "p90": 92216.95869870106,
      "p95": 93836.61406117052,
      "p99": 95867.9500727818
    }
  },
  "details": {
    "DNSDialup": {
      "average": 0.0008273974,
      "fastest": 0.000091681,
      "slowest": 0.0020874
    },
    "DNSLookup": {
      "average": 0.000007886919999999999,
      "fastest": 0.000003707,
      "slowest": 0.000031599
    }
  },
  "statusCodeDistribution": {
    "200": 814306
  },
  "errorDistribution": {}
}