{
  "summary": {
    "successRate": 1,
    "total": 10.000669089,
    "slowest": 0.005316675,
    "fastest": 0.000029884,
    "average": 0.0006467580762327369,
    "requestsPerSec": 77120.53994950457,
    "totalData": 10026341,
    "sizePerRequest": 13,
    "sizePerSec": 1002567.0193435594
  },
  "responseTimeHistogram": {
    "0.000029884": 1,
    "0.0005585631": 310797,
    "0.0010872422": 423683,
    "0.0016159213": 35108,
    "0.0021446004": 1635,
    "0.0026732795000000004": 13,
    "0.0032019586": 11,
    "0.0037306377": 7,
    "0.0042593168": 1,
    "0.0047879959000000005": 0,
    "0.005316675000000001": 1
  },
  "latencyPercentiles": {
    "p10": 0.000388326,
    "p25": 0.000480574,
    "p50": 0.000608072,
    "p75": 0.000774785,
    "p90": 0.000957355,
    "p95": 0.001079211,
    "p99": 0.001420795
  },
  "rps": {
    "mean": 77118.14036275748,
    "stddev": 10024.175039704609,
    "max": 98557.85049447088,
    "percentiles": {
      "p10": 64111.4361596762,
      "p25": 69039.08993271805,
      "p50": 76372.07996907114,
      "p75": 84875.49675436961,
      "p90": 91656.61101385849,
      "p95": 94312.9586908278,
      "p99": 96807.16914770566
    }
  },
  "details": {
    "DNSDialup": {
      "average": 0.00098941864,
      "fastest": 0.000091491,
      "slowest": 0.002105752
    },
    "DNSLookup": {
      "average": 0.0000069332000000000025,
      "fastest": 0.000003306,
      "slowest": 0.000024666
    }
  },
  "statusCodeDistribution": {
    "200": 771257
  },
  "errorDistribution": {}
}