{
  "summary": {
    "successRate": 1,
    "total": 10.000423273,
    "slowest": 0.005010074,
    "fastest": 0.00003264,
    "average": 0.0006349931035532616,
    "requestsPerSec": 78572.67423084604,
    "totalData": 10214880,
    "sizePerRequest": 13,
    "sizePerSec": 1021444.7650009985
  },
  "responseTimeHistogram": {
    "0.00003264": 1,
    "0.0005303834000000001": 323401,
    "0.0010281268000000001": 416903,
    "0.0015258702000000002": 42164,
    "0.0020236136000000003": 3101,
    "0.0025213570000000005": 65,
    "0.0030191004000000004": 41,
    "0.0035168438000000002": 28,
    "0.0040145872": 28,
    "0.0045123306": 22,
    "0.005010074000000001": 6
  },
  "latencyPercentiles": {
    "p10": 0.000404342,
    "p25": 0.000473264,
    "p50": 0.000574444,
    "p75": 0.000766453,
    "p90": 0.000956988,
    "p95": 0.001049827,
    "p99": 0.001380105
  },
  "rps": {
    "mean": 78576.01491501194,
    "stddev": 10734.540580206502,
    "max": 99655.318667391,
    "percentiles": {
      "p10": 63561.78205215599,
      "p25": 68858.99838982293,
      "p50": 80325.50582505354,
      "p75": 87162.30624442527,
      "p90": 91130.04557602949,
      "p95": 94505.39625812997,
      "p99": 97129.13318256421
    }
  },
  "details": {
    "DNSDialup": {
      "average": 0.00098186054,
      "fastest": 0.000106694,
      "slowest": 0.001940461
    },
    "DNSLookup": {
      "average": 0.00001025216,
      "fastest": 0.000003566,
      "slowest": 0.000072996
    }
  },
  "statusCodeDistribution": {
    "200": 785760
  },
  "errorDistribution": {}
}