{
  "summary": {
    "successRate": 1,
    "total": 10.000414572,
    "slowest": 0.004463917,
    "fastest": 0.000033313,
    "average": 0.0006402617150065004,
    "requestsPerSec": 77909.77007907987,
    "totalData": 10128690,
    "sizePerRequest": 13,
    "sizePerSec": 1012827.0110280383
  },
  "responseTimeHistogram": {
    "0.000033313": 1,
    "0.0004763734": 206529,
    "0.0009194338": 478134,
    "0.0013624942000000002": 84102,
    "0.0018055546000000002": 10144,
    "0.0022486150000000002": 186,
    "0.0026916754000000003": 28,
    "0.0031347358000000003": 3,
    "0.0035777962000000003": 1,
    "0.004020856600000001": 1,
    "0.004463917": 1
  },
  "latencyPercentiles": {
    "p10": 0.000390203,
    "p25": 0.000469604,
    "p50": 0.000594086,
    "p75": 0.000775376,
    "p90": 0.00095303,
    "p95": 0.001067325,
    "p99": 0.001417814
  },
  "rps": {
    "mean": 77917.57735762285,
    "stddev": 10895.272543027933,
    "max": 99918.44494493869,
    "percentiles": {
      "p10": 63606.46241658089,
      "p25": 68612.11003742108,
      "p50": 77467.8928613031,
      "p75": 88414.65030754499,
      "p90": 92321.46474055233,
      "p95": 94643.35612143918,
      "p99": 97553.99613686059
    }
  },
  "details": {
    "DNSDialup": {
      "average": 0.0010482382399999999,
      "fastest": 0.000099096,
      "slowest": 0.00188467
    },
    "DNSLookup": {
      "average": 0.000013775299999999995,
      "fastest": 0.000004509,
      "slowest": 0.000200646
    }
  },
  "statusCodeDistribution": {
    "200": 779130
  },
  "errorDistribution": {}
}