{
  "summary": {
    "successRate": 1,
    "total": 10.000871967,
    "slowest": 0.003392465,
    "fastest": 0.000035615,
    "average": 0.0006015643537437866,
    "requestsPerSec": 82914.37014054117,
    "totalData": 10779808,
    "sizePerRequest": 13,
    "sizePerSec": 1077886.8118270352
  },
  "responseTimeHistogram": {
    "0.000035615": 1,
    "0.00037129999999999997": 85290,
    "0.0007069849999999999": 536069,
    "0.0010426699999999997": 174692,
    "0.0013783549999999997": 27376,
    "0.0017140399999999998": 5376,
    "0.0020497249999999996": 396,
    "0.0023854099999999997": 14,
    "0.0027210949999999998": 0,
    "0.00305678": 1,
    "0.003392465": 1
  },
  "latencyPercentiles": {
    "p10": 0.000368878,
    "p25": 0.000456612,
    "p50": 0.000566287,
    "p75": 0.000707511,
    "p90": 0.000888844,
    "p95": 0.001006481,
    "p99": 0.001310925
  },
  "rps": {
    "mean": 82918.36579293304,
    "stddev": 9325.384220588847,
    "max": 99311.94161460247,
    "percentiles": {
      "p10": 69176.0937030732,
      "p25": 76461.7122479561,
      "p50": 84437.77746163654,
      "p75": 90434.10473391128,
      "p90": 94138.02234723025,
      "p95": 95748.726526928,
      "p99": 97813.22469047552
    }
  },
  "details": {
    "DNSDialup": {
      "average": 0.0008555613000000002,
      "fastest": 0.000088262,
      "slowest": 0.001685353
    },
    "DNSLookup": {
      "average": 0.000007730139999999998,
      "fastest": 0.000003386,
      "slowest": 0.000028754
    }
  },
  "statusCodeDistribution": {
    "200": 829216
  },
  "errorDistribution": {}
}