{
  "summary": {
    "successRate": 1,
    "total": 10.000467073,
    "slowest": 0.006754249,
    "fastest": 0.000035284,
    "average": 0.0006494380821872501,
    "requestsPerSec": 76816.11212680607,
    "totalData": 9986561,
    "sizePerRequest": 13,
    "sizePerSec": 998609.4576484788
  },
  "responseTimeHistogram": {
    "0.000035284": 1,
    "0.0007071805": 503435,
    "0.001379077": 254277,
    "0.0020509735": 10429,
    "0.00272287": 27,
    "0.0033947665": 15,
    "0.004066663": 10,
    "0.0047385595": 2,
    "0.005410456": 0,
    "0.0060823525": 0,
    "0.006754249": 1
  },
  "latencyPercentiles": {
    "p10": 0.00038844,
    "p25": 0.000481633,
    "p50": 0.000608655,
    "p75": 0.000782958,
    "p90": 0.000958327,
    "p95": 0.001081413,
    "p99": 0.00143986
  },
  "rps": {
    "mean": 76815.84605281359,
    "stddev": 11103.791298601145,
    "max": 100560.77893478177,
    "percentiles": {
      "p10": 62617.827295428,
      "p25": 67045.29580184439,
      "p50": 76106.81375154466,
      "p75": 85786.26666976287,
      "p90": 92816.77199069831,
      "p95": 95305.85177929449,
      "p99": 97484.81146438458
    }
  },
  "details": {
    "DNSDialup": {
      "average": 0.0007965822,
      "fastest": 0.000100358,
      "slowest": 0.001248415
    },
    "DNSLookup": {
      "average": 0.00000842126,
      "fastest": 0.000003737,
      "slowest": 0.000032701
    }
  },
  "statusCodeDistribution": {
    "200": 768197
  },
  "errorDistribution": {}
}