{
  "summary": {
    "successRate": 1,
    "total": 10.000712568,
    "slowest": 0.004456488,
    "fastest": 0.000033132,
    "average": 0.0006549901190045684,
    "requestsPerSec": 76156.37334053614,
    "totalData": 9901034,
    "sizePerRequest": 13,
    "sizePerSec": 990032.8534269698
  },
  "responseTimeHistogram": {
    "0.000033132": 1,
    "0.00047546759999999997": 175706,
    "0.0009178031999999999": 488966,
    "0.0013601387999999997": 85615,
    "0.0018024743999999998": 11144,
    "0.00224481": 124,
    "0.0026871455999999995": 23,
    "0.0031294811999999996": 9,
    "0.0035718167999999996": 29,
    "0.004014152399999999": 0,
    "0.004456488": 1
  },
  "latencyPercentiles": {
    "p10": 0.000390772,
    "p25": 0.00048568,
    "p50": 0.000618356,
    "p75": 0.000786793,
    "p90": 0.000964199,
    "p95": 0.001085797,
    "p99": 0.001433678
  },
  "rps": {
    "mean": 76141.26086683215,
    "stddev": 10363.99594673391,
    "max": 100926.82635044263,
    "percentiles": {
      "p10": 63780.1927648337,
      "p25": 67311.74589965829,
      "p50": 74653.1381036978,
      "p75": 84607.25930284946,
      "p90": 91252.85365283416,
      "p95": 94226.88292969999,
      "p99": 97627.31406928498
    }
  },
  "details": {
    "DNSDialup": {
      "average": 0.0006639070800000002,
      "fastest": 0.000087624,
      "slowest": 0.001045522
    },
    "DNSLookup": {
      "average": 0.000009906759999999999,
      "fastest": 0.000004989,
      "slowest": 0.000040726
    }
  },
  "statusCodeDistribution": {
    "200": 761618
  },
  "errorDistribution": {}
}