{
  "summary": {
    "successRate": 1,
    "total": 10.000196929,
    "slowest": 0.003901849,
    "fastest": 0.000036819,
    "average": 0.0006306838397903439,
    "requestsPerSec": 79098.54232031594,
    "totalData": 10283013,
    "sizePerRequest": 13,
    "sizePerSec": 1028281.0501641072
  },
  "responseTimeHistogram": {
    "0.000036819": 1,
    "0.000423322": 125703,
    "0.000809825": 520458,
    "0.001196328": 125427,
    "0.001582831": 17766,
    "0.001969334": 1611,
    "0.002355837": 20,
    "0.0027423400000000002": 2,
    "0.003128843": 12,
    "0.003515346": 0,
    "0.003901849": 1
  },
  "latencyPercentiles": {
    "p10": 0.000381196,
    "p25": 0.000471739,
    "p50": 0.000593769,
    "p75": 0.000754004,
    "p90": 0.000929055,
    "p95": 0.001048399,
    "p99": 0.001385262
  },
  "rps": {
    "mean": 79085.56511997526,
    "stddev": 10754.753885368475,
    "max": 102086.20523834959,
    "percentiles": {
      "p10": 65635.89627166933,
      "p25": 69742.66856462894,
      "p50": 78523.80841870344,
      "p75": 87596.34722230886,
      "p90": 94501.55136709906,
      "p95": 96279.98580546665,
      "p99": 99102.45804310484
    }
  },
  "details": {
    "DNSDialup": {
      "average": 0.0007103766399999999,
      "fastest": 0.000076654,
      "slowest": 0.001683264
    },
    "DNSLookup": {
      "average": 0.000006457719999999998,
      "fastest": 0.000003426,
      "slowest": 0.000028444
    }
  },
  "statusCodeDistribution": {
    "200": 791001
  },
  "errorDistribution": {}
}