{
  "summary": {
    "successRate": 1,
    "total": 10.000363717,
    "slowest": 0.006848469,
    "fastest": 0.000035447,
    "average": 0.0006568949498945956,
    "requestsPerSec": 75939.13796445569,
    "totalData": 9872447,
    "sizePerRequest": 13,
    "sizePerSec": 987208.793537924
  },
  "responseTimeHistogram": {
    "0.000035447": 1,
    "0.0007167492": 502915,
    "0.0013980514000000001": 246064,
    "0.0020793536": 10106,
    "0.0027606558": 178,
    "0.003441958": 84,
    "0.0041232602": 24,
    "0.0048045624": 11,
    "0.0054858646": 0,
    "0.0061671668": 1,
    "0.006848469": 35
  },
  "latencyPercentiles": {
    "p10": 0.000391253,
    "p25": 0.000486409,
    "p50": 0.000615699,
    "p75": 0.000783123,
    "p90": 0.000974623,
    "p95": 0.001106078,
    "p99": 0.001457278
  },
  "rps": {
    "mean": 75956.95621589023,
    "stddev": 10906.888758740064,
    "max": 100912.03008823592,
    "percentiles": {
      "p10": 62449.77871862103,
      "p25": 67257.9696440312,
      "p50": 75137.68981659123,
      "p75": 84442.38163133925,
      "p90": 91405.33807174253,
      "p95": 93804.62540986908,
      "p99": 96976.892978433
    }
  },
  "details": {
    "DNSDialup": {
      "average": 0.0007840052800000001,
      "fastest": 0.000103664,
      "slowest": 0.001301262
    },
    "DNSLookup": {
      "average": 0.000006639740000000001,
      "fastest": 0.000003357,
      "slowest": 0.000025658
    }
  },
  "statusCodeDistribution": {
    "200": 759419
  },
  "errorDistribution": {}
}