{
  "summary": {
    "successRate": 1,
    "total": 10.000419023,
    "slowest": 0.003453339,
    "fastest": 0.000035825,
    "average": 0.000649275900788658,
    "requestsPerSec": 76835.78040407877,
    "totalData": 9989070,
    "sizePerRequest": 13,
    "sizePerSec": 998865.1452530242
  },
  "responseTimeHistogram": {
    "0.000035825": 1,
    "0.0003775764": 67063,
    "0.0007193277999999999": 449686,
    "0.0010610791999999998": 208394,
    "0.0014028305999999999": 34502,
    "0.001744582": 8314,
    "0.0020863334": 363,
    "0.0024280848": 24,
    "0.0027698362": 13,
    "0.0031115876": 2,
    "0.003453339": 28
  },
  "latencyPercentiles": {
    "p10": 0.000389613,
    "p25": 0.000481516,
    "p50": 0.000607631,
    "p75": 0.000780683,
    "p90": 0.000964352,
    "p95": 0.00108513,
    "p99": 0.001426134
  },
  "rps": {
    "mean": 76823.69404622265,
    "stddev": 10500.508769309332,
    "max": 100119.51329313908,
    "percentiles": {
      "p10": 63649.00336769255,
      "p25": 68340.83679647034,
      "p50": 75539.96819718074,
      "p75": 85050.40937764103,
      "p90": 92213.12401690637,
      "p95": 94742.50148616791,
      "p99": 97712.79602901211
    }
  },
  "details": {
    "DNSDialup": {
      "average": 0.0008719180000000001,
      "fastest": 0.000100776,
      "slowest": 0.00127107
    },
    "DNSLookup": {
      "average": 0.00000827958,
      "fastest": 0.000003717,
      "slowest": 0.000030647
    }
  },
  "statusCodeDistribution": {
    "200": 768390
  },
  "errorDistribution": {}
}