{
  "summary": {
    "successRate": 1,
    "total": 10.000582168,
    "slowest": 0.003200765,
    "fastest": 0.000033181,
    "average": 0.0006090980079698016,
    "requestsPerSec": 81879.43324141088,
    "totalData": 10644946,
    "sizePerRequest": 13,
    "sizePerSec": 1064432.6321383414
  },
  "responseTimeHistogram": {
    "0.000033181": 1,
    "0.0003499394": 64144,
    "0.0006666977999999999": 500850,
    "0.0009834561999999998": 198120,
    "0.0013002145999999998": 45814,
    "0.0016169729999999998": 8053,
    "0.0019337313999999997": 1762,
    "0.0022504898": 45,
    "0.0025672482": 14,
    "0.0028840066": 21,
    "0.003200765": 18
  },
  "latencyPercentiles": {
    "p10": 0.000370479,
    "p25": 0.000460126,
    "p50": 0.000569618,
    "p75": 0.00071496,
    "p90": 0.000909642,
    "p95": 0.001033572,
    "p99": 0.001339972
  },
  "rps": {
    "mean": 81847.49080430117,
    "stddev": 9910.714314964047,
    "max": 99772.38486522058,
    "percentiles": {
      "p10": 67133.97928245628,
      "p25": 75522.63413345018,
      "p50": 83474.5177019524,
      "p75": 89576.37281546644,
      "p90": 93515.09333606524,
      "p95": 95272.14959889099,
      "p99": 96815.5493581596
    }
  },
  "details": {
    "DNSDialup": {
      "average": 0.0006831631999999999,
      "fastest": 0.000084906,
      "slowest": 0.001051908
    },
    "DNSLookup": {
      "average": 0.00000719618,
      "fastest": 0.000003607,
      "slowest": 0.000030697
    }
  },
  "statusCodeDistribution": {
    "200": 818842
  },
  "errorDistribution": {}
}