{
  "summary": {
    "successRate": 1,
    "total": 10.00061229,
    "slowest": 0.003080339,
    "fastest": 0.000032869,
    "average": 0.0005617297834071042,
    "requestsPerSec": 88785.56374871724,
    "totalData": 11542830,
    "sizePerRequest": 13,
    "sizePerSec": 1154212.328733324
  },
  "responseTimeHistogram": {
    "0.000032869": 1,
    "0.000337616": 82605,
    "0.0006423630000000001": 568750,
    "0.0009471100000000001": 191224,
    "0.001251857": 36795,
    "0.001556604": 7244,
    "0.0018613510000000002": 1212,
    "0.002166098": 50,
    "0.002470845": 20,
    "0.0027755920000000003": 6,
    "0.003080339": 3
  },
  "latencyPercentiles": {
    "p10": 0.000343229,
    "p25": 0.000424302,
    "p50": 0.000527091,
    "p75": 0.000654991,
    "p90": 0.000832911,
    "p95": 0.000950348,
    "p99": 0.001244241
  },
  "rps": {
    "mean": 88782.63683431271,
    "stddev": 11076.510119717344,
    "max": 107124.69404576304,
    "percentiles": {
      "p10": 71484.50898652099,
      "p25": 82607.32726993522,
      "p50": 91330.65056632906,
      "p75": 97391.83067665788,
      "p90": 101002.78767693945,
      "p95": 102466.49050567765,
      "p99": 104639.15415167046
    }
  },
  "details": {
    "DNSDialup": {
      "average": 0.00084283652,
      "fastest": 0.000082544,
      "slowest": 0.001413796
    },
    "DNSLookup": {
      "average": 0.000007730879999999998,
      "fastest": 0.000003858,
      "slowest": 0.000026589
    }
  },
  "statusCodeDistribution": {
    "200": 887910
  },
  "errorDistribution": {}
}