{
  "summary": {
    "successRate": 1,
    "total": 10.000149952,
    "slowest": 0.004273953,
    "fastest": 0.000033901,
    "average": 0.0006447659648528526,
    "requestsPerSec": 77353.64006669648,
    "totalData": 10056124,
    "sizePerRequest": 13,
    "sizePerSec": 1005597.3208670542
  },
  "responseTimeHistogram": {
    "0.000033901": 1,
    "0.00045790619999999996": 162706,
    "0.0008819113999999999": 501661,
    "0.0013059165999999998": 95228,
    "0.0017299217999999998": 13441,
    "0.0021539269999999995": 496,
    "0.0025779321999999994": 10,
    "0.0030019373999999994": 3,
    "0.0034259425999999993": 0,
    "0.0038499477999999992": 1,
    "0.004273953": 1
  },
  "latencyPercentiles": {
    "p10": 0.000385116,
    "p25": 0.000478124,
    "p50": 0.000606028,
    "p75": 0.000776736,
    "p90": 0.000950144,
    "p95": 0.001072568,
    "p99": 0.001429839
  },
  "rps": {
    "mean": 77341.37371602775,
    "stddev": 10976.014229160937,
    "max": 99827.97179770008,
    "percentiles": {
      "p10": 63212.94256447817,
      "p25": 67644.22172744179,
      "p50": 77004.57806253294,
      "p75": 86635.69749298222,
      "p90": 92960.16381803257,
      "p95": 94737.57292142023,
      "p99": 97248.33242121103
    }
  },
  "details": {
    "DNSDialup": {
      "average": 0.0007834839200000001,
      "fastest": 0.000079498,
      "slowest": 0.001246919
    },
    "DNSLookup": {
      "average": 0.000011633479999999998,
      "fastest": 0.000004538,
      "slowest": 0.000070211
    }
  },
  "statusCodeDistribution": {
    "200": 773548
  },
  "errorDistribution": {}
}