{
  "summary": {
    "successRate": 1,
    "total": 10.000489363,
    "slowest": 0.004400936,
    "fastest": 0.00003038,
    "average": 0.0006354755517730948,
    "requestsPerSec": 78499.25853673447,
    "totalData": 10205403,
    "sizePerRequest": 13,
    "sizePerSec": 1020490.360977548
  },
  "responseTimeHistogram": {
    "0.00003038": 1,
    "0.00046743560000000003": 187215,
    "0.0009044912000000001": 504700,
    "0.0013415468000000002": 82700,
    "0.0017786024000000001": 10207,
    "0.002215658": 168,
    "0.0026527136000000003": 28,
    "0.0030897692": 5,
    "0.0035268248000000003": 1,
    "0.0039638804000000005": 3,
    "0.004400936": 3
  },
  "latencyPercentiles": {
    "p10": 0.00038269,
    "p25": 0.000473318,
    "p50": 0.000598913,
    "p75": 0.000759769,
    "p90": 0.000935245,
    "p95": 0.001052472,
    "p99": 0.001395238
  },
  "rps": {
    "mean": 78503.75116524764,
    "stddev": 10328.984692439406,
    "max": 101420.36520933223,
    "percentiles": {
      "p10": 65417.09348653187,
      "p25": 70054.78284017934,
      "p50": 77818.89913403784,
      "p75": 86208.94848885266,
      "p90": 93347.05625105617,
      "p95": 96312.28944813451,
      "p99": 99438.34342522436
    }
  },
  "details": {
    "DNSDialup": {
      "average": 0.00100376144,
      "fastest": 0.000100533,
      "slowest": 0.002059309
    },
    "DNSLookup": {
      "average": 0.000008749439999999999,
      "fastest": 0.000003787,
      "slowest": 0.000028423
    }
  },
  "statusCodeDistribution": {
    "200": 785031
  },
  "errorDistribution": {}
}