{
  "summary": {
    "successRate": 1,
    "total": 10.000644856,
    "slowest": 0.003472763,
    "fastest": 0.000032377,
    "average": 0.0006259743595008701,
    "requestsPerSec": 79668.6625184963,
    "totalData": 10357594,
    "sizePerRequest": 13,
    "sizePerSec": 1035692.6127404519
  },
  "responseTimeHistogram": {
    "0.000032377": 1,
    "0.00037641559999999994": 72237,
    "0.0007204541999999999": 502105,
    "0.0010644928": 184765,
    "0.0014085314": 31025,
    "0.0017525699999999997": 5915,
    "0.0020966086": 534,
    "0.0024406472": 110,
    "0.0027846857999999997": 31,
    "0.0031287243999999995": 12,
    "0.0034727629999999994": 3
  },
  "latencyPercentiles": {
    "p10": 0.000384526,
    "p25": 0.000466591,
    "p50": 0.000578616,
    "p75": 0.000748527,
    "p90": 0.000940897,
    "p95": 0.001055473,
    "p99": 0.001370052
  },
  "rps": {
    "mean": 79665.39169880145,
    "stddev": 10237.903771503728,
    "max": 97585.38419928163,
    "percentiles": {
      "p10": 63866.909782024355,
      "p25": 71805.15561017362,
      "p50": 82108.33399590637,
      "p75": 87405.31635544532,
      "p90": 91418.0960308844,
      "p95": 93279.01665501986,
      "p99": 96248.3648032996
    }
  },
  "details": {
    "DNSDialup": {
      "average": 0.00087625864,
      "fastest": 0.000071974,
      "slowest": 0.001980437
    },
    "DNSLookup": {
      "average": 0.0000064744400000000005,
      "fastest": 0.000003096,
      "slowest": 0.000029816
    }
  },
  "statusCodeDistribution": {
    "200": 796738
  },
  "errorDistribution": {}
}