{
  "summary": {
    "successRate": 1,
    "total": 10.000369229,
    "slowest": 0.004993544,
    "fastest": 0.000032354,
    "average": 0.0006321428279223217,
    "requestsPerSec": 78910.28640338616,
    "totalData": 10258716,
    "sizePerRequest": 13,
    "sizePerSec": 1025833.72324402
  },
  "responseTimeHistogram": {
    "0.000032354": 1,
    "0.0005284729999999999": 287238,
    "0.001024592": 453170,
    "0.001520711": 45736,
    "0.00201683": 2672,
    "0.0025129489999999996": 191,
    "0.0030090679999999997": 59,
    "0.003505187": 57,
    "0.004001306": 4,
    "0.004497424999999999": 1,
    "0.004993543999999999": 3
  },
  "latencyPercentiles": {
    "p10": 0.000378661,
    "p25": 0.000471227,
    "p50": 0.000594172,
    "p75": 0.00075283,
    "p90": 0.000939227,
    "p95": 0.001060402,
    "p99": 0.001380722
  },
  "rps": {
    "mean": 78908.82922118221,
    "stddev": 10141.441669715992,
    "max": 102314.52286008502,
    "percentiles": {
      "p10": 65911.46200324377,
      "p25": 71106.54180184542,
      "p50": 78131.55733599761,
      "p75": 86847.09718080063,
      "p90": 93166.13864181822,
      "p95": 95817.81253134464,
      "p99": 98629.33236344304
    }
  },
  "details": {
    "DNSDialup": {
      "average": 0.0009446933,
      "fastest": 0.000118841,
      "slowest": 0.001762618
    },
    "DNSLookup": {
      "average": 0.000011019579999999997,
      "fastest": 0.000004117,
      "slowest": 0.000070381
    }
  },
  "statusCodeDistribution": {
    "200": 789132
  },
  "errorDistribution": {}
}