{
  "summary": {
    "successRate": 1,
    "total": 10.00040618,
    "slowest": 0.002888273,
    "fastest": 0.000033412,
    "average": 0.0006576247748625044,
    "requestsPerSec": 75854.11895739619,
    "totalData": 9861436,
    "sizePerRequest": 13,
    "sizePerSec": 986103.5464461504
  },
  "responseTimeHistogram": {
    "0.000033412": 1,
    "0.0003188981": 31949,
    "0.0006043842": 325133,
    "0.0008898703": 287635,
    "0.0011753564": 88220,
    "0.0014608425": 18908,
    "0.0017463285999999999": 6262,
    "0.0020318146999999996": 438,
    "0.0023173008": 19,
    "0.0026027869": 6,
    "0.002888273": 1
  },
  "latencyPercentiles": {
    "p10": 0.000393226,
    "p25": 0.000489445,
    "p50": 0.000619875,
    "p75": 0.000790122,
    "p90": 0.000966872,
    "p95": 0.001093402,
    "p99": 0.001438624
  },
  "rps": {
    "mean": 75838.12334805338,
    "stddev": 10490.558802931322,
    "max": 99700.06812671544,
    "percentiles": {
      "p10": 62419.53966040251,
      "p25": 67378.42111171597,
      "p50": 74887.87186215138,
      "p75": 84530.14091837527,
      "p90": 90700.95235999995,
      "p95": 93151.74579478883,
      "p99": 96224.58476934394
    }
  },
  "details": {
    "DNSDialup": {
      "average": 0.0007194503400000001,
      "fastest": 0.000093374,
      "slowest": 0.001850792
    },
    "DNSLookup": {
      "average": 0.000011647099999999999,
      "fastest": 0.000003737,
      "slowest": 0.000063278
    }
  },
  "statusCodeDistribution": {
    "200": 758572
  },
  "errorDistribution": {}
}