{
  "summary": {
    "successRate": 1,
    "total": 10.000388408,
    "slowest": 0.004608314,
    "fastest": 0.000033685,
    "average": 0.0006412038759537169,
    "requestsPerSec": 77797.77827205369,
    "totalData": 10114104,
    "sizePerRequest": 13,
    "sizePerSec": 1011371.1175366981
  },
  "responseTimeHistogram": {
    "0.000033685": 1,
    "0.0004911478999999999": 213302,
    "0.0009486107999999999": 486705,
    "0.0014060737": 70381,
    "0.0018635365999999998": 7531,
    "0.0023209994999999995": 55,
    "0.0027784623999999995": 13,
    "0.0032359252999999994": 15,
    "0.0036933881999999993": 1,
    "0.0041508511": 2,
    "0.004608314": 2
  },
  "latencyPercentiles": {
    "p10": 0.00038589,
    "p25": 0.000478726,
    "p50": 0.000604434,
    "p75": 0.000765852,
    "p90": 0.00094909,
    "p95": 0.001063862,
    "p99": 0.001402085
  },
  "rps": {
    "mean": 77816.26268968087,
    "stddev": 10134.679380737132,
    "max": 100370.65448836361,
    "percentiles": {
      "p10": 65006.98295940203,
      "p25": 69170.05372374851,
      "p50": 77116.41808541087,
      "p75": 85719.038028109,
      "p90": 91909.58616983265,
      "p95": 94607.237303485,
      "p99": 97795.10651340928
    }
  },
  "details": {
    "DNSDialup": {
      "average": 0.0007535871000000001,
      "fastest": 0.000089626,
      "slowest": 0.001557283
    },
    "DNSLookup": {
      "average": 0.000026014760000000004,
      "fastest": 0.000004187,
      "slowest": 0.000956499
    }
  },
  "statusCodeDistribution": {
    "200": 778008
  },
  "errorDistribution": {}
}