{
  "summary": {
    "successRate": 1,
    "total": 10.000654561,
    "slowest": 0.002749045,
    "fastest": 0.000033342,
    "average": 0.000606444030102173,
    "requestsPerSec": 82241.1168172335,
    "totalData": 10692045,
    "sizePerRequest": 13,
    "sizePerSec": 1069134.5186240356
  },
  "responseTimeHistogram": {
    "0.000033342": 1,
    "0.0003049123": 35828,
    "0.0005764826": 389618,
    "0.0008480529": 290585,
    "0.0011196232": 82583,
    "0.0013911935": 17661,
    "0.0016627638": 5110,
    "0.0019343341": 1018,
    "0.0022059044": 43,
    "0.0024774747": 6,
    "0.002749045": 12
  },
  "latencyPercentiles": {
    "p10": 0.000369883,
    "p25": 0.000459152,
    "p50": 0.00056873,
    "p75": 0.000710934,
    "p90": 0.000900958,
    "p95": 0.001029456,
    "p99": 0.001330848
  },
  "rps": {
    "mean": 82244.80682602033,
    "stddev": 9580.798580985436,
    "max": 98241.00531494012,
    "percentiles": {
      "p10": 67903.50382079299,
      "p25": 76038.87612935889,
      "p50": 84048.43711430977,
      "p75": 89908.58259520264,
      "p90": 93216.13571309215,
      "p95": 94919.07873482136,
      "p99": 96918.97673564176
    }
  },
  "details": {
    "DNSDialup": {
      "average": 0.0008224123400000001,
      "fastest": 0.000127809,
      "slowest": 0.001159365
    },
    "DNSLookup": {
      "average": 0.00000662044,
      "fastest": 0.000003537,
      "slowest": 0.000027872
    }
  },
  "statusCodeDistribution": {
    "200": 822465
  },
  "errorDistribution": {}
}