{
  "summary": {
    "successRate": 1,
    "total": 10.000588833,
    "slowest": 0.00337711,
    "fastest": 0.00003047,
    "average": 0.0006168450176503059,
    "requestsPerSec": 80849.33932409777,
    "totalData": 10511033,
    "sizePerRequest": 13,
    "sizePerSec": 1051041.411213271
  },
  "responseTimeHistogram": {
    "0.00003047": 1,
    "0.00036513400000000003": 72392,
    "0.0006997980000000001": 506722,
    "0.001034462": 186788,
    "0.0013691260000000002": 35468,
    "0.0017037900000000004": 6485,
    "0.002038454": 652,
    "0.002373118": 12,
    "0.002707782": 16,
    "0.0030424460000000003": 4,
    "0.0033771100000000004": 1
  },
  "latencyPercentiles": {
    "p10": 0.000374931,
    "p25": 0.000465733,
    "p50": 0.000579964,
    "p75": 0.000726826,
    "p90": 0.000917718,
    "p95": 0.001043396,
    "p99": 0.001344822
  },
  "rps": {
    "mean": 80837.80790108912,
    "stddev": 8944.118210389543,
    "max": 98413.72871515747,
    "percentiles": {
      "p10": 68165.49779737023,
      "p25": 74962.95388867622,
      "p50": 81882.19334567933,
      "p75": 87853.87606392511,
      "p90": 92102.39571920101,
      "p95": 93638.1481815672,
      "p99": 95905.86943921183
    }
  },
  "details": {
    "DNSDialup": {
      "average": 0.0008252834800000001,
      "fastest": 0.000103598,
      "slowest": 0.001458393
    },
    "DNSLookup": {
      "average": 0.00000768758,
      "fastest": 0.000003657,
      "slowest": 0.000031289
    }
  },
  "statusCodeDistribution": {
    "200": 808541
  },
  "errorDistribution": {}
}