{
  "summary": {
    "successRate": 1,
    "total": 10.000515925,
    "slowest": 0.003345045,
    "fastest": 0.000032233,
    "average": 0.0006489807144399866,
    "requestsPerSec": 76865.33432523883,
    "totalData": 9993009,
    "sizePerRequest": 13,
    "sizePerSec": 999249.3462281047
  },
  "responseTimeHistogram": {
    "0.000032233": 1,
    "0.0003635142": 57420,
    "0.0006947954": 431384,
    "0.0010260766": 228053,
    "0.0013573578": 41238,
    "0.001688639": 9885,
    "0.0020199202": 662,
    "0.0023512014": 31,
    "0.0026824826": 4,
    "0.0030137638000000003": 3,
    "0.003345045": 12
  },
  "latencyPercentiles": {
    "p10": 0.000389243,
    "p25": 0.000482808,
    "p50": 0.00061006,
    "p75": 0.000778537,
    "p90": 0.000954114,
    "p95": 0.001078964,
    "p99": 0.001417573
  },
  "rps": {
    "mean": 76885.84949989256,
    "stddev": 10765.83104917121,
    "max": 101529.29120052035,
    "percentiles": {
      "p10": 63807.2038333208,
      "p25": 67768.91420885632,
      "p50": 75123.6008604955,
      "p75": 85907.5340907393,
      "p90": 92955.24455393002,
      "p95": 95094.16531524532,
      "p99": 98025.95727348533
    }
  },
  "details": {
    "DNSDialup": {
      "average": 0.00094095516,
      "fastest": 0.000095408,
      "slowest": 0.001467893
    },
    "DNSLookup": {
      "average": 0.000007994220000000004,
      "fastest": 0.000003767,
      "slowest": 0.000029053
    }
  },
  "statusCodeDistribution": {
    "200": 768693
  },
  "errorDistribution": {}
}