{
  "summary": {
    "successRate": 1,
    "total": 10.000557794,
    "slowest": 0.00480824,
    "fastest": 0.000034144,
    "average": 0.000645081317158273,
    "requestsPerSec": 77334.98630086513,
    "totalData": 10054109,
    "sizePerRequest": 13,
    "sizePerSec": 1005354.8219112466
  },
  "responseTimeHistogram": {
    "0.000034144": 1,
    "0.0005115536": 239126,
    "0.0009889632": 474103,
    "0.0014663728000000001": 55213,
    "0.0019437824000000002": 4894,
    "0.002421192": 33,
    "0.0028986016": 12,
    "0.0033760112": 8,
    "0.0038534208": 1,
    "0.0043308304": 1,
    "0.00480824": 1
  },
  "latencyPercentiles": {
    "p10": 0.000387423,
    "p25": 0.000480799,
    "p50": 0.000608998,
    "p75": 0.000774363,
    "p90": 0.000947659,
    "p95": 0.001067026,
    "p99": 0.001395047
  },
  "rps": {
    "mean": 77317.29154666053,
    "stddev": 10334.133265544255,
    "max": 98890.29459388585,
    "percentiles": {
      "p10": 64205.01302709685,
      "p25": 68330.31297200751,
      "p50": 76919.45591503587,
      "p75": 86053.04309576776,
      "p90": 91895.70938130817,
      "p95": 94551.0954119578,
      "p99": 97104.20461206468
    }
  },
  "details": {
    "DNSDialup": {
      "average": 0.0010485640999999995,
      "fastest": 0.000102254,
      "slowest": 0.002014936
    },
    "DNSLookup": {
      "average": 0.000011182519999999998,
      "fastest": 0.000004208,
      "slowest": 0.000135875
    }
  },
  "statusCodeDistribution": {
    "200": 773393
  },
  "errorDistribution": {}
}