{
  "summary": {
    "successRate": 1,
    "total": 10.000294534,
    "slowest": 0.00409703,
    "fastest": 0.000035116,
    "average": 0.0006609074142372753,
    "requestsPerSec": 75482.77677558252,
    "totalData": 9813050,
    "sizePerRequest": 13,
    "sizePerSec": 981276.0980825727
  },
  "responseTimeHistogram": {
    "0.000035116": 1,
    "0.0004413074": 124142,
    "0.0008474988": 484739,
    "0.0012536902": 127100,
    "0.0016598816": 17537,
    "0.002066073": 1291,
    "0.0024722644": 21,
    "0.0028784558": 11,
    "0.0032846472": 6,
    "0.0036908386": 1,
    "0.00409703": 1
  },
  "latencyPercentiles": {
    "p10": 0.000394449,
    "p25": 0.00048811,
    "p50": 0.000620377,
    "p75": 0.000797557,
    "p90": 0.000980715,
    "p95": 0.001101194,
    "p99": 0.001449082
  },
  "rps": {
    "mean": 75486.51619198637,
    "stddev": 10877.586838949312,
    "max": 98942.35250526342,
    "percentiles": {
      "p10": 61706.52925456126,
      "p25": 65713.71445220419,
      "p50": 74668.87456990012,
      "p75": 84336.23928201602,
      "p90": 91193.89378542728,
      "p95": 93503.29308787709,
      "p99": 96235.38212111959
    }
  },
  "details": {
    "DNSDialup": {
      "average": 0.00074052032,
      "fastest": 0.000076526,
      "slowest": 0.001552018
    },
    "DNSLookup": {
      "average": 0.00000732754,
      "fastest": 0.000004228,
      "slowest": 0.000031148
    }
  },
  "statusCodeDistribution": {
    "200": 754850
  },
  "errorDistribution": {}
}