{
  "summary": {
    "successRate": 1,
    "total": 10.000485351,
    "slowest": 0.003539057,
    "fastest": 0.000031224,
    "average": 0.0006584465577576176,
    "requestsPerSec": 75748.22355239507,
    "totalData": 9847747,
    "sizePerRequest": 13,
    "sizePerSec": 984726.9061811358
  },
  "responseTimeHistogram": {
    "0.000031224": 1,
    "0.0003820073": 66433,
    "0.0007327906000000001": 449003,
    "0.0010835739": 199573,
    "0.0014343572": 34468,
    "0.0017851405000000001": 7615,
    "0.0021359238": 374,
    "0.0024867071": 20,
    "0.0028374904": 11,
    "0.0031882737": 2,
    "0.003539057": 19
  },
  "latencyPercentiles": {
    "p10": 0.000394117,
    "p25": 0.000489375,
    "p50": 0.000618357,
    "p75": 0.000785171,
    "p90": 0.000982386,
    "p95": 0.001103994,
    "p99": 0.001445632
  },
  "rps": {
    "mean": 75757.09438829772,
    "stddev": 9896.66668583947,
    "max": 99044.34215198414,
    "percentiles": {
      "p10": 63317.73529765504,
      "p25": 67625.6098184384,
      "p50": 75007.8008112852,
      "p75": 83285.35154987393,
      "p90": 89996.09783326616,
      "p95": 92915.9870266053,
      "p99": 95383.07866151113
    }
  },
  "details": {
    "DNSDialup": {
      "average": 0.0008873552399999998,
      "fastest": 0.000142957,
      "slowest": 0.001414224
    },
    "DNSLookup": {
      "average": 0.0000094066,
      "fastest": 0.000004368,
      "slowest": 0.00004308
    }
  },
  "statusCodeDistribution": {
    "200": 757519
  },
  "errorDistribution": {}
}