{
  "summary": {
    "successRate": 1,
    "total": 10.000453615,
    "slowest": 0.003756638,
    "fastest": 0.000033672,
    "average": 0.0006514319486661564,
    "requestsPerSec": 76571.72659162422,
    "totalData": 9954776,
    "sizePerRequest": 13,
    "sizePerSec": 995432.4456911149
  },
  "responseTimeHistogram": {
    "0.000033672": 1,
    "0.00040596860000000003": 92186,
    "0.0007782652000000001": 478615,
    "0.0011505618": 166344,
    "0.0015228584000000001": 24045,
    "0.0018951550000000001": 4443,
    "0.0022674516000000004": 72,
    "0.0026397482": 30,
    "0.0030120448000000005": 9,
    "0.0033843414": 2,
    "0.0037566380000000005": 5
  },
  "latencyPercentiles": {
    "p10": 0.000388953,
    "p25": 0.000482492,
    "p50": 0.000611112,
    "p75": 0.000781951,
    "p90": 0.000965113,
    "p95": 0.001090135,
    "p99": 0.001440689
  },
  "rps": {
    "mean": 76583.7750223228,
    "stddev": 11007.36329246735,
    "max": 100391.6081512343,
    "percentiles": {
      "p10": 63073.19012982659,
      "p25": 67085.48465652652,
      "p50": 75408.26474581842,
      "p75": 85721.34966911368,
      "p90": 92635.0253030627,
      "p95": 94647.76872887246,
      "p99": 97347.63742693089
    }
  },
  "details": {
    "DNSDialup": {
      "average": 0.00102643842,
      "fastest": 0.000115206,
      "slowest": 0.00147656
    },
    "DNSLookup": {
      "average": 0.000011929699999999997,
      "fastest": 0.000004448,
      "slowest": 0.000134391
    }
  },
  "statusCodeDistribution": {
    "200": 765752
  },
  "errorDistribution": {}
}