{
  "summary": {
    "successRate": 1,
    "total": 10.000969306,
    "slowest": 0.003839443,
    "fastest": 0.000032282,
    "average": 0.0006240171413695,
    "requestsPerSec": 79926.7526519094,
    "totalData": 10391485,
    "sizePerRequest": 13,
    "sizePerSec": 1039047.7844748222
  },
  "responseTimeHistogram": {
    "0.000032282": 1,
    "0.00041299810000000007": 114514,
    "0.0007937142000000001": 531559,
    "0.0011744303": 133351,
    "0.0015551464000000002": 17108,
    "0.0019358625000000004": 2722,
    "0.0023165786": 76,
    "0.0026972947": 5,
    "0.0030780108000000002": 2,
    "0.0034587269000000004": 4,
    "0.0038394430000000005": 3
  },
  "latencyPercentiles": {
    "p10": 0.000379289,
    "p25": 0.00047083,
    "p50": 0.000586485,
    "p75": 0.0007373,
    "p90": 0.000927483,
    "p95": 0.001049302,
    "p99": 0.001371509
  },
  "rps": {
    "mean": 79931.26713846058,
    "stddev": 9417.2738640029,
    "max": 97316.25181405997,
    "percentiles": {
      "p10": 66201.23134290337,
      "p25": 73256.63998686646,
      "p50": 81157.2320800642,
      "p75": 87273.17856022557,
      "p90": 91456.14492737199,
      "p95": 93060.8804279733,
      "p99": 95446.20901349963
    }
  },
  "details": {
    "DNSDialup": {
      "average": 0.0008740972600000002,
      "fastest": 0.000104724,
      "slowest": 0.001629613
    },
    "DNSLookup": {
      "average": 0.0000075848799999999995,
      "fastest": 0.000003536,
      "slowest": 0.000033522
    }
  },
  "statusCodeDistribution": {
    "200": 799345
  },
  "errorDistribution": {}
}