{
  "summary": {
    "successRate": 1,
    "total": 10.000372977,
    "slowest": 0.003618266,
    "fastest": 0.000035189,
    "average": 0.0006503657484229998,
    "requestsPerSec": 76708.43895165651,
    "totalData": 9972469,
    "sizePerRequest": 13,
    "sizePerSec": 997209.7063715347
  },
  "responseTimeHistogram": {
    "0.000035189": 1,
    "0.0003934967": 78459,
    "0.0007518044": 471938,
    "0.0011101121": 182373,
    "0.0014684198": 28411,
    "0.0018267275": 5763,
    "0.0021850352": 134,
    "0.0025433429": 22,
    "0.0029016506": 11,
    "0.0032599583000000004": 0,
    "0.003618266": 1
  },
  "latencyPercentiles": {
    "p10": 0.000391478,
    "p25": 0.000484393,
    "p50": 0.000608249,
    "p75": 0.000777918,
    "p90": 0.000964135,
    "p95": 0.0010897,
    "p99": 0.001426097
  },
  "rps": {
    "mean": 76722.08532890904,
    "stddev": 10839.964257017898,
    "max": 100039.7853615253,
    "percentiles": {
      "p10": 62772.2068695611,
      "p25": 67405.52725323853,
      "p50": 75949.92188365792,
      "p75": 85019.06977735157,
      "p90": 92312.47351773622,
      "p95": 94448.75679195125,
      "p99": 96709.20671647877
    }
  },
  "details": {
    "DNSDialup": {
      "average": 0.00084907224,
      "fastest": 0.000078762,
      "slowest": 0.002059743
    },
    "DNSLookup": {
      "average": 0.00000849964,
      "fastest": 0.000004108,
      "slowest": 0.000037089
    }
  },
  "statusCodeDistribution": {
    "200": 767113
  },
  "errorDistribution": {}
}