{
  "summary": {
    "successRate": 1,
    "total": 10.000585757,
    "slowest": 0.003486134,
    "fastest": 0.000033261,
    "average": 0.0006282768563479963,
    "requestsPerSec": 79365.65110143078,
    "totalData": 10318139,
    "sizePerRequest": 13,
    "sizePerSec": 1031753.4643186001
  },
  "responseTimeHistogram": {
    "0.000033261": 1,
    "0.0003785483": 79854,
    "0.0007238356": 498083,
    "0.0010691229": 175549,
    "0.0014144102": 33349,
    "0.0017596975": 6099,
    "0.0021049848": 697,
    "0.0024502721": 52,
    "0.0027955594": 14,
    "0.0031408467000000003": 2,
    "0.003486134": 3
  },
  "latencyPercentiles": {
    "p10": 0.000378004,
    "p25": 0.000471103,
    "p50": 0.000588573,
    "p75": 0.00074345,
    "p90": 0.000941627,
    "p95": 0.001071363,
    "p99": 0.001387127
  },
  "rps": {
    "mean": 79369.2765360701,
    "stddev": 9232.439588658954,
    "max": 96171.08004525946,
    "percentiles": {
      "p10": 66189.40202531863,
      "p25": 72784.29545805897,
      "p50": 80801.43018531502,
      "p75": 86620.92280824583,
      "p90": 90454.20963952795,
      "p95": 92406.99669097988,
      "p99": 95131.32674589749
    }
  },
  "details": {
    "DNSDialup": {
      "average": 0.00075126734,
      "fastest": 0.000074178,
      "slowest": 0.001849043
    },
    "DNSLookup": {
      "average": 0.00000694474,
      "fastest": 0.000003326,
      "slowest": 0.00003247
    }
  },
  "statusCodeDistribution": {
    "200": 793703
  },
  "errorDistribution": {}
}