{
  "summary": {
    "successRate": 1,
    "total": 10.000872663,
    "slowest": 0.003862283,
    "fastest": 0.000033143,
    "average": 0.0006063256708038189,
    "requestsPerSec": 82247.42257174762,
    "totalData": 10693098,
    "sizePerRequest": 13,
    "sizePerSec": 1069216.493432719
  },
  "responseTimeHistogram": {
    "0.000033143": 1,
    "0.00041605700000000006": 136351,
    "0.0007989710000000001": 550265,
    "0.0011818850000000001": 118623,
    "0.0015647990000000002": 14681,
    "0.0019477130000000002": 2548,
    "0.002330627": 61,
    "0.0027135410000000003": 1,
    "0.003096455": 10,
    "0.003479369": 3,
    "0.003862283": 2
  },
  "latencyPercentiles": {
    "p10": 0.000369672,
    "p25": 0.000458716,
    "p50": 0.000567803,
    "p75": 0.000707726,
    "p90": 0.000905065,
    "p95": 0.001035109,
    "p99": 0.001339554
  },
  "rps": {
    "mean": 82245.9808769966,
    "stddev": 9493.411395587293,
    "max": 98809.63751492236,
    "percentiles": {
      "p10": 68046.60088159346,
      "p25": 76207.43664254088,
      "p50": 84376.07346783853,
      "p75": 89423.7509482492,
      "p90": 92974.69587065147,
      "p95": 94413.80329804584,
      "p99": 96172.16759456546
    }
  },
  "details": {
    "DNSDialup": {
      "average": 0.0007796914600000001,
      "fastest": 0.000110246,
      "slowest": 0.001783592
    },
    "DNSLookup": {
      "average": 0.0000071035199999999995,
      "fastest": 0.000003467,
      "slowest": 0.000027322
    }
  },
  "statusCodeDistribution": {
    "200": 822546
  },
  "errorDistribution": {}
}