{
  "summary": {
    "successRate": 1,
    "total": 10.000442384,
    "slowest": 0.004102867,
    "fastest": 0.000032384,
    "average": 0.0006355156696760343,
    "requestsPerSec": 78484.62796563421,
    "totalData": 10203453,
    "sizePerRequest": 13,
    "sizePerSec": 1020300.1635532448
  },
  "responseTimeHistogram": {
    "0.000032384": 1,
    "0.00043943229999999996": 146101,
    "0.0008464805999999999": 512570,
    "0.0012535289": 110398,
    "0.0016605772": 14872,
    "0.0020676254999999998": 888,
    "0.0024746737999999996": 28,
    "0.0028817221": 15,
    "0.0032887703999999996": 3,
    "0.0036958186999999994": 0,
    "0.004102867": 5
  },
  "latencyPercentiles": {
    "p10": 0.000381558,
    "p25": 0.000472599,
    "p50": 0.000596763,
    "p75": 0.000758787,
    "p90": 0.000947843,
    "p95": 0.001062544,
    "p99": 0.001397293
  },
  "rps": {
    "mean": 78497.18960542715,
    "stddev": 10379.64085554797,
    "max": 99032.4727478114,
    "percentiles": {
      "p10": 65097.60377626303,
      "p25": 70134.8904347728,
      "p50": 78008.72137504896,
      "p75": 86463.29978176828,
      "p90": 93548.22716594709,
      "p95": 95706.19003911546,
      "p99": 98143.64447870413
    }
  },
  "details": {
    "DNSDialup": {
      "average": 0.0006492262,
      "fastest": 0.000085468,
      "slowest": 0.001091944
    },
    "DNSLookup": {
      "average": 0.000007210119999999998,
      "fastest": 0.000003697,
      "slowest": 0.000035276
    }
  },
  "statusCodeDistribution": {
    "200": 784881
  },
  "errorDistribution": {}
}