{
  "summary": {
    "successRate": 1,
    "total": 10.000509404,
    "slowest": 0.0115589,
    "fastest": 0.000036949,
    "average": 0.0006258022805294567,
    "requestsPerSec": 79720.53900385492,
    "totalData": 10364198,
    "sizePerRequest": 13,
    "sizePerSec": 1036367.007050114
  },
  "responseTimeHistogram": {
    "0.000036949": 1,
    "0.0011891441": 779561,
    "0.0023413392": 17598,
    "0.0034935343": 81,
    "0.0046457294": 4,
    "0.005797924499999999": 0,
    "0.0069501196": 0,
    "0.0081023147": 0,
    "0.0092545098": 0,
    "0.0104067049": 0,
    "0.011558899999999999": 1
  },
  "latencyPercentiles": {
    "p10": 0.000396613,
    "p25": 0.000468107,
    "p50": 0.000574396,
    "p75": 0.000749609,
    "p90": 0.000935486,
    "p95": 0.001038353,
    "p99": 0.001356875
  },
  "rps": {
    "mean": 79696.15759602211,
    "stddev": 10136.57859954622,
    "max": 99445.69876150992,
    "percentiles": {
      "p10": 65421.83126509378,
      "p25": 70750.65039061561,
      "p50": 81257.4896739467,
      "p75": 88114.79447399727,
      "p90": 91582.05752354104,
      "p95": 94249.00948492931,
      "p99": 96617.37228813379
    }
  },
  "details": {
    "DNSDialup": {
      "average": 0.0007402940599999999,
      "fastest": 0.000086823,
      "slowest": 0.001245572
    },
    "DNSLookup": {
      "average": 0.000006668479999999999,
      "fastest": 0.000003466,
      "slowest": 0.000025668
    }
  },
  "statusCodeDistribution": {
    "200": 797246
  },
  "errorDistribution": {}
}