{
  "summary": {
    "successRate": 1,
    "total": 10.003363189,
    "slowest": 0.00400784,
    "fastest": 0.000036127,
    "average": 0.0006211837610801659,
    "requestsPerSec": 80296.5947375841,
    "totalData": 10442068,
    "sizePerRequest": 13,
    "sizePerSec": 1043855.7315885935
  },
  "responseTimeHistogram": {
    "0.000036127": 1,
    "0.0004332983": 143270,
    "0.0008304695999999999": 513246,
    "0.0012276408999999998": 132576,
    "0.0016248121999999999": 12029,
    "0.0020219835": 1927,
    "0.0024191547999999996": 111,
    "0.0028163260999999997": 61,
    "0.0032134973999999998": 10,
    "0.0036106687": 2,
    "0.00400784": 3
  },
  "latencyPercentiles": {
    "p10": 0.000389459,
    "p25": 0.000461784,
    "p50": 0.000562792,
    "p75": 0.000747507,
    "p90": 0.00094093,
    "p95": 0.001044864,
    "p99": 0.001356729
  },
  "rps": {
    "mean": 80298.50891324769,
    "stddev": 10106.623876212789,
    "max": 98644.84244799701,
    "percentiles": {
      "p10": 63816.809347581395,
      "p25": 73835.72172216876,
      "p50": 83694.92417380305,
      "p75": 87413.67149822961,
      "p90": 90565.95012488586,
      "p95": 92650.3920860069,
      "p99": 95928.9993364982
    }
  },
  "details": {
    "DNSDialup": {
      "average": 0.0006732783000000001,
      "fastest": 0.000086786,
      "slowest": 0.001104457
    },
    "DNSLookup": {
      "average": 0.000007541540000000001,
      "fastest": 0.000003937,
      "slowest": 0.000030046
    }
  },
  "statusCodeDistribution": {
    "200": 803236
  },
  "errorDistribution": {}
}