{
  "summary": {
    "successRate": 1,
    "total": 10.00053331,
    "slowest": 0.004137398,
    "fastest": 0.000032773,
    "average": 0.0006535854642962744,
    "requestsPerSec": 76325.42948851995,
    "totalData": 9922835,
    "sizePerRequest": 13,
    "sizePerSec": 992230.5833507593
  },
  "responseTimeHistogram": {
    "0.000032773": 1,
    "0.00044323549999999995": 131827,
    "0.000853698": 498585,
    "0.0012641604999999998": 114675,
    "0.0016746229999999999": 17150,
    "0.0020850854999999997": 1029,
    "0.0024955479999999993": 18,
    "0.0029060104999999994": 1,
    "0.0033164729999999995": 2,
    "0.0037269354999999995": 1,
    "0.004137398": 6
  },
  "latencyPercentiles": {
    "p10": 0.000391617,
    "p25": 0.000484864,
    "p50": 0.000613555,
    "p75": 0.000783619,
    "p90": 0.000966038,
    "p95": 0.001091493,
    "p99": 0.001448086
  },
  "rps": {
    "mean": 76338.38471860145,
    "stddev": 10778.057722244634,
    "max": 99980.98656463534,
    "percentiles": {
      "p10": 62913.859923338125,
      "p25": 66847.80286383035,
      "p50": 75635.78328907385,
      "p75": 85187.38257190146,
      "p90": 91798.18877045637,
      "p95": 94161.33603315837,
      "p99": 96985.38593377521
    }
  },
  "details": {
    "DNSDialup": {
      "average": 0.0009926339999999998,
      "fastest": 0.000101831,
      "slowest": 0.002052361
    },
    "DNSLookup": {
      "average": 0.00002311194,
      "fastest": 0.000003977,
      "slowest": 0.000752405
    }
  },
  "statusCodeDistribution": {
    "200": 763295
  },
  "errorDistribution": {}
}