{
  "summary": {
    "successRate": 1,
    "total": 10.000628132,
    "slowest": 0.003530586,
    "fastest": 0.000031647,
    "average": 0.0006160172222439102,
    "requestsPerSec": 80968.1141336533,
    "totalData": 10526516,
    "sizePerRequest": 13,
    "sizePerSec": 1052585.483737493
  },
  "responseTimeHistogram": {
    "0.000031647": 1,
    "0.00038154089999999996": 87635,
    "0.0007314347999999999": 522952,
    "0.0010813287000000001": 167846,
    "0.0014312226": 26023,
    "0.0017811164999999999": 4931,
    "0.0021310104": 319,
    "0.0024809043": 6,
    "0.0028307982": 14,
    "0.0031806920999999998": 3,
    "0.0035305859999999996": 2
  },
  "latencyPercentiles": {
    "p10": 0.000374551,
    "p25": 0.000464695,
    "p50": 0.000577942,
    "p75": 0.000727628,
    "p90": 0.000917304,
    "p95": 0.001038264,
    "p99": 0.001350909
  },
  "rps": {
    "mean": 80977.74183922706,
    "stddev": 9517.698525258716,
    "max": 98530.77543418233,
    "percentiles": {
      "p10": 66663.34019276488,
      "p25": 74312.17233382717,
      "p50": 82448.41370852973,
      "p75": 88754.81497372742,
      "p90": 92269.7228538467,
      "p95": 94080.28211107593,
      "p99": 96417.32059569896
    }
  },
  "details": {
    "DNSDialup": {
      "average": 0.0007211511399999999,
      "fastest": 0.000099026,
      "slowest": 0.001635274
    },
    "DNSLookup": {
      "average": 0.000008612240000000003,
      "fastest": 0.000003597,
      "slowest": 0.000033002
    }
  },
  "statusCodeDistribution": {
    "200": 809732
  },
  "errorDistribution": {}
}