{
  "summary": {
    "successRate": 1,
    "total": 10.000669521,
    "slowest": 0.002865019,
    "fastest": 0.00003201,
    "average": 0.0006013605699387923,
    "requestsPerSec": 82931.94753195564,
    "totalData": 10781875,
    "sizePerRequest": 13,
    "sizePerSec": 1078115.3179154233
  },
  "responseTimeHistogram": {
    "0.00003201": 1,
    "0.0003153109": 42029,
    "0.0005986117999999999": 434333,
    "0.0008819126999999999": 266274,
    "0.0011652136": 69627,
    "0.0014485145": 13223,
    "0.0017318154": 3455,
    "0.0020151162999999996": 371,
    "0.0022984171999999997": 21,
    "0.0025817181": 24,
    "0.002865019": 17
  },
  "latencyPercentiles": {
    "p10": 0.000368978,
    "p25": 0.000455873,
    "p50": 0.000565385,
    "p75": 0.000704247,
    "p90": 0.000892074,
    "p95": 0.001021984,
    "p99": 0.001308139
  },
  "rps": {
    "mean": 82938.41072822045,
    "stddev": 9377.022937635897,
    "max": 99402.26637166868,
    "percentiles": {
      "p10": 68992.18085204899,
      "p25": 76757.42990905621,
      "p50": 84472.65493050187,
      "p75": 90376.67736658292,
      "p90": 93977.38097550606,
      "p95": 95650.3860812169,
      "p99": 97952.40453642378
    }
  },
  "details": {
    "DNSDialup": {
      "average": 0.0008338810400000001,
      "fastest": 0.000127235,
      "slowest": 0.001188613
    },
    "DNSLookup": {
      "average": 0.000007262379999999997,
      "fastest": 0.000003377,
      "slowest": 0.000029445
    }
  },
  "statusCodeDistribution": {
    "200": 829375
  },
  "errorDistribution": {}
}