{
  "summary": {
    "successRate": 1,
    "total": 10.00036662,
    "slowest": 0.00331757,
    "fastest": 0.000036829,
    "average": 0.0006456587683665894,
    "requestsPerSec": 77259.76750240383,
    "totalData": 10044138,
    "sizePerRequest": 13,
    "sizePerSec": 1004376.9775312498
  },
  "responseTimeHistogram": {
    "0.000036829": 1,
    "0.0003649031": 59224,
    "0.0006929772000000001": 439081,
    "0.0010210513": 221142,
    "0.0013491254": 42640,
    "0.0016771995": 9712,
    "0.0020052736": 738,
    "0.0023333477": 30,
    "0.0026614218": 32,
    "0.0029894959": 14,
    "0.00331757": 12
  },
  "latencyPercentiles": {
    "p10": 0.000388669,
    "p25": 0.000482691,
    "p50": 0.000608681,
    "p75": 0.000768547,
    "p90": 0.000957194,
    "p95": 0.001074704,
    "p99": 0.001409402
  },
  "rps": {
    "mean": 77243.55488785596,
    "stddev": 10075.73175478795,
    "max": 98674.24533004568,
    "percentiles": {
      "p10": 64088.2302666094,
      "p25": 69070.12608465145,
      "p50": 76329.72279405597,
      "p75": 85959.3291289588,
      "p90": 91631.35625010848,
      "p95": 94091.85246637887,
      "p99": 97063.0230208484
    }
  },
  "details": {
    "DNSDialup": {
      "average": 0.0008375858799999998,
      "fastest": 0.000098818,
      "slowest": 0.001237615
    },
    "DNSLookup": {
      "average": 0.000011741659999999997,
      "fastest": 0.000004138,
      "slowest": 0.000199758
    }
  },
  "statusCodeDistribution": {
    "200": 772626
  },
  "errorDistribution": {}
}