{
  "summary": {
    "successRate": 1,
    "total": 10.000605448,
    "slowest": 0.003590856,
    "fastest": 0.000033974,
    "average": 0.0006206670682109474,
    "requestsPerSec": 80351.73512026749,
    "totalData": 10446358,
    "sizePerRequest": 13,
    "sizePerSec": 1044572.5565634774
  },
  "responseTimeHistogram": {
    "0.000033974": 1,
    "0.0003896622": 92624,
    "0.0007453504": 521723,
    "0.0011010386000000001": 159153,
    "0.0014567268": 25103,
    "0.001812415": 4626,
    "0.0021681032000000003": 324,
    "0.0025237914": 6,
    "0.0028794796": 4,
    "0.0032351678": 0,
    "0.003590856": 2
  },
  "latencyPercentiles": {
    "p10": 0.000376661,
    "p25": 0.000468303,
    "p50": 0.000581828,
    "p75": 0.000731819,
    "p90": 0.00092527,
    "p95": 0.001054596,
    "p99": 0.001359412
  },
  "rps": {
    "mean": 80345.41775961716,
    "stddev": 9528.582871656861,
    "max": 97356.53446832456,
    "percentiles": {
      "p10": 66609.19244918117,
      "p25": 73544.45602051575,
      "p50": 82230.22046153618,
      "p75": 88154.62942385425,
      "p90": 91612.04698417633,
      "p95": 93357.15743883213,
      "p99": 95414.293061103
    }
  },
  "details": {
    "DNSDialup": {
      "average": 0.00089950922,
      "fastest": 0.000078707,
      "slowest": 0.001472141
    },
    "DNSLookup": {
      "average": 0.000007468920000000001,
      "fastest": 0.000003817,
      "slowest": 0.000027531
    }
  },
  "statusCodeDistribution": {
    "200": 803566
  },
  "errorDistribution": {}
}