{
  "summary": {
    "successRate": 1,
    "total": 10.000448746,
    "slowest": 0.004272943,
    "fastest": 0.000034011,
    "average": 0.0006497345572764329,
    "requestsPerSec": 76784.65431935128,
    "totalData": 9982453,
    "sizePerRequest": 13,
    "sizePerSec": 998200.5061515666
  },
  "responseTimeHistogram": {
    "0.000034011": 1,
    "0.00045790420000000004": 154397,
    "0.0008817974000000002": 499399,
    "0.0013056906000000002": 100168,
    "0.0017295838000000003": 13355,
    "0.0021534770000000004": 530,
    "0.0025773702000000003": 20,
    "0.0030012634000000007": 8,
    "0.0034251566000000006": 1,
    "0.0038490498000000005": 0,
    "0.004272943": 2
  },
  "latencyPercentiles": {
    "p10": 0.000390315,
    "p25": 0.000483268,
    "p50": 0.000609475,
    "p75": 0.00078158,
    "p90": 0.000957419,
    "p95": 0.001082206,
    "p99": 0.001425071
  },
  "rps": {
    "mean": 76796.55643253498,
    "stddev": 10176.681153360478,
    "max": 98103.61021286038,
    "percentiles": {
      "p10": 63941.43846187131,
      "p25": 68057.48134874743,
      "p50": 76163.23071414317,
      "p75": 84741.98965587324,
      "p90": 91602.9862573488,
      "p95": 93869.7911667929,
      "p99": 96335.19124536231
    }
  },
  "details": {
    "DNSDialup": {
      "average": 0.0008186511200000001,
      "fastest": 0.000093202,
      "slowest": 0.001711061
    },
    "DNSLookup": {
      "average": 0.000011226099999999999,
      "fastest": 0.000003486,
      "slowest": 0.000202158
    }
  },
  "statusCodeDistribution": {
    "200": 767881
  },
  "errorDistribution": {}
}