{
  "summary": {
    "successRate": 1,
    "total": 10.000636487,
    "slowest": 0.004512715,
    "fastest": 0.000028706,
    "average": 0.0006437604010116061,
    "requestsPerSec": 77494.56757151701,
    "totalData": 10074935,
    "sizePerRequest": 13,
    "sizePerSec": 1007429.3784297212
  },
  "responseTimeHistogram": {
    "0.000028706": 1,
    "0.00047710689999999996": 193026,
    "0.0009255078": 494099,
    "0.0013739087": 78638,
    "0.0018223096": 9118,
    "0.0022707104999999997": 71,
    "0.0027191114": 21,
    "0.0031675122999999996": 4,
    "0.0036159131999999997": 10,
    "0.0040643141": 6,
    "0.004512715": 1
  },
  "latencyPercentiles": {
    "p10": 0.000385631,
    "p25": 0.000477594,
    "p50": 0.000606572,
    "p75": 0.000773947,
    "p90": 0.000946879,
    "p95": 0.001069829,
    "p99": 0.001404405
  },
  "rps": {
    "mean": 77496.79382286692,
    "stddev": 10458.871120794114,
    "max": 100865.71401267173,
    "percentiles": {
      "p10": 64340.740556921286,
      "p25": 68478.94232417841,
      "p50": 76558.96068451734,
      "p75": 85474.83321647976,
      "p90": 92211.3149122114,
      "p95": 95334.84488580348,
      "p99": 97883.5097977735
    }
  },
  "details": {
    "DNSDialup": {
      "average": 0.00082613374,
      "fastest": 0.000089919,
      "slowest": 0.001680369
    },
    "DNSLookup": {
      "average": 0.00002762038,
      "fastest": 0.000003377,
      "slowest": 0.001047296
    }
  },
  "statusCodeDistribution": {
    "200": 774995
  },
  "errorDistribution": {}
}