{
  "summary": {
    "successRate": 1,
    "total": 10.000496334,
    "slowest": 0.005227936,
    "fastest": 0.000033462,
    "average": 0.0006403037720483831,
    "requestsPerSec": 77910.03306016512,
    "totalData": 10128807,
    "sizePerRequest": 13,
    "sizePerSec": 1012830.4297821465
  },
  "responseTimeHistogram": {
    "0.000033462": 1,
    "0.0005529094": 310586,
    "0.0010723568": 430561,
    "0.0015918042000000001": 36301,
    "0.0021112516000000004": 1660,
    "0.0026306990000000007": 16,
    "0.0031501464000000005": 7,
    "0.0036695938000000003": 2,
    "0.0041890412": 2,
    "0.0047084886000000005": 1,
    "0.005227936000000001": 2
  },
  "latencyPercentiles": {
    "p10": 0.000384855,
    "p25": 0.000477529,
    "p50": 0.000602619,
    "p75": 0.000766174,
    "p90": 0.000944853,
    "p95": 0.001067414,
    "p99": 0.001398575
  },
  "rps": {
    "mean": 77922.17292477451,
    "stddev": 9974.756115727165,
    "max": 100209.88961380877,
    "percentiles": {
      "p10": 65431.93732861557,
      "p25": 69804.57219947447,
      "p50": 77277.24308473845,
      "p75": 85708.90515524587,
      "p90": 92715.613309274,
      "p95": 95090.27256603687,
      "p99": 97858.41319928502
    }
  },
  "details": {
    "DNSDialup": {
      "average": 0.0008205981800000001,
      "fastest": 0.000095287,
      "slowest": 0.001682147
    },
    "DNSLookup": {
      "average": 0.000025576860000000003,
      "fastest": 0.000003647,
      "slowest": 0.000933634
    }
  },
  "statusCodeDistribution": {
    "200": 779139
  },
  "errorDistribution": {}
}