{
  "summary": {
    "successRate": 1,
    "total": 10.000205397,
    "slowest": 0.00411307,
    "fastest": 0.000038152,
    "average": 0.0006527981875623152,
    "requestsPerSec": 76409.83056500314,
    "totalData": 9933482,
    "sizePerRequest": 13,
    "sizePerSec": 993327.7973450408
  },
  "responseTimeHistogram": {
    "0.000038152": 1,
    "0.0004456438": 137400,
    "0.0008531356": 490405,
    "0.0012606274": 119185,
    "0.0016681192": 15902,
    "0.002075611": 1134,
    "0.0024831028": 25,
    "0.0028905946": 39,
    "0.0032980864": 16,
    "0.0037055782000000002": 5,
    "0.00411307": 2
  },
  "latencyPercentiles": {
    "p10": 0.000394175,
    "p25": 0.000480979,
    "p50": 0.000611462,
    "p75": 0.000782922,
    "p90": 0.000971552,
    "p95": 0.001092082,
    "p99": 0.001431944
  },
  "rps": {
    "mean": 76403.84903546952,
    "stddev": 9982.115656061496,
    "max": 97749.62748586763,
    "percentiles": {
      "p10": 63436.482320983436,
      "p25": 68385.7488905359,
      "p50": 75509.53413021319,
      "p75": 84506.67798234585,
      "p90": 90210.93356514927,
      "p95": 92370.776296053,
      "p99": 96128.55271354411
    }
  },
  "details": {
    "DNSDialup": {
      "average": 0.0009297423000000003,
      "fastest": 0.000114974,
      "slowest": 0.002293281
    },
    "DNSLookup": {
      "average": 0.000008135359999999999,
      "fastest": 0.000003787,
      "slowest": 0.000026249
    }
  },
  "statusCodeDistribution": {
    "200": 764114
  },
  "errorDistribution": {}
}