{
  "summary": {
    "successRate": 1,
    "total": 10.001244134,
    "slowest": 0.00315505,
    "fastest": 0.000032599,
    "average": 0.0006005322157330904,
    "requestsPerSec": 83046.46790656976,
    "totalData": 10797384,
    "sizePerRequest": 13,
    "sizePerSec": 1079604.0827854068
  },
  "responseTimeHistogram": {
    "0.000032599": 1,
    "0.0003448441": 64478,
    "0.0006570892": 503878,
    "0.0009693343": 207273,
    "0.0012815793999999998": 45853,
    "0.0015938245": 7609,
    "0.0019060695999999998": 1398,
    "0.0022183146999999997": 63,
    "0.0025305597999999998": 12,
    "0.0028428049": 1,
    "0.00315505": 2
  },
  "latencyPercentiles": {
    "p10": 0.0003662,
    "p25": 0.000453878,
    "p50": 0.000564973,
    "p75": 0.00070642,
    "p90": 0.00089076,
    "p95": 0.00101571,
    "p99": 0.001299894
  },
  "rps": {
    "mean": 83047.72904080528,
    "stddev": 9483.371785157848,
    "max": 101477.06628389015,
    "percentiles": {
      "p10": 68833.33016051295,
      "p25": 77261.39073714148,
      "p50": 84421.02927838796,
      "p75": 90444.1367387313,
      "p90": 94288.48980799338,
      "p95": 95534.85111368693,
      "p99": 98845.48869389649
    }
  },
  "details": {
    "DNSDialup": {
      "average": 0.0007773339599999998,
      "fastest": 0.000103623,
      "slowest": 0.001559887
    },
    "DNSLookup": {
      "average": 0.00000869554,
      "fastest": 0.000003747,
      "slowest": 0.000045515
    }
  },
  "statusCodeDistribution": {
    "200": 830568
  },
  "errorDistribution": {}
}