{
  "summary": {
    "successRate": 1,
    "total": 10.000855486,
    "slowest": 0.003382257,
    "fastest": 0.000031737,
    "average": 0.000609849517860693,
    "requestsPerSec": 81767.50490442992,
    "totalData": 10630685,
    "sizePerRequest": 13,
    "sizePerSec": 1062977.563757589
  },
  "responseTimeHistogram": {
    "0.000031737": 1,
    "0.000366789": 78519,
    "0.000701841": 519882,
    "0.001036893": 179006,
    "0.001371945": 33555,
    "0.001706997": 6128,
    "0.002042049": 615,
    "0.002377101": 27,
    "0.002712153": 10,
    "0.0030472050000000003": 0,
    "0.003382257": 2
  },
  "latencyPercentiles": {
    "p10": 0.000370374,
    "p25": 0.000460693,
    "p50": 0.000573214,
    "p75": 0.0007172,
    "p90": 0.000908713,
    "p95": 0.001034759,
    "p99": 0.00133407
  },
  "rps": {
    "mean": 81769.24466715452,
    "stddev": 9250.648860164629,
    "max": 97741.05124151711,
    "percentiles": {
      "p10": 67033.11435849404,
      "p25": 75950.35508542079,
      "p50": 83643.29769761713,
      "p75": 88952.67958401267,
      "p90": 92424.31995277094,
      "p95": 94009.29302998584,
      "p99": 96211.18936132343
    }
  },
  "details": {
    "DNSDialup": {
      "average": 0.0008493851200000001,
      "fastest": 0.000124954,
      "slowest": 0.001487265
    },
    "DNSLookup": {
      "average": 0.00000712436,
      "fastest": 0.000003838,
      "slowest": 0.000030267
    }
  },
  "statusCodeDistribution": {
    "200": 817745
  },
  "errorDistribution": {}
}