{
  "summary": {
    "successRate": 1,
    "total": 10.000807795,
    "slowest": 0.003883024,
    "fastest": 0.000033084,
    "average": 0.0006148152899306148,
    "requestsPerSec": 81116.6474377783,
    "totalData": 10546016,
    "sizePerRequest": 13,
    "sizePerSec": 1054516.416691118
  },
  "responseTimeHistogram": {
    "0.000033084": 1,
    "0.000418078": 129296,
    "0.0008030719999999999": 542825,
    "0.001188066": 122382,
    "0.00157306": 14618,
    "0.001958054": 2040,
    "0.002343048": 42,
    "0.002728042": 14,
    "0.003113036": 12,
    "0.00349803": 1,
    "0.003883024": 1
  },
  "latencyPercentiles": {
    "p10": 0.000375293,
    "p25": 0.000464765,
    "p50": 0.000577461,
    "p75": 0.000722922,
    "p90": 0.000916156,
    "p95": 0.001043199,
    "p99": 0.001334962
  },
  "rps": {
    "mean": 81115.25703614729,
    "stddev": 9281.741774267763,
    "max": 97598.31077845246,
    "percentiles": {
      "p10": 67446.00916721195,
      "p25": 74818.04611272196,
      "p50": 82407.96060898919,
      "p75": 88632.29132339111,
      "p90": 92347.62366953173,
      "p95": 94107.67918662378,
      "p99": 96072.13095592312
    }
  },
  "details": {
    "DNSDialup": {
      "average": 0.00079711808,
      "fastest": 0.000080328,
      "slowest": 0.001284608
    },
    "DNSLookup": {
      "average": 0.0000069132999999999995,
      "fastest": 0.000003307,
      "slowest": 0.000027832
    }
  },
  "statusCodeDistribution": {
    "200": 811232
  },
  "errorDistribution": {}
}