{
  "summary": {
    "successRate": 1,
    "total": 10.000622237,
    "slowest": 0.003322158,
    "fastest": 0.000035793,
    "average": 0.0006112555966103603,
    "requestsPerSec": 81589.72318554141,
    "totalData": 10607324,
    "sizePerRequest": 13,
    "sizePerSec": 1060666.4014120384
  },
  "responseTimeHistogram": {
    "0.000035793": 1,
    "0.0003644295": 74979,
    "0.000693066": 510676,
    "0.0010217025": 186514,
    "0.0013503389999999999": 36303,
    "0.0016789754999999998": 6586,
    "0.002007612": 819,
    "0.0023362485": 37,
    "0.002664885": 26,
    "0.0029935215": 6,
    "0.003322158": 1
  },
  "latencyPercentiles": {
    "p10": 0.000371784,
    "p25": 0.000462393,
    "p50": 0.000573865,
    "p75": 0.000719894,
    "p90": 0.000907931,
    "p95": 0.001032718,
    "p99": 0.001332157
  },
  "rps": {
    "mean": 81574.94358339276,
    "stddev": 9442.90429685092,
    "max": 98757.94128415399,
    "percentiles": {
      "p10": 67819.3892528403,
      "p25": 75386.347472002,
      "p50": 83192.17392176056,
      "p75": 89008.08309666396,
      "p90": 92560.84024029046,
      "p95": 94376.10673787254,
      "p99": 96701.17008415812
    }
  },
  "details": {
    "DNSDialup": {
      "average": 0.00069987594,
      "fastest": 0.000154269,
      "slowest": 0.000913645
    },
    "DNSLookup": {
      "average": 0.0000077642,
      "fastest": 0.000004047,
      "slowest": 0.000027852
    }
  },
  "statusCodeDistribution": {
    "200": 815948
  },
  "errorDistribution": {}
}