{
  "summary": {
    "successRate": 1,
    "total": 10.000165173,
    "slowest": 0.002756031,
    "fastest": 0.000029055,
    "average": 0.0006489255640726747,
    "requestsPerSec": 76870.03031464829,
    "totalData": 9993269,
    "sizePerRequest": 13,
    "sizePerSec": 999310.3940904278
  },
  "responseTimeHistogram": {
    "0.000029055": 1,
    "0.0003017526": 26537,
    "0.0005744502000000001": 307216,
    "0.0008471478": 296872,
    "0.0011198454": 106360,
    "0.001392543": 22419,
    "0.0016652406000000001": 8238,
    "0.0019379382000000002": 981,
    "0.0022106358": 34,
    "0.0024833334": 12,
    "0.002756031": 43
  },
  "latencyPercentiles": {
    "p10": 0.000387392,
    "p25": 0.000480464,
    "p50": 0.000608601,
    "p75": 0.000780284,
    "p90": 0.000962864,
    "p95": 0.001084571,
    "p99": 0.001425135
  },
  "rps": {
    "mean": 76868.45841249551,
    "stddev": 10175.715353628708,
    "max": 98556.99143165274,
    "percentiles": {
      "p10": 64009.92424290252,
      "p25": 68357.24919619838,
      "p50": 75933.53984455079,
      "p75": 84969.77718101915,
      "p90": 91715.44733781135,
      "p95": 94057.17735812055,
      "p99": 97268.01952605188
    }
  },
  "details": {
    "DNSDialup": {
      "average": 0.0006325692200000002,
      "fastest": 0.000090639,
      "slowest": 0.00141117
    },
    "DNSLookup": {
      "average": 0.000008685900000000001,
      "fastest": 0.000003958,
      "slowest": 0.000047318
    }
  },
  "statusCodeDistribution": {
    "200": 768713
  },
  "errorDistribution": {}
}