{
  "summary": {
    "successRate": 1,
    "total": 10.000810093,
    "slowest": 0.003316763,
    "fastest": 0.000034647,
    "average": 0.0006130621537823465,
    "requestsPerSec": 81341.51058116688,
    "totalData": 10575253,
    "sizePerRequest": 13,
    "sizePerSec": 1057439.6375551694
  },
  "responseTimeHistogram": {
    "0.000034647": 1,
    "0.0003628586": 71139,
    "0.0006910702": 510185,
    "0.0010192818000000002": 185728,
    "0.0013474934": 38491,
    "0.001675705": 7015,
    "0.0020039166000000003": 820,
    "0.0023321282000000002": 28,
    "0.0026603398": 44,
    "0.0029885514": 23,
    "0.003316763": 7
  },
  "latencyPercentiles": {
    "p10": 0.000374409,
    "p25": 0.000463491,
    "p50": 0.00057603,
    "p75": 0.000720035,
    "p90": 0.000911073,
    "p95": 0.001041485,
    "p99": 0.001342793
  },
  "rps": {
    "mean": 81338.3186002827,
    "stddev": 9386.66436438956,
    "max": 97869.20730971568,
    "percentiles": {
      "p10": 67949.212242135,
      "p25": 75000.99751327113,
      "p50": 82213.34322560139,
      "p75": 89066.68269733244,
      "p90": 92622.09036855635,
      "p95": 94598.54342293124,
      "p99": 96653.28495599466
    }
  },
  "details": {
    "DNSDialup": {
      "average": 0.0005541791599999999,
      "fastest": 0.000082654,
      "slowest": 0.001265531
    },
    "DNSLookup": {
      "average": 0.000007205700000000001,
      "fastest": 0.000003756,
      "slowest": 0.000029755
    }
  },
  "statusCodeDistribution": {
    "200": 813481
  },
  "errorDistribution": {}
}