{
  "summary": {
    "successRate": 1,
    "total": 10.000912327,
    "slowest": 0.003416768,
    "fastest": 0.000031927,
    "average": 0.0006119260014207978,
    "requestsPerSec": 81495.46494869498,
    "totalData": 10595377,
    "sizePerRequest": 13,
    "sizePerSec": 1059441.0443330347
  },
  "responseTimeHistogram": {
    "0.000031927": 1,
    "0.0003704111": 80861,
    "0.0007088951999999999": 520526,
    "0.0010473792999999999": 175235,
    "0.0013858634": 31644,
    "0.0017243475": 6119,
    "0.0020628316": 594,
    "0.0024013157": 26,
    "0.0027397998": 19,
    "0.0030782839": 3,
    "0.003416768": 1
  },
  "latencyPercentiles": {
    "p10": 0.000371145,
    "p25": 0.000462539,
    "p50": 0.000576257,
    "p75": 0.000718964,
    "p90": 0.00090797,
    "p95": 0.001037867,
    "p99": 0.001345941
  },
  "rps": {
    "mean": 81468.9850340923,
    "stddev": 9971.995135203979,
    "max": 97353.60289375472,
    "percentiles": {
      "p10": 66561.66286588248,
      "p25": 74404.8809601933,
      "p50": 83350.92741664736,
      "p75": 89510.01913804871,
      "p90": 93395.45949915743,
      "p95": 94786.98847489624,
      "p99": 96612.42435777276
    }
  },
  "details": {
    "DNSDialup": {
      "average": 0.0008268828399999999,
      "fastest": 0.000084125,
      "slowest": 0.001399911
    },
    "DNSLookup": {
      "average": 0.000007177100000000001,
      "fastest": 0.000003687,
      "slowest": 0.000030417
    }
  },
  "statusCodeDistribution": {
    "200": 815029
  },
  "errorDistribution": {}
}