{
  "summary": {
    "successRate": 1,
    "total": 10.000467259,
    "slowest": 0.003627087,
    "fastest": 0.000029914,
    "average": 0.0006436691343178129,
    "requestsPerSec": 77503.57857553783,
    "totalData": 10075936,
    "sizePerRequest": 13,
    "sizePerSec": 1007546.5214819919
  },
  "responseTimeHistogram": {
    "0.000029914": 1,
    "0.0003896313000000001": 80098,
    "0.0007493486000000001": 480511,
    "0.0011090659000000003": 182226,
    "0.0014687832000000003": 27191,
    "0.0018285005000000002": 4931,
    "0.0021882178000000004": 82,
    "0.0025479351000000003": 17,
    "0.0029076524000000003": 1,
    "0.0032673697000000002": 3,
    "0.003627087": 11
  },
  "latencyPercentiles": {
    "p10": 0.000386753,
    "p25": 0.000478977,
    "p50": 0.000606554,
    "p75": 0.000769313,
    "p90": 0.000952414,
    "p95": 0.001071207,
    "p99": 0.001402531
  },
  "rps": {
    "mean": 77494.5912899339,
    "stddev": 10395.771108877223,
    "max": 100453.30052125687,
    "percentiles": {
      "p10": 64716.63217446829,
      "p25": 68911.4461912122,
      "p50": 76354.53240704558,
      "p75": 86053.60278917752,
      "p90": 92419.59295371221,
      "p95": 94628.49263913144,
      "p99": 98119.5095626464
    }
  },
  "details": {
    "DNSDialup": {
      "average": 0.00074263296,
      "fastest": 0.000098162,
      "slowest": 0.001214907
    },
    "DNSLookup": {
      "average": 0.000013452039999999999,
      "fastest": 0.000003477,
      "slowest": 0.000200978
    }
  },
  "statusCodeDistribution": {
    "200": 775072
  },
  "errorDistribution": {}
}