{
  "summary": {
    "successRate": 1,
    "total": 10.000529097,
    "slowest": 0.004416786,
    "fastest": 0.000036608,
    "average": 0.0006395082754546114,
    "requestsPerSec": 78000.37302366343,
    "totalData": 10140585,
    "sizePerRequest": 13,
    "sizePerSec": 1014004.8493076246
  },
  "responseTimeHistogram": {
    "0.000036608": 1,
    "0.0004746258": 189539,
    "0.0009126436000000001": 498911,
    "0.0013506614": 81640,
    "0.0017886792000000001": 9793,
    "0.002226697": 154,
    "0.0026647148": 5,
    "0.0031027326": 0,
    "0.0035407504": 0,
    "0.0039787682": 1,
    "0.004416786": 1
  },
  "latencyPercentiles": {
    "p10": 0.000386339,
    "p25": 0.000478206,
    "p50": 0.000603356,
    "p75": 0.000762693,
    "p90": 0.000943434,
    "p95": 0.001059953,
    "p99": 0.001395073
  },
  "rps": {
    "mean": 77985.533335371,
    "stddev": 10401.98006279568,
    "max": 99521.9744519628,
    "percentiles": {
      "p10": 64855.37401953867,
      "p25": 68879.69979697219,
      "p50": 77311.41116428607,
      "p75": 86686.66065465655,
      "p90": 92840.0326220661,
      "p95": 94816.2515055073,
      "p99": 96908.77024371177
    }
  },
  "details": {
    "DNSDialup": {
      "average": 0.0010420441800000001,
      "fastest": 0.000106117,
      "slowest": 0.002622262
    },
    "DNSLookup": {
      "average": 0.00001132934,
      "fastest": 0.000005019,
      "slowest": 0.000056645
    }
  },
  "statusCodeDistribution": {
    "200": 780045
  },
  "errorDistribution": {}
}