{
  "summary": {
    "successRate": 1,
    "total": 10.00047334,
    "slowest": 0.003532138,
    "fastest": 0.000032771,
    "average": 0.0006306793349206285,
    "requestsPerSec": 79103.95569336122,
    "totalData": 10284001,
    "sizePerRequest": 13,
    "sizePerSec": 1028351.4240136958
  },
  "responseTimeHistogram": {
    "0.000032771": 1,
    "0.00038270770000000006": 81791,
    "0.0007326444000000001": 486982,
    "0.0010825811": 190254,
    "0.0014325178000000002": 27107,
    "0.0017824545000000003": 4860,
    "0.0021323912": 76,
    "0.0024823279": 4,
    "0.0028322646000000003": 1,
    "0.0031822013000000005": 0,
    "0.0035321380000000006": 1
  },
  "latencyPercentiles": {
    "p10": 0.000379783,
    "p25": 0.000471078,
    "p50": 0.000596686,
    "p75": 0.000755242,
    "p90": 0.000927675,
    "p95": 0.001041869,
    "p99": 0.001361768
  },
  "rps": {
    "mean": 79113.08379061997,
    "stddev": 10423.411166491,
    "max": 102550.12325600939,
    "percentiles": {
      "p10": 66253.66546903177,
      "p25": 70456.76911134922,
      "p50": 77826.01723756193,
      "p75": 87266.32240502966,
      "p90": 94745.66741170303,
      "p95": 97082.12927038362,
      "p99": 99528.72398973542
    }
  },
  "details": {
    "DNSDialup": {
      "average": 0.00069392178,
      "fastest": 0.000078868,
      "slowest": 0.001543477
    },
    "DNSLookup": {
      "average": 0.000007967500000000001,
      "fastest": 0.000003808,
      "slowest": 0.000028153
    }
  },
  "statusCodeDistribution": {
    "200": 791077
  },
  "errorDistribution": {}
}