{
  "summary": {
    "successRate": 1,
    "total": 10.000621074,
    "slowest": 0.004560332,
    "fastest": 0.000033603,
    "average": 0.0006314753042935493,
    "requestsPerSec": 78992.49398157929,
    "totalData": 10269662,
    "sizePerRequest": 13,
    "sizePerSec": 1026902.4217605308
  },
  "responseTimeHistogram": {
    "0.000033603": 1,
    "0.0004862759": 219240,
    "0.0009389488": 493242,
    "0.0013916217000000002": 70021,
    "0.0018442946000000002": 7378,
    "0.0022969675": 73,
    "0.0027496404000000004": 4,
    "0.0032023133": 11,
    "0.0036549862000000003": 2,
    "0.0041076591": 1,
    "0.004560332": 1
  },
  "latencyPercentiles": {
    "p10": 0.000381254,
    "p25": 0.000472782,
    "p50": 0.000595202,
    "p75": 0.000752729,
    "p90": 0.000935109,
    "p95": 0.001052655,
    "p99": 0.0013819
  },
  "rps": {
    "mean": 78988.7772905976,
    "stddev": 9906.435206265156,
    "max": 99575.75120087368,
    "percentiles": {
      "p10": 65482.591658579855,
      "p25": 70942.8729254697,
      "p50": 78941.53903784476,
      "p75": 86828.06282990142,
      "p90": 92612.89171452596,
      "p95": 94874.69935760456,
      "p99": 97685.06415386913
    }
  },
  "details": {
    "DNSDialup": {
      "average": 0.00074454866,
      "fastest": 0.000098614,
      "slowest": 0.001820707
    },
    "DNSLookup": {
      "average": 0.00000721764,
      "fastest": 0.000003416,
      "slowest": 0.000036668
    }
  },
  "statusCodeDistribution": {
    "200": 789974
  },
  "errorDistribution": {}
}