{
  "summary": {
    "successRate": 1,
    "total": 10.000641306,
    "slowest": 0.003891621,
    "fastest": 0.000028953,
    "average": 0.0005977803502984765,
    "requestsPerSec": 83436.34917686548,
    "totalData": 10847421,
    "sizePerRequest": 13,
    "sizePerSec": 1084672.5392992513
  },
  "responseTimeHistogram": {
    "0.000028953": 1,
    "0.00041521980000000004": 147336,
    "0.0008014866": 558811,
    "0.0011877534": 113051,
    "0.0015740202": 13640,
    "0.0019602870000000002": 1557,
    "0.0023465538": 6,
    "0.0027328206": 9,
    "0.0031190874": 4,
    "0.0035053542": 1,
    "0.003891621": 1
  },
  "latencyPercentiles": {
    "p10": 0.000364599,
    "p25": 0.000451757,
    "p50": 0.000561952,
    "p75": 0.000703611,
    "p90": 0.000887281,
    "p95": 0.001009191,
    "p99": 0.001308221
  },
  "rps": {
    "mean": 83443.51407822348,
    "stddev": 9715.396555834674,
    "max": 100525.4215998891,
    "percentiles": {
      "p10": 69101.79798064727,
      "p25": 76625.74625073854,
      "p50": 85050.16258589453,
      "p75": 91210.62937236286,
      "p90": 94909.57637625624,
      "p95": 96588.33128531306,
      "p99": 99077.38934881942
    }
  },
  "details": {
    "DNSDialup": {
      "average": 0.0008269860799999999,
      "fastest": 0.000088346,
      "slowest": 0.002028158
    },
    "DNSLookup": {
      "average": 0.00000732854,
      "fastest": 0.000003406,
      "slowest": 0.000027572
    }
  },
  "statusCodeDistribution": {
    "200": 834417
  },
  "errorDistribution": {}
}