{
  "summary": {
    "successRate": 1,
    "total": 10.000654365,
    "slowest": 0.003591475,
    "fastest": 0.000031651,
    "average": 0.0006187512937604925,
    "requestsPerSec": 80587.9266081405,
    "totalData": 10477116,
    "sizePerRequest": 13,
    "sizePerSec": 1047643.0459058265
  },
  "responseTimeHistogram": {
    "0.000031651": 1,
    "0.00038763339999999994": 90236,
    "0.0007436157999999998": 526316,
    "0.0010995981999999997": 160603,
    "0.0014555805999999997": 23815,
    "0.0018115629999999998": 4666,
    "0.0021675453999999996": 269,
    "0.0025235277999999996": 10,
    "0.0028795101999999997": 13,
    "0.0032354925999999997": 2,
    "0.003591475": 1
  },
  "latencyPercentiles": {
    "p10": 0.000377505,
    "p25": 0.00046682,
    "p50": 0.000580557,
    "p75": 0.000729346,
    "p90": 0.000917743,
    "p95": 0.001044228,
    "p99": 0.001360076
  },
  "rps": {
    "mean": 80592.80635030796,
    "stddev": 9225.607793203464,
    "max": 98328.3874054412,
    "percentiles": {
      "p10": 66840.37158443943,
      "p25": 74315.25692224939,
      "p50": 81686.33428671358,
      "p75": 87884.47947998354,
      "p90": 91602.80981267527,
      "p95": 93316.91835729929,
      "p99": 95747.00446504026
    }
  },
  "details": {
    "DNSDialup": {
      "average": 0.0008953453199999999,
      "fastest": 0.000099826,
      "slowest": 0.002038277
    },
    "DNSLookup": {
      "average": 0.000008842319999999998,
      "fastest": 0.000004077,
      "slowest": 0.000046566
    }
  },
  "statusCodeDistribution": {
    "200": 805932
  },
  "errorDistribution": {}
}