{
  "summary": {
    "successRate": 1,
    "total": 10.000415163,
    "slowest": 0.003650756,
    "fastest": 0.000038094,
    "average": 0.0006584561805079853,
    "requestsPerSec": 75758.05480586927,
    "totalData": 9848956,
    "sizePerRequest": 13,
    "sizePerSec": 984854.7124763004
  },
  "responseTimeHistogram": {
    "0.000038094": 1,
    "0.00039936020000000004": 80237,
    "0.0007606264000000001": 456774,
    "0.0011218926000000002": 187495,
    "0.0014831588": 26709,
    "0.001844425": 6219,
    "0.0022056912": 151,
    "0.0025669574": 9,
    "0.0029282236": 7,
    "0.0032894898": 9,
    "0.003650756": 1
  },
  "latencyPercentiles": {
    "p10": 0.000394237,
    "p25": 0.000487792,
    "p50": 0.000617828,
    "p75": 0.000792905,
    "p90": 0.000972667,
    "p95": 0.001093852,
    "p99": 0.00145563
  },
  "rps": {
    "mean": 75743.58038538696,
    "stddev": 10947.232552822757,
    "max": 98367.91485288873,
    "percentiles": {
      "p10": 62316.60114254665,
      "p25": 66233.52741157459,
      "p50": 74823.13756082312,
      "p75": 85006.11193944256,
      "p90": 91682.85228058572,
      "p95": 93772.76766770716,
      "p99": 96084.2851349239
    }
  },
  "details": {
    "DNSDialup": {
      "average": 0.0007678665799999998,
      "fastest": 0.000077124,
      "slowest": 0.0018392
    },
    "DNSLookup": {
      "average": 0.000007347420000000001,
      "fastest": 0.000003637,
      "slowest": 0.000033153
    }
  },
  "statusCodeDistribution": {
    "200": 757612
  },
  "errorDistribution": {}
}