{
  "summary": {
    "successRate": 1,
    "total": 10.000662442,
    "slowest": 0.005343917,
    "fastest": 0.00003645,
    "average": 0.0006542354412949129,
    "requestsPerSec": 76243.0493401909,
    "totalData": 9912253,
    "sizePerRequest": 13,
    "sizePerSec": 991159.6414224817
  },
  "responseTimeHistogram": {
    "0.00003645": 1,
    "0.0005671967": 314474,
    "0.0010979433999999998": 410906,
    "0.0016286900999999997": 35035,
    "0.0021594367999999997": 2035,
    "0.0026901835": 18,
    "0.0032209301999999995": 9,
    "0.0037516768999999992": 1,
    "0.0042824236": 0,
    "0.0048131703": 1,
    "0.005343917": 1
  },
  "latencyPercentiles": {
    "p10": 0.000390368,
    "p25": 0.000483029,
    "p50": 0.000612866,
    "p75": 0.00078764,
    "p90": 0.000971508,
    "p95": 0.001092776,
    "p99": 0.001453864
  },
  "rps": {
    "mean": 76234.90141096257,
    "stddev": 11430.708852936083,
    "max": 99999.47475023483,
    "percentiles": {
      "p10": 62034.03186988548,
      "p25": 66309.41593706026,
      "p50": 74929.43977689004,
      "p75": 85884.28683910379,
      "p90": 92928.48257990883,
      "p95": 94973.0006045534,
      "p99": 97016.056157289
    }
  },
  "details": {
    "DNSDialup": {
      "average": 0.00074620328,
      "fastest": 0.000083404,
      "slowest": 0.001528299
    },
    "DNSLookup": {
      "average": 0.0000075627399999999965,
      "fastest": 0.000003776,
      "slowest": 0.000025597
    }
  },
  "statusCodeDistribution": {
    "200": 762481
  },
  "errorDistribution": {}
}