{
  "summary": {
    "successRate": 1,
    "total": 10.000382921,
    "slowest": 0.013959719,
    "fastest": 0.000406838,
    "average": 0.0016272607744812206,
    "requestsPerSec": 30690.724787697356,
    "totalData": 3989947,
    "sizePerRequest": 13,
    "sizePerSec": 398979.42224006564
  },
  "responseTimeHistogram": {
    "0.000406838": 1,
    "0.0017621261000000002": 238401,
    "0.0031174142000000003": 65264,
    "0.0044727023": 1448,
    "0.0058279904": 466,
    "0.0071832785": 1190,
    "0.0085385666": 28,
    "0.0098938547": 71,
    "0.0112491428": 0,
    "0.012604430900000001": 0,
    "0.013959719": 50
  },
  "latencyPercentiles": {
    "p10": 0.00107641,
    "p25": 0.001425744,
    "p50": 0.001673184,
    "p75": 0.001751355,
    "p90": 0.00190947,
    "p95": 0.002113283,
    "p99": 0.003207061
  },
  "rps": {
    "mean": 30690.08344300298,
    "stddev": 3996.404182570251,
    "max": 35804.76125353915,
    "percentiles": {
      "p10": 28734.826609851923,
      "p25": 30358.50771442147,
      "p50": 31457.475954317022,
      "p75": 32616.038351445935,
      "p90": 33661.3775389022,
      "p95": 34231.43865268383,
      "p99": 35033.6247107278
    }
  },
  "details": {
    "DNSDialup": {
      "average": 0.00074458994,
      "fastest": 0.000072869,
      "slowest": 0.001698409
    },
    "DNSLookup": {
      "average": 0.00000731058,
      "fastest": 0.000003236,
      "slowest": 0.000033292
    }
  },
  "statusCodeDistribution": {
    "200": 306919
  },
  "errorDistribution": {}
}