{
  "summary": {
    "successRate": 1,
    "total": 10.000210573,
    "slowest": 0.023418267,
    "fastest": 0.000154809,
    "average": 0.003035425822301965,
    "requestsPerSec": 16433.153962147073,
    "totalData": 2136355,
    "sizePerRequest": 13,
    "sizePerSec": 213631.00150791195
  },
  "responseTimeHistogram": {
    "0.000154809": 1,
    "0.0024811548": 359,
    "0.0048075005999999995": 159143,
    "0.007133846399999999": 4452,
    "0.0094601922": 228,
    "0.011786538000000001": 87,
    "0.0141128838": 24,
    "0.016439229599999997": 9,
    "0.018765575399999998": 8,
    "0.0210919212": 12,
    "0.023418267": 12
  },
  "latencyPercentiles": {
    "p10": 0.002744656,
    "p25": 0.002815182,
    "p50": 0.002909849,
    "p75": 0.003061057,
    "p90": 0.003200928,
    "p95": 0.003376749,
    "p99": 0.006010703
  },
  "rps": {
    "mean": 16429.12006488125,
    "stddev": 1704.5037514965766,
    "max": 20297.64792463648,
    "percentiles": {
      "p10": 15374.634626330018,
      "p25": 16165.677916238146,
      "p50": 16840.509846435813,
      "p75": 17219.79760130263,
      "p90": 17502.93524224085,
      "p95": 17663.22906106833,
      "p99": 17886.087527880438
    }
  },
  "details": {
    "DNSDialup": {
      "average": 0.0008545576200000002,
      "fastest": 0.000137803,
      "slowest": 0.001346781
    },
    "DNSLookup": {
      "average": 0.000006625280000000001,
      "fastest": 0.000003306,
      "slowest": 0.000027241
    }
  },
  "statusCodeDistribution": {
    "200": 164335
  },
  "errorDistribution": {}
}