{
  "summary": {
    "successRate": 1,
    "total": 10.000241167,
    "slowest": 0.004475606,
    "fastest": 0.000256419,
    "average": 0.0009675926188304037,
    "requestsPerSec": 51584.45595315111,
    "totalData": 6706141,
    "sizePerRequest": 13,
    "sizePerSec": 670597.9273909645
  },
  "responseTimeHistogram": {
    "0.000256419": 1,
    "0.0006783377": 30316,
    "0.0011002564000000001": 430492,
    "0.0015221750999999998": 54450,
    "0.0019440937999999999": 422,
    "0.0023660125": 80,
    "0.0027879311999999996": 30,
    "0.0032098498999999997": 24,
    "0.0036317686": 4,
    "0.0040536873": 22,
    "0.004475606": 16
  },
  "latencyPercentiles": {
    "p10": 0.000813185,
    "p25": 0.000905783,
    "p50": 0.000987866,
    "p75": 0.001051165,
    "p90": 0.001104158,
    "p95": 0.001147308,
    "p99": 0.001254438
  },
  "rps": {
    "mean": 51582.607585006175,
    "stddev": 4791.396546647416,
    "max": 81018.33444908622,
    "percentiles": {
      "p10": 48856.59025743422,
      "p25": 49651.91107302332,
      "p50": 50458.377166116625,
      "p75": 51478.93780323074,
      "p90": 55796.87453356338,
      "p95": 63001.165521562005,
      "p99": 70503.814256349
    }
  },
  "details": {
    "DNSDialup": {
      "average": 0.0007337121999999998,
      "fastest": 0.000082122,
      "slowest": 0.001707558
    },
    "DNSLookup": {
      "average": 0.00000837004,
      "fastest": 0.000003697,
      "slowest": 0.000042158
    }
  },
  "statusCodeDistribution": {
    "200": 515857
  },
  "errorDistribution": {}
}