{
  "summary": {
    "successRate": 1,
    "total": 10.000855173,
    "slowest": 0.035538451,
    "fastest": 0.001905856,
    "average": 0.013306300378997897,
    "requestsPerSec": 3751.6791665272126,
    "totalData": 487760,
    "sizePerRequest": 13,
    "sizePerSec": 48771.82916485376
  },
  "responseTimeHistogram": {
    "0.001905856": 1,
    "0.0052691155": 7801,
    "0.008632375000000001": 1232,
    "0.011995634500000001": 6634,
    "0.015358894000000001": 7125,
    "0.0187221535": 5847,
    "0.022085413": 5155,
    "0.025448672500000002": 2030,
    "0.028811932000000002": 1639,
    "0.0321751915": 26,
    "0.035538451": 30
  },
  "latencyPercentiles": {
    "p10": 0.003470435,
    "p25": 0.008781492,
    "p50": 0.013669329,
    "p75": 0.018324579,
    "p90": 0.02206756,
    "p95": 0.025214936,
    "p99": 0.026999503
  },
  "rps": {
    "mean": 3611.574650698852,
    "stddev": 2569.6573770551972,
    "max": 16844.911351356965,
    "percentiles": {
      "p10": 1810.0834152259722,
      "p25": 2405.394731835797,
      "p50": 2834.949254408242,
      "p75": 3827.5132321772003,
      "p90": 5008.550962461334,
      "p95": 6988.229407562017,
      "p99": 15490.101272069229
    }
  },
  "details": {
    "DNSDialup": {
      "average": 0.0007640945000000001,
      "fastest": 0.00012906,
      "slowest": 0.001377445
    },
    "DNSLookup": {
      "average": 0.000007635620000000002,
      "fastest": 0.000002876,
      "slowest": 0.000029896
    }
  },
  "statusCodeDistribution": {
    "200": 37520
  },
  "errorDistribution": {}
}