{
  "summary": {
    "successRate": 1,
    "total": 10.000258161,
    "slowest": 0.021660203,
    "fastest": 0.001238108,
    "average": 0.0027965393340829516,
    "requestsPerSec": 17831.93964886283,
    "totalData": 2318212,
    "sizePerRequest": 13,
    "sizePerSec": 231815.2154352168
  },
  "responseTimeHistogram": {
    "0.001238108": 1,
    "0.0032803175": 172265,
    "0.0053225270000000005": 3070,
    "0.007364736500000001": 2825,
    "0.009406946000000001": 97,
    "0.0114491555": 16,
    "0.013491365000000002": 8,
    "0.015533574500000003": 7,
    "0.017575784000000004": 9,
    "0.0196179935": 13,
    "0.021660203000000003": 13
  },
  "latencyPercentiles": {
    "p10": 0.002578246,
    "p25": 0.002656328,
    "p50": 0.00272469,
    "p75": 0.002793791,
    "p90": 0.002868193,
    "p95": 0.002971121,
    "p99": 0.00546821
  },
  "rps": {
    "mean": 17831.9785612782,
    "stddev": 1391.8351852220105,
    "max": 20662.77557848583,
    "percentiles": {
      "p10": 17364.599784116686,
      "p25": 17702.38528577764,
      "p50": 18004.866715473265,
      "p75": 18327.784921941675,
      "p90": 18606.932943216863,
      "p95": 18806.932235221266,
      "p99": 19221.5954625021
    }
  },
  "details": {
    "DNSDialup": {
      "average": 0.0007970906200000001,
      "fastest": 0.000083055,
      "slowest": 0.001755688
    },
    "DNSLookup": {
      "average": 0.000008592720000000001,
      "fastest": 0.000003396,
      "slowest": 0.0000586
    }
  },
  "statusCodeDistribution": {
    "200": 178324
  },
  "errorDistribution": {}
}