{
  "summary": {
    "successRate": 1,
    "total": 10.000409962,
    "slowest": 0.002919743,
    "fastest": 0.000032595,
    "average": 0.0006366818163069585,
    "requestsPerSec": 78364.48735380355,
    "totalData": 10187801,
    "sizePerRequest": 13,
    "sizePerSec": 1018738.335599446
  },
  "responseTimeHistogram": {
    "0.000032595": 1,
    "0.0003213098": 40295,
    "0.0006100245999999999": 402717,
    "0.0008987393999999999": 232425,
    "0.0011874542": 76891,
    "0.001476169": 21473,
    "0.0017648838": 8054,
    "0.0020535985999999996": 1515,
    "0.0023423133999999996": 252,
    "0.0026310281999999997": 35,
    "0.002919743": 19
  },
  "latencyPercentiles": {
    "p10": 0.000376205,
    "p25": 0.00046135,
    "p50": 0.000577877,
    "p75": 0.000769171,
    "p90": 0.000962393,
    "p95": 0.001130826,
    "p99": 0.001526243
  },
  "rps": {
    "mean": 78362.05983050351,
    "stddev": 13801.057164273063,
    "max": 101213.53224925985,
    "percentiles": {
      "p10": 58656.03090781433,
      "p25": 65070.967459903324,
      "p50": 81108.37701335811,
      "p75": 90372.37669635819,
      "p90": 95297.11747375151,
      "p95": 97316.30048032422,
      "p99": 100097.01402599507
    }
  },
  "details": {
    "DNSDialup": {
      "average": 0.0008076797600000004,
      "fastest": 0.000075405,
      "slowest": 0.001800929
    },
    "DNSLookup": {
      "average": 0.000007954300000000003,
      "fastest": 0.000003868,
      "slowest": 0.000037651
    }
  },
  "statusCodeDistribution": {
    "200": 783677
  },
  "errorDistribution": {}
}