{
  "summary": {
    "successRate": 1,
    "total": 10.000454693,
    "slowest": 0.005800265,
    "fastest": 0.000180386,
    "average": 0.0010603873959869076,
    "requestsPerSec": 47078.959352673504,
    "totalData": 6120543,
    "sizePerRequest": 13,
    "sizePerSec": 612026.4715847556
  },
  "responseTimeHistogram": {
    "0.000180386": 1,
    "0.0007423739": 6128,
    "0.0013043618": 458082,
    "0.0018663497": 6171,
    "0.0024283376": 301,
    "0.0029903254999999996": 52,
    "0.0035523134": 5,
    "0.0041143013": 32,
    "0.0046762892": 20,
    "0.0052382771": 14,
    "0.005800265": 5
  },
  "latencyPercentiles": {
    "p10": 0.000932181,
    "p25": 0.000986391,
    "p50": 0.00107113,
    "p75": 0.001128463,
    "p90": 0.001179502,
    "p95": 0.001221726,
    "p99": 0.001331399
  },
  "rps": {
    "mean": 47076.79439470415,
    "stddev": 2521.5251668109468,
    "max": 58449.63691546813,
    "percentiles": {
      "p10": 45335.6701052376,
      "p25": 46167.03453414362,
      "p50": 47042.54998646212,
      "p75": 47924.7032999852,
      "p90": 49441.26357829561,
      "p95": 50528.038008290445,
      "p99": 53509.61071909524
    }
  },
  "details": {
    "DNSDialup": {
      "average": 0.00085332212,
      "fastest": 0.000109719,
      "slowest": 0.001419793
    },
    "DNSLookup": {
      "average": 0.000007012620000000001,
      "fastest": 0.000003356,
      "slowest": 0.00003759
    }
  },
  "statusCodeDistribution": {
    "200": 470811
  },
  "errorDistribution": {}
}