{
  "summary": {
    "successRate": 1,
    "total": 10.000449398,
    "slowest": 0.002651323,
    "fastest": 0.000032981,
    "average": 0.0006189578421551513,
    "requestsPerSec": 80591.97821261751,
    "totalData": 10477428,
    "sizePerRequest": 13,
    "sizePerSec": 1047695.7167640277
  },
  "responseTimeHistogram": {
    "0.000032981": 1,
    "0.00029481520000000004": 30389,
    "0.0005566494": 329600,
    "0.0008184836": 311560,
    "0.0010803178000000002": 101008,
    "0.001342152": 24910,
    "0.0016039862000000002": 7420,
    "0.0018658204000000004": 980,
    "0.0021276546000000003": 79,
    "0.0023894888": 6,
    "0.002651323": 3
  },
  "latencyPercentiles": {
    "p10": 0.000372445,
    "p25": 0.0004618,
    "p50": 0.000582212,
    "p75": 0.000731078,
    "p90": 0.000925806,
    "p95": 0.001044498,
    "p99": 0.001350916
  },
  "rps": {
    "mean": 80588.90961753289,
    "stddev": 8998.069225032737,
    "max": 102021.999871724,
    "percentiles": {
      "p10": 69071.31613390881,
      "p25": 73536.86961070914,
      "p50": 80151.16048573886,
      "p75": 87346.12748992708,
      "p90": 92859.95038397337,
      "p95": 95731.86913923526,
      "p99": 99254.1700787382
    }
  },
  "details": {
    "DNSDialup": {
      "average": 0.0006898820999999999,
      "fastest": 0.000072489,
      "slowest": 0.001348074
    },
    "DNSLookup": {
      "average": 0.000020274680000000003,
      "fastest": 0.000003377,
      "slowest": 0.000652918
    }
  },
  "statusCodeDistribution": {
    "200": 805956
  },
  "errorDistribution": {}
}