{
  "summary": {
    "successRate": 1,
    "total": 10.000236961,
    "slowest": 0.025671592,
    "fastest": 0.003999512,
    "average": 0.007458165602697583,
    "requestsPerSec": 6694.741360739242,
    "totalData": 870337,
    "sizePerRequest": 13,
    "sizePerSec": 87031.63768961014
  },
  "responseTimeHistogram": {
    "0.003999512": 1,
    "0.0061667200000000005": 12150,
    "0.008333928": 42450,
    "0.010501136": 8152,
    "0.012668344": 1437,
    "0.014835552": 1928,
    "0.01700276": 731,
    "0.019169968": 63,
    "0.021337176": 14,
    "0.023504384": 11,
    "0.025671592": 12
  },
  "latencyPercentiles": {
    "p10": 0.005754528,
    "p25": 0.006710298,
    "p50": 0.006924271,
    "p75": 0.00769888,
    "p90": 0.009046996,
    "p95": 0.011759238,
    "p99": 0.014950938
  },
  "rps": {
    "mean": 6721.453401695547,
    "stddev": 1577.8142186264386,
    "max": 10914.404438059972,
    "percentiles": {
      "p10": 5157.402404502352,
      "p25": 6200.545648016045,
      "p50": 7130.158431116421,
      "p75": 7465.244746031371,
      "p90": 8340.915527026262,
      "p95": 8752.013214532868,
      "p99": 9136.52692097744
    }
  },
  "details": {
    "DNSDialup": {
      "average": 0.0005410798800000001,
      "fastest": 0.000075206,
      "slowest": 0.001106562
    },
    "DNSLookup": {
      "average": 0.000007834159999999998,
      "fastest": 0.000003817,
      "slowest": 0.000025688
    }
  },
  "statusCodeDistribution": {
    "200": 66949
  },
  "errorDistribution": {}
}