{
  "summary": {
    "successRate": 1,
    "total": 10.000272404,
    "slowest": 0.007182639,
    "fastest": 0.000501996,
    "average": 0.001201346602540113,
    "requestsPerSec": 41556.267990637425,
    "totalData": 5402462,
    "sizePerRequest": 13,
    "sizePerSec": 540231.4838782866
  },
  "responseTimeHistogram": {
    "0.000501996": 1,
    "0.0011700603": 164373,
    "0.0018381246": 249855,
    "0.0025061889": 1109,
    "0.0031742532": 121,
    "0.0038423175": 54,
    "0.0045103818": 18,
    "0.0051784461": 9,
    "0.0058465104": 12,
    "0.0065145747": 0,
    "0.007182639": 22
  },
  "latencyPercentiles": {
    "p10": 0.001052817,
    "p25": 0.001104905,
    "p50": 0.001208352,
    "p75": 0.001269851,
    "p90": 0.001336541,
    "p95": 0.001389409,
    "p99": 0.001521426
  },
  "rps": {
    "mean": 41554.703095843965,
    "stddev": 2235.0353122680885,
    "max": 46636.329700836686,
    "percentiles": {
      "p10": 39832.21107499772,
      "p25": 40977.64815282322,
      "p50": 41992.64546031346,
      "p75": 42546.694997758685,
      "p90": 43100.67252261183,
      "p95": 43353.33327059049,
      "p99": 44093.10450287154
    }
  },
  "details": {
    "DNSDialup": {
      "average": 0.0007354696600000001,
      "fastest": 0.000079839,
      "slowest": 0.001691202
    },
    "DNSLookup": {
      "average": 0.0000066071600000000015,
      "fastest": 0.000003246,
      "slowest": 0.000029636
    }
  },
  "statusCodeDistribution": {
    "200": 415574
  },
  "errorDistribution": {}
}