{
  "summary": {
    "successRate": 1,
    "total": 10.000166902,
    "slowest": 0.009863194,
    "fastest": 0.000476484,
    "average": 0.0012646039925312057,
    "requestsPerSec": 39483.74100846582,
    "totalData": 5132972,
    "sizePerRequest": 13,
    "sizePerSec": 513288.63311005564
  },
  "responseTimeHistogram": {
    "0.000476484": 1,
    "0.001415155": 351588,
    "0.0023538260000000003": 40903,
    "0.003292497": 517,
    "0.004231168": 61,
    "0.005169839000000001": 914,
    "0.00610851": 715,
    "0.0070471810000000005": 52,
    "0.007985852": 43,
    "0.008924523": 0,
    "0.009863194": 50
  },
  "latencyPercentiles": {
    "p10": 0.000907305,
    "p25": 0.001165555,
    "p50": 0.001282163,
    "p75": 0.001345326,
    "p90": 0.001426163,
    "p95": 0.001638281,
    "p99": 0.002021897
  },
  "rps": {
    "mean": 39499.39859870638,
    "stddev": 4150.116949092101,
    "max": 45329.130567444525,
    "percentiles": {
      "p10": 36756.37632744594,
      "p25": 38912.65050267529,
      "p50": 40558.59220724835,
      "p75": 41524.47452528634,
      "p90": 42437.05603733063,
      "p95": 43020.769683789345,
      "p99": 44103.373867733666
    }
  },
  "details": {
    "DNSDialup": {
      "average": 0.0007453554799999999,
      "fastest": 0.000083248,
      "slowest": 0.001665486
    },
    "DNSLookup": {
      "average": 0.000007365500000000002,
      "fastest": 0.000003627,
      "slowest": 0.000028673
    }
  },
  "statusCodeDistribution": {
    "200": 394844
  },
  "errorDistribution": {}
}