{
  "summary": {
    "successRate": 1,
    "total": 10.000484593,
    "slowest": 0.003027168,
    "fastest": 0.000032901,
    "average": 0.0006427312181498137,
    "requestsPerSec": 77626.83825775683,
    "totalData": 10091978,
    "sizePerRequest": 13,
    "sizePerSec": 1009148.8973508386
  },
  "responseTimeHistogram": {
    "0.000032901": 1,
    "0.00033232769999999996": 44153,
    "0.0006317543999999999": 405825,
    "0.0009311810999999998": 235418,
    "0.0012306077999999997": 66042,
    "0.0015300344999999997": 17487,
    "0.0018294611999999997": 6558,
    "0.0021288878999999998": 732,
    "0.0024283145999999998": 52,
    "0.0027277412999999998": 27,
    "0.003027168": 11
  },
  "latencyPercentiles": {
    "p10": 0.000379317,
    "p25": 0.000465427,
    "p50": 0.000588132,
    "p75": 0.000782522,
    "p90": 0.000962434,
    "p95": 0.001119964,
    "p99": 0.001519512
  },
  "rps": {
    "mean": 77618.17693516292,
    "stddev": 13446.558922242519,
    "max": 102607.29537870575,
    "percentiles": {
      "p10": 59748.832720982144,
      "p25": 64847.54622088783,
      "p50": 78222.88019246134,
      "p75": 89833.7830290791,
      "p90": 94966.8946806083,
      "p95": 97125.29142589007,
      "p99": 100037.02773350742
    }
  },
  "details": {
    "DNSDialup": {
      "average": 0.0008806823800000001,
      "fastest": 0.000336172,
      "slowest": 0.001168271
    },
    "DNSLookup": {
      "average": 0.000007415620000000002,
      "fastest": 0.000003517,
      "slowest": 0.000029455
    }
  },
  "statusCodeDistribution": {
    "200": 776306
  },
  "errorDistribution": {}
}