{
  "summary": {
    "successRate": 1,
    "total": 10.000363288,
    "slowest": 0.011477154,
    "fastest": 0.000693683,
    "average": 0.0014864313885795044,
    "requestsPerSec": 33596.279487481755,
    "totalData": 4367675,
    "sizePerRequest": 13,
    "sizePerSec": 436751.6333372628
  },
  "responseTimeHistogram": {
    "0.000693683": 1,
    "0.0017720301": 331047,
    "0.0028503772": 2747,
    "0.003928724299999999": 1774,
    "0.005007071399999999": 245,
    "0.006085418499999999": 81,
    "0.007163765599999999": 36,
    "0.0082421127": 10,
    "0.0093204598": 10,
    "0.0103988069": 10,
    "0.011477154": 14
  },
  "latencyPercentiles": {
    "p10": 0.001385626,
    "p25": 0.001418479,
    "p50": 0.001460952,
    "p75": 0.001508713,
    "p90": 0.001563018,
    "p95": 0.001601338,
    "p99": 0.002376197
  },
  "rps": {
    "mean": 33585.086410639655,
    "stddev": 2975.380899780842,
    "max": 35617.08227923515,
    "percentiles": {
      "p10": 33138.019852685684,
      "p25": 33696.02853502203,
      "p50": 34201.70111213904,
      "p75": 34431.83990765266,
      "p90": 34714.18768850822,
      "p95": 34951.81222098161,
      "p99": 35233.23847020478
    }
  },
  "details": {
    "DNSDialup": {
      "average": 0.0007491902399999999,
      "fastest": 0.000070071,
      "slowest": 0.001685195
    },
    "DNSLookup": {
      "average": 0.0000071065199999999985,
      "fastest": 0.000003797,
      "slowest": 0.000034605
    }
  },
  "statusCodeDistribution": {
    "200": 335975
  },
  "errorDistribution": {}
}