{
  "summary": {
    "successRate": 1,
    "total": 10.000400086,
    "slowest": 0.00473667,
    "fastest": 0.000141364,
    "average": 0.0010893331206264154,
    "requestsPerSec": 45827.266515224896,
    "totalData": 5957783,
    "sizePerRequest": 13,
    "sizePerSec": 595754.4646979236
  },
  "responseTimeHistogram": {
    "0.000141364": 1,
    "0.0006008946": 465,
    "0.0010604252": 146440,
    "0.0015199558": 309729,
    "0.0019794864": 1305,
    "0.0024390170000000004": 232,
    "0.0028985476000000002": 54,
    "0.0033580782000000005": 25,
    "0.0038176088000000004": 4,
    "0.0042771394": 25,
    "0.00473667": 11
  },
  "latencyPercentiles": {
    "p10": 0.001003816,
    "p25": 0.001047121,
    "p50": 0.001090651,
    "p75": 0.001134972,
    "p90": 0.001183541,
    "p95": 0.001224348,
    "p99": 0.001361458
  },
  "rps": {
    "mean": 45825.73329849106,
    "stddev": 2538.400756166547,
    "max": 55230.35492558043,
    "percentiles": {
      "p10": 44136.187259934566,
      "p25": 45072.499114826904,
      "p50": 45725.40503503675,
      "p75": 46532.04743031765,
      "p90": 48339.78364194129,
      "p95": 49783.04309418629,
      "p99": 51514.604540725006
    }
  },
  "details": {
    "DNSDialup": {
      "average": 0.0007481988399999998,
      "fastest": 0.000123937,
      "slowest": 0.001208342
    },
    "DNSLookup": {
      "average": 0.000007169600000000001,
      "fastest": 0.000003527,
      "slowest": 0.000030407
    }
  },
  "statusCodeDistribution": {
    "200": 458291
  },
  "errorDistribution": {}
}