{
  "summary": {
    "successRate": 1,
    "total": 10.000429963,
    "slowest": 0.009077391,
    "fastest": 0.000378261,
    "average": 0.001148117366168706,
    "requestsPerSec": 43486.8302272015,
    "totalData": 5653531,
    "sizePerRequest": 13,
    "sizePerSec": 565328.7929536195
  },
  "responseTimeHistogram": {
    "0.000378261": 1,
    "0.0012481740000000001": 366113,
    "0.0021180870000000003": 63559,
    "0.0029880000000000006": 3593,
    "0.0038579130000000006": 67,
    "0.004727826000000001": 15,
    "0.005597739000000002": 130,
    "0.006467652000000002": 1272,
    "0.007337565000000002": 87,
    "0.008207478": 1,
    "0.009077391": 49
  },
  "latencyPercentiles": {
    "p10": 0.000844856,
    "p25": 0.001034293,
    "p50": 0.00115804,
    "p75": 0.001218166,
    "p90": 0.001279551,
    "p95": 0.001370699,
    "p99": 0.002156304
  },
  "rps": {
    "mean": 43494.35207514719,
    "stddev": 4786.1443204875495,
    "max": 49797.061604498915,
    "percentiles": {
      "p10": 40264.73764518602,
      "p25": 42502.486395456915,
      "p50": 44711.2672393443,
      "p75": 45912.60760204773,
      "p90": 46741.41228161033,
      "p95": 47418.28449050566,
      "p99": 48832.29019865554
    }
  },
  "details": {
    "DNSDialup": {
      "average": 0.00077109456,
      "fastest": 0.000100849,
      "slowest": 0.001095722
    },
    "DNSLookup": {
      "average": 0.00000672016,
      "fastest": 0.000003216,
      "slowest": 0.000026058
    }
  },
  "statusCodeDistribution": {
    "200": 434887
  },
  "errorDistribution": {}
}