{
  "summary": {
    "successRate": 1,
    "total": 10.000849908,
    "slowest": 0.012823582,
    "fastest": 0.000535086,
    "average": 0.0015996459080508812,
    "requestsPerSec": 31220.04658326485,
    "totalData": 4058951,
    "sizePerRequest": 13,
    "sizePerSec": 405860.60558244307
  },
  "responseTimeHistogram": {
    "0.000535086": 1,
    "0.0017639356": 258672,
    "0.0029927852": 50981,
    "0.0042216347999999996": 874,
    "0.0054504843999999995": 365,
    "0.0066793339999999994": 1184,
    "0.0079081836": 5,
    "0.0091370332": 78,
    "0.0103658828": 17,
    "0.0115947324": 0,
    "0.012823582": 50
  },
  "latencyPercentiles": {
    "p10": 0.001060772,
    "p25": 0.001443626,
    "p50": 0.001654204,
    "p75": 0.001732254,
    "p90": 0.001816275,
    "p95": 0.002134142,
    "p99": 0.0027004
  },
  "rps": {
    "mean": 31192.505273033497,
    "stddev": 3646.832558450698,
    "max": 36305.332743475854,
    "percentiles": {
      "p10": 29360.926859324085,
      "p25": 30561.60910505042,
      "p50": 32048.752520576858,
      "p75": 32940.14028343248,
      "p90": 33656.02479834258,
      "p95": 34336.14866049044,
      "p99": 35419.686735519834
    }
  },
  "details": {
    "DNSDialup": {
      "average": 0.00078894788,
      "fastest": 0.000070341,
      "slowest": 0.00175612
    },
    "DNSLookup": {
      "average": 0.000007780740000000001,
      "fastest": 0.000003747,
      "slowest": 0.000035997
    }
  },
  "statusCodeDistribution": {
    "200": 312227
  },
  "errorDistribution": {}
}