{
  "summary": {
    "successRate": 1,
    "total": 10.000201287,
    "slowest": 0.005250889,
    "fastest": 0.000221544,
    "average": 0.0009893774262994819,
    "requestsPerSec": 50451.78447116592,
    "totalData": 6558864,
    "sizePerRequest": 13,
    "sizePerSec": 655873.1981251569
  },
  "responseTimeHistogram": {
    "0.000221544": 1,
    "0.0007244784999999999": 20029,
    "0.001227413": 475755,
    "0.0017303474999999999": 8275,
    "0.002233282": 302,
    "0.0027362165": 95,
    "0.003239151": 25,
    "0.0037420855": 9,
    "0.0042450199999999995": 18,
    "0.004747954499999999": 8,
    "0.005250888999999999": 11
  },
  "latencyPercentiles": {
    "p10": 0.000854966,
    "p25": 0.00092268,
    "p50": 0.001002534,
    "p75": 0.001063493,
    "p90": 0.00111564,
    "p95": 0.00115894,
    "p99": 0.001275197
  },
  "rps": {
    "mean": 50451.88600732161,
    "stddev": 3294.842328780845,
    "max": 69199.85681957017,
    "percentiles": {
      "p10": 48344.97354882649,
      "p25": 49198.150309867,
      "p50": 49921.295799511136,
      "p75": 50901.0180203553,
      "p90": 53272.33954290281,
      "p95": 57140.317573187116,
      "p99": 60907.39415765254
    }
  },
  "details": {
    "DNSDialup": {
      "average": 0.0007815925,
      "fastest": 0.000196132,
      "slowest": 0.001180568
    },
    "DNSLookup": {
      "average": 0.000007005540000000002,
      "fastest": 0.000003336,
      "slowest": 0.000026379
    }
  },
  "statusCodeDistribution": {
    "200": 504528
  },
  "errorDistribution": {}
}