{
  "summary": {
    "successRate": 1,
    "total": 10.000219392,
    "slowest": 0.006684507,
    "fastest": 0.000130357,
    "average": 0.000745915156996106,
    "requestsPerSec": 66905.93213737365,
    "totalData": 8697962,
    "sizePerRequest": 13,
    "sizePerSec": 869777.1177858575
  },
  "responseTimeHistogram": {
    "0.000130357": 1,
    "0.000785772": 357708,
    "0.001441187": 311017,
    "0.0020966020000000004": 204,
    "0.002752017": 75,
    "0.003407432": 52,
    "0.0040628470000000005": 15,
    "0.004718262": 1,
    "0.005373677": 0,
    "0.006029092000000001": 0,
    "0.006684507": 1
  },
  "latencyPercentiles": {
    "p10": 0.000519252,
    "p25": 0.000564596,
    "p50": 0.000742748,
    "p75": 0.000914786,
    "p90": 0.000990881,
    "p95": 0.001037273,
    "p99": 0.001162738
  },
  "rps": {
    "mean": 66899.93346570668,
    "stddev": 11603.085601366563,
    "max": 90665.4513893559,
    "percentiles": {
      "p10": 53651.642297872575,
      "p25": 55419.12514008942,
      "p50": 66326.27847153237,
      "p75": 76488.58554953002,
      "p90": 83385.3400716984,
      "p95": 86061.21534247592,
      "p99": 88635.59473281723
    }
  },
  "details": {
    "DNSDialup": {
      "average": 0.00070514396,
      "fastest": 0.000078576,
      "slowest": 0.00149075
    },
    "DNSLookup": {
      "average": 0.000035501,
      "fastest": 0.000003426,
      "slowest": 0.001414963
    }
  },
  "statusCodeDistribution": {
    "200": 669074
  },
  "errorDistribution": {}
}