{
  "summary": {
    "successRate": 1,
    "total": 10.000171041,
    "slowest": 0.033407163,
    "fastest": 0.005704322,
    "average": 0.00790776187160318,
    "requestsPerSec": 6314.691992876685,
    "totalData": 820924,
    "sizePerRequest": 13,
    "sizePerSec": 82090.99590739691
  },
  "responseTimeHistogram": {
    "0.005704322": 1,
    "0.0084746061": 50897,
    "0.0112448902": 9715,
    "0.014015174299999999": 2071,
    "0.016785458399999998": 356,
    "0.019555742499999997": 60,
    "0.0223260266": 8,
    "0.0250963107": 9,
    "0.0278665948": 9,
    "0.030636878899999997": 11,
    "0.033407163": 11
  },
  "latencyPercentiles": {
    "p10": 0.00627486,
    "p25": 0.007336846,
    "p50": 0.007615456,
    "p75": 0.008223212,
    "p90": 0.009456481,
    "p95": 0.01084734,
    "p99": 0.013627102
  },
  "rps": {
    "mean": 6316.603721497535,
    "stddev": 1000.5399799349415,
    "max": 8042.203619737673,
    "percentiles": {
      "p10": 4900.302348654789,
      "p25": 5928.790801008808,
      "p50": 6469.193850505774,
      "p75": 6742.478287458968,
      "p90": 7746.966760683318,
      "p95": 7880.3313093342995,
      "p99": 7986.514719348535
    }
  },
  "details": {
    "DNSDialup": {
      "average": 0.0007635578800000001,
      "fastest": 0.000099865,
      "slowest": 0.001695927
    },
    "DNSLookup": {
      "average": 0.000007111680000000001,
      "fastest": 0.000003827,
      "slowest": 0.00002144
    }
  },
  "statusCodeDistribution": {
    "200": 63148
  },
  "errorDistribution": {}
}