{
  "summary": {
    "successRate": 1,
    "total": 10.000637588,
    "slowest": 0.00513477,
    "fastest": 0.000036666,
    "average": 0.0006507855738657689,
    "requestsPerSec": 76640.91346732642,
    "totalData": 9963954,
    "sizePerRequest": 13,
    "sizePerSec": 996331.8750752434
  },
  "responseTimeHistogram": {
    "0.000036666": 1,
    "0.0005464764": 311525,
    "0.0010562868": 399675,
    "0.0015660972": 47913,
    "0.0020759076": 6987,
    "0.002585718": 241,
    "0.0030955284": 72,
    "0.0036053388": 25,
    "0.0041151492": 6,
    "0.0046249596": 0,
    "0.00513477": 13
  },
  "latencyPercentiles": {
    "p10": 0.000381783,
    "p25": 0.000474494,
    "p50": 0.000591586,
    "p75": 0.00077635,
    "p90": 0.000997143,
    "p95": 0.001129799,
    "p99": 0.00155614
  },
  "rps": {
    "mean": 76632.2446955592,
    "stddev": 12238.448123940974,
    "max": 96939.86443332976,
    "percentiles": {
      "p10": 57930.20480878711,
      "p25": 68598.03566917089,
      "p50": 79197.1397486187,
      "p75": 85978.96307969085,
      "p90": 90652.66815845454,
      "p95": 92577.14453454492,
      "p99": 94955.46348622545
    }
  },
  "details": {
    "DNSDialup": {
      "average": 0.0007571215600000002,
      "fastest": 0.000151383,
      "slowest": 0.001004925
    },
    "DNSLookup": {
      "average": 0.000008518280000000001,
      "fastest": 0.000003817,
      "slowest": 0.000047769
    }
  },
  "statusCodeDistribution": {
    "200": 766458
  },
  "errorDistribution": {}
}