{
  "summary": {
    "successRate": 1,
    "total": 10.000356753,
    "slowest": 0.005022906,
    "fastest": 0.000037017,
    "average": 0.0006238960217799986,
    "requestsPerSec": 79969.64705885029,
    "totalData": 10396425,
    "sizePerRequest": 13,
    "sizePerSec": 1039605.4117650536
  },
  "responseTimeHistogram": {
    "0.000037017": 1,
    "0.0005356059": 301346,
    "0.0010341948": 450506,
    "0.0015327837": 42394,
    "0.0020313726": 5177,
    "0.0025299615": 200,
    "0.0030285503999999998": 60,
    "0.0035271392999999996": 22,
    "0.0040257282": 15,
    "0.0045243171": 3,
    "0.005022906000000001": 1
  },
  "latencyPercentiles": {
    "p10": 0.000385451,
    "p25": 0.000474196,
    "p50": 0.000576287,
    "p75": 0.000714815,
    "p90": 0.00094102,
    "p95": 0.001070894,
    "p99": 0.001450799
  },
  "rps": {
    "mean": 79945.9224652926,
    "stddev": 14747.033422060143,
    "max": 101353.14959164367,
    "percentiles": {
      "p10": 57926.08975865461,
      "p25": 66925.05004623187,
      "p50": 80604.95720486475,
      "p75": 93670.93071436904,
      "p90": 97702.15737575138,
      "p95": 98761.01455479868,
      "p99": 100625.06689564319
    }
  },
  "details": {
    "DNSDialup": {
      "average": 0.00093280124,
      "fastest": 0.000099809,
      "slowest": 0.001445282
    },
    "DNSLookup": {
      "average": 0.000008535319999999999,
      "fastest": 0.000004539,
      "slowest": 0.00003231
    }
  },
  "statusCodeDistribution": {
    "200": 799725
  },
  "errorDistribution": {}
}