{
  "summary": {
    "successRate": 1,
    "total": 10.002147082,
    "slowest": 0.009056545,
    "fastest": 0.000036611,
    "average": 0.0006387507578127609,
    "requestsPerSec": 78089.3335797479,
    "totalData": 10153793,
    "sizePerRequest": 13,
    "sizePerSec": 1015161.3365367226
  },
  "responseTimeHistogram": {
    "0.000036611": 1,
    "0.0009386043999999998": 691592,
    "0.0018405977999999996": 87955,
    "0.0027425911999999996": 1386,
    "0.0036445845999999995": 89,
    "0.004546577999999999": 12,
    "0.0054485713999999985": 22,
    "0.006350564799999999": 1,
    "0.007252558199999998": 2,
    "0.008154551599999999": 0,
    "0.009056545": 1
  },
  "latencyPercentiles": {
    "p10": 0.00039243,
    "p25": 0.000486542,
    "p50": 0.000588824,
    "p75": 0.000725987,
    "p90": 0.000967753,
    "p95": 0.001123374,
    "p99": 0.001486588
  },
  "rps": {
    "mean": 78085.67788408048,
    "stddev": 11858.802782929362,
    "max": 98776.73603882117,
    "percentiles": {
      "p10": 59183.91729979787,
      "p25": 72126.11686691792,
      "p50": 78618.16309914077,
      "p75": 87068.64491965469,
      "p90": 92479.21769787776,
      "p95": 94220.82534836535,
      "p99": 96442.44431974705
    }
  },
  "details": {
    "DNSDialup": {
      "average": 0.0006889062399999999,
      "fastest": 0.00010627,
      "slowest": 0.000983027
    },
    "DNSLookup": {
      "average": 0.000007785559999999998,
      "fastest": 0.000003827,
      "slowest": 0.000030317
    }
  },
  "statusCodeDistribution": {
    "200": 781061
  },
  "errorDistribution": {}
}