{
  "summary": {
    "successRate": 1,
    "total": 10.000525336,
    "slowest": 0.004046842,
    "fastest": 0.000042256,
    "average": 0.000645858155494834,
    "requestsPerSec": 77252.54164587818,
    "totalData": 10043358,
    "sizePerRequest": 13,
    "sizePerSec": 1004283.0413964164
  },
  "responseTimeHistogram": {
    "0.000042256": 1,
    "0.0004427146": 151652,
    "0.0008431732": 458708,
    "0.0012436318": 141088,
    "0.0016440904": 15931,
    "0.002044549": 5023,
    "0.0024450076": 91,
    "0.0028454662": 21,
    "0.0032459248": 29,
    "0.0036463834": 8,
    "0.004046842": 14
  },
  "latencyPercentiles": {
    "p10": 0.000363515,
    "p25": 0.000473583,
    "p50": 0.000595843,
    "p75": 0.000788084,
    "p90": 0.00097503,
    "p95": 0.001081539,
    "p99": 0.001546243
  },
  "rps": {
    "mean": 77250.57010464273,
    "stddev": 16291.206710818607,
    "max": 99131.12474013203,
    "percentiles": {
      "p10": 55229.79366692303,
      "p25": 59349.75883780841,
      "p50": 80557.58082525793,
      "p75": 93006.80809835224,
      "p90": 96278.79456547144,
      "p95": 97309.42935385686,
      "p99": 98413.16832725574
    }
  },
  "details": {
    "DNSDialup": {
      "average": 0.0009953639199999998,
      "fastest": 0.00008452,
      "slowest": 0.001504521
    },
    "DNSLookup": {
      "average": 0.000008456519999999999,
      "fastest": 0.000003457,
      "slowest": 0.000033462
    }
  },
  "statusCodeDistribution": {
    "200": 772566
  },
  "errorDistribution": {}
}