{
  "summary": {
    "successRate": 1,
    "total": 10.000283228,
    "slowest": 0.004697773,
    "fastest": 0.000037219,
    "average": 0.0006378427173884004,
    "requestsPerSec": 78229.88431063264,
    "totalData": 10170173,
    "sizePerRequest": 13,
    "sizePerSec": 1016988.4960382243
  },
  "responseTimeHistogram": {
    "0.000037219": 1,
    "0.0005032744": 255679,
    "0.0009693298": 438300,
    "0.0014353851999999998": 76703,
    "0.0019014405999999999": 9956,
    "0.0023674959999999997": 1545,
    "0.0028335513999999994": 61,
    "0.0032996067999999995": 55,
    "0.0037656621999999996": 20,
    "0.0042317176": 0,
    "0.004697773": 1
  },
  "latencyPercentiles": {
    "p10": 0.000354958,
    "p25": 0.000460257,
    "p50": 0.000591653,
    "p75": 0.000755365,
    "p90": 0.00098987,
    "p95": 0.001098323,
    "p99": 0.001540788
  },
  "rps": {
    "mean": 78255.10892035594,
    "stddev": 16233.477262532677,
    "max": 106560.28853230081,
    "percentiles": {
      "p10": 53716.17393997207,
      "p25": 61689.32751488189,
      "p50": 83396.33110205822,
      "p75": 92290.72501286541,
      "p90": 95411.57867816949,
      "p95": 96815.0840904549,
      "p99": 98709.10536881053
    }
  },
  "details": {
    "DNSDialup": {
      "average": 0.0007020584000000001,
      "fastest": 0.000098643,
      "slowest": 0.001661904
    },
    "DNSLookup": {
      "average": 0.000008017120000000001,
      "fastest": 0.000003847,
      "slowest": 0.000023464
    }
  },
  "statusCodeDistribution": {
    "200": 782321
  },
  "errorDistribution": {}
}