{
  "summary": {
    "successRate": 1,
    "total": 10.000437534,
    "slowest": 0.003785214,
    "fastest": 0.00003648,
    "average": 0.000633721881776333,
    "requestsPerSec": 78735.45505614075,
    "totalData": 10236057,
    "sizePerRequest": 13,
    "sizePerSec": 1023560.9157298297
  },
  "responseTimeHistogram": {
    "0.00003648": 1,
    "0.00041135339999999996": 114524,
    "0.0007862268": 488697,
    "0.0011611001999999998": 156273,
    "0.0015359736": 20412,
    "0.001910847": 6772,
    "0.0022857204": 526,
    "0.0026605938": 96,
    "0.0030354672": 49,
    "0.0034103406": 16,
    "0.0037852140000000003": 23
  },
  "latencyPercentiles": {
    "p10": 0.00037683,
    "p25": 0.000464215,
    "p50": 0.000577948,
    "p75": 0.000763624,
    "p90": 0.000959024,
    "p95": 0.001068121,
    "p99": 0.001522136
  },
  "rps": {
    "mean": 78745.63209649983,
    "stddev": 15991.709132709988,
    "max": 101514.78055205177,
    "percentiles": {
      "p10": 56418.65822351215,
      "p25": 62104.266563112826,
      "p50": 82632.55722754971,
      "p75": 93313.23181627435,
      "p90": 97370.09673263678,
      "p95": 98679.23262456048,
      "p99": 99838.94798964783
    }
  },
  "details": {
    "DNSDialup": {
      "average": 0.0010587738800000004,
      "fastest": 0.000097441,
      "slowest": 0.001622624
    },
    "DNSLookup": {
      "average": 0.000015202900000000001,
      "fastest": 0.000004228,
      "slowest": 0.000157964
    }
  },
  "statusCodeDistribution": {
    "200": 787389
  },
  "errorDistribution": {}
}