{
  "summary": {
    "successRate": 1,
    "total": 10.000584278,
    "slowest": 0.00412928,
    "fastest": 0.000041637,
    "average": 0.0006509969299602673,
    "requestsPerSec": 76642.02197526844,
    "totalData": 9964045,
    "sizePerRequest": 13,
    "sizePerSec": 996346.2856784896
  },
  "responseTimeHistogram": {
    "0.000041637": 1,
    "0.00045040130000000006": 151283,
    "0.0008591656": 463339,
    "0.0012679299000000002": 131100,
    "0.0016766942000000001": 16471,
    "0.0020854585000000003": 4097,
    "0.0024942228000000006": 98,
    "0.0029029871000000006": 34,
    "0.0033117514000000005": 14,
    "0.0037205157000000004": 19,
    "0.00412928": 9
  },
  "latencyPercentiles": {
    "p10": 0.000386844,
    "p25": 0.000475861,
    "p50": 0.000594482,
    "p75": 0.000790329,
    "p90": 0.000983857,
    "p95": 0.001094358,
    "p99": 0.001550501
  },
  "rps": {
    "mean": 76647.17982626912,
    "stddev": 15085.174978572006,
    "max": 99830.16867698981,
    "percentiles": {
      "p10": 55987.88414160446,
      "p25": 61039.57920576967,
      "p50": 79024.80588656716,
      "p75": 90898.15182433712,
      "p90": 95027.15583721547,
      "p95": 96329.18774388218,
      "p99": 97915.40209274724
    }
  },
  "details": {
    "DNSDialup": {
      "average": 0.00087383472,
      "fastest": 0.000086682,
      "slowest": 0.001486973
    },
    "DNSLookup": {
      "average": 0.000009015039999999997,
      "fastest": 0.000003637,
      "slowest": 0.000037671
    }
  },
  "statusCodeDistribution": {
    "200": 766465
  },
  "errorDistribution": {}
}