{
  "summary": {
    "successRate": 1,
    "total": 10.000808007,
    "slowest": 0.006054295,
    "fastest": 0.00003417,
    "average": 0.000639774520376628,
    "requestsPerSec": 77963.00053498267,
    "totalData": 10136009,
    "sizePerRequest": 13,
    "sizePerSec": 1013519.0069547747
  },
  "responseTimeHistogram": {
    "0.00003417": 1,
    "0.0006361825000000001": 501458,
    "0.001238195": 259361,
    "0.0018402075000000001": 17587,
    "0.00244222": 1197,
    "0.0030442325": 40,
    "0.003646245": 22,
    "0.0042482575": 26,
    "0.00485027": 0,
    "0.005452282500000001": 0,
    "0.006054295": 1
  },
  "latencyPercentiles": {
    "p10": 0.000400539,
    "p25": 0.000496143,
    "p50": 0.000587905,
    "p75": 0.000718917,
    "p90": 0.000972675,
    "p95": 0.001121667,
    "p99": 0.001461449
  },
  "rps": {
    "mean": 77957.07151383716,
    "stddev": 10960.454638272233,
    "max": 97512.16951876027,
    "percentiles": {
      "p10": 61413.76900708552,
      "p25": 73015.45737232218,
      "p50": 78535.961616823,
      "p75": 85996.13250373317,
      "p90": 91062.19999061973,
      "p95": 93047.62177282349,
      "p99": 95525.45522594727
    }
  },
  "details": {
    "DNSDialup": {
      "average": 0.0006890517399999998,
      "fastest": 0.000111742,
      "slowest": 0.00108151
    },
    "DNSLookup": {
      "average": 0.00000719256,
      "fastest": 0.000003857,
      "slowest": 0.00003226
    }
  },
  "statusCodeDistribution": {
    "200": 779693
  },
  "errorDistribution": {}
}