{
  "summary": {
    "successRate": 1,
    "total": 10.000379766,
    "slowest": 0.004532147,
    "fastest": 0.000031108,
    "average": 0.0006170733308483199,
    "requestsPerSec": 80855.72937430785,
    "totalData": 10511644,
    "sizePerRequest": 13,
    "sizePerSec": 1051124.481866002
  },
  "responseTimeHistogram": {
    "0.000031108": 1,
    "0.00048121190000000003": 210943,
    "0.0009313158": 522678,
    "0.0013814197": 66046,
    "0.0018315236": 8273,
    "0.0022816275000000002": 551,
    "0.0027317314000000004": 69,
    "0.0031818353": 26,
    "0.0036319392000000003": 0,
    "0.0040820431": 0,
    "0.004532147": 1
  },
  "latencyPercentiles": {
    "p10": 0.000386456,
    "p25": 0.000475722,
    "p50": 0.000573949,
    "p75": 0.000694846,
    "p90": 0.000917715,
    "p95": 0.001061936,
    "p99": 0.001407816
  },
  "rps": {
    "mean": 80852.74040840876,
    "stddev": 14701.456432325373,
    "max": 103075.68623039022,
    "percentiles": {
      "p10": 58909.614049009,
      "p25": 68973.15983063455,
      "p50": 81095.36815296064,
      "p75": 94017.37757870082,
      "p90": 98986.3774887115,
      "p95": 100361.03827617077,
      "p99": 101906.71565256156
    }
  },
  "details": {
    "DNSDialup": {
      "average": 0.0007441515400000001,
      "fastest": 0.000096501,
      "slowest": 0.001763377
    },
    "DNSLookup": {
      "average": 0.000009476140000000002,
      "fastest": 0.000003657,
      "slowest": 0.000092041
    }
  },
  "statusCodeDistribution": {
    "200": 808588
  },
  "errorDistribution": {}
}