{
  "summary": {
    "successRate": 1,
    "total": 10.002246953,
    "slowest": 0.004780071,
    "fastest": 0.000036746,
    "average": 0.0006383681943890068,
    "requestsPerSec": 78136.04319833273,
    "totalData": 10159968,
    "sizePerRequest": 13,
    "sizePerSec": 1015768.5615783256
  },
  "responseTimeHistogram": {
    "0.000036746": 1,
    "0.0005110785": 270971,
    "0.000985411": 435154,
    "0.0014597435000000003": 65441,
    "0.0019340760000000003": 9097,
    "0.0024084085": 765,
    "0.0028827410000000003": 53,
    "0.0033570735": 14,
    "0.0038314060000000003": 4,
    "0.0043057385000000005": 21,
    "0.004780071": 15
  },
  "latencyPercentiles": {
    "p10": 0.000378576,
    "p25": 0.000467319,
    "p50": 0.00058059,
    "p75": 0.000759144,
    "p90": 0.000979384,
    "p95": 0.001100171,
    "p99": 0.001520936
  },
  "rps": {
    "mean": 78132.65980634636,
    "stddev": 12963.873443412107,
    "max": 99549.65536810565,
    "percentiles": {
      "p10": 58436.78856121534,
      "p25": 68130.97191653427,
      "p50": 80313.90233649442,
      "p75": 88839.22487474275,
      "p90": 93638.64466866058,
      "p95": 95635.2415865206,
      "p99": 97800.00978000388
    }
  },
  "details": {
    "DNSDialup": {
      "average": 0.0006699876599999999,
      "fastest": 0.000084157,
      "slowest": 0.001023286
    },
    "DNSLookup": {
      "average": 0.000007057759999999999,
      "fastest": 0.000003356,
      "slowest": 0.000029385
    }
  },
  "statusCodeDistribution": {
    "200": 781536
  },
  "errorDistribution": {}
}