{
  "summary": {
    "successRate": 1,
    "total": 10.001302749,
    "slowest": 0.004026115,
    "fastest": 0.000035405,
    "average": 0.0006276851305874556,
    "requestsPerSec": 79473.54659166512,
    "totalData": 10332907,
    "sizePerRequest": 13,
    "sizePerSec": 1033156.1056916466
  },
  "responseTimeHistogram": {
    "0.000035405": 1,
    "0.0004344760000000001": 144802,
    "0.0008335470000000001": 510972,
    "0.0012326180000000004": 118714,
    "0.0016316890000000004": 16310,
    "0.0020307600000000004": 3772,
    "0.002429831000000001": 195,
    "0.0028289020000000008": 25,
    "0.0032279730000000007": 34,
    "0.0036270440000000007": 12,
    "0.004026115": 2
  },
  "latencyPercentiles": {
    "p10": 0.000379152,
    "p25": 0.000468233,
    "p50": 0.000577975,
    "p75": 0.00073072,
    "p90": 0.000952896,
    "p95": 0.001079399,
    "p99": 0.001474573
  },
  "rps": {
    "mean": 79492.68974752327,
    "stddev": 12250.81747303859,
    "max": 103912.97943725307,
    "percentiles": {
      "p10": 60716.9278794926,
      "p25": 71612.73990642914,
      "p50": 81919.14450407022,
      "p75": 89236.38547869971,
      "p90": 93547.27879470332,
      "p95": 95448.20134167487,
      "p99": 97610.30764848433
    }
  },
  "details": {
    "DNSDialup": {
      "average": 0.0007981956999999998,
      "fastest": 0.000081792,
      "slowest": 0.001683753
    },
    "DNSLookup": {
      "average": 0.0000070170399999999985,
      "fastest": 0.000003677,
      "slowest": 0.000030778
    }
  },
  "statusCodeDistribution": {
    "200": 794839
  },
  "errorDistribution": {}
}