{
  "summary": {
    "successRate": 1,
    "total": 10.000205845,
    "slowest": 0.005554686,
    "fastest": 0.000041247,
    "average": 0.0006206197818015858,
    "requestsPerSec": 80403.14494146295,
    "totalData": 10452624,
    "sizePerRequest": 13,
    "sizePerSec": 1045240.8842390184
  },
  "responseTimeHistogram": {
    "0.000041247": 1,
    "0.0005925908999999999": 440229,
    "0.0011439347999999997": 337873,
    "0.0016952786999999995": 23221,
    "0.0022466225999999995": 2624,
    "0.0027979664999999996": 73,
    "0.003349310399999999": 15,
    "0.003900654299999999": 11,
    "0.0044519982": 0,
    "0.0050033421": 0,
    "0.005554686": 1
  },
  "latencyPercentiles": {
    "p10": 0.000371454,
    "p25": 0.000463447,
    "p50": 0.000573122,
    "p75": 0.000727952,
    "p90": 0.000935949,
    "p95": 0.001049672,
    "p99": 0.001477741
  },
  "rps": {
    "mean": 80383.76691595626,
    "stddev": 15689.742090155738,
    "max": 99946.27887510567,
    "percentiles": {
      "p10": 57209.43383563877,
      "p25": 63549.66757901833,
      "p50": 85515.04209590546,
      "p75": 94472.05931118572,
      "p90": 97291.24540108867,
      "p95": 98259.77038664851,
      "p99": 99465.34097375206
    }
  },
  "details": {
    "DNSDialup": {
      "average": 0.0009627591600000001,
      "fastest": 0.000111238,
      "slowest": 0.001694453
    },
    "DNSLookup": {
      "average": 0.000024523159999999993,
      "fastest": 0.000003486,
      "slowest": 0.000826565
    }
  },
  "statusCodeDistribution": {
    "200": 804048
  },
  "errorDistribution": {}
}