{
  "summary": {
    "successRate": 1,
    "total": 10.000503059,
    "slowest": 0.005834277,
    "fastest": 0.000035214,
    "average": 0.0006663005058928874,
    "requestsPerSec": 74874.53336921179,
    "totalData": 9734179,
    "sizePerRequest": 13,
    "sizePerSec": 973368.9337997532
  },
  "responseTimeHistogram": {
    "0.000035214": 1,
    "0.0006151202999999999": 392990,
    "0.0011950265999999998": 327488,
    "0.0017749328999999998": 25023,
    "0.0023548391999999997": 3186,
    "0.0029347454999999996": 62,
    "0.0035146517999999996": 26,
    "0.0040945580999999995": 5,
    "0.0046744644": 0,
    "0.0052543707": 1,
    "0.005834277": 1
  },
  "latencyPercentiles": {
    "p10": 0.000388848,
    "p25": 0.000479066,
    "p50": 0.000602136,
    "p75": 0.000834842,
    "p90": 0.001002135,
    "p95": 0.001112421,
    "p99": 0.00159243
  },
  "rps": {
    "mean": 74846.22567900142,
    "stddev": 16149.736343703142,
    "max": 100741.28377809226,
    "percentiles": {
      "p10": 54516.38762612172,
      "p25": 57925.88707893846,
      "p50": 76838.0352907216,
      "p75": 90343.72636355994,
      "p90": 95367.67290069275,
      "p95": 96642.31000332016,
      "p99": 98663.16415769054
    }
  },
  "details": {
    "DNSDialup": {
      "average": 0.0009744076999999999,
      "fastest": 0.000132445,
      "slowest": 0.00205317
    },
    "DNSLookup": {
      "average": 0.000009206900000000002,
      "fastest": 0.000003487,
      "slowest": 0.000031649
    }
  },
  "statusCodeDistribution": {
    "200": 748783
  },
  "errorDistribution": {}
}