{
  "summary": {
    "successRate": 1,
    "total": 10.000590375,
    "slowest": 0.004683806,
    "fastest": 0.000033382,
    "average": 0.0006271410498963541,
    "requestsPerSec": 79540.20414519779,
    "totalData": 10340837,
    "sizePerRequest": 13,
    "sizePerSec": 1034022.6538875712
  },
  "responseTimeHistogram": {
    "0.000033382": 1,
    "0.0004984244": 262561,
    "0.0009634668": 456016,
    "0.0014285092": 66112,
    "0.0018935516": 9733,
    "0.0023585940000000003": 926,
    "0.0028236364": 37,
    "0.0032886788000000004": 26,
    "0.0037537212000000003": 9,
    "0.004218763600000001": 12,
    "0.004683806": 16
  },
  "latencyPercentiles": {
    "p10": 0.000375023,
    "p25": 0.000463771,
    "p50": 0.000574511,
    "p75": 0.000734379,
    "p90": 0.000957847,
    "p95": 0.001074883,
    "p99": 0.001495712
  },
  "rps": {
    "mean": 79552.26302406305,
    "stddev": 12405.329205432068,
    "max": 99434.1812646856,
    "percentiles": {
      "p10": 60068.85618651843,
      "p25": 71582.71487973104,
      "p50": 82124.16914297806,
      "p75": 89416.45262728064,
      "p90": 93764.13411677524,
      "p95": 95302.51108041842,
      "p99": 97612.90442595986
    }
  },
  "details": {
    "DNSDialup": {
      "average": 0.00083403996,
      "fastest": 0.000100758,
      "slowest": 0.001293501
    },
    "DNSLookup": {
      "average": 0.000007509740000000001,
      "fastest": 0.000003456,
      "slowest": 0.000027932
    }
  },
  "statusCodeDistribution": {
    "200": 795449
  },
  "errorDistribution": {}
}