{
  "summary": {
    "successRate": 1,
    "total": 10.0002011,
    "slowest": 0.003239028,
    "fastest": 0.000036736,
    "average": 0.0006192756851423259,
    "requestsPerSec": 80574.77964118142,
    "totalData": 10474932,
    "sizePerRequest": 13,
    "sizePerSec": 1047472.1353353584
  },
  "responseTimeHistogram": {
    "0.000036736": 1,
    "0.0003569652": 65297,
    "0.0006771944": 498879,
    "0.0009974236": 189810,
    "0.0013176528000000002": 37801,
    "0.0016378820000000002": 10630,
    "0.0019581112": 3121,
    "0.0022783404": 106,
    "0.0025985696": 63,
    "0.0029187988": 34,
    "0.003239028": 22
  },
  "latencyPercentiles": {
    "p10": 0.000376005,
    "p25": 0.000462829,
    "p50": 0.00057117,
    "p75": 0.000729314,
    "p90": 0.000927377,
    "p95": 0.001038673,
    "p99": 0.001455868
  },
  "rps": {
    "mean": 80544.65486003963,
    "stddev": 15194.730966155237,
    "max": 101737.17476365987,
    "percentiles": {
      "p10": 58761.79211350403,
      "p25": 66553.47897787111,
      "p50": 83274.43946395574,
      "p75": 94714.87970760283,
      "p90": 98359.4189249726,
      "p95": 99358.5122278507,
      "p99": 100643.19605974948
    }
  },
  "details": {
    "DNSDialup": {
      "average": 0.00077385224,
      "fastest": 0.000077355,
      "slowest": 0.001715049
    },
    "DNSLookup": {
      "average": 0.0000070159999999999986,
      "fastest": 0.000003827,
      "slowest": 0.000028744
    }
  },
  "statusCodeDistribution": {
    "200": 805764
  },
  "errorDistribution": {}
}