{
  "summary": {
    "successRate": 1,
    "total": 10.000244233,
    "slowest": 0.004842675,
    "fastest": 0.000039112,
    "average": 0.000631861127485706,
    "requestsPerSec": 78979.47106068445,
    "totalData": 10267582,
    "sizePerRequest": 13,
    "sizePerSec": 1026733.1237888978
  },
  "responseTimeHistogram": {
    "0.000039112": 1,
    "0.0005194683": 233150,
    "0.0009998246": 500234,
    "0.0014801809": 49784,
    "0.0019605372": 6267,
    "0.0024408935": 167,
    "0.0029212498": 112,
    "0.0034016061": 51,
    "0.0038819624000000002": 38,
    "0.0043623187": 6,
    "0.004842675": 4
  },
  "latencyPercentiles": {
    "p10": 0.000398587,
    "p25": 0.000495318,
    "p50": 0.000589403,
    "p75": 0.000702845,
    "p90": 0.000934654,
    "p95": 0.001085762,
    "p99": 0.001437771
  },
  "rps": {
    "mean": 78976.01082353073,
    "stddev": 14048.726600957129,
    "max": 99812.99565203417,
    "percentiles": {
      "p10": 57888.001339636096,
      "p25": 69173.51484463629,
      "p50": 77926.23776425453,
      "p75": 92320.49514992369,
      "p90": 97040.18434033537,
      "p95": 98116.34618326926,
      "p99": 99304.90586337158
    }
  },
  "details": {
    "DNSDialup": {
      "average": 0.0008066268600000001,
      "fastest": 0.000094677,
      "slowest": 0.001721814
    },
    "DNSLookup": {
      "average": 0.00000763002,
      "fastest": 0.000003937,
      "slowest": 0.000036199
    }
  },
  "statusCodeDistribution": {
    "200": 789814
  },
  "errorDistribution": {}
}