{
  "summary": {
    "successRate": 1,
    "total": 10.00043021,
    "slowest": 0.00513462,
    "fastest": 0.000045768,
    "average": 0.0006480080883739283,
    "requestsPerSec": 77011.48688882256,
    "totalData": 10011924,
    "sizePerRequest": 13,
    "sizePerSec": 1001149.3295546933
  },
  "responseTimeHistogram": {
    "0.000045768": 1,
    "0.0005546532": 243480,
    "0.0010635384": 476606,
    "0.0015724236": 45300,
    "0.0020813088": 4521,
    "0.0025901939999999997": 110,
    "0.0030990792": 95,
    "0.0036079644": 24,
    "0.0041168496": 10,
    "0.0046257348": 0,
    "0.0051346199999999995": 1
  },
  "latencyPercentiles": {
    "p10": 0.000422585,
    "p25": 0.000524841,
    "p50": 0.000592742,
    "p75": 0.000708161,
    "p90": 0.000971855,
    "p95": 0.001139867,
    "p99": 0.001448442
  },
  "rps": {
    "mean": 77009.55750599217,
    "stddev": 12957.744016966404,
    "max": 99465.01033075321,
    "percentiles": {
      "p10": 56700.58401601454,
      "p25": 69524.33035998383,
      "p50": 77936.26374351779,
      "p75": 86901.42518337314,
      "p90": 94140.68383793061,
      "p95": 95813.85468338676,
      "p99": 98202.88716488214
    }
  },
  "details": {
    "DNSDialup": {
      "average": 0.00116426302,
      "fastest": 0.000132273,
      "slowest": 0.002674243
    },
    "DNSLookup": {
      "average": 0.000008295000000000001,
      "fastest": 0.000003576,
      "slowest": 0.00003173
    }
  },
  "statusCodeDistribution": {
    "200": 770148
  },
  "errorDistribution": {}
}