{
  "summary": {
    "successRate": 1,
    "total": 10.00061787,
    "slowest": 0.006412598,
    "fastest": 0.000038741,
    "average": 0.0006459219435804936,
    "requestsPerSec": 77225.62846009435,
    "totalData": 10039952,
    "sizePerRequest": 13,
    "sizePerSec": 1003933.1699812264
  },
  "responseTimeHistogram": {
    "0.000038741": 1,
    "0.0006761267": 507862,
    "0.0013135123999999999": 247240,
    "0.0019508980999999998": 16329,
    "0.0025882838": 787,
    "0.0032256695": 38,
    "0.0038630552": 21,
    "0.0045004409": 18,
    "0.0051378266": 5,
    "0.0057752123": 0,
    "0.006412598": 3
  },
  "latencyPercentiles": {
    "p10": 0.000391219,
    "p25": 0.000483744,
    "p50": 0.000596394,
    "p75": 0.000749792,
    "p90": 0.000975305,
    "p95": 0.001104828,
    "p99": 0.001519549
  },
  "rps": {
    "mean": 77235.71649186114,
    "stddev": 10791.573945036273,
    "max": 96723.47478733375,
    "percentiles": {
      "p10": 60398.21067261646,
      "p25": 71409.11894448414,
      "p50": 79470.49600212357,
      "p75": 85141.91536493305,
      "p90": 88715.924508445,
      "p95": 90448.1621104128,
      "p99": 92674.38045775474
    }
  },
  "details": {
    "DNSDialup": {
      "average": 0.00098104088,
      "fastest": 0.000185778,
      "slowest": 0.001493429
    },
    "DNSLookup": {
      "average": 0.00000903936,
      "fastest": 0.00000535,
      "slowest": 0.000040837
    }
  },
  "statusCodeDistribution": {
    "200": 772304
  },
  "errorDistribution": {}
}