{
  "summary": {
    "successRate": 1,
    "total": 10.000871344,
    "slowest": 0.004838629,
    "fastest": 0.000033923,
    "average": 0.0006585893347834606,
    "requestsPerSec": 75734.30093712843,
    "totalData": 9846317,
    "sizePerRequest": 13,
    "sizePerSec": 984545.9121826695
  },
  "responseTimeHistogram": {
    "0.000033923": 1,
    "0.0005143936": 176913,
    "0.0009948641999999999": 501538,
    "0.0014753347999999999": 70702,
    "0.0019558054": 7437,
    "0.002436276": 702,
    "0.0029167465999999998": 63,
    "0.0033972171999999998": 25,
    "0.0038776877999999997": 3,
    "0.004358158399999999": 15,
    "0.004838629": 10
  },
  "latencyPercentiles": {
    "p10": 0.000421128,
    "p25": 0.000523066,
    "p50": 0.000597942,
    "p75": 0.000731323,
    "p90": 0.001005244,
    "p95": 0.001159014,
    "p99": 0.0014954
  },
  "rps": {
    "mean": 75734.82913589392,
    "stddev": 10295.215466453707,
    "max": 95443.1307507839,
    "percentiles": {
      "p10": 59372.48192593257,
      "p25": 72304.04902674169,
      "p50": 77004.6818846646,
      "p75": 82472.90122288183,
      "p90": 87449.37391651487,
      "p95": 90339.85572353214,
      "p99": 93600.31757610462
    }
  },
  "details": {
    "DNSDialup": {
      "average": 0.0007416146000000001,
      "fastest": 0.000091573,
      "slowest": 0.001242195
    },
    "DNSLookup": {
      "average": 0.00000683646,
      "fastest": 0.000003436,
      "slowest": 0.000029815
    }
  },
  "statusCodeDistribution": {
    "200": 757409
  },
  "errorDistribution": {}
}