{
  "summary": {
    "successRate": 1,
    "total": 10.000349258,
    "slowest": 0.003483283,
    "fastest": 0.000033432,
    "average": 0.000672262066938043,
    "requestsPerSec": 74206.30828531808,
    "totalData": 9647157,
    "sizePerRequest": 13,
    "sizePerSec": 964682.0077091352
  },
  "responseTimeHistogram": {
    "0.000033432": 1,
    "0.00037841710000000007": 64884,
    "0.0007234022000000001": 410148,
    "0.0010683873000000002": 217855,
    "0.0014133724000000001": 34663,
    "0.0017583575": 11534,
    "0.0021033426000000004": 2811,
    "0.0024483277000000004": 86,
    "0.0027933128000000003": 64,
    "0.0031382979000000003": 41,
    "0.003483283": 2
  },
  "latencyPercentiles": {
    "p10": 0.000390207,
    "p25": 0.000480378,
    "p50": 0.000610247,
    "p75": 0.000844897,
    "p90": 0.000999383,
    "p95": 0.001133709,
    "p99": 0.001585805
  },
  "rps": {
    "mean": 74194.02992717315,
    "stddev": 15194.034051724164,
    "max": 100727.33739937081,
    "percentiles": {
      "p10": 56029.77422202297,
      "p25": 59614.75243696287,
      "p50": 73003.64288177803,
      "p75": 88745.91713752881,
      "p90": 94924.97476085399,
      "p95": 96539.69712345762,
      "p99": 99136.61115050026
    }
  },
  "details": {
    "DNSDialup": {
      "average": 0.0009254597199999995,
      "fastest": 0.000119142,
      "slowest": 0.001913795
    },
    "DNSLookup": {
      "average": 0.000008035520000000001,
      "fastest": 0.000004027,
      "slowest": 0.000028994
    }
  },
  "statusCodeDistribution": {
    "200": 742089
  },
  "errorDistribution": {}
}