{
  "summary": {
    "successRate": 1,
    "total": 10.000420281,
    "slowest": 0.005319345,
    "fastest": 0.00003574,
    "average": 0.0006057320058200572,
    "requestsPerSec": 82366.93827408152,
    "totalData": 10708152,
    "sizePerRequest": 13,
    "sizePerSec": 1070770.1975630599
  },
  "responseTimeHistogram": {
    "0.00003574": 1,
    "0.0005641005": 424169,
    "0.0010924609999999999": 370542,
    "0.0016208214999999997": 25515,
    "0.0021491819999999995": 3403,
    "0.0026775424999999995": 38,
    "0.003205902999999999": 27,
    "0.003734263499999999": 8,
    "0.004262624": 0,
    "0.0047909845": 0,
    "0.005319345": 1
  },
  "latencyPercentiles": {
    "p10": 0.000364179,
    "p25": 0.000450887,
    "p50": 0.000557748,
    "p75": 0.00071246,
    "p90": 0.000915924,
    "p95": 0.001026894,
    "p99": 0.001431508
  },
  "rps": {
    "mean": 82349.56908268393,
    "stddev": 15547.025375129591,
    "max": 102167.59205767275,
    "percentiles": {
      "p10": 58911.78824882675,
      "p25": 66289.27840014863,
      "p50": 88227.9128280207,
      "p75": 96220.7955867774,
      "p90": 99123.33039141203,
      "p95": 100208.84844131736,
      "p99": 101514.88116784024
    }
  },
  "details": {
    "DNSDialup": {
      "average": 0.0007563238000000001,
      "fastest": 0.000082433,
      "slowest": 0.001731449
    },
    "DNSLookup": {
      "average": 0.000007407440000000001,
      "fastest": 0.000003717,
      "slowest": 0.000029896
    }
  },
  "statusCodeDistribution": {
    "200": 823704
  },
  "errorDistribution": {}
}