{
  "summary": {
    "successRate": 1,
    "total": 10.001425847,
    "slowest": 0.046114691,
    "fastest": 0.000032862,
    "average": 0.0006230682832613116,
    "requestsPerSec": 80054.58544095128,
    "totalData": 10408580,
    "sizePerRequest": 13,
    "sizePerSec": 1040709.6107323666
  },
  "responseTimeHistogram": {
    "0.000032862": 1,
    "0.004641044899999999": 800609,
    "0.009249227799999999": 0,
    "0.013857410699999998": 0,
    "0.0184655936": 0,
    "0.0230737765": 0,
    "0.027681959399999997": 0,
    "0.0322901423": 0,
    "0.0368983252": 0,
    "0.0415065081": 0,
    "0.046114691": 50
  },
  "latencyPercentiles": {
    "p10": 0.000371689,
    "p25": 0.000460423,
    "p50": 0.00057016,
    "p75": 0.000723452,
    "p90": 0.000946953,
    "p95": 0.001070089,
    "p99": 0.001469693
  },
  "rps": {
    "mean": 80323.50857597751,
    "stddev": 12781.92584308935,
    "max": 99597.2304114932,
    "percentiles": {
      "p10": 59989.23398555328,
      "p25": 72829.27736950242,
      "p50": 83453.2765717631,
      "p75": 90208.1638388278,
      "p90": 94144.0215241275,
      "p95": 95877.12355819531,
      "p99": 97950.19071567288
    }
  },
  "details": {
    "DNSDialup": {
      "average": 0.00084501834,
      "fastest": 0.000113227,
      "slowest": 0.001162345
    },
    "DNSLookup": {
      "average": 0.00000763392,
      "fastest": 0.000003537,
      "slowest": 0.000027852
    }
  },
  "statusCodeDistribution": {
    "200": 800660
  },
  "errorDistribution": {}
}