{
  "summary": {
    "successRate": 1,
    "total": 10.000793182,
    "slowest": 0.004938915,
    "fastest": 0.000040257,
    "average": 0.0006556892428310049,
    "requestsPerSec": 76057.5672506693,
    "totalData": 9888268,
    "sizePerRequest": 13,
    "sizePerSec": 988748.3742587008
  },
  "responseTimeHistogram": {
    "0.000040257": 1,
    "0.0005301228": 218109,
    "0.0010199885999999999": 472041,
    "0.0015098543999999998": 63779,
    "0.0019997202": 6187,
    "0.0024895860000000002": 385,
    "0.0029794518": 71,
    "0.0034693175999999997": 16,
    "0.0039591834": 14,
    "0.0044490492": 18,
    "0.004938915": 15
  },
  "latencyPercentiles": {
    "p10": 0.000410806,
    "p25": 0.000511733,
    "p50": 0.000595091,
    "p75": 0.000744696,
    "p90": 0.001001977,
    "p95": 0.001148333,
    "p99": 0.001482563
  },
  "rps": {
    "mean": 76056.10072403598,
    "stddev": 11145.701309872056,
    "max": 96767.9310273502,
    "percentiles": {
      "p10": 58249.76918528953,
      "p25": 69923.4103577886,
      "p50": 77686.32504438522,
      "p75": 83531.14040914383,
      "p90": 89254.82924160316,
      "p95": 91718.3161477344,
      "p99": 94674.97577226916
    }
  },
  "details": {
    "DNSDialup": {
      "average": 0.0006190139599999999,
      "fastest": 0.000120645,
      "slowest": 0.000935774
    },
    "DNSLookup": {
      "average": 0.00000861164,
      "fastest": 0.000003297,
      "slowest": 0.000038621
    }
  },
  "statusCodeDistribution": {
    "200": 760636
  },
  "errorDistribution": {}
}