{
  "summary": {
    "successRate": 1,
    "total": 10.000422331,
    "slowest": 0.006084124,
    "fastest": 0.000045375,
    "average": 0.0006499041028839613,
    "requestsPerSec": 76761.8581087703,
    "totalData": 9979463,
    "sizePerRequest": 13,
    "sizePerSec": 997904.155414014
  },
  "responseTimeHistogram": {
    "0.000045375": 1,
    "0.0006492498999999999": 461362,
    "0.0012531248": 285173,
    "0.0018569997": 19675,
    "0.0024608746": 1370,
    "0.0030647494999999996": 37,
    "0.0036686244": 19,
    "0.0042724993000000005": 4,
    "0.0048763742": 0,
    "0.0054802491": 7,
    "0.006084124": 3
  },
  "latencyPercentiles": {
    "p10": 0.000374192,
    "p25": 0.000474322,
    "p50": 0.00059621,
    "p75": 0.000795467,
    "p90": 0.000979701,
    "p95": 0.001088103,
    "p99": 0.001545174
  },
  "rps": {
    "mean": 76736.2441640338,
    "stddev": 15692.838948926152,
    "max": 98779.05081856188,
    "percentiles": {
      "p10": 55258.56625022927,
      "p25": 59875.4370631555,
      "p50": 80260.52446149634,
      "p75": 91146.98362579898,
      "p90": 94908.35193497212,
      "p95": 96076.0305030798,
      "p99": 97456.99284941854
    }
  },
  "details": {
    "DNSDialup": {
      "average": 0.00083831394,
      "fastest": 0.000123383,
      "slowest": 0.00176875
    },
    "DNSLookup": {
      "average": 0.000029052559999999998,
      "fastest": 0.000003627,
      "slowest": 0.001066455
    }
  },
  "statusCodeDistribution": {
    "200": 767651
  },
  "errorDistribution": {}
}