{
  "summary": {
    "successRate": 1,
    "total": 10.000601449,
    "slowest": 0.004321082,
    "fastest": 0.000041942,
    "average": 0.0006673399962196762,
    "requestsPerSec": 74777.60250857488,
    "totalData": 9721673,
    "sizePerRequest": 13,
    "sizePerSec": 972108.8326114735
  },
  "responseTimeHistogram": {
    "0.000041942": 1,
    "0.00046985600000000005": 111490,
    "0.0008977700000000001": 515810,
    "0.0013256840000000002": 105681,
    "0.0017535980000000003": 11649,
    "0.0021815120000000005": 2928,
    "0.002609426": 121,
    "0.0030373400000000004": 58,
    "0.0034652540000000005": 63,
    "0.0038931680000000007": 8,
    "0.004321082": 12
  },
  "latencyPercentiles": {
    "p10": 0.000420422,
    "p25": 0.000543453,
    "p50": 0.000606321,
    "p75": 0.000744379,
    "p90": 0.001002891,
    "p95": 0.001163501,
    "p99": 0.001520509
  },
  "rps": {
    "mean": 74770.36334865815,
    "stddev": 13944.683667520752,
    "max": 98040.99093830897,
    "percentiles": {
      "p10": 54210.16982785491,
      "p25": 61803.98017632189,
      "p50": 76761.67032593075,
      "p75": 85268.91596491991,
      "p90": 93622.34765439015,
      "p95": 95286.6059961895,
      "p99": 97102.23364348883
    }
  },
  "details": {
    "DNSDialup": {
      "average": 0.00083316584,
      "fastest": 0.00011263,
      "slowest": 0.001932097
    },
    "DNSLookup": {
      "average": 0.000007593960000000001,
      "fastest": 0.000003427,
      "slowest": 0.000030186
    }
  },
  "statusCodeDistribution": {
    "200": 747821
  },
  "errorDistribution": {}
}