{
  "summary": {
    "successRate": 1,
    "total": 10.000640596,
    "slowest": 0.004782141,
    "fastest": 0.000038129,
    "average": 0.0006333896983910511,
    "requestsPerSec": 78729.3566289061,
    "totalData": 10235472,
    "sizePerRequest": 13,
    "sizePerSec": 1023481.6361757792
  },
  "responseTimeHistogram": {
    "0.000038129": 1,
    "0.0005125302": 267687,
    "0.0009869314": 453095,
    "0.0014613326000000003": 58496,
    "0.0019357338000000003": 7487,
    "0.0024101350000000003": 516,
    "0.0028845362000000005": 17,
    "0.0033589374000000003": 8,
    "0.0038333386000000006": 20,
    "0.0043077398": 10,
    "0.004782141": 7
  },
  "latencyPercentiles": {
    "p10": 0.000380363,
    "p25": 0.000471974,
    "p50": 0.000585796,
    "p75": 0.000742376,
    "p90": 0.000955881,
    "p95": 0.001087951,
    "p99": 0.001466848
  },
  "rps": {
    "mean": 78709.21961454848,
    "stddev": 11087.74046852653,
    "max": 97120.11816213785,
    "percentiles": {
      "p10": 62201.09473926816,
      "p25": 71607.32394076789,
      "p50": 81043.10682852745,
      "p75": 87709.13052048888,
      "p90": 91626.09511188422,
      "p95": 93201.20719088723,
      "p99": 95423.24739805328
    }
  },
  "details": {
    "DNSDialup": {
      "average": 0.0007834290600000002,
      "fastest": 0.000087122,
      "slowest": 0.001523543
    },
    "DNSLookup": {
      "average": 0.0000074229600000000005,
      "fastest": 0.000003186,
      "slowest": 0.000024305
    }
  },
  "statusCodeDistribution": {
    "200": 787344
  },
  "errorDistribution": {}
}