{
  "summary": {
    "successRate": 1,
    "total": 10.00066302,
    "slowest": 0.004157652,
    "fastest": 0.000035993,
    "average": 0.0006386346987952766,
    "requestsPerSec": 78102.82162672051,
    "totalData": 10154040,
    "sizePerRequest": 13,
    "sizePerSec": 1015336.6811473666
  },
  "responseTimeHistogram": {
    "0.000035993": 1,
    "0.0004481589000000001": 158120,
    "0.0008603248000000001": 486482,
    "0.0012724907000000003": 116555,
    "0.0016846566000000003": 16110,
    "0.0020968225": 3582,
    "0.0025089884000000003": 134,
    "0.0029211543": 46,
    "0.0033333202000000004": 16,
    "0.0037454861000000006": 15,
    "0.004157652": 19
  },
  "latencyPercentiles": {
    "p10": 0.000380197,
    "p25": 0.000470879,
    "p50": 0.000583422,
    "p75": 0.000753404,
    "p90": 0.000975678,
    "p95": 0.001095867,
    "p99": 0.001513456
  },
  "rps": {
    "mean": 78099.74730702478,
    "stddev": 12501.31089106814,
    "max": 97515.5071181788,
    "percentiles": {
      "p10": 57767.0328649377,
      "p25": 70054.20569621072,
      "p50": 81265.82531850666,
      "p75": 87554.47708765807,
      "p90": 92222.80909465074,
      "p95": 93814.61631721705,
      "p99": 96537.71728614546
    }
  },
  "details": {
    "DNSDialup": {
      "average": 0.0008733986199999999,
      "fastest": 0.000104696,
      "slowest": 0.001345924
    },
    "DNSLookup": {
      "average": 0.0000073439,
      "fastest": 0.000003647,
      "slowest": 0.000030066
    }
  },
  "statusCodeDistribution": {
    "200": 781080
  },
  "errorDistribution": {}
}