{
  "summary": {
    "successRate": 1,
    "total": 10.000409979,
    "slowest": 0.006084292,
    "fastest": 0.000037268,
    "average": 0.0006503271570107675,
    "requestsPerSec": 76722.15455277986,
    "totalData": 9974289,
    "sizePerRequest": 13,
    "sizePerSec": 997388.0091861382
  },
  "responseTimeHistogram": {
    "0.000037268": 1,
    "0.0006419704": 460869,
    "0.0012466728": 283279,
    "0.0018513751999999998": 21320,
    "0.0024560776": 1638,
    "0.00306078": 128,
    "0.0036654823999999996": 10,
    "0.0042701848": 4,
    "0.0048748872": 2,
    "0.005479589599999999": 0,
    "0.006084292": 2
  },
  "latencyPercentiles": {
    "p10": 0.000379917,
    "p25": 0.000470224,
    "p50": 0.000589006,
    "p75": 0.00080292,
    "p90": 0.000984302,
    "p95": 0.001094051,
    "p99": 0.001568632
  },
  "rps": {
    "mean": 76741.22576462274,
    "stddev": 16832.601000943032,
    "max": 103306.76659320504,
    "percentiles": {
      "p10": 55133.89631945706,
      "p25": 59290.578216343245,
      "p50": 79628.05211394477,
      "p75": 93150.31980275751,
      "p90": 97058.03099673492,
      "p95": 98614.36179834403,
      "p99": 100071.94171890126
    }
  },
  "details": {
    "DNSDialup": {
      "average": 0.0009756464200000003,
      "fastest": 0.000092672,
      "slowest": 0.0021187
    },
    "DNSLookup": {
      "average": 0.000008689780000000001,
      "fastest": 0.000004869,
      "slowest": 0.000030156
    }
  },
  "statusCodeDistribution": {
    "200": 767253
  },
  "errorDistribution": {}
}