{
  "summary": {
    "successRate": 1,
    "total": 10.000840467,
    "slowest": 0.003830422,
    "fastest": 0.000031191,
    "average": 0.0006278587436651567,
    "requestsPerSec": 79442.52311809226,
    "totalData": 10328396,
    "sizePerRequest": 13,
    "sizePerSec": 1032752.8005351992
  },
  "responseTimeHistogram": {
    "0.000031191": 1,
    "0.00041111410000000006": 111768,
    "0.0007910372": 522496,
    "0.0011709603000000003": 133964,
    "0.0015508834000000002": 20343,
    "0.0019308065000000001": 5372,
    "0.0023107296000000003": 450,
    "0.0026906527": 32,
    "0.0030705758": 36,
    "0.0034504989": 17,
    "0.003830422": 13
  },
  "latencyPercentiles": {
    "p10": 0.000379646,
    "p25": 0.000468823,
    "p50": 0.000578403,
    "p75": 0.000730981,
    "p90": 0.00095129,
    "p95": 0.001072869,
    "p99": 0.001483853
  },
  "rps": {
    "mean": 79457.49744366902,
    "stddev": 11527.272176414279,
    "max": 98297.51113104296,
    "percentiles": {
      "p10": 62104.31148864772,
      "p25": 71673.53378869322,
      "p50": 81993.9815015972,
      "p75": 88549.75381764285,
      "p90": 92228.46170327936,
      "p95": 93834.40907780913,
      "p99": 96739.21080526989
    }
  },
  "details": {
    "DNSDialup": {
      "average": 0.0008082606799999998,
      "fastest": 0.000076512,
      "slowest": 0.00187234
    },
    "DNSLookup": {
      "average": 0.000007117980000000001,
      "fastest": 0.000003527,
      "slowest": 0.000029685
    }
  },
  "statusCodeDistribution": {
    "200": 794492
  },
  "errorDistribution": {}
}