{
  "summary": {
    "successRate": 1,
    "total": 10.000164892,
    "slowest": 0.004876655,
    "fastest": 0.000042199,
    "average": 0.0006193772110104244,
    "requestsPerSec": 80558.67165195139,
    "totalData": 10472800,
    "sizePerRequest": 13,
    "sizePerSec": 1047262.731475368
  },
  "responseTimeHistogram": {
    "0.000042199": 1,
    "0.0005256446": 308386,
    "0.0010090901999999999": 445774,
    "0.0014925357999999998": 44831,
    "0.0019759814": 6334,
    "0.002459427": 182,
    "0.0029428726": 58,
    "0.0034263182": 25,
    "0.0039097637999999995": 3,
    "0.0043932094": 0,
    "0.004876655": 6
  },
  "latencyPercentiles": {
    "p10": 0.000375772,
    "p25": 0.00046675,
    "p50": 0.000574386,
    "p75": 0.000719524,
    "p90": 0.000929256,
    "p95": 0.0010548,
    "p99": 0.001448173
  },
  "rps": {
    "mean": 80558.38539663733,
    "stddev": 14604.366725973534,
    "max": 99987.04987004126,
    "percentiles": {
      "p10": 58409.87126824784,
      "p25": 67212.82420685857,
      "p50": 83508.13369222144,
      "p75": 93877.77773885705,
      "p90": 96742.90522758091,
      "p95": 97999.50215447806,
      "p99": 99160.51766393716
    }
  },
  "details": {
    "DNSDialup": {
      "average": 0.00073331412,
      "fastest": 0.000135253,
      "slowest": 0.001174156
    },
    "DNSLookup": {
      "average": 0.000008553120000000003,
      "fastest": 0.000003917,
      "slowest": 0.000038081
    }
  },
  "statusCodeDistribution": {
    "200": 805600
  },
  "errorDistribution": {}
}