{
  "summary": {
    "successRate": 1,
    "total": 10.000400487,
    "slowest": 0.004370437,
    "fastest": 0.000041457,
    "average": 0.0006224402438156153,
    "requestsPerSec": 80170.48927612613,
    "totalData": 10422581,
    "sizePerRequest": 13,
    "sizePerSec": 1042216.3605896396
  },
  "responseTimeHistogram": {
    "0.000041457": 1,
    "0.000474355": 165519,
    "0.0009072529999999999": 547659,
    "0.001340151": 78604,
    "0.0017730489999999998": 8524,
    "0.0022059469999999998": 1269,
    "0.002638845": 101,
    "0.0030717429999999996": 31,
    "0.0035046409999999997": 14,
    "0.003937539": 12,
    "0.004370437": 3
  },
  "latencyPercentiles": {
    "p10": 0.000399721,
    "p25": 0.000499661,
    "p50": 0.000585163,
    "p75": 0.000663569,
    "p90": 0.000929668,
    "p95": 0.001075623,
    "p99": 0.00139694
  },
  "rps": {
    "mean": 80172.40188632277,
    "stddev": 13534.313610089728,
    "max": 100726.17911824877,
    "percentiles": {
      "p10": 58234.42835441688,
      "p25": 74207.36321309698,
      "p50": 79329.63255255077,
      "p75": 92118.77380610246,
      "p90": 97296.00698597636,
      "p95": 98580.20485467123,
      "p99": 99657.60494301512
    }
  },
  "details": {
    "DNSDialup": {
      "average": 0.0008516480399999999,
      "fastest": 0.000098253,
      "slowest": 0.001304956
    },
    "DNSLookup": {
      "average": 0.00000659314,
      "fastest": 0.000003165,
      "slowest": 0.000031769
    }
  },
  "statusCodeDistribution": {
    "200": 801737
  },
  "errorDistribution": {}
}