{
  "summary": {
    "successRate": 1,
    "total": 10.000671228,
    "slowest": 0.003962922,
    "fastest": 0.000037673,
    "average": 0.0006239646552435904,
    "requestsPerSec": 79938.03433530891,
    "totalData": 10392642,
    "sizePerRequest": 13,
    "sizePerSec": 1039194.446359016
  },
  "responseTimeHistogram": {
    "0.000037673": 1,
    "0.0004301979": 153882,
    "0.0008227228": 499018,
    "0.0012152477": 124086,
    "0.0016077726": 18313,
    "0.0020002974999999996": 3797,
    "0.0023928224000000003": 231,
    "0.0027853473": 47,
    "0.0031778722": 24,
    "0.0035703971": 19,
    "0.003962922": 16
  },
  "latencyPercentiles": {
    "p10": 0.000366781,
    "p25": 0.000459165,
    "p50": 0.000574088,
    "p75": 0.000738733,
    "p90": 0.000948806,
    "p95": 0.001069478,
    "p99": 0.00146498
  },
  "rps": {
    "mean": 79936.62270623093,
    "stddev": 12037.936610734912,
    "max": 99716.54297448645,
    "percentiles": {
      "p10": 61054.93488059406,
      "p25": 72606.86860975996,
      "p50": 82701.49391978563,
      "p75": 89404.99722873971,
      "p90": 93411.48961322097,
      "p95": 94943.28464346849,
      "p99": 98328.8209993485
    }
  },
  "details": {
    "DNSDialup": {
      "average": 0.0008402866,
      "fastest": 0.000233396,
      "slowest": 0.001437491
    },
    "DNSLookup": {
      "average": 0.000007529480000000001,
      "fastest": 0.000003497,
      "slowest": 0.000037521
    }
  },
  "statusCodeDistribution": {
    "200": 799434
  },
  "errorDistribution": {}
}