{
  "summary": {
    "successRate": 1,
    "total": 10.000595531,
    "slowest": 0.004541763,
    "fastest": 0.000042621,
    "average": 0.0006456491362067728,
    "requestsPerSec": 77262.49877868398,
    "totalData": 10044723,
    "sizePerRequest": 13,
    "sizePerSec": 1004412.4841228918
  },
  "responseTimeHistogram": {
    "0.000042621": 1,
    "0.0004925352": 222266,
    "0.0009424494": 450069,
    "0.0013923636": 86002,
    "0.0018422778": 12326,
    "0.002292192": 1824,
    "0.0027421062": 108,
    "0.0031920204": 30,
    "0.0036419346": 12,
    "0.0040918488": 21,
    "0.004541763": 12
  },
  "latencyPercentiles": {
    "p10": 0.000382884,
    "p25": 0.000474806,
    "p50": 0.000588322,
    "p75": 0.000762884,
    "p90": 0.000991085,
    "p95": 0.001114029,
    "p99": 0.001551311
  },
  "rps": {
    "mean": 77254.77069300992,
    "stddev": 13103.762074409196,
    "max": 98520.97511560711,
    "percentiles": {
      "p10": 56833.94691649155,
      "p25": 67608.20016354251,
      "p50": 80315.33219691695,
      "p75": 87231.52547330536,
      "p90": 92547.97303896306,
      "p95": 94560.02670495737,
      "p99": 97425.52548768047
    }
  },
  "details": {
    "DNSDialup": {
      "average": 0.0006404494399999999,
      "fastest": 0.000083275,
      "slowest": 0.001009875
    },
    "DNSLookup": {
      "average": 0.000009373439999999998,
      "fastest": 0.000004458,
      "slowest": 0.000033452
    }
  },
  "statusCodeDistribution": {
    "200": 772671
  },
  "errorDistribution": {}
}