{
  "summary": {
    "successRate": 1,
    "total": 10.000783019,
    "slowest": 0.004722151,
    "fastest": 0.000037343,
    "average": 0.0006232983147480605,
    "requestsPerSec": 80026.63376252579,
    "totalData": 10404277,
    "sizePerRequest": 13,
    "sizePerSec": 1040346.2389128353
  },
  "responseTimeHistogram": {
    "0.000037343": 1,
    "0.0005058238": 279741,
    "0.0009743046": 450219,
    "0.0014427854": 61344,
    "0.0019112662": 8213,
    "0.002379747": 691,
    "0.0028482278": 71,
    "0.0033167086": 18,
    "0.0037851894": 0,
    "0.004253670199999999": 10,
    "0.004722151": 21
  },
  "latencyPercentiles": {
    "p10": 0.000375234,
    "p25": 0.00046313,
    "p50": 0.000572323,
    "p75": 0.000724899,
    "p90": 0.000951865,
    "p95": 0.001073673,
    "p99": 0.001470276
  },
  "rps": {
    "mean": 80017.59287567016,
    "stddev": 11837.402684280349,
    "max": 100157.25898803609,
    "percentiles": {
      "p10": 61729.51905601104,
      "p25": 72791.13588958886,
      "p50": 82606.558960783,
      "p75": 89260.57702696149,
      "p90": 93227.29695253946,
      "p95": 95129.0048335761,
      "p99": 97112.09045526359
    }
  },
  "details": {
    "DNSDialup": {
      "average": 0.0008484981199999999,
      "fastest": 0.000086342,
      "slowest": 0.001453584
    },
    "DNSLookup": {
      "average": 0.000007678579999999998,
      "fastest": 0.000003056,
      "slowest": 0.000046858
    }
  },
  "statusCodeDistribution": {
    "200": 800329
  },
  "errorDistribution": {}
}