{
  "summary": {
    "successRate": 1,
    "total": 10.000613157,
    "slowest": 0.004521115,
    "fastest": 0.000043491,
    "average": 0.0006506517659605127,
    "requestsPerSec": 76662.69937292406,
    "totalData": 9966762,
    "sizePerRequest": 13,
    "sizePerSec": 996615.0918480128
  },
  "responseTimeHistogram": {
    "0.000043491": 1,
    "0.0004912534": 207470,
    "0.0009390158": 456864,
    "0.0013867782": 88441,
    "0.0018345406000000002": 12021,
    "0.0022823030000000003": 1744,
    "0.0027300654": 68,
    "0.0031778278": 17,
    "0.0036255902000000002": 13,
    "0.0040733526": 20,
    "0.004521115": 15
  },
  "latencyPercentiles": {
    "p10": 0.000388546,
    "p25": 0.000481319,
    "p50": 0.000593789,
    "p75": 0.000766233,
    "p90": 0.000994329,
    "p95": 0.001128319,
    "p99": 0.0015406
  },
  "rps": {
    "mean": 76654.18868755194,
    "stddev": 12388.289482538166,
    "max": 98440.15909852987,
    "percentiles": {
      "p10": 56636.19619298749,
      "p25": 68546.03551745282,
      "p50": 78332.18669550639,
      "p75": 86548.33724635612,
      "p90": 91707.10730081938,
      "p95": 93273.92891606389,
      "p99": 95812.96344369934
    }
  },
  "details": {
    "DNSDialup": {
      "average": 0.0006769369,
      "fastest": 0.000081562,
      "slowest": 0.00134808
    },
    "DNSLookup": {
      "average": 0.000010280620000000004,
      "fastest": 0.000003727,
      "slowest": 0.000116067
    }
  },
  "statusCodeDistribution": {
    "200": 766674
  },
  "errorDistribution": {}
}