{
  "summary": {
    "successRate": 1,
    "total": 10.000557419,
    "slowest": 0.003757289,
    "fastest": 0.000037943,
    "average": 0.0006512570367770648,
    "requestsPerSec": 76589.63074846179,
    "totalData": 9957207,
    "sizePerRequest": 13,
    "sizePerSec": 995665.1997300033
  },
  "responseTimeHistogram": {
    "0.000037943": 1,
    "0.0004098776": 116425,
    "0.0007818122000000001": 455014,
    "0.0011537468": 160666,
    "0.0015256814": 25327,
    "0.001897616": 6990,
    "0.0022695506": 1369,
    "0.0026414852": 66,
    "0.0030134198": 33,
    "0.0033853544000000003": 18,
    "0.003757289": 30
  },
  "latencyPercentiles": {
    "p10": 0.000371667,
    "p25": 0.000466472,
    "p50": 0.000596993,
    "p75": 0.000786499,
    "p90": 0.000999077,
    "p95": 0.001126186,
    "p99": 0.001551097
  },
  "rps": {
    "mean": 76586.66748815058,
    "stddev": 12097.452678818814,
    "max": 97535.268753182,
    "percentiles": {
      "p10": 56441.42527931981,
      "p25": 69680.7809293327,
      "p50": 79237.12259193561,
      "p75": 85618.25381171153,
      "p90": 89941.91034614477,
      "p95": 92180.91211156976,
      "p99": 95062.90312299786
    }
  },
  "details": {
    "DNSDialup": {
      "average": 0.0011784266999999998,
      "fastest": 0.000139311,
      "slowest": 0.001965254
    },
    "DNSLookup": {
      "average": 0.000010299359999999999,
      "fastest": 0.000003997,
      "slowest": 0.000032541
    }
  },
  "statusCodeDistribution": {
    "200": 765939
  },
  "errorDistribution": {}
}