{
  "summary": {
    "successRate": 1,
    "total": 10.000116798,
    "slowest": 0.004751118,
    "fastest": 0.000045233,
    "average": 0.0006479205217806842,
    "requestsPerSec": 77000.8006460486,
    "totalData": 10010221,
    "sizePerRequest": 13,
    "sizePerSec": 1001010.408398632
  },
  "responseTimeHistogram": {
    "0.000045233": 1,
    "0.0005158215": 254620,
    "0.00098641": 440735,
    "0.0014569984999999999": 64071,
    "0.001927587": 9857,
    "0.0023981755": 601,
    "0.0028687639999999998": 85,
    "0.0033393525": 29,
    "0.003809941": 9,
    "0.0042805295000000005": 1,
    "0.004751118": 8
  },
  "latencyPercentiles": {
    "p10": 0.0003813,
    "p25": 0.000476666,
    "p50": 0.000592349,
    "p75": 0.0007796,
    "p90": 0.000980835,
    "p95": 0.001108983,
    "p99": 0.001538933
  },
  "rps": {
    "mean": 76993.57012558133,
    "stddev": 15252.032268492207,
    "max": 99358.92459990011,
    "percentiles": {
      "p10": 55526.26392283488,
      "p25": 61203.256013218815,
      "p50": 80050.17544997312,
      "p75": 90905.07250304545,
      "p90": 94908.39939334364,
      "p95": 96422.06136763564,
      "p99": 97944.17684196899
    }
  },
  "details": {
    "DNSDialup": {
      "average": 0.00103709992,
      "fastest": 0.000100332,
      "slowest": 0.002014473
    },
    "DNSLookup": {
      "average": 0.000025041860000000002,
      "fastest": 0.000003878,
      "slowest": 0.000782831
    }
  },
  "statusCodeDistribution": {
    "200": 770017
  },
  "errorDistribution": {}
}