{
  "summary": {
    "successRate": 1,
    "total": 10.000579996,
    "slowest": 0.004267685,
    "fastest": 0.000036526,
    "average": 0.0006533205034148264,
    "requestsPerSec": 76339.77232374113,
    "totalData": 9924746,
    "sizePerRequest": 13,
    "sizePerSec": 992417.0402086347
  },
  "responseTimeHistogram": {
    "0.000036526": 1,
    "0.0004596419": 162932,
    "0.0008827578": 466168,
    "0.0013058737": 114212,
    "0.0017289896": 16509,
    "0.0021521055": 3392,
    "0.0025752213999999996": 112,
    "0.0029983373": 61,
    "0.0034214531999999997": 24,
    "0.0038445690999999995": 20,
    "0.004267685": 11
  },
  "latencyPercentiles": {
    "p10": 0.000385698,
    "p25": 0.000477219,
    "p50": 0.000593485,
    "p75": 0.000778272,
    "p90": 0.00100193,
    "p95": 0.001132756,
    "p99": 0.001560684
  },
  "rps": {
    "mean": 76320.22069807026,
    "stddev": 12269.29097412381,
    "max": 97341.46746514959,
    "percentiles": {
      "p10": 57950.735658520636,
      "p25": 68025.2509731611,
      "p50": 78997.30097560927,
      "p75": 85721.77333042485,
      "p90": 90806.41093261192,
      "p95": 92671.07079669008,
      "p99": 95542.951424138
    }
  },
  "details": {
    "DNSDialup": {
      "average": 0.0005245751200000001,
      "fastest": 0.000089658,
      "slowest": 0.00085285
    },
    "DNSLookup": {
      "average": 0.00000678268,
      "fastest": 0.000003366,
      "slowest": 0.000025287
    }
  },
  "statusCodeDistribution": {
    "200": 763442
  },
  "errorDistribution": {}
}