{
  "summary": {
    "successRate": 1,
    "total": 10.000233899,
    "slowest": 0.004120394,
    "fastest": 0.000033593,
    "average": 0.0006460609520452037,
    "requestsPerSec": 77222.99376189821,
    "totalData": 10039224,
    "sizePerRequest": 13,
    "sizePerSec": 1003898.9189046768
  },
  "responseTimeHistogram": {
    "0.000033593": 1,
    "0.0004422731": 145361,
    "0.0008509532000000001": 470559,
    "0.0012596333": 135535,
    "0.0016683134": 16504,
    "0.0020769935000000002": 4093,
    "0.0024856736": 108,
    "0.0028943537000000004": 49,
    "0.0033030338": 13,
    "0.0037117139": 12,
    "0.004120394": 13
  },
  "latencyPercentiles": {
    "p10": 0.000383719,
    "p25": 0.000472162,
    "p50": 0.000588079,
    "p75": 0.000785482,
    "p90": 0.000975628,
    "p95": 0.001094464,
    "p99": 0.001534908
  },
  "rps": {
    "mean": 77222.52953873604,
    "stddev": 15379.133319405066,
    "max": 100275.48738690958,
    "percentiles": {
      "p10": 56193.19783347668,
      "p25": 62107.241704381966,
      "p50": 79535.39294897408,
      "p75": 91714.42667932298,
      "p90": 95754.0970684158,
      "p95": 97024.44045655018,
      "p99": 98708.74559486652
    }
  },
  "details": {
    "DNSDialup": {
      "average": 0.0010470499800000002,
      "fastest": 0.000103043,
      "slowest": 0.001616931
    },
    "DNSLookup": {
      "average": 0.00002403096,
      "fastest": 0.000004128,
      "slowest": 0.00074528
    }
  },
  "statusCodeDistribution": {
    "200": 772248
  },
  "errorDistribution": {}
}