{
  "summary": {
    "successRate": 1,
    "total": 10.001524085,
    "slowest": 0.006056526,
    "fastest": 0.000038866,
    "average": 0.0006381962189401527,
    "requestsPerSec": 78163.78717444242,
    "totalData": 10162841,
    "sizePerRequest": 13,
    "sizePerSec": 1016129.2332677515
  },
  "responseTimeHistogram": {
    "0.000038866": 1,
    "0.0006406319999999999": 500431,
    "0.0012423979999999998": 260142,
    "0.0018441639999999997": 19909,
    "0.0024459299999999994": 1143,
    "0.0030476959999999995": 57,
    "0.003649461999999999": 39,
    "0.004251227999999999": 33,
    "0.004852993999999999": 1,
    "0.0054547599999999995": 0,
    "0.006056526": 1
  },
  "latencyPercentiles": {
    "p10": 0.000388655,
    "p25": 0.000480446,
    "p50": 0.000585053,
    "p75": 0.000733301,
    "p90": 0.000978086,
    "p95": 0.001121503,
    "p99": 0.00148923
  },
  "rps": {
    "mean": 78162.4535457526,
    "stddev": 12286.918995275226,
    "max": 98311.35496149663,
    "percentiles": {
      "p10": 58095.86522565267,
      "p25": 70751.95315920666,
      "p50": 79669.12092932162,
      "p75": 87746.50564799324,
      "p90": 92819.64991988766,
      "p95": 94633.39612549263,
      "p99": 96925.55926997859
    }
  },
  "details": {
    "DNSDialup": {
      "average": 0.0008703106800000001,
      "fastest": 0.000106348,
      "slowest": 0.001621197
    },
    "DNSLookup": {
      "average": 0.0000070883599999999995,
      "fastest": 0.000003637,
      "slowest": 0.000031679
    }
  },
  "statusCodeDistribution": {
    "200": 781757
  },
  "errorDistribution": {}
}