{
  "summary": {
    "successRate": 1,
    "total": 10.000397243,
    "slowest": 0.003396651,
    "fastest": 0.000033803,
    "average": 0.0006555374175430336,
    "requestsPerSec": 76104.57679895987,
    "totalData": 9893988,
    "sizePerRequest": 13,
    "sizePerSec": 989359.4983864783
  },
  "responseTimeHistogram": {
    "0.000033803": 1,
    "0.0003700878": 67425,
    "0.0007063726": 442280,
    "0.0010426574000000001": 197854,
    "0.0013789422": 38709,
    "0.001715227": 11157,
    "0.0020515118": 3370,
    "0.0023877966000000004": 157,
    "0.0027240814": 34,
    "0.0030603662": 75,
    "0.0033966509999999997": 14
  },
  "latencyPercentiles": {
    "p10": 0.000381894,
    "p25": 0.000479086,
    "p50": 0.000598946,
    "p75": 0.000802791,
    "p90": 0.000987217,
    "p95": 0.001106706,
    "p99": 0.001560556
  },
  "rps": {
    "mean": 76084.34785435576,
    "stddev": 16033.065509178816,
    "max": 98815.84172059891,
    "percentiles": {
      "p10": 55241.16018845326,
      "p25": 59199.59711835196,
      "p50": 79546.8304560382,
      "p75": 91031.98864080511,
      "p90": 95243.18325929496,
      "p95": 96440.56133620095,
      "p99": 97933.12098151854
    }
  },
  "details": {
    "DNSDialup": {
      "average": 0.0009546525800000002,
      "fastest": 0.000083979,
      "slowest": 0.002197262
    },
    "DNSLookup": {
      "average": 0.0000099234,
      "fastest": 0.000003918,
      "slowest": 0.000043551
    }
  },
  "statusCodeDistribution": {
    "200": 761076
  },
  "errorDistribution": {}
}