{
  "summary": {
    "successRate": 1,
    "total": 10.000585771,
    "slowest": 0.004590775,
    "fastest": 0.000038856,
    "average": 0.0006511481662302663,
    "requestsPerSec": 76604.3127415121,
    "totalData": 9959144,
    "sizePerRequest": 13,
    "sizePerSec": 995856.0656396573
  },
  "responseTimeHistogram": {
    "0.000038856": 1,
    "0.0004940478999999999": 220985,
    "0.0009492397999999999": 443660,
    "0.0014044316999999998": 87218,
    "0.0018596236": 12185,
    "0.0023148154999999998": 1870,
    "0.0027700073999999994": 95,
    "0.0032251992999999994": 25,
    "0.0036803911999999995": 13,
    "0.0041355831": 19,
    "0.004590775": 17
  },
  "latencyPercentiles": {
    "p10": 0.000384575,
    "p25": 0.000476817,
    "p50": 0.00059153,
    "p75": 0.000767767,
    "p90": 0.001003731,
    "p95": 0.001133317,
    "p99": 0.001559576
  },
  "rps": {
    "mean": 76615.69632104876,
    "stddev": 12204.890652721828,
    "max": 97263.33074164459,
    "percentiles": {
      "p10": 57581.933332939254,
      "p25": 69138.9754976502,
      "p50": 79215.57378180823,
      "p75": 85770.30591976891,
      "p90": 90392.9239257949,
      "p95": 92375.93301693987,
      "p99": 95004.86424904902
    }
  },
  "details": {
    "DNSDialup": {
      "average": 0.0006547654600000001,
      "fastest": 0.000095547,
      "slowest": 0.000965708
    },
    "DNSLookup": {
      "average": 0.0000074976800000000005,
      "fastest": 0.000003216,
      "slowest": 0.000028283
    }
  },
  "statusCodeDistribution": {
    "200": 766088
  },
  "errorDistribution": {}
}