{
  "summary": {
    "successRate": 1,
    "total": 10.000335494,
    "slowest": 0.004412096,
    "fastest": 0.000037259,
    "average": 0.0006575732318612201,
    "requestsPerSec": 75863.95480983451,
    "totalData": 9862645,
    "sizePerRequest": 13,
    "sizePerSec": 986231.4125278486
  },
  "responseTimeHistogram": {
    "0.000037259": 1,
    "0.0004747426999999999": 178608,
    "0.0009122263999999998": 463710,
    "0.0013497100999999997": 100385,
    "0.0017871937999999997": 13996,
    "0.0022246774999999997": 1765,
    "0.0026621611999999993": 153,
    "0.0030996448999999994": 22,
    "0.0035371285999999994": 19,
    "0.003974612299999999": 4,
    "0.004412096": 2
  },
  "latencyPercentiles": {
    "p10": 0.000391616,
    "p25": 0.000482154,
    "p50": 0.000596187,
    "p75": 0.000807277,
    "p90": 0.000984156,
    "p95": 0.001121159,
    "p99": 0.001542375
  },
  "rps": {
    "mean": 75848.97673281547,
    "stddev": 15186.643708842335,
    "max": 100164.48589601975,
    "percentiles": {
      "p10": 56127.11669388866,
      "p25": 60322.33736152606,
      "p50": 78425.19801612296,
      "p75": 90269.48041908075,
      "p90": 95128.74790761567,
      "p95": 96695.80901324905,
      "p99": 98608.15489441223
    }
  },
  "details": {
    "DNSDialup": {
      "average": 0.0010661273,
      "fastest": 0.000119019,
      "slowest": 0.001733108
    },
    "DNSLookup": {
      "average": 0.000014908999999999999,
      "fastest": 0.000004458,
      "slowest": 0.00012973
    }
  },
  "statusCodeDistribution": {
    "200": 758665
  },
  "errorDistribution": {}
}