{
  "summary": {
    "successRate": 1,
    "total": 10.001004379,
    "slowest": 0.004696762,
    "fastest": 0.000037968,
    "average": 0.0006571260016070095,
    "requestsPerSec": 75910.17574135991,
    "totalData": 9869314,
    "sizePerRequest": 13,
    "sizePerSec": 986832.2846376789
  },
  "responseTimeHistogram": {
    "0.000037968": 1,
    "0.0005038474": 229493,
    "0.0009697268": 440843,
    "0.0014356062000000001": 75862,
    "0.0019014856": 11666,
    "0.002367365": 1208,
    "0.0028332444000000005": 55,
    "0.0032991238000000004": 27,
    "0.0037650032000000003": 17,
    "0.0042308826": 5,
    "0.004696762": 1
  },
  "latencyPercentiles": {
    "p10": 0.000379326,
    "p25": 0.000477347,
    "p50": 0.000601527,
    "p75": 0.000794349,
    "p90": 0.000994736,
    "p95": 0.001118852,
    "p99": 0.001571621
  },
  "rps": {
    "mean": 75911.51902027387,
    "stddev": 12726.029664347105,
    "max": 97859.06773328414,
    "percentiles": {
      "p10": 56503.83710144229,
      "p25": 66512.40456345095,
      "p50": 78203.29873729344,
      "p75": 86224.53950393797,
      "p90": 90904.31795510279,
      "p95": 93282.88184051483,
      "p99": 96148.37224608482
    }
  },
  "details": {
    "DNSDialup": {
      "average": 0.0007202223599999998,
      "fastest": 0.000081516,
      "slowest": 0.001639492
    },
    "DNSLookup": {
      "average": 0.000007367539999999999,
      "fastest": 0.000003716,
      "slowest": 0.000031499
    }
  },
  "statusCodeDistribution": {
    "200": 759178
  },
  "errorDistribution": {}
}