{
  "summary": {
    "successRate": 1,
    "total": 10.000323436,
    "slowest": 0.004074215,
    "fastest": 0.000035417,
    "average": 0.0006431355462947826,
    "requestsPerSec": 77570.99107489307,
    "totalData": 10084555,
    "sizePerRequest": 13,
    "sizePerSec": 1008422.8839736099
  },
  "responseTimeHistogram": {
    "0.000035417": 1,
    "0.00043929679999999994": 136778,
    "0.0008431765999999999": 485787,
    "0.0012470563999999998": 133538,
    "0.0016509361999999998": 15366,
    "0.0020548159999999997": 4066,
    "0.0024586957999999993": 130,
    "0.0028625755999999994": 31,
    "0.0032664553999999994": 16,
    "0.0036703351999999995": 9,
    "0.004074215": 13
  },
  "latencyPercentiles": {
    "p10": 0.000385703,
    "p25": 0.00047722,
    "p50": 0.000588461,
    "p75": 0.000771046,
    "p90": 0.000970016,
    "p95": 0.001085822,
    "p99": 0.001510096
  },
  "rps": {
    "mean": 77550.50701317923,
    "stddev": 14921.472564239724,
    "max": 101395.64073553598,
    "percentiles": {
      "p10": 56362.81526445456,
      "p25": 62711.68957933767,
      "p50": 79113.57588962158,
      "p75": 91213.41018348454,
      "p90": 95595.79955894174,
      "p95": 97315.51087473247,
      "p99": 99390.01636320936
    }
  },
  "details": {
    "DNSDialup": {
      "average": 0.0011175574,
      "fastest": 0.000115537,
      "slowest": 0.001601671
    },
    "DNSLookup": {
      "average": 0.000009305759999999999,
      "fastest": 0.000003997,
      "slowest": 0.000027682
    }
  },
  "statusCodeDistribution": {
    "200": 775735
  },
  "errorDistribution": {}
}