{
  "summary": {
    "successRate": 1,
    "total": 10.000219278,
    "slowest": 0.004235804,
    "fastest": 0.000038586,
    "average": 0.0006442110774001867,
    "requestsPerSec": 77454.20159975816,
    "totalData": 10069267,
    "sizePerRequest": 13,
    "sizePerSec": 1006904.6207968561
  },
  "responseTimeHistogram": {
    "0.000038586": 1,
    "0.00045830780000000003": 160076,
    "0.0008780296": 484108,
    "0.0012977514000000001": 112661,
    "0.0017174732": 14132,
    "0.002137195": 3378,
    "0.0025569168000000005": 123,
    "0.0029766386000000004": 40,
    "0.0033963604000000003": 15,
    "0.0038160822000000002": 22,
    "0.004235804": 3
  },
  "latencyPercentiles": {
    "p10": 0.000380303,
    "p25": 0.000480514,
    "p50": 0.000591825,
    "p75": 0.000763721,
    "p90": 0.000970534,
    "p95": 0.001088776,
    "p99": 0.001527263
  },
  "rps": {
    "mean": 77453.46830650466,
    "stddev": 15392.335008157672,
    "max": 99166.53982574472,
    "percentiles": {
      "p10": 55704.72933152065,
      "p25": 61675.0585462506,
      "p50": 79807.0443017782,
      "p75": 91801.8727582144,
      "p90": 95299.39492401113,
      "p95": 96848.14321198488,
      "p99": 97859.9000448214
    }
  },
  "details": {
    "DNSDialup": {
      "average": 0.0009854187200000002,
      "fastest": 0.000092894,
      "slowest": 0.001794413
    },
    "DNSLookup": {
      "average": 0.000009404380000000001,
      "fastest": 0.000003506,
      "slowest": 0.000033693
    }
  },
  "statusCodeDistribution": {
    "200": 774559
  },
  "errorDistribution": {}
}