{
  "summary": {
    "successRate": 1,
    "total": 10.000725371,
    "slowest": 0.004471137,
    "fastest": 0.000040145,
    "average": 0.0006378390115246752,
    "requestsPerSec": 78200.52756051229,
    "totalData": 10166806,
    "sizePerRequest": 13,
    "sizePerSec": 1016606.8582866598
  },
  "responseTimeHistogram": {
    "0.000040145": 1,
    "0.0004832442": 223771,
    "0.0009263434": 455946,
    "0.0013694426": 88191,
    "0.0018125417999999998": 12187,
    "0.002255641": 1832,
    "0.0026987402": 43,
    "0.0031418394": 50,
    "0.0035849386": 13,
    "0.0040280378": 16,
    "0.004471137": 12
  },
  "latencyPercentiles": {
    "p10": 0.000371705,
    "p25": 0.000466049,
    "p50": 0.000583579,
    "p75": 0.000756793,
    "p90": 0.000977816,
    "p95": 0.001104936,
    "p99": 0.001516906
  },
  "rps": {
    "mean": 78200.45952192847,
    "stddev": 11451.005002232769,
    "max": 98720.10850486519,
    "percentiles": {
      "p10": 60338.15785102696,
      "p25": 72007.69042133768,
      "p50": 79911.12362840847,
      "p75": 86656.97911767001,
      "p90": 91610.48940104379,
      "p95": 93655.9406933734,
      "p99": 96343.84135514392
    }
  },
  "details": {
    "DNSDialup": {
      "average": 0.0005493066400000002,
      "fastest": 0.000082334,
      "slowest": 0.00086025
    },
    "DNSLookup": {
      "average": 0.00000673398,
      "fastest": 0.000003476,
      "slowest": 0.000028514
    }
  },
  "statusCodeDistribution": {
    "200": 782062
  },
  "errorDistribution": {}
}