{
  "summary": {
    "successRate": 1,
    "total": 10.000356443,
    "slowest": 0.006407586,
    "fastest": 0.000041878,
    "average": 0.0006493344843120191,
    "requestsPerSec": 76845.86088308092,
    "totalData": 9990318,
    "sizePerRequest": 13,
    "sizePerSec": 998996.1914800521
  },
  "responseTimeHistogram": {
    "0.000041878": 1,
    "0.0006784488": 548843,
    "0.0013150196": 206188,
    "0.0019515904": 12886,
    "0.0025881612": 375,
    "0.0032247319999999997": 111,
    "0.0038613028": 30,
    "0.0044978736000000005": 1,
    "0.0051344444": 7,
    "0.0057710152": 43,
    "0.006407586": 1
  },
  "latencyPercentiles": {
    "p10": 0.000410916,
    "p25": 0.000520757,
    "p50": 0.000597724,
    "p75": 0.000721101,
    "p90": 0.000966046,
    "p95": 0.001131444,
    "p99": 0.001462291
  },
  "rps": {
    "mean": 76844.73216739061,
    "stddev": 13553.780840718244,
    "max": 98787.03137464068,
    "percentiles": {
      "p10": 56341.02753625121,
      "p25": 66839.27475784553,
      "p50": 78045.3438438342,
      "p75": 88871.58989165368,
      "p90": 94672.39598120673,
      "p95": 96242.65474458376,
      "p99": 98048.85774581424
    }
  },
  "details": {
    "DNSDialup": {
      "average": 0.0007909193200000001,
      "fastest": 0.00008006,
      "slowest": 0.001847963
    },
    "DNSLookup": {
      "average": 0.0000074056000000000016,
      "fastest": 0.000003847,
      "slowest": 0.000027381
    }
  },
  "statusCodeDistribution": {
    "200": 768486
  },
  "errorDistribution": {}
}