{
  "summary": {
    "successRate": 1,
    "total": 10.000395308,
    "slowest": 0.004369277,
    "fastest": 0.000038451,
    "average": 0.0006574923778515407,
    "requestsPerSec": 75890.29999572893,
    "totalData": 9866129,
    "sizePerRequest": 13,
    "sizePerSec": 986573.8999444761
  },
  "responseTimeHistogram": {
    "0.000038451": 1,
    "0.00047153360000000004": 146492,
    "0.0009046162000000001": 494306,
    "0.0013376988000000003": 102674,
    "0.0017707814": 12937,
    "0.0022038640000000003": 2224,
    "0.0026369466000000005": 178,
    "0.0030700292000000002": 74,
    "0.0035031118000000004": 24,
    "0.003936194400000001": 14,
    "0.004369277": 9
  },
  "latencyPercentiles": {
    "p10": 0.000406865,
    "p25": 0.000503628,
    "p50": 0.000595594,
    "p75": 0.000767338,
    "p90": 0.000987216,
    "p95": 0.001135953,
    "p99": 0.001534173
  },
  "rps": {
    "mean": 75893.50025362104,
    "stddev": 14726.180720673332,
    "max": 99260.38880758951,
    "percentiles": {
      "p10": 55317.00998056877,
      "p25": 61523.89065862008,
      "p50": 78090.68671448206,
      "p75": 89730.46349235573,
      "p90": 94749.31701950548,
      "p95": 96122.57775870478,
      "p99": 97584.36168066935
    }
  },
  "details": {
    "DNSDialup": {
      "average": 0.0011356271600000002,
      "fastest": 0.000225962,
      "slowest": 0.002107168
    },
    "DNSLookup": {
      "average": 0.00000976298,
      "fastest": 0.000003717,
      "slowest": 0.000066364
    }
  },
  "statusCodeDistribution": {
    "200": 758933
  },
  "errorDistribution": {}
}