{
  "summary": {
    "successRate": 1,
    "total": 10.00042049,
    "slowest": 0.004331845,
    "fastest": 0.000036651,
    "average": 0.0006451286848625612,
    "requestsPerSec": 77347.44761717514,
    "totalData": 10055591,
    "sizePerRequest": 13,
    "sizePerSec": 1005516.8190232769
  },
  "responseTimeHistogram": {
    "0.000036651": 1,
    "0.0004661704": 171253,
    "0.0008956897999999999": 481768,
    "0.0013252092": 104151,
    "0.0017547285999999999": 13593,
    "0.0021842479999999997": 2622,
    "0.0026137674": 59,
    "0.0030432868": 25,
    "0.0034728062": 12,
    "0.0039023255999999997": 17,
    "0.004331845": 6
  },
  "latencyPercentiles": {
    "p10": 0.000383505,
    "p25": 0.000480334,
    "p50": 0.000593226,
    "p75": 0.00076252,
    "p90": 0.000974463,
    "p95": 0.001092288,
    "p99": 0.001537598
  },
  "rps": {
    "mean": 77320.77157129238,
    "stddev": 15237.5039300452,
    "max": 97632.46279387886,
    "percentiles": {
      "p10": 55122.87992392104,
      "p25": 60640.295476344145,
      "p50": 80310.29159278383,
      "p75": 91359.60052362109,
      "p90": 94703.19227005403,
      "p95": 95879.0810660599,
      "p99": 96891.75649339442
    }
  },
  "details": {
    "DNSDialup": {
      "average": 0.0009611208999999998,
      "fastest": 0.000111495,
      "slowest": 0.001558199
    },
    "DNSLookup": {
      "average": 0.000008171840000000001,
      "fastest": 0.000004118,
      "slowest": 0.000028153
    }
  },
  "statusCodeDistribution": {
    "200": 773507
  },
  "errorDistribution": {}
}