{
  "summary": {
    "successRate": 1,
    "total": 10.000341244,
    "slowest": 0.004171466,
    "fastest": 0.000036699,
    "average": 0.0006418875945281386,
    "requestsPerSec": 77711.24815028363,
    "totalData": 10102807,
    "sizePerRequest": 13,
    "sizePerSec": 1010246.2259536871
  },
  "responseTimeHistogram": {
    "0.000036699": 1,
    "0.0004501757": 157939,
    "0.0008636523999999999": 484263,
    "0.0012771291": 116333,
    "0.0016906058": 15094,
    "0.0021040825": 3268,
    "0.0025175591999999996": 150,
    "0.0029310358999999997": 41,
    "0.0033445125999999998": 9,
    "0.0037579893": 20,
    "0.004171466": 21
  },
  "latencyPercentiles": {
    "p10": 0.000371976,
    "p25": 0.000476689,
    "p50": 0.000593798,
    "p75": 0.000759677,
    "p90": 0.00096992,
    "p95": 0.001101846,
    "p99": 0.001517551
  },
  "rps": {
    "mean": 77695.42031675958,
    "stddev": 14470.835346794267,
    "max": 99329.33195171946,
    "percentiles": {
      "p10": 56659.46977948064,
      "p25": 64508.755310576846,
      "p50": 79616.32930913992,
      "p75": 90688.1707313151,
      "p90": 94919.38253791818,
      "p95": 96025.25534307279,
      "p99": 97919.72854319528
    }
  },
  "details": {
    "DNSDialup": {
      "average": 0.0010087692199999996,
      "fastest": 0.000116237,
      "slowest": 0.001877412
    },
    "DNSLookup": {
      "average": 0.000011488279999999998,
      "fastest": 0.000004739,
      "slowest": 0.000103504
    }
  },
  "statusCodeDistribution": {
    "200": 777139
  },
  "errorDistribution": {}
}