{
  "summary": {
    "successRate": 1,
    "total": 10.000602457,
    "slowest": 0.004595579,
    "fastest": 0.000032578,
    "average": 0.0006310368657970829,
    "requestsPerSec": 79044.93788238583,
    "totalData": 10276461,
    "sizePerRequest": 13,
    "sizePerSec": 1027584.1924710157
  },
  "responseTimeHistogram": {
    "0.000032578": 1,
    "0.0004888780999999999": 227092,
    "0.0009451781999999999": 479633,
    "0.0014014782999999997": 72596,
    "0.0018577783999999997": 10040,
    "0.0023140785": 1050,
    "0.0027703785999999998": 33,
    "0.0032266787": 28,
    "0.0036829788": 10,
    "0.0041392789": 11,
    "0.004595579": 3
  },
  "latencyPercentiles": {
    "p10": 0.000382337,
    "p25": 0.000471537,
    "p50": 0.000580791,
    "p75": 0.000734771,
    "p90": 0.000956063,
    "p95": 0.001087018,
    "p99": 0.0014879
  },
  "rps": {
    "mean": 79013.42988149112,
    "stddev": 11924.04743535393,
    "max": 98946.82163599868,
    "percentiles": {
      "p10": 60289.89304941619,
      "p25": 71530.05692991997,
      "p50": 80633.57582097291,
      "p75": 88451.00084709932,
      "p90": 93006.76508710932,
      "p95": 94804.83518674845,
      "p99": 96815.13255563575
    }
  },
  "details": {
    "DNSDialup": {
      "average": 0.0009703793,
      "fastest": 0.000100718,
      "slowest": 0.001739633
    },
    "DNSLookup": {
      "average": 0.00001060496,
      "fastest": 0.000004148,
      "slowest": 0.000141706
    }
  },
  "statusCodeDistribution": {
    "200": 790497
  },
  "errorDistribution": {}
}