{
  "summary": {
    "successRate": 1,
    "total": 10.000638032,
    "slowest": 0.005029614,
    "fastest": 0.000038254,
    "average": 0.0006269392078539156,
    "requestsPerSec": 79568.12329911553,
    "totalData": 10344516,
    "sizePerRequest": 13,
    "sizePerSec": 1034385.6028885018
  },
  "responseTimeHistogram": {
    "0.000038254": 1,
    "0.0005373900000000001": 319303,
    "0.001036526": 427778,
    "0.0015356620000000001": 42602,
    "0.0020347980000000004": 5834,
    "0.0025339340000000003": 158,
    "0.0030330700000000006": 27,
    "0.003532206000000001": 22,
    "0.004031342": 6,
    "0.004530478": 0,
    "0.005029614": 1
  },
  "latencyPercentiles": {
    "p10": 0.000381603,
    "p25": 0.000470267,
    "p50": 0.000577579,
    "p75": 0.000726905,
    "p90": 0.00094811,
    "p95": 0.001075867,
    "p99": 0.001471107
  },
  "rps": {
    "mean": 79577.12862859061,
    "stddev": 12073.990324963175,
    "max": 99511.05567828353,
    "percentiles": {
      "p10": 60166.372051996725,
      "p25": 72257.23495580858,
      "p50": 81915.2362339396,
      "p75": 89230.52706667644,
      "p90": 92944.02453642109,
      "p95": 95036.7221894557,
      "p99": 97128.9119887316
    }
  },
  "details": {
    "DNSDialup": {
      "average": 0.0008688344799999999,
      "fastest": 0.000118573,
      "slowest": 0.001207473
    },
    "DNSLookup": {
      "average": 0.000007812780000000001,
      "fastest": 0.000003527,
      "slowest": 0.00003227
    }
  },
  "statusCodeDistribution": {
    "200": 795732
  },
  "errorDistribution": {}
}