{
  "summary": {
    "successRate": 1,
    "total": 10.000506316,
    "slowest": 0.004496422,
    "fastest": 0.000039005,
    "average": 0.0006387559484134837,
    "requestsPerSec": 78105.64538620507,
    "totalData": 10154248,
    "sizePerRequest": 13,
    "sizePerSec": 1015373.390020666
  },
  "responseTimeHistogram": {
    "0.000039005": 1,
    "0.0004847467": 211677,
    "0.0009304884000000001": 474207,
    "0.0013762301": 82402,
    "0.0018219718": 11377,
    "0.0022677135": 1294,
    "0.0027134552": 72,
    "0.0031591969": 44,
    "0.0036049386": 13,
    "0.0040506803": 8,
    "0.004496422": 1
  },
  "latencyPercentiles": {
    "p10": 0.000384762,
    "p25": 0.000474818,
    "p50": 0.000584083,
    "p75": 0.000758661,
    "p90": 0.000964244,
    "p95": 0.001090383,
    "p99": 0.001505242
  },
  "rps": {
    "mean": 78107.12366886281,
    "stddev": 14986.199125925139,
    "max": 99804.68083953076,
    "percentiles": {
      "p10": 56316.466934934935,
      "p25": 64239.987746222556,
      "p50": 79937.46669063697,
      "p75": 92021.59720823767,
      "p90": 95508.93008496294,
      "p95": 96929.8691847714,
      "p99": 98903.12207544986
    }
  },
  "details": {
    "DNSDialup": {
      "average": 0.0008962260599999997,
      "fastest": 0.000077528,
      "slowest": 0.001986846
    },
    "DNSLookup": {
      "average": 0.000009261640000000002,
      "fastest": 0.000003546,
      "slowest": 0.00003738
    }
  },
  "statusCodeDistribution": {
    "200": 781096
  },
  "errorDistribution": {}
}