{
  "summary": {
    "successRate": 1,
    "total": 10.000209538,
    "slowest": 0.005137843,
    "fastest": 0.000042425,
    "average": 0.0006278716883664986,
    "requestsPerSec": 79478.23462896723,
    "totalData": 10332387,
    "sizePerRequest": 13,
    "sizePerSec": 1033217.050176574
  },
  "responseTimeHistogram": {
    "0.000042425": 1,
    "0.0005519668": 255815,
    "0.0010615086": 489335,
    "0.0015710504000000002": 46629,
    "0.0020805922": 2786,
    "0.002590134": 74,
    "0.0030996758000000004": 30,
    "0.0036092176000000003": 56,
    "0.0041187594": 41,
    "0.0046283012": 31,
    "0.005137843": 1
  },
  "latencyPercentiles": {
    "p10": 0.000424008,
    "p25": 0.000529291,
    "p50": 0.000581567,
    "p75": 0.000649294,
    "p90": 0.000929865,
    "p95": 0.001118927,
    "p99": 0.001344995
  },
  "rps": {
    "mean": 79478.4116111827,
    "stddev": 11430.601666245046,
    "max": 101719.14390437129,
    "percentiles": {
      "p10": 60398.07439320198,
      "p25": 77167.93285547687,
      "p50": 79905.46553384223,
      "p75": 87605.20374910717,
      "p90": 94341.2778180195,
      "p95": 96373.02183864794,
      "p99": 98631.14208147129
    }
  },
  "details": {
    "DNSDialup": {
      "average": 0.0010323214599999998,
      "fastest": 0.000147294,
      "slowest": 0.001514133
    },
    "DNSLookup": {
      "average": 0.00000856606,
      "fastest": 0.000003997,
      "slowest": 0.000019907
    }
  },
  "statusCodeDistribution": {
    "200": 794799
  },
  "errorDistribution": {}
}