{
  "summary": {
    "successRate": 1,
    "total": 10.000454432,
    "slowest": 0.007987224,
    "fastest": 0.000035896,
    "average": 0.0006242078530048857,
    "requestsPerSec": 79931.66764924068,
    "totalData": 10391589,
    "sizePerRequest": 13,
    "sizePerSec": 1039111.6794401288
  },
  "responseTimeHistogram": {
    "0.000035896": 1,
    "0.0008310287999999999": 656111,
    "0.0016261615999999999": 138903,
    "0.0024212943999999998": 4124,
    "0.0032164271999999996": 144,
    "0.004011559999999999": 65,
    "0.004806692799999999": 2,
    "0.005601825599999999": 1,
    "0.006396958399999999": 1,
    "0.007192091199999999": 0,
    "0.007987224": 1
  },
  "latencyPercentiles": {
    "p10": 0.000370898,
    "p25": 0.000464557,
    "p50": 0.000575915,
    "p75": 0.000729286,
    "p90": 0.00094806,
    "p95": 0.001060668,
    "p99": 0.001476537
  },
  "rps": {
    "mean": 79904.08400513345,
    "stddev": 15243.05132780096,
    "max": 99357.66719003645,
    "percentiles": {
      "p10": 56420.785417349914,
      "p25": 66494.8149566471,
      "p50": 85401.74378490562,
      "p75": 92691.43112860488,
      "p90": 95874.65211591577,
      "p95": 96907.32925010058,
      "p99": 98219.52604177655
    }
  },
  "details": {
    "DNSDialup": {
      "average": 0.0009994852,
      "fastest": 0.000140129,
      "slowest": 0.002165962
    },
    "DNSLookup": {
      "average": 0.000009907039999999996,
      "fastest": 0.000004228,
      "slowest": 0.000045776
    }
  },
  "statusCodeDistribution": {
    "200": 799353
  },
  "errorDistribution": {}
}