{
  "summary": {
    "successRate": 1,
    "total": 10.000432798,
    "slowest": 0.005345595,
    "fastest": 0.000036746,
    "average": 0.000624422809812028,
    "requestsPerSec": 79902.74182531434,
    "totalData": 10387806,
    "sizePerRequest": 13,
    "sizePerSec": 1038735.6437290865
  },
  "responseTimeHistogram": {
    "0.000036746": 1,
    "0.0005676309": 382224,
    "0.0010985158": 382578,
    "0.0016294007": 30012,
    "0.0021602856": 4110,
    "0.0026911705": 96,
    "0.0032220554": 29,
    "0.0037529403": 9,
    "0.0042838252": 2,
    "0.0048147101": 0,
    "0.005345595": 1
  },
  "latencyPercentiles": {
    "p10": 0.00036531,
    "p25": 0.000463312,
    "p50": 0.000575792,
    "p75": 0.000737994,
    "p90": 0.000950962,
    "p95": 0.001065743,
    "p99": 0.001478922
  },
  "rps": {
    "mean": 79900.27958298523,
    "stddev": 15818.442600576389,
    "max": 100912.78738239067,
    "percentiles": {
      "p10": 56406.47546338412,
      "p25": 63522.156528198015,
      "p50": 84317.64768366182,
      "p75": 94251.67819515459,
      "p90": 97670.71521555589,
      "p95": 98825.3329962322,
      "p99": 100050.43542449613
    }
  },
  "details": {
    "DNSDialup": {
      "average": 0.00082018128,
      "fastest": 0.000098233,
      "slowest": 0.001688399
    },
    "DNSLookup": {
      "average": 0.00002484012,
      "fastest": 0.000003206,
      "slowest": 0.000943563
    }
  },
  "statusCodeDistribution": {
    "200": 799062
  },
  "errorDistribution": {}
}