{
  "summary": {
    "successRate": 1,
    "total": 10.000128653,
    "slowest": 0.004038435,
    "fastest": 0.000041778,
    "average": 0.0006262891308115565,
    "requestsPerSec": 79665.47507976345,
    "totalData": 10356645,
    "sizePerRequest": 13,
    "sizePerSec": 1035651.1760369248
  },
  "responseTimeHistogram": {
    "0.000041778": 1,
    "0.0004414437": 162723,
    "0.0008411094": 488502,
    "0.0012407750999999998": 126108,
    "0.0016404407999999998": 15075,
    "0.0020401065": 3989,
    "0.0024397722": 149,
    "0.0028394379": 75,
    "0.0032391036": 22,
    "0.0036387692999999997": 11,
    "0.004038435": 10
  },
  "latencyPercentiles": {
    "p10": 0.00037416,
    "p25": 0.000462364,
    "p50": 0.000573724,
    "p75": 0.000743937,
    "p90": 0.000951163,
    "p95": 0.001058082,
    "p99": 0.001499759
  },
  "rps": {
    "mean": 79666.38153841581,
    "stddev": 15480.518633071766,
    "max": 100214.86066125358,
    "percentiles": {
      "p10": 57012.40589952349,
      "p25": 64505.31523798135,
      "p50": 83867.51697841988,
      "p75": 93462.28314489117,
      "p90": 97009.06064627512,
      "p95": 98099.22736848782,
      "p99": 99348.5516371851
    }
  },
  "details": {
    "DNSDialup": {
      "average": 0.00093173184,
      "fastest": 0.000095118,
      "slowest": 0.001461584
    },
    "DNSLookup": {
      "average": 0.000012361339999999997,
      "fastest": 0.000004108,
      "slowest": 0.000149809
    }
  },
  "statusCodeDistribution": {
    "200": 796665
  },
  "errorDistribution": {}
}