{
  "summary": {
    "successRate": 1,
    "total": 10.001655373,
    "slowest": 0.004307129,
    "fastest": 0.000038791,
    "average": 0.0006551357485239381,
    "requestsPerSec": 76135.39675198725,
    "totalData": 9899240,
    "sizePerRequest": 13,
    "sizePerSec": 989760.1577758342
  },
  "responseTimeHistogram": {
    "0.000038791": 1,
    "0.0004656248": 164357,
    "0.0008924586": 469578,
    "0.0013192924": 108602,
    "0.0017461262": 15593,
    "0.00217296": 3146,
    "0.0025997938": 108,
    "0.0030266276": 45,
    "0.0034534614": 34,
    "0.0038802952": 10,
    "0.004307129": 6
  },
  "latencyPercentiles": {
    "p10": 0.000388284,
    "p25": 0.000482561,
    "p50": 0.000596196,
    "p75": 0.000774762,
    "p90": 0.001002126,
    "p95": 0.001136652,
    "p99": 0.001553444
  },
  "rps": {
    "mean": 76139.05615800727,
    "stddev": 12232.852983137827,
    "max": 97338.10786923039,
    "percentiles": {
      "p10": 57311.43936329275,
      "p25": 67027.66231623017,
      "p50": 78100.17856768654,
      "p75": 85795.01206242328,
      "p90": 90817.02819279348,
      "p95": 92737.30685653201,
      "p99": 95214.81001792412
    }
  },
  "details": {
    "DNSDialup": {
      "average": 0.0008407734399999999,
      "fastest": 0.000118774,
      "slowest": 0.001392693
    },
    "DNSLookup": {
      "average": 0.0000073217799999999985,
      "fastest": 0.000003757,
      "slowest": 0.000031108
    }
  },
  "statusCodeDistribution": {
    "200": 761480
  },
  "errorDistribution": {}
}