{
  "summary": {
    "successRate": 1,
    "total": 10.00035151,
    "slowest": 0.003543457,
    "fastest": 0.000033993,
    "average": 0.0006918465254614157,
    "requestsPerSec": 72110.46524503618,
    "totalData": 9374690,
    "sizePerRequest": 13,
    "sizePerSec": 937436.0481854703
  },
  "responseTimeHistogram": {
    "0.000033993": 1,
    "0.0003849394": 61167,
    "0.0007358858": 396519,
    "0.0010868321999999999": 213439,
    "0.0014377786": 34475,
    "0.0017887250000000001": 11968,
    "0.0021396714": 3236,
    "0.0024906178": 178,
    "0.0028415642": 48,
    "0.0031925106": 68,
    "0.0035434570000000003": 31
  },
  "latencyPercentiles": {
    "p10": 0.000400888,
    "p25": 0.000496196,
    "p50": 0.000629455,
    "p75": 0.000865607,
    "p90": 0.00102734,
    "p95": 0.001154946,
    "p99": 0.00163927
  },
  "rps": {
    "mean": 72093.75048167026,
    "stddev": 15477.658840550428,
    "max": 97337.98128029333,
    "percentiles": {
      "p10": 53813.46951141874,
      "p25": 56815.362874121856,
      "p50": 71017.06540081486,
      "p75": 87751.59793958852,
      "p90": 92726.38065529044,
      "p95": 94215.08383491682,
      "p99": 96621.10204868483
    }
  },
  "details": {
    "DNSDialup": {
      "average": 0.00048897304,
      "fastest": 0.000070902,
      "slowest": 0.002038988
    },
    "DNSLookup": {
      "average": 0.000009325999999999998,
      "fastest": 0.000003557,
      "slowest": 0.000031218
    }
  },
  "statusCodeDistribution": {
    "200": 721130
  },
  "errorDistribution": {}
}