{
  "summary": {
    "successRate": 1,
    "total": 10.001730584,
    "slowest": 0.004450196,
    "fastest": 0.000036632,
    "average": 0.0006570021538775626,
    "requestsPerSec": 75922.56096307583,
    "totalData": 9871641,
    "sizePerRequest": 13,
    "sizePerSec": 986993.2925199857
  },
  "responseTimeHistogram": {
    "0.000036632": 1,
    "0.00047798839999999997": 166158,
    "0.0009193448": 481237,
    "0.0013607011999999998": 96930,
    "0.0018020576": 13012,
    "0.002243414": 1651,
    "0.0026847703999999997": 170,
    "0.0031261267999999997": 111,
    "0.0035674832": 55,
    "0.0040088395999999995": 18,
    "0.004450196": 14
  },
  "latencyPercentiles": {
    "p10": 0.000399014,
    "p25": 0.000495035,
    "p50": 0.000595962,
    "p75": 0.000766367,
    "p90": 0.001003335,
    "p95": 0.001148654,
    "p99": 0.001518378
  },
  "rps": {
    "mean": 75920.1718335676,
    "stddev": 13176.101090796783,
    "max": 98754.16666041507,
    "percentiles": {
      "p10": 57368.16329707507,
      "p25": 63779.74619317477,
      "p50": 77835.84690360166,
      "p75": 86324.75653814932,
      "p90": 92304.26445701814,
      "p95": 94858.31817204697,
      "p99": 97132.64629247479
    }
  },
  "details": {
    "DNSDialup": {
      "average": 0.0009356527400000004,
      "fastest": 0.000095839,
      "slowest": 0.00159941
    },
    "DNSLookup": {
      "average": 0.00000778088,
      "fastest": 0.000004128,
      "slowest": 0.000025438
    }
  },
  "statusCodeDistribution": {
    "200": 759357
  },
  "errorDistribution": {}
}