{
  "summary": {
    "successRate": 1,
    "total": 10.001194467,
    "slowest": 0.004152067,
    "fastest": 0.00003833,
    "average": 0.0006261211718534712,
    "requestsPerSec": 79683.38208296536,
    "totalData": 10360077,
    "sizePerRequest": 13,
    "sizePerSec": 1035883.9670785496
  },
  "responseTimeHistogram": {
    "0.00003833": 1,
    "0.0004497037": 170012,
    "0.0008610774": 504277,
    "0.0012724511": 105875,
    "0.0016838248": 14241,
    "0.0020951985": 2357,
    "0.0025065722": 87,
    "0.0029179459000000002": 44,
    "0.0033293196": 8,
    "0.0037406933": 10,
    "0.004152067": 17
  },
  "latencyPercentiles": {
    "p10": 0.000366754,
    "p25": 0.000468506,
    "p50": 0.000581108,
    "p75": 0.000745203,
    "p90": 0.000933616,
    "p95": 0.001052724,
    "p99": 0.001465842
  },
  "rps": {
    "mean": 79683.04271393163,
    "stddev": 15031.463031233015,
    "max": 99035.54614294546,
    "percentiles": {
      "p10": 57810.48682231073,
      "p25": 63910.01469930178,
      "p50": 84954.38760859876,
      "p75": 93259.55510971419,
      "p90": 95855.09520016694,
      "p95": 96916.04929776378,
      "p99": 98398.8514862039
    }
  },
  "details": {
    "DNSDialup": {
      "average": 0.00113903512,
      "fastest": 0.0001876,
      "slowest": 0.001986875
    },
    "DNSLookup": {
      "average": 0.000009545100000000001,
      "fastest": 0.00000541,
      "slowest": 0.000028133
    }
  },
  "statusCodeDistribution": {
    "200": 796929
  },
  "errorDistribution": {}
}