{
  "summary": {
    "successRate": 1,
    "total": 10.000599684,
    "slowest": 0.004051259,
    "fastest": 0.000038715,
    "average": 0.0006586902599649503,
    "requestsPerSec": 75748.35749219856,
    "totalData": 9847877,
    "sizePerRequest": 13,
    "sizePerSec": 984728.6473985813
  },
  "responseTimeHistogram": {
    "0.000038715": 1,
    "0.0004399694": 126612,
    "0.0008412238": 467232,
    "0.0012424782": 138712,
    "0.0016437326": 19183,
    "0.002044987": 5416,
    "0.0024462414": 270,
    "0.0028474958": 51,
    "0.0032487502": 27,
    "0.0036500046": 14,
    "0.004051259": 11
  },
  "latencyPercentiles": {
    "p10": 0.00039122,
    "p25": 0.000483054,
    "p50": 0.000597608,
    "p75": 0.000793364,
    "p90": 0.001000452,
    "p95": 0.001130466,
    "p99": 0.001580306
  },
  "rps": {
    "mean": 75763.22749283463,
    "stddev": 15499.831223925716,
    "max": 98863.44066987814,
    "percentiles": {
      "p10": 54534.032801764355,
      "p25": 59416.93121586605,
      "p50": 77840.11879722375,
      "p75": 90344.69351988501,
      "p90": 94307.68826372582,
      "p95": 96148.74741494405,
      "p99": 97603.56966363762
    }
  },
  "details": {
    "DNSDialup": {
      "average": 0.00057892818,
      "fastest": 0.000082587,
      "slowest": 0.000876159
    },
    "DNSLookup": {
      "average": 0.000007130679999999998,
      "fastest": 0.000003917,
      "slowest": 0.000030728
    }
  },
  "statusCodeDistribution": {
    "200": 757529
  },
  "errorDistribution": {}
}