{
  "summary": {
    "successRate": 1,
    "total": 10.000495168,
    "slowest": 0.006613272,
    "fastest": 0.000046841,
    "average": 0.0007083973633616113,
    "requestsPerSec": 70411.21346202525,
    "totalData": 9153911,
    "sizePerRequest": 13,
    "sizePerSec": 915345.7750063281
  },
  "responseTimeHistogram": {
    "0.000046841": 1,
    "0.0007034841": 411031,
    "0.0013601271999999999": 276002,
    "0.0020167703000000003": 16357,
    "0.0026734134": 689,
    "0.0033300565": 43,
    "0.0039866996": 16,
    "0.0046433427": 7,
    "0.0052999857999999995": 0,
    "0.005956628899999999": 0,
    "0.006613271999999999": 1
  },
  "latencyPercentiles": {
    "p10": 0.000433355,
    "p25": 0.000538085,
    "p50": 0.000651139,
    "p75": 0.000853376,
    "p90": 0.00103216,
    "p95": 0.001176271,
    "p99": 0.001587444
  },
  "rps": {
    "mean": 70416.07142869962,
    "stddev": 10350.1018131208,
    "max": 98223.34768974737,
    "percentiles": {
      "p10": 57254.35246080717,
      "p25": 62908.75689895986,
      "p50": 70412.63912890537,
      "p75": 76849.56028142557,
      "p90": 84312.64689703437,
      "p95": 89039.3657554424,
      "p99": 95202.24677302364
    }
  },
  "details": {
    "DNSDialup": {
      "average": 0.0009578271799999999,
      "fastest": 0.000111639,
      "slowest": 0.002149073
    },
    "DNSLookup": {
      "average": 0.00003255284,
      "fastest": 0.000003527,
      "slowest": 0.00120894
    }
  },
  "statusCodeDistribution": {
    "200": 704147
  },
  "errorDistribution": {}
}