{
  "summary": {
    "successRate": 1,
    "total": 10.000932307,
    "slowest": 0.004413903,
    "fastest": 0.000034085,
    "average": 0.0006414364077850633,
    "requestsPerSec": 77754.55088879245,
    "totalData": 10109034,
    "sizePerRequest": 13,
    "sizePerSec": 1010809.161554302
  },
  "responseTimeHistogram": {
    "0.000034085": 1,
    "0.00047206680000000005": 197179,
    "0.0009100486000000001": 466973,
    "0.0013480304000000002": 97810,
    "0.0017860122000000003": 13324,
    "0.0022239940000000004": 2170,
    "0.0026619758000000003": 92,
    "0.0030999576000000006": 30,
    "0.0035379394000000005": 11,
    "0.0039759212": 18,
    "0.004413903": 10
  },
  "latencyPercentiles": {
    "p10": 0.000382028,
    "p25": 0.000470463,
    "p50": 0.000584941,
    "p75": 0.000761086,
    "p90": 0.000978792,
    "p95": 0.001103005,
    "p99": 0.001523534
  },
  "rps": {
    "mean": 77749.52882688197,
    "stddev": 12908.476438007281,
    "max": 98221.98026213217,
    "percentiles": {
      "p10": 57522.41648570588,
      "p25": 68107.70979274668,
      "p50": 80826.13917340875,
      "p75": 88263.30244050927,
      "p90": 92280.83352136644,
      "p95": 94453.10153368198,
      "p99": 96719.37289039281
    }
  },
  "details": {
    "DNSDialup": {
      "average": 0.00058123736,
      "fastest": 0.000089957,
      "slowest": 0.000857696
    },
    "DNSLookup": {
      "average": 0.000006613700000000002,
      "fastest": 0.000003437,
      "slowest": 0.000045304
    }
  },
  "statusCodeDistribution": {
    "200": 777618
  },
  "errorDistribution": {}
}