{
  "summary": {
    "successRate": 1,
    "total": 10.000691212,
    "slowest": 0.003910569,
    "fastest": 0.000033242,
    "average": 0.0006383100215162455,
    "requestsPerSec": 78144.79853775131,
    "totalData": 10159526,
    "sizePerRequest": 13,
    "sizePerSec": 1015882.3809907672
  },
  "responseTimeHistogram": {
    "0.000033242": 1,
    "0.0004209747": 120783,
    "0.0008087073999999999": 501350,
    "0.0011964400999999998": 132818,
    "0.0015841727999999998": 20531,
    "0.0019719055": 5319,
    "0.0023596382": 609,
    "0.0027473709": 39,
    "0.0031351036": 21,
    "0.0035228362999999998": 15,
    "0.003910569": 16
  },
  "latencyPercentiles": {
    "p10": 0.00038052,
    "p25": 0.000469961,
    "p50": 0.00058357,
    "p75": 0.000747758,
    "p90": 0.000981974,
    "p95": 0.001107288,
    "p99": 0.001524666
  },
  "rps": {
    "mean": 78159.30354738963,
    "stddev": 12462.381779719142,
    "max": 97987.35572762019,
    "percentiles": {
      "p10": 58329.19376147499,
      "p25": 69519.04126540505,
      "p50": 81318.06569958049,
      "p75": 87977.15079083286,
      "p90": 92109.1522520192,
      "p95": 94000.55071842889,
      "p99": 96258.62346325681
    }
  },
  "details": {
    "DNSDialup": {
      "average": 0.0007479143599999999,
      "fastest": 0.000077735,
      "slowest": 0.001734811
    },
    "DNSLookup": {
      "average": 0.0000068736400000000025,
      "fastest": 0.000003857,
      "slowest": 0.000029175
    }
  },
  "statusCodeDistribution": {
    "200": 781502
  },
  "errorDistribution": {}
}