{
  "summary": {
    "successRate": 1,
    "total": 10.000264058,
    "slowest": 0.008116896,
    "fastest": 0.000038518,
    "average": 0.0006485671814018358,
    "requestsPerSec": 76944.26822504209,
    "totalData": 10003019,
    "sizePerRequest": 13,
    "sizePerSec": 1000275.4869255472
  },
  "responseTimeHistogram": {
    "0.000038518": 1,
    "0.0008463558000000001": 633450,
    "0.0016541936000000002": 132241,
    "0.0024620314000000005": 3643,
    "0.0032698692000000004": 110,
    "0.004077707000000001": 14,
    "0.0048855448000000015": 3,
    "0.005693382600000001": 0,
    "0.006501220400000001": 0,
    "0.007309058200000001": 0,
    "0.008116896": 1
  },
  "latencyPercentiles": {
    "p10": 0.000407227,
    "p25": 0.000504513,
    "p50": 0.000601871,
    "p75": 0.000727153,
    "p90": 0.000973515,
    "p95": 0.001114619,
    "p99": 0.001477049
  },
  "rps": {
    "mean": 76942.98947665821,
    "stddev": 13763.577376477524,
    "max": 97809.9570536287,
    "percentiles": {
      "p10": 55869.16602754472,
      "p25": 66090.98746244388,
      "p50": 77088.14258222442,
      "p75": 89755.51706489584,
      "p90": 94368.90817674626,
      "p95": 95593.90267217893,
      "p99": 96832.07744000427
    }
  },
  "details": {
    "DNSDialup": {
      "average": 0.0008492897000000001,
      "fastest": 0.000100394,
      "slowest": 0.001292836
    },
    "DNSLookup": {
      "average": 0.000007009240000000002,
      "fastest": 0.000003416,
      "slowest": 0.000030006
    }
  },
  "statusCodeDistribution": {
    "200": 769463
  },
  "errorDistribution": {}
}