{
  "summary": {
    "successRate": 1,
    "total": 10.001811414,
    "slowest": 0.004557076,
    "fastest": 0.000042222,
    "average": 0.0006594539747986289,
    "requestsPerSec": 75629.00045697662,
    "totalData": 9833551,
    "sizePerRequest": 13,
    "sizePerSec": 983177.005940696
  },
  "responseTimeHistogram": {
    "0.000042222": 1,
    "0.0004937074": 204977,
    "0.0009451928": 446170,
    "0.0013966782": 90214,
    "0.0018481636": 12803,
    "0.0022996490000000004": 2058,
    "0.0027511344000000003": 127,
    "0.0032026198000000006": 32,
    "0.0036541052000000004": 13,
    "0.0041055906": 18,
    "0.004557076": 14
  },
  "latencyPercentiles": {
    "p10": 0.000389759,
    "p25": 0.000483554,
    "p50": 0.000601074,
    "p75": 0.000775768,
    "p90": 0.001015931,
    "p95": 0.001155057,
    "p99": 0.001569698
  },
  "rps": {
    "mean": 75643.56355376272,
    "stddev": 11947.072486016004,
    "max": 96634.78387088921,
    "percentiles": {
      "p10": 57174.681569065826,
      "p25": 68105.49930432826,
      "p50": 77722.06529433509,
      "p75": 84751.09837523889,
      "p90": 89519.9271357793,
      "p95": 91481.49613518367,
      "p99": 94515.85976127263
    }
  },
  "details": {
    "DNSDialup": {
      "average": 0.00062587796,
      "fastest": 0.000091431,
      "slowest": 0.001161605
    },
    "DNSLookup": {
      "average": 0.000007471979999999999,
      "fastest": 0.000003507,
      "slowest": 0.000028693
    }
  },
  "statusCodeDistribution": {
    "200": 756427
  },
  "errorDistribution": {}
}