{
  "summary": {
    "successRate": 1,
    "total": 10.000713319,
    "slowest": 0.004203216,
    "fastest": 0.000033322,
    "average": 0.0006592615464861758,
    "requestsPerSec": 75656.9032493431,
    "totalData": 9836099,
    "sizePerRequest": 13,
    "sizePerSec": 983539.7422414604
  },
  "responseTimeHistogram": {
    "0.000033322": 1,
    "0.00045031140000000003": 145157,
    "0.0008673008": 469347,
    "0.0012842901999999998": 120626,
    "0.0017012796": 17425,
    "0.0021182690000000003": 3736,
    "0.0025352584": 218,
    "0.0029522478": 47,
    "0.0033692372000000003": 41,
    "0.0037862266000000004": 10,
    "0.004203216": 15
  },
  "latencyPercentiles": {
    "p10": 0.000383264,
    "p25": 0.000482673,
    "p50": 0.000602878,
    "p75": 0.00078322,
    "p90": 0.001011687,
    "p95": 0.001148083,
    "p99": 0.00155843
  },
  "rps": {
    "mean": 75650.77355284175,
    "stddev": 11730.080620055036,
    "max": 97613.93069050023,
    "percentiles": {
      "p10": 57892.6900294936,
      "p25": 67970.24753235877,
      "p50": 77414.48425000688,
      "p75": 84706.93749818137,
      "p90": 89211.24061631464,
      "p95": 91002.93939494512,
      "p99": 94546.93280606657
    }
  },
  "details": {
    "DNSDialup": {
      "average": 0.0006848690800000001,
      "fastest": 0.000078006,
      "slowest": 0.001227057
    },
    "DNSLookup": {
      "average": 0.000007172020000000002,
      "fastest": 0.000003877,
      "slowest": 0.000030187
    }
  },
  "statusCodeDistribution": {
    "200": 756623
  },
  "errorDistribution": {}
}