{
  "summary": {
    "successRate": 1,
    "total": 10.000222339,
    "slowest": 0.004421113,
    "fastest": 0.000033453,
    "average": 0.0006100857952819932,
    "requestsPerSec": 81791.18146305047,
    "totalData": 10633090,
    "sizePerRequest": 13,
    "sizePerSec": 1063285.359019656
  },
  "responseTimeHistogram": {
    "0.000033453": 1,
    "0.000472219": 188340,
    "0.000910985": 547992,
    "0.001349751": 73089,
    "0.0017885169999999999": 7748,
    "0.002227283": 665,
    "0.002666049": 53,
    "0.003104815": 24,
    "0.003543581": 17,
    "0.003982347": 0,
    "0.004421113": 1
  },
  "latencyPercentiles": {
    "p10": 0.000392204,
    "p25": 0.000482274,
    "p50": 0.000567503,
    "p75": 0.000668832,
    "p90": 0.000910514,
    "p95": 0.001056386,
    "p99": 0.001358532
  },
  "rps": {
    "mean": 81789.15767408026,
    "stddev": 12594.78754537531,
    "max": 102318.60152175643,
    "percentiles": {
      "p10": 62428.61103243578,
      "p25": 75044.45306771288,
      "p50": 81774.47401776318,
      "p75": 93139.60295917283,
      "p90": 97509.91675853418,
      "p95": 98847.7533496457,
      "p99": 100606.31807677292
    }
  },
  "details": {
    "DNSDialup": {
      "average": 0.0008016301799999998,
      "fastest": 0.000116679,
      "slowest": 0.001133991
    },
    "DNSLookup": {
      "average": 0.000006472720000000001,
      "fastest": 0.000003297,
      "slowest": 0.000023976
    }
  },
  "statusCodeDistribution": {
    "200": 817930
  },
  "errorDistribution": {}
}