{
  "summary": {
    "successRate": 1,
    "total": 10.000783619,
    "slowest": 0.010802271,
    "fastest": 0.000035747,
    "average": 0.0006472033603589227,
    "requestsPerSec": 77075.16024400048,
    "totalData": 10020556,
    "sizePerRequest": 13,
    "sizePerSec": 1001977.0831720062
  },
  "responseTimeHistogram": {
    "0.000035747": 1,
    "0.0011123994000000002": 725381,
    "0.0021890518000000003": 45244,
    "0.0032657042000000004": 153,
    "0.0043423566000000005": 31,
    "0.005419009000000001": 0,
    "0.006495661400000001": 0,
    "0.007572313800000001": 0,
    "0.0086489662": 0,
    "0.0097256186": 1,
    "0.010802271": 1
  },
  "latencyPercentiles": {
    "p10": 0.000409575,
    "p25": 0.000508697,
    "p50": 0.000591123,
    "p75": 0.000719674,
    "p90": 0.000987964,
    "p95": 0.001142802,
    "p99": 0.001484669
  },
  "rps": {
    "mean": 77073.84836418103,
    "stddev": 11398.75094673304,
    "max": 99084.6380978631,
    "percentiles": {
      "p10": 58819.21623794277,
      "p25": 71915.56972084408,
      "p50": 78161.05941961851,
      "p75": 85123.21008147574,
      "p90": 90901.34533991125,
      "p95": 93909.88871127991,
      "p99": 96213.96064568947
    }
  },
  "details": {
    "DNSDialup": {
      "average": 0.0007831360000000001,
      "fastest": 0.000079828,
      "slowest": 0.001802061
    },
    "DNSLookup": {
      "average": 0.000007876659999999998,
      "fastest": 0.000003647,
      "slowest": 0.00003711
    }
  },
  "statusCodeDistribution": {
    "200": 770812
  },
  "errorDistribution": {}
}