{
  "summary": {
    "successRate": 1,
    "total": 10.000638357,
    "slowest": 0.004309935,
    "fastest": 0.000033802,
    "average": 0.0006470164634014606,
    "requestsPerSec": 77091.0788370187,
    "totalData": 10022480,
    "sizePerRequest": 13,
    "sizePerSec": 1002184.0248812429
  },
  "responseTimeHistogram": {
    "0.000033802": 1,
    "0.00046141529999999995": 168616,
    "0.0008890285999999999": 479058,
    "0.0013166419": 106275,
    "0.0017442552": 14276,
    "0.0021718684999999997": 2561,
    "0.0025994817999999997": 90,
    "0.0030270950999999996": 36,
    "0.0034547083999999996": 17,
    "0.0038823216999999996": 15,
    "0.004309935": 15
  },
  "latencyPercentiles": {
    "p10": 0.000381341,
    "p25": 0.000477418,
    "p50": 0.000594267,
    "p75": 0.000767385,
    "p90": 0.000980886,
    "p95": 0.001112083,
    "p99": 0.001515583
  },
  "rps": {
    "mean": 77051.49352346938,
    "stddev": 11372.775940143947,
    "max": 98185.53924178594,
    "percentiles": {
      "p10": 60245.06933637134,
      "p25": 69514.7371242687,
      "p50": 79047.53919006883,
      "p75": 85738.9743034502,
      "p90": 90008.23490247388,
      "p95": 92339.85684311125,
      "p99": 95287.16906449394
    }
  },
  "details": {
    "DNSDialup": {
      "average": 0.00053508948,
      "fastest": 0.000076252,
      "slowest": 0.000974965
    },
    "DNSLookup": {
      "average": 0.00000728094,
      "fastest": 0.000003897,
      "slowest": 0.000027151
    }
  },
  "statusCodeDistribution": {
    "200": 770960
  },
  "errorDistribution": {}
}