{
  "summary": {
    "successRate": 1,
    "total": 10.000655966,
    "slowest": 0.005434373,
    "fastest": 0.000038209,
    "average": 0.0006680798526136575,
    "requestsPerSec": 74660.102551117,
    "totalData": 9706450,
    "sizePerRequest": 13,
    "sizePerSec": 970581.3331645209
  },
  "responseTimeHistogram": {
    "0.000038209": 1,
    "0.0005778254": 327930,
    "0.0011174418": 371067,
    "0.0016570582000000002": 43598,
    "0.0021966746000000002": 3817,
    "0.002736291": 162,
    "0.0032759074000000003": 33,
    "0.0038155238000000006": 27,
    "0.0043551402000000005": 14,
    "0.0048947566": 0,
    "0.005434373": 1
  },
  "latencyPercentiles": {
    "p10": 0.000415618,
    "p25": 0.000514559,
    "p50": 0.000595959,
    "p75": 0.000780015,
    "p90": 0.001033449,
    "p95": 0.001150595,
    "p99": 0.001520877
  },
  "rps": {
    "mean": 74625.99570813598,
    "stddev": 11892.133747213415,
    "max": 97090.00898485309,
    "percentiles": {
      "p10": 57002.6446622419,
      "p25": 64317.84176929914,
      "p50": 77913.20008840653,
      "p75": 83313.76343372026,
      "p90": 89008.80297061674,
      "p95": 91972.9529462773,
      "p99": 95025.57629909035
    }
  },
  "details": {
    "DNSDialup": {
      "average": 0.0007684445799999998,
      "fastest": 0.000193569,
      "slowest": 0.001525866
    },
    "DNSLookup": {
      "average": 0.000006810819999999999,
      "fastest": 0.000003627,
      "slowest": 0.00002683
    }
  },
  "statusCodeDistribution": {
    "200": 746650
  },
  "errorDistribution": {}
}