{
  "summary": {
    "successRate": 1,
    "total": 10.000438104,
    "slowest": 0.00407849,
    "fastest": 0.000036128,
    "average": 0.0006141287710300777,
    "requestsPerSec": 81237.24096397846,
    "totalData": 10561304,
    "sizePerRequest": 13,
    "sizePerSec": 1056084.13253172
  },
  "responseTimeHistogram": {
    "0.000036128": 1,
    "0.0004403642": 175383,
    "0.0008446004": 506272,
    "0.0012488366000000001": 113547,
    "0.0016530728": 14193,
    "0.002057309": 2835,
    "0.0024615452": 89,
    "0.0028657813999999997": 57,
    "0.0032700176": 28,
    "0.0036742538": 2,
    "0.00407849": 1
  },
  "latencyPercentiles": {
    "p10": 0.000367568,
    "p25": 0.000455859,
    "p50": 0.000566586,
    "p75": 0.00072327,
    "p90": 0.000927154,
    "p95": 0.001041955,
    "p99": 0.001441267
  },
  "rps": {
    "mean": 81232.97580145826,
    "stddev": 14876.588044228733,
    "max": 101995.37861647402,
    "percentiles": {
      "p10": 58020.94375381283,
      "p25": 67647.99625333688,
      "p50": 85921.95007008902,
      "p75": 93870.40280210091,
      "p90": 97223.14883173724,
      "p95": 98646.63026213011,
      "p99": 100191.48596798346
    }
  },
  "details": {
    "DNSDialup": {
      "average": 0.0008754128199999999,
      "fastest": 0.000127931,
      "slowest": 0.001781719
    },
    "DNSLookup": {
      "average": 0.0000248127,
      "fastest": 0.000003747,
      "slowest": 0.000909456
    }
  },
  "statusCodeDistribution": {
    "200": 812408
  },
  "errorDistribution": {}
}