{
  "summary": {
    "successRate": 1,
    "total": 10.000544383,
    "slowest": 0.003973148,
    "fastest": 0.000042079,
    "average": 0.0006294373542577063,
    "requestsPerSec": 79273.28449715656,
    "totalData": 10306088,
    "sizePerRequest": 13,
    "sizePerSec": 1030552.6984630353
  },
  "responseTimeHistogram": {
    "0.000042079": 1,
    "0.00043518589999999997": 147567,
    "0.0008282928": 491871,
    "0.0012213997": 132256,
    "0.0016145066": 16285,
    "0.0020076135": 4603,
    "0.0024007204": 124,
    "0.0027938272999999997": 31,
    "0.0031869342": 27,
    "0.0035800411": 9,
    "0.003973148": 2
  },
  "latencyPercentiles": {
    "p10": 0.000375351,
    "p25": 0.000466525,
    "p50": 0.000578528,
    "p75": 0.0007451,
    "p90": 0.000957645,
    "p95": 0.001067936,
    "p99": 0.001496261
  },
  "rps": {
    "mean": 79285.84730489478,
    "stddev": 15797.312210209526,
    "max": 101043.62769972329,
    "percentiles": {
      "p10": 55934.67390435193,
      "p25": 61660.00751932245,
      "p50": 83316.905000019,
      "p75": 93519.67653994395,
      "p90": 96872.20854423713,
      "p95": 98333.91672108098,
      "p99": 99642.90948474173
    }
  },
  "details": {
    "DNSDialup": {
      "average": 0.0009752960800000002,
      "fastest": 0.000105167,
      "slowest": 0.001613563
    },
    "DNSLookup": {
      "average": 0.000009731700000000002,
      "fastest": 0.000003436,
      "slowest": 0.00005914
    }
  },
  "statusCodeDistribution": {
    "200": 792776
  },
  "errorDistribution": {}
}