{
  "summary": {
    "successRate": 1,
    "total": 10.000663635,
    "slowest": 0.004231023,
    "fastest": 0.000042008,
    "average": 0.0006431458367471592,
    "requestsPerSec": 77557.35302260268,
    "totalData": 10083125,
    "sizePerRequest": 13,
    "sizePerSec": 1008245.5892938349
  },
  "responseTimeHistogram": {
    "0.000042008": 1,
    "0.0004609095000000001": 159040,
    "0.0008798110000000001": 494982,
    "0.0012987125000000002": 104526,
    "0.0017176140000000003": 14196,
    "0.0021365155000000005": 2727,
    "0.0025554170000000004": 101,
    "0.0029743185000000007": 16,
    "0.0033932200000000006": 1,
    "0.0038121215000000005": 17,
    "0.004231023": 18
  },
  "latencyPercentiles": {
    "p10": 0.000388633,
    "p25": 0.000484303,
    "p50": 0.000591671,
    "p75": 0.000745079,
    "p90": 0.000977338,
    "p95": 0.001116317,
    "p99": 0.001488971
  },
  "rps": {
    "mean": 77566.03653101965,
    "stddev": 11290.742537737156,
    "max": 98484.28663108108,
    "percentiles": {
      "p10": 61034.24631560739,
      "p25": 71227.0805360209,
      "p50": 78134.2306064312,
      "p75": 86509.05331260266,
      "p90": 91253.52053074124,
      "p95": 93849.17696873065,
      "p99": 96708.16216889449
    }
  },
  "details": {
    "DNSDialup": {
      "average": 0.0008668303600000002,
      "fastest": 0.000110656,
      "slowest": 0.001617768
    },
    "DNSLookup": {
      "average": 0.00000753382,
      "fastest": 0.000003727,
      "slowest": 0.000030156
    }
  },
  "statusCodeDistribution": {
    "200": 775625
  },
  "errorDistribution": {}
}