{
  "summary": {
    "successRate": 1,
    "total": 10.000480874,
    "slowest": 0.003454995,
    "fastest": 0.000034455,
    "average": 0.0006100626237324219,
    "requestsPerSec": 81795.5666638676,
    "totalData": 10633935,
    "sizePerRequest": 13,
    "sizePerSec": 1063342.3666302788
  },
  "responseTimeHistogram": {
    "0.000034455": 1,
    "0.000376509": 87709,
    "0.000718563": 534654,
    "0.001060617": 160252,
    "0.001402671": 25831,
    "0.0017447250000000001": 7625,
    "0.002086779": 1772,
    "0.002428833": 75,
    "0.002770887": 33,
    "0.003112941": 27,
    "0.003454995": 16
  },
  "latencyPercentiles": {
    "p10": 0.000369853,
    "p25": 0.000455483,
    "p50": 0.000562831,
    "p75": 0.000705486,
    "p90": 0.000927197,
    "p95": 0.00103492,
    "p99": 0.001438671
  },
  "rps": {
    "mean": 81804.78389966719,
    "stddev": 15631.45580434508,
    "max": 101562.05441524259,
    "percentiles": {
      "p10": 57094.45896265266,
      "p25": 68302.54085451915,
      "p50": 87653.51246936228,
      "p75": 95354.86583760704,
      "p90": 98126.62175247252,
      "p95": 99199.18203761992,
      "p99": 100642.24588585205
    }
  },
  "details": {
    "DNSDialup": {
      "average": 0.00077031976,
      "fastest": 0.000104415,
      "slowest": 0.001836007
    },
    "DNSLookup": {
      "average": 0.000008072080000000004,
      "fastest": 0.000003676,
      "slowest": 0.000038592
    }
  },
  "statusCodeDistribution": {
    "200": 817995
  },
  "errorDistribution": {}
}