{
  "summary": {
    "successRate": 1,
    "total": 10.000319243,
    "slowest": 0.004377249,
    "fastest": 0.000037848,
    "average": 0.0006861656588562369,
    "requestsPerSec": 72703.67898594095,
    "totalData": 9451780,
    "sizePerRequest": 13,
    "sizePerSec": 945147.8268172323
  },
  "responseTimeHistogram": {
    "0.000037848": 1,
    "0.0004717881": 153613,
    "0.0009057282": 426585,
    "0.0013396683000000001": 126175,
    "0.0017736084": 16902,
    "0.0022075485": 3628,
    "0.0026414886": 66,
    "0.0030754287": 57,
    "0.0035093688": 11,
    "0.003943308899999999": 10,
    "0.004377249": 12
  },
  "latencyPercentiles": {
    "p10": 0.000396999,
    "p25": 0.0004925,
    "p50": 0.00062509,
    "p75": 0.000859181,
    "p90": 0.001011695,
    "p95": 0.001146482,
    "p99": 0.001629224
  },
  "rps": {
    "mean": 72688.3515053545,
    "stddev": 15645.911964229661,
    "max": 98260.09587463684,
    "percentiles": {
      "p10": 54014.972950501746,
      "p25": 57541.4701375262,
      "p50": 72178.29786306813,
      "p75": 87725.1157006247,
      "p90": 93639.90738562573,
      "p95": 95239.15281572432,
      "p99": 97335.06982565719
    }
  },
  "details": {
    "DNSDialup": {
      "average": 0.00117737368,
      "fastest": 0.000450271,
      "slowest": 0.00187942
    },
    "DNSLookup": {
      "average": 0.000012984459999999996,
      "fastest": 0.000004337,
      "slowest": 0.00013396
    }
  },
  "statusCodeDistribution": {
    "200": 727060
  },
  "errorDistribution": {}
}