{
  "summary": {
    "successRate": 1,
    "total": 10.000357887,
    "slowest": 0.006105375,
    "fastest": 0.000033643,
    "average": 0.0006745329107847892,
    "requestsPerSec": 73957.85314458117,
    "totalData": 9614865,
    "sizePerRequest": 13,
    "sizePerSec": 961452.0908795552
  },
  "responseTimeHistogram": {
    "0.000033643": 1,
    "0.0006408162": 415957,
    "0.0012479894": 298378,
    "0.0018551626": 22432,
    "0.0024623358": 2537,
    "0.0030695089999999998": 153,
    "0.0036766821999999998": 116,
    "0.0042838554": 27,
    "0.0048910286": 0,
    "0.0054982018": 2,
    "0.006105375": 2
  },
  "latencyPercentiles": {
    "p10": 0.000393169,
    "p25": 0.000491607,
    "p50": 0.000610052,
    "p75": 0.000827928,
    "p90": 0.001017651,
    "p95": 0.001139105,
    "p99": 0.001622693
  },
  "rps": {
    "mean": 73922.60574761307,
    "stddev": 15448.439649059203,
    "max": 96783.03016157508,
    "percentiles": {
      "p10": 53558.325015943425,
      "p25": 57602.978073963364,
      "p50": 76846.7927434968,
      "p75": 88413.12934970905,
      "p90": 92701.61300807004,
      "p95": 93931.27911594523,
      "p99": 95911.17780433738
    }
  },
  "details": {
    "DNSDialup": {
      "average": 0.0009209221800000001,
      "fastest": 0.000097043,
      "slowest": 0.001710459
    },
    "DNSLookup": {
      "average": 0.00001124724,
      "fastest": 0.000003277,
      "slowest": 0.000158228
    }
  },
  "statusCodeDistribution": {
    "200": 739605
  },
  "errorDistribution": {}
}