{
  "summary": {
    "successRate": 1,
    "total": 10.000299458,
    "slowest": 0.00534857,
    "fastest": 0.000037834,
    "average": 0.0006438420908785901,
    "requestsPerSec": 77498.87923406223,
    "totalData": 10075156,
    "sizePerRequest": 13,
    "sizePerSec": 1007485.430042809
  },
  "responseTimeHistogram": {
    "0.000037834": 1,
    "0.0005689076000000001": 286498,
    "0.0010999812000000002": 448728,
    "0.0016310548000000001": 36001,
    "0.0021621284000000003": 3389,
    "0.0026932020000000004": 139,
    "0.0032242756": 78,
    "0.0037553492000000003": 33,
    "0.0042864228": 109,
    "0.0048174964": 29,
    "0.00534857": 7
  },
  "latencyPercentiles": {
    "p10": 0.00040723,
    "p25": 0.000511485,
    "p50": 0.000597727,
    "p75": 0.000712992,
    "p90": 0.000951645,
    "p95": 0.00110803,
    "p99": 0.001453129
  },
  "rps": {
    "mean": 77497.27939798447,
    "stddev": 13369.617162231212,
    "max": 99203.21102074113,
    "percentiles": {
      "p10": 57873.31391406303,
      "p25": 67143.6299307287,
      "p50": 77350.67137277288,
      "p75": 88834.51220799403,
      "p90": 95250.96879340115,
      "p95": 96792.82431852249,
      "p99": 98135.98646623585
    }
  },
  "details": {
    "DNSDialup": {
      "average": 0.0009713595399999999,
      "fastest": 0.000104006,
      "slowest": 0.00196377
    },
    "DNSLookup": {
      "average": 0.000008300860000000001,
      "fastest": 0.000004408,
      "slowest": 0.000031298
    }
  },
  "statusCodeDistribution": {
    "200": 775012
  },
  "errorDistribution": {}
}