{
  "summary": {
    "successRate": 1,
    "total": 10.00011935,
    "slowest": 0.00380598,
    "fastest": 0.000034435,
    "average": 0.0006431718705318424,
    "requestsPerSec": 77578.77409733114,
    "totalData": 10085361,
    "sizePerRequest": 13,
    "sizePerSec": 1008524.0632653049
  },
  "responseTimeHistogram": {
    "0.000034435": 1,
    "0.0004115895": 103183,
    "0.000788744": 491128,
    "0.0011658985": 152592,
    "0.001543053": 21636,
    "0.0019202075": 6534,
    "0.0022973620000000003": 573,
    "0.0026745165": 73,
    "0.003051671": 47,
    "0.0034288255": 18,
    "0.00380598": 12
  },
  "latencyPercentiles": {
    "p10": 0.000383337,
    "p25": 0.000474616,
    "p50": 0.000589734,
    "p75": 0.000766086,
    "p90": 0.000970161,
    "p95": 0.001090692,
    "p99": 0.001526606
  },
  "rps": {
    "mean": 77586.76380189881,
    "stddev": 15423.500595023766,
    "max": 99146.04342256422,
    "percentiles": {
      "p10": 55924.95312276296,
      "p25": 61312.808245641674,
      "p50": 82523.75033534906,
      "p75": 91506.35054072665,
      "p90": 94830.16547564263,
      "p95": 96041.59561507544,
      "p99": 97555.77263522267
    }
  },
  "details": {
    "DNSDialup": {
      "average": 0.0007800424399999999,
      "fastest": 0.000090058,
      "slowest": 0.001791716
    },
    "DNSLookup": {
      "average": 0.000007305079999999999,
      "fastest": 0.000004017,
      "slowest": 0.000030587
    }
  },
  "statusCodeDistribution": {
    "200": 775797
  },
  "errorDistribution": {}
}