{
  "summary": {
    "successRate": 1,
    "total": 10.000208566,
    "slowest": 0.005013381,
    "fastest": 0.000034976,
    "average": 0.0006170683502407779,
    "requestsPerSec": 80862.11349124376,
    "totalData": 10512294,
    "sizePerRequest": 13,
    "sizePerSec": 1051207.4753861688
  },
  "responseTimeHistogram": {
    "0.000034976": 1,
    "0.0005328165": 341131,
    "0.001030657": 423552,
    "0.0015284975": 37333,
    "0.002026338": 6409,
    "0.0025241785": 137,
    "0.003022019": 63,
    "0.0035198595": 3,
    "0.0040177": 6,
    "0.0045155405": 1,
    "0.005013381": 2
  },
  "latencyPercentiles": {
    "p10": 0.000357693,
    "p25": 0.000454821,
    "p50": 0.000568264,
    "p75": 0.00073132,
    "p90": 0.000944455,
    "p95": 0.001043694,
    "p99": 0.00147818
  },
  "rps": {
    "mean": 80877.07132289329,
    "stddev": 15690.832712468797,
    "max": 100893.31622817813,
    "percentiles": {
      "p10": 56272.68962993662,
      "p25": 65953.3298625269,
      "p50": 86155.89909941981,
      "p75": 94633.27305880564,
      "p90": 97549.38925577984,
      "p95": 98935.28032096631,
      "p99": 100076.03362232739
    }
  },
  "details": {
    "DNSDialup": {
      "average": 0.0010089223200000002,
      "fastest": 0.000086862,
      "slowest": 0.001934451
    },
    "DNSLookup": {
      "average": 0.00001045062,
      "fastest": 0.000004148,
      "slowest": 0.00003701
    }
  },
  "statusCodeDistribution": {
    "200": 808638
  },
  "errorDistribution": {}
}