{
  "summary": {
    "successRate": 1,
    "total": 10.000340734,
    "slowest": 0.004024974,
    "fastest": 0.000036499,
    "average": 0.0006311011925956637,
    "requestsPerSec": 79064.50600346114,
    "totalData": 10278736,
    "sizePerRequest": 13,
    "sizePerSec": 1027838.5780449949
  },
  "responseTimeHistogram": {
    "0.000036499": 1,
    "0.0004353465": 150623,
    "0.0008341939999999999": 490981,
    "0.0012330414999999998": 128463,
    "0.0016318889999999999": 15550,
    "0.0020307365": 4714,
    "0.002429584": 218,
    "0.0028284315": 80,
    "0.003227279": 22,
    "0.0036261265": 12,
    "0.004024974": 8
  },
  "latencyPercentiles": {
    "p10": 0.000364836,
    "p25": 0.000466998,
    "p50": 0.00058349,
    "p75": 0.000749566,
    "p90": 0.000956762,
    "p95": 0.001062148,
    "p99": 0.00151875
  },
  "rps": {
    "mean": 79061.63613586899,
    "stddev": 15625.627264558483,
    "max": 98662.4237154817,
    "percentiles": {
      "p10": 55939.56361726087,
      "p25": 62861.201665940396,
      "p50": 84525.7743522393,
      "p75": 93087.96812988752,
      "p90": 96040.81734737399,
      "p95": 96896.15994996385,
      "p99": 97795.62456169758
    }
  },
  "details": {
    "DNSDialup": {
      "average": 0.00086054334,
      "fastest": 0.000087855,
      "slowest": 0.001215197
    },
    "DNSLookup": {
      "average": 0.000007994560000000002,
      "fastest": 0.000003778,
      "slowest": 0.000030427
    }
  },
  "statusCodeDistribution": {
    "200": 790672
  },
  "errorDistribution": {}
}