{
  "summary": {
    "successRate": 1,
    "total": 10.000676241,
    "slowest": 0.00461326,
    "fastest": 0.000039694,
    "average": 0.0006370075095086874,
    "requestsPerSec": 78307.40453224517,
    "totalData": 10180651,
    "sizePerRequest": 13,
    "sizePerSec": 1017996.2589191871
  },
  "responseTimeHistogram": {
    "0.000039694": 1,
    "0.0004970506": 232284,
    "0.0009544072000000001": 463825,
    "0.0014117638": 75714,
    "0.0018691204": 9930,
    "0.002326477": 1269,
    "0.0027838335999999997": 46,
    "0.0032411901999999998": 14,
    "0.0036985468": 27,
    "0.0041559034": 16,
    "0.00461326": 1
  },
  "latencyPercentiles": {
    "p10": 0.000385418,
    "p25": 0.000475999,
    "p50": 0.000584981,
    "p75": 0.000736397,
    "p90": 0.000975629,
    "p95": 0.001105272,
    "p99": 0.001501101
  },
  "rps": {
    "mean": 78308.13925872133,
    "stddev": 11922.489874275541,
    "max": 96721.66618389329,
    "percentiles": {
      "p10": 58966.15483108292,
      "p25": 71723.87633598263,
      "p50": 80453.42912227938,
      "p75": 87572.62315476702,
      "p90": 91798.17389780913,
      "p95": 93430.47565925863,
      "p99": 95560.91502481382
    }
  },
  "details": {
    "DNSDialup": {
      "average": 0.00062136046,
      "fastest": 0.000091912,
      "slowest": 0.001171888
    },
    "DNSLookup": {
      "average": 0.0000071238800000000025,
      "fastest": 0.000003756,
      "slowest": 0.000027972
    }
  },
  "statusCodeDistribution": {
    "200": 783127
  },
  "errorDistribution": {}
}