{
  "summary": {
    "successRate": 1,
    "total": 10.000380257,
    "slowest": 0.004605119,
    "fastest": 0.000043713,
    "average": 0.0006478287779153779,
    "requestsPerSec": 77018.17133012245,
    "totalData": 10012743,
    "sizePerRequest": 13,
    "sizePerSec": 1001236.2272915919
  },
  "responseTimeHistogram": {
    "0.000043713": 1,
    "0.0004998536000000001": 229837,
    "0.0009559942000000001": 446291,
    "0.0014121348": 80732,
    "0.0018682754": 11593,
    "0.002324416": 1631,
    "0.0027805566": 65,
    "0.0032366972000000003": 51,
    "0.0036928378000000003": 9,
    "0.0041489784": 0,
    "0.004605119": 1
  },
  "latencyPercentiles": {
    "p10": 0.000371203,
    "p25": 0.00047602,
    "p50": 0.000595003,
    "p75": 0.000776705,
    "p90": 0.000988069,
    "p95": 0.001096061,
    "p99": 0.001569138
  },
  "rps": {
    "mean": 77018.87216540704,
    "stddev": 15701.610886584263,
    "max": 97680.86335411697,
    "percentiles": {
      "p10": 54513.68820639986,
      "p25": 60865.168335738024,
      "p50": 80901.04443852656,
      "p75": 91576.77064037083,
      "p90": 95041.62039331868,
      "p95": 96044.58551904149,
      "p99": 96911.78153804975
    }
  },
  "details": {
    "DNSDialup": {
      "average": 0.0008893896599999999,
      "fastest": 0.000087774,
      "slowest": 0.001957635
    },
    "DNSLookup": {
      "average": 0.00000877576,
      "fastest": 0.000003637,
      "slowest": 0.0000268
    }
  },
  "statusCodeDistribution": {
    "200": 770211
  },
  "errorDistribution": {}
}