{
  "summary": {
    "successRate": 1,
    "total": 10.000477571,
    "slowest": 0.005334769,
    "fastest": 0.000033953,
    "average": 0.0006527959677893462,
    "requestsPerSec": 76430.64989380997,
    "totalData": 9936459,
    "sizePerRequest": 13,
    "sizePerSec": 993598.4486195295
  },
  "responseTimeHistogram": {
    "0.000033953": 1,
    "0.0005640345999999999": 325723,
    "0.0010941161999999999": 398726,
    "0.0016241977999999998": 34803,
    "0.0021542794": 4929,
    "0.002684361": 109,
    "0.0032144426": 36,
    "0.0037445241999999996": 1,
    "0.004274605799999999": 7,
    "0.0048046873999999995": 7,
    "0.005334769": 1
  },
  "latencyPercentiles": {
    "p10": 0.000387812,
    "p25": 0.00047811,
    "p50": 0.000594816,
    "p75": 0.000800045,
    "p90": 0.0009798,
    "p95": 0.00110412,
    "p99": 0.001534705
  },
  "rps": {
    "mean": 76443.45690158324,
    "stddev": 15898.489853163837,
    "max": 99868.24996202296,
    "percentiles": {
      "p10": 56119.26574393014,
      "p25": 59971.39594687091,
      "p50": 78567.8747870287,
      "p75": 92209.39613746777,
      "p90": 96307.21580057997,
      "p95": 97772.53185151081,
      "p99": 99209.70609300093
    }
  },
  "details": {
    "DNSDialup": {
      "average": 0.0010337648,
      "fastest": 0.000091019,
      "slowest": 0.00229692
    },
    "DNSLookup": {
      "average": 0.00000930252,
      "fastest": 0.000004739,
      "slowest": 0.000033202
    }
  },
  "statusCodeDistribution": {
    "200": 764343
  },
  "errorDistribution": {}
}