{
  "summary": {
    "successRate": 1,
    "total": 10.00053305,
    "slowest": 0.006818297,
    "fastest": 0.000040886,
    "average": 0.0006106289878392224,
    "requestsPerSec": 81717.44405164484,
    "totalData": 10623834,
    "sizePerRequest": 13,
    "sizePerSec": 1062326.7726713829
  },
  "responseTimeHistogram": {
    "0.000040886": 1,
    "0.0007186270999999999": 620518,
    "0.0013963682": 186400,
    "0.0020741093": 10073,
    "0.0027518504": 168,
    "0.0034295915": 49,
    "0.0041073326": 3,
    "0.0047850737": 4,
    "0.0054628148": 1,
    "0.0061405559000000005": 0,
    "0.006818297": 1
  },
  "latencyPercentiles": {
    "p10": 0.000335426,
    "p25": 0.000445999,
    "p50": 0.000583053,
    "p75": 0.000710603,
    "p90": 0.000933747,
    "p95": 0.001047426,
    "p99": 0.001455635
  },
  "rps": {
    "mean": 81710.19466988444,
    "stddev": 14318.417172174253,
    "max": 98791.10304043986,
    "percentiles": {
      "p10": 58646.22618061908,
      "p25": 71321.10391464767,
      "p50": 86922.74768306891,
      "p75": 93662.67644173063,
      "p90": 96300.22149050415,
      "p95": 97193.90183416546,
      "p99": 98099.80969237856
    }
  },
  "details": {
    "DNSDialup": {
      "average": 0.0009459617199999998,
      "fastest": 0.000111717,
      "slowest": 0.002086473
    },
    "DNSLookup": {
      "average": 0.000011070580000000004,
      "fastest": 0.000004338,
      "slowest": 0.000082834
    }
  },
  "statusCodeDistribution": {
    "200": 817218
  },
  "errorDistribution": {}
}