{
  "summary": {
    "successRate": 1,
    "total": 10.000628568,
    "slowest": 0.004227638,
    "fastest": 0.00003865,
    "average": 0.0006365841302109134,
    "requestsPerSec": 78357.17471874013,
    "totalData": 10187073,
    "sizePerRequest": 13,
    "sizePerSec": 1018643.2713436218
  },
  "responseTimeHistogram": {
    "0.00003865": 1,
    "0.00045754879999999995": 182646,
    "0.0008764475999999999": 475774,
    "0.0012953464": 106956,
    "0.0017142452": 14928,
    "0.0021331439999999996": 3058,
    "0.0025520428": 126,
    "0.0029709415999999997": 78,
    "0.0033898403999999996": 22,
    "0.0038087391999999994": 15,
    "0.004227638": 17
  },
  "latencyPercentiles": {
    "p10": 0.00037234,
    "p25": 0.00046591,
    "p50": 0.000582351,
    "p75": 0.000755305,
    "p90": 0.000974503,
    "p95": 0.001100843,
    "p99": 0.001514258
  },
  "rps": {
    "mean": 78355.81215321158,
    "stddev": 11592.37395913429,
    "max": 98250.19507320262,
    "percentiles": {
      "p10": 61025.972653959994,
      "p25": 71634.89335655404,
      "p50": 80739.69971034252,
      "p75": 87405.5185571277,
      "p90": 90671.92096772097,
      "p95": 92837.2691862201,
      "p99": 95207.2355890468
    }
  },
  "details": {
    "DNSDialup": {
      "average": 0.0005456221199999998,
      "fastest": 0.000091181,
      "slowest": 0.000916205
    },
    "DNSLookup": {
      "average": 0.00000724598,
      "fastest": 0.000003607,
      "slowest": 0.000032581
    }
  },
  "statusCodeDistribution": {
    "200": 783621
  },
  "errorDistribution": {}
}