{
  "summary": {
    "successRate": 1,
    "total": 10.000387366,
    "slowest": 0.004400813,
    "fastest": 0.000033202,
    "average": 0.0006449598331461275,
    "requestsPerSec": 77361.10329388615,
    "totalData": 10057333,
    "sizePerRequest": 13,
    "sizePerSec": 1005694.3428205199
  },
  "responseTimeHistogram": {
    "0.000033202": 1,
    "0.0004699630999999999": 163913,
    "0.0009067241999999999": 498464,
    "0.0013434852999999998": 97639,
    "0.0017802463999999998": 11630,
    "0.0022170074999999997": 1864,
    "0.0026537685999999997": 74,
    "0.0030905296999999997": 22,
    "0.0035272907999999996": 11,
    "0.0039640519": 7,
    "0.004400813": 16
  },
  "latencyPercentiles": {
    "p10": 0.000397429,
    "p25": 0.00048987,
    "p50": 0.000587255,
    "p75": 0.000754456,
    "p90": 0.000970636,
    "p95": 0.001106362,
    "p99": 0.001497291
  },
  "rps": {
    "mean": 77360.61609216388,
    "stddev": 14515.731823840577,
    "max": 99369.26612986573,
    "percentiles": {
      "p10": 56009.07628084734,
      "p25": 63198.811341533925,
      "p50": 79091.36154926974,
      "p75": 90843.39589021678,
      "p90": 94923.72265500456,
      "p95": 96499.9092119231,
      "p99": 98132.88117134423
    }
  },
  "details": {
    "DNSDialup": {
      "average": 0.0010461281999999998,
      "fastest": 0.000110837,
      "slowest": 0.001649193
    },
    "DNSLookup": {
      "average": 0.000020169040000000006,
      "fastest": 0.000003476,
      "slowest": 0.00054793
    }
  },
  "statusCodeDistribution": {
    "200": 773641
  },
  "errorDistribution": {}
}