{
  "summary": {
    "successRate": 1,
    "total": 10.002402051,
    "slowest": 0.005171139,
    "fastest": 0.000036129,
    "average": 0.000642594862326315,
    "requestsPerSec": 77607.65824469057,
    "totalData": 10091419,
    "sizePerRequest": 13,
    "sizePerSec": 1008899.5571809773
  },
  "responseTimeHistogram": {
    "0.000036129": 1,
    "0.00054963": 330773,
    "0.001063131": 396289,
    "0.001576632": 42994,
    "0.002090133": 5943,
    "0.002603634": 186,
    "0.003117135": 41,
    "0.003630636": 15,
    "0.004144137": 12,
    "0.0046576379999999995": 0,
    "0.005171139": 9
  },
  "latencyPercentiles": {
    "p10": 0.000378216,
    "p25": 0.000468985,
    "p50": 0.000585379,
    "p75": 0.00076786,
    "p90": 0.000985094,
    "p95": 0.001109707,
    "p99": 0.0015245
  },
  "rps": {
    "mean": 77623.06775680091,
    "stddev": 12834.373109431657,
    "max": 98475.3553114185,
    "percentiles": {
      "p10": 56658.064668813786,
      "p25": 68728.63331750169,
      "p50": 80872.55076529122,
      "p75": 87879.18793624686,
      "p90": 91947.05850454279,
      "p95": 93907.5877330931,
      "p99": 96922.6120453887
    }
  },
  "details": {
    "DNSDialup": {
      "average": 0.0007243064599999999,
      "fastest": 0.000136783,
      "slowest": 0.001095852
    },
    "DNSLookup": {
      "average": 0.00000706134,
      "fastest": 0.000003587,
      "slowest": 0.000024706
    }
  },
  "statusCodeDistribution": {
    "200": 776263
  },
  "errorDistribution": {}
}