{
  "summary": {
    "successRate": 1,
    "total": 10.000786406,
    "slowest": 0.004685507,
    "fastest": 0.000043859,
    "average": 0.000626899453324405,
    "requestsPerSec": 79552.44394807646,
    "totalData": 10342631,
    "sizePerRequest": 13,
    "sizePerSec": 1034181.7713249939
  },
  "responseTimeHistogram": {
    "0.000043859": 1,
    "0.0005080238": 239952,
    "0.0009721886": 487560,
    "0.0014363534": 60391,
    "0.0019005182": 7081,
    "0.002364683": 481,
    "0.0028288477999999996": 65,
    "0.0032930126": 30,
    "0.0037571773999999997": 23,
    "0.0042213422": 1,
    "0.004685507": 2
  },
  "latencyPercentiles": {
    "p10": 0.00038878,
    "p25": 0.000482335,
    "p50": 0.000582562,
    "p75": 0.000709031,
    "p90": 0.00094062,
    "p95": 0.00109676,
    "p99": 0.001429428
  },
  "rps": {
    "mean": 79545.00984523758,
    "stddev": 11243.104463386524,
    "max": 101051.56724570741,
    "percentiles": {
      "p10": 63147.97983507897,
      "p25": 74652.25657960799,
      "p50": 79518.68689142061,
      "p75": 88003.79919818377,
      "p90": 93047.11476908502,
      "p95": 94840.43047550641,
      "p99": 97728.15548159534
    }
  },
  "details": {
    "DNSDialup": {
      "average": 0.0007715680800000003,
      "fastest": 0.000081587,
      "slowest": 0.001759745
    },
    "DNSLookup": {
      "average": 0.000007318079999999999,
      "fastest": 0.000003376,
      "slowest": 0.000029856
    }
  },
  "statusCodeDistribution": {
    "200": 795587
  },
  "errorDistribution": {}
}