{
  "summary": {
    "successRate": 1,
    "total": 10.000506502,
    "slowest": 0.003654045,
    "fastest": 0.000032922,
    "average": 0.0006212200901850063,
    "requestsPerSec": 80321.93167809611,
    "totalData": 10442380,
    "sizePerRequest": 13,
    "sizePerSec": 1044185.1118152495
  },
  "responseTimeHistogram": {
    "0.000032922": 1,
    "0.0003950343": 102776,
    "0.0007571466": 526212,
    "0.0011192588999999998": 144175,
    "0.0014813711999999998": 22781,
    "0.0018434834999999999": 6366,
    "0.0022055957999999997": 842,
    "0.0025677080999999997": 44,
    "0.0029298204": 34,
    "0.0032919327": 11,
    "0.003654045": 18
  },
  "latencyPercentiles": {
    "p10": 0.000369282,
    "p25": 0.000469945,
    "p50": 0.000580451,
    "p75": 0.000716509,
    "p90": 0.000936984,
    "p95": 0.001056273,
    "p99": 0.001456291
  },
  "rps": {
    "mean": 80330.03038304868,
    "stddev": 14526.723829926972,
    "max": 99991.81429736021,
    "percentiles": {
      "p10": 57347.066552173106,
      "p25": 68206.46597297418,
      "p50": 83781.47748685649,
      "p75": 93389.07449926382,
      "p90": 96379.44557699029,
      "p95": 97418.80182875325,
      "p99": 98930.91591121661
    }
  },
  "details": {
    "DNSDialup": {
      "average": 0.0008249846,
      "fastest": 0.000105949,
      "slowest": 0.001094245
    },
    "DNSLookup": {
      "average": 0.000006716300000000001,
      "fastest": 0.000003887,
      "slowest": 0.000026599
    }
  },
  "statusCodeDistribution": {
    "200": 803260
  },
  "errorDistribution": {}
}