{
  "summary": {
    "successRate": 1,
    "total": 10.000489868,
    "slowest": 0.00460431,
    "fastest": 0.000038169,
    "average": 0.000675499783897158,
    "requestsPerSec": 73854.28211505288,
    "totalData": 9601527,
    "sizePerRequest": 13,
    "sizePerSec": 960105.6674956875
  },
  "responseTimeHistogram": {
    "0.000038169": 1,
    "0.0004947831": 197900,
    "0.0009513972": 429281,
    "0.0014080113000000001": 95461,
    "0.0018646254": 13905,
    "0.0023212395": 1883,
    "0.0027778536": 78,
    "0.0032344677": 44,
    "0.0036910818": 24,
    "0.004147695900000001": 1,
    "0.00460431": 1
  },
  "latencyPercentiles": {
    "p10": 0.000393391,
    "p25": 0.000485964,
    "p50": 0.000610866,
    "p75": 0.0008433,
    "p90": 0.00101645,
    "p95": 0.001140373,
    "p99": 0.001622359
  },
  "rps": {
    "mean": 73816.08804377975,
    "stddev": 16061.278053244598,
    "max": 98831.48839518474,
    "percentiles": {
      "p10": 54006.469427876786,
      "p25": 57024.29937917548,
      "p50": 75608.89916743124,
      "p75": 89772.8064396723,
      "p90": 93919.86405124907,
      "p95": 95312.30481855213,
      "p99": 97025.24596899799
    }
  },
  "details": {
    "DNSDialup": {
      "average": 0.0010293095799999998,
      "fastest": 0.000132977,
      "slowest": 0.001787297
    },
    "DNSLookup": {
      "average": 0.0000098662,
      "fastest": 0.000004349,
      "slowest": 0.000036568
    }
  },
  "statusCodeDistribution": {
    "200": 738579
  },
  "errorDistribution": {}
}