{
  "summary": {
    "successRate": 1,
    "total": 10.000608521,
    "slowest": 0.005002659,
    "fastest": 0.00003938,
    "average": 0.0006375188816804848,
    "requestsPerSec": 78260.43768801977,
    "totalData": 10174476,
    "sizePerRequest": 13,
    "sizePerSec": 1017385.6899442569
  },
  "responseTimeHistogram": {
    "0.00003938": 1,
    "0.0005357078999999999": 294710,
    "0.0010320358": 438150,
    "0.0015283637": 43117,
    "0.0020246915999999997": 6403,
    "0.0025210194999999995": 98,
    "0.0030173474": 114,
    "0.0035136752999999996": 21,
    "0.0040100032": 28,
    "0.0045063311": 9,
    "0.005002659": 1
  },
  "latencyPercentiles": {
    "p10": 0.000389644,
    "p25": 0.000476989,
    "p50": 0.000583741,
    "p75": 0.000754524,
    "p90": 0.0009535,
    "p95": 0.001079959,
    "p99": 0.00149149
  },
  "rps": {
    "mean": 78271.8899881984,
    "stddev": 13951.514758229547,
    "max": 99863.4765110506,
    "percentiles": {
      "p10": 58073.846703462084,
      "p25": 66218.17026592017,
      "p50": 80232.32717721826,
      "p75": 90318.18104984345,
      "p90": 95506.0550838864,
      "p95": 97003.13320119663,
      "p99": 98815.3064909802
    }
  },
  "details": {
    "DNSDialup": {
      "average": 0.0009540028,
      "fastest": 0.000095731,
      "slowest": 0.00181652
    },
    "DNSLookup": {
      "average": 0.00000812606,
      "fastest": 0.000003476,
      "slowest": 0.00003742
    }
  },
  "statusCodeDistribution": {
    "200": 782652
  },
  "errorDistribution": {}
}