{
  "summary": {
    "successRate": 1,
    "total": 10.000189683,
    "slowest": 0.005190793,
    "fastest": 0.000036906,
    "average": 0.0006621150684226575,
    "requestsPerSec": 75340.57091744867,
    "totalData": 9794460,
    "sizePerRequest": 13,
    "sizePerSec": 979427.4219268326
  },
  "responseTimeHistogram": {
    "0.000036906": 1,
    "0.0005522947": 252861,
    "0.0010676834": 448026,
    "0.0015830720999999999": 46533,
    "0.0020984608": 5677,
    "0.0026138495000000003": 192,
    "0.0031292382": 103,
    "0.0036446269": 11,
    "0.0041600156": 6,
    "0.0046754043": 0,
    "0.005190793": 10
  },
  "latencyPercentiles": {
    "p10": 0.000412953,
    "p25": 0.000513902,
    "p50": 0.000593914,
    "p75": 0.000782026,
    "p90": 0.000995272,
    "p95": 0.001137065,
    "p99": 0.00152022
  },
  "rps": {
    "mean": 75339.96187243951,
    "stddev": 13750.010318524102,
    "max": 98031.31120079783,
    "percentiles": {
      "p10": 55771.88996616658,
      "p25": 62275.73351953381,
      "p50": 79162.78400399406,
      "p75": 85970.44418195942,
      "p90": 92922.24558559533,
      "p95": 94717.44963755386,
      "p99": 97011.11747406251
    }
  },
  "details": {
    "DNSDialup": {
      "average": 0.0008295699599999999,
      "fastest": 0.000085063,
      "slowest": 0.00191956
    },
    "DNSLookup": {
      "average": 0.000009306300000000001,
      "fastest": 0.000003577,
      "slowest": 0.000044984
    }
  },
  "statusCodeDistribution": {
    "200": 753420
  },
  "errorDistribution": {}
}