{
  "summary": {
    "successRate": 1,
    "total": 10.000398359,
    "slowest": 0.004253935,
    "fastest": 0.000034136,
    "average": 0.0006725821977874735,
    "requestsPerSec": 74183.24484367673,
    "totalData": 9644206,
    "sizePerRequest": 13,
    "sizePerSec": 964382.1829677975
  },
  "responseTimeHistogram": {
    "0.000034136": 1,
    "0.00045611590000000003": 137520,
    "0.0008780958000000001": 446296,
    "0.0013000757": 136816,
    "0.0017220556": 16519,
    "0.0021440355000000005": 4487,
    "0.0025660154": 108,
    "0.0029879953000000003": 73,
    "0.0034099752000000005": 21,
    "0.0038319551000000006": 8,
    "0.004253935": 13
  },
  "latencyPercentiles": {
    "p10": 0.000397821,
    "p25": 0.000489566,
    "p50": 0.000603956,
    "p75": 0.000835713,
    "p90": 0.001008286,
    "p95": 0.001132599,
    "p99": 0.001614642
  },
  "rps": {
    "mean": 74203.45342791438,
    "stddev": 16065.42061820398,
    "max": 99448.72987762865,
    "percentiles": {
      "p10": 54100.627567280004,
      "p25": 58009.200259161036,
      "p50": 76951.88865852517,
      "p75": 89770.72137429177,
      "p90": 94732.49324518537,
      "p95": 96338.34266037888,
      "p99": 98312.58401075758
    }
  },
  "details": {
    "DNSDialup": {
      "average": 0.0009320218000000002,
      "fastest": 0.00011504,
      "slowest": 0.001456419
    },
    "DNSLookup": {
      "average": 0.000007792740000000004,
      "fastest": 0.000004178,
      "slowest": 0.000029536
    }
  },
  "statusCodeDistribution": {
    "200": 741862
  },
  "errorDistribution": {}
}