{
  "summary": {
    "successRate": 1,
    "total": 10.000609671,
    "slowest": 0.005291047,
    "fastest": 0.000038173,
    "average": 0.0006230949608458141,
    "requestsPerSec": 80058.11908864771,
    "totalData": 10408190,
    "sizePerRequest": 13,
    "sizePerSec": 1040755.5481524203
  },
  "responseTimeHistogram": {
    "0.000038173": 1,
    "0.0005634604": 381400,
    "0.0010887478000000002": 381575,
    "0.0016140352000000003": 33135,
    "0.0021393226": 4384,
    "0.0026646100000000004": 79,
    "0.0031898974000000003": 31,
    "0.0037151848": 13,
    "0.0042404722": 0,
    "0.004765759600000001": 0,
    "0.005291047000000001": 12
  },
  "latencyPercentiles": {
    "p10": 0.000377653,
    "p25": 0.000465427,
    "p50": 0.000572698,
    "p75": 0.000720369,
    "p90": 0.000950672,
    "p95": 0.00107637,
    "p99": 0.001478768
  },
  "rps": {
    "mean": 80042.211147325,
    "stddev": 12574.881656035086,
    "max": 100025.99052613821,
    "percentiles": {
      "p10": 59842.05906401198,
      "p25": 72132.25754557976,
      "p50": 82611.56953449694,
      "p75": 89705.55277371593,
      "p90": 94289.3518764301,
      "p95": 96137.44553503665,
      "p99": 98086.93258722057
    }
  },
  "details": {
    "DNSDialup": {
      "average": 0.0006943436200000001,
      "fastest": 0.000085278,
      "slowest": 0.001093596
    },
    "DNSLookup": {
      "average": 0.000007216880000000002,
      "fastest": 0.000003487,
      "slowest": 0.00003226
    }
  },
  "statusCodeDistribution": {
    "200": 800630
  },
  "errorDistribution": {}
}