{
  "summary": {
    "successRate": 1,
    "total": 10.000322437,
    "slowest": 0.003844332,
    "fastest": 0.000042781,
    "average": 0.0006476403520377844,
    "requestsPerSec": 77041.5158964739,
    "totalData": 10015720,
    "sizePerRequest": 13,
    "sizePerSec": 1001539.7066541606
  },
  "responseTimeHistogram": {
    "0.000042781": 1,
    "0.0004229361": 115305,
    "0.0008030912": 472668,
    "0.0011832462999999999": 154715,
    "0.0015634014": 20604,
    "0.0019435565": 6394,
    "0.0023237115999999998": 601,
    "0.0027038667": 101,
    "0.0030840218": 17,
    "0.0034641769": 22,
    "0.0038443320000000002": 12
  },
  "latencyPercentiles": {
    "p10": 0.00038538,
    "p25": 0.00047501,
    "p50": 0.000589262,
    "p75": 0.000784767,
    "p90": 0.000978589,
    "p95": 0.001097162,
    "p99": 0.001544257
  },
  "rps": {
    "mean": 77024.87201616495,
    "stddev": 15519.000516087302,
    "max": 100032.57084611559,
    "percentiles": {
      "p10": 56221.64677713111,
      "p25": 61404.758868814715,
      "p50": 78516.00156111881,
      "p75": 91759.71722396942,
      "p90": 96037.49303728112,
      "p95": 97396.33471466765,
      "p99": 99051.13019340688
    }
  },
  "details": {
    "DNSDialup": {
      "average": 0.0010381712199999998,
      "fastest": 0.00010706,
      "slowest": 0.001465991
    },
    "DNSLookup": {
      "average": 0.000010794119999999997,
      "fastest": 0.000004538,
      "slowest": 0.000070852
    }
  },
  "statusCodeDistribution": {
    "200": 770440
  },
  "errorDistribution": {}
}