{
  "summary": {
    "successRate": 1,
    "total": 10.000351524,
    "slowest": 0.004188582,
    "fastest": 0.000044444,
    "average": 0.0006639827497764456,
    "requestsPerSec": 75142.55855872453,
    "totalData": 9768876,
    "sizePerRequest": 13,
    "sizePerSec": 976853.2612634188
  },
  "responseTimeHistogram": {
    "0.000044444": 1,
    "0.0004588577999999999": 150167,
    "0.0008732715999999999": 442847,
    "0.0012876853999999997": 138324,
    "0.0017020991999999997": 14897,
    "0.0021165129999999996": 5053,
    "0.002530926799999999": 105,
    "0.002945340599999999": 39,
    "0.0033597543999999992": 16,
    "0.0037741681999999993": 2,
    "0.004188582": 1
  },
  "latencyPercentiles": {
    "p10": 0.000383649,
    "p25": 0.000483954,
    "p50": 0.000603551,
    "p75": 0.000817099,
    "p90": 0.00100901,
    "p95": 0.001106915,
    "p99": 0.001604192
  },
  "rps": {
    "mean": 75114.10511027438,
    "stddev": 16271.380425741496,
    "max": 98154.80048954459,
    "percentiles": {
      "p10": 53201.47649626957,
      "p25": 57056.4945532676,
      "p50": 78100.75757734694,
      "p75": 90346.43349941693,
      "p90": 94447.94177525441,
      "p95": 95800.3700477011,
      "p99": 97025.91562207181
    }
  },
  "details": {
    "DNSDialup": {
      "average": 0.0009368695800000002,
      "fastest": 0.000090448,
      "slowest": 0.00211605
    },
    "DNSLookup": {
      "average": 0.000008632140000000001,
      "fastest": 0.000003898,
      "slowest": 0.000030337
    }
  },
  "statusCodeDistribution": {
    "200": 751452
  },
  "errorDistribution": {}
}