{
  "summary": {
    "successRate": 1,
    "total": 10.000386423,
    "slowest": 0.009328768,
    "fastest": 0.000042819,
    "average": 0.00065086800448365,
    "requestsPerSec": 76654.13790780673,
    "totalData": 9965423,
    "sizePerRequest": 13,
    "sizePerSec": 996503.7928014874
  },
  "responseTimeHistogram": {
    "0.000042819": 1,
    "0.0009714139": 689118,
    "0.0019000088": 76657,
    "0.0028286037": 676,
    "0.0037571986": 97,
    "0.0046857935": 18,
    "0.005614388400000001": 1,
    "0.0065429833": 1,
    "0.0074715782000000005": 0,
    "0.0084001731": 0,
    "0.009328768": 2
  },
  "latencyPercentiles": {
    "p10": 0.000420089,
    "p25": 0.000520341,
    "p50": 0.000587337,
    "p75": 0.000738871,
    "p90": 0.000973799,
    "p95": 0.001130597,
    "p99": 0.001464861
  },
  "rps": {
    "mean": 76652.9562626588,
    "stddev": 13128.35697170143,
    "max": 99094.67987579509,
    "percentiles": {
      "p10": 57435.82272263217,
      "p25": 65400.55590472611,
      "p50": 79646.07525452877,
      "p75": 85731.72931301886,
      "p90": 93824.72576860756,
      "p95": 95615.85310844703,
      "p99": 97735.98639018666
    }
  },
  "details": {
    "DNSDialup": {
      "average": 0.0010525392600000002,
      "fastest": 0.000106408,
      "slowest": 0.001845373
    },
    "DNSLookup": {
      "average": 0.000027647519999999997,
      "fastest": 0.000003737,
      "slowest": 0.0009773
    }
  },
  "statusCodeDistribution": {
    "200": 766571
  },
  "errorDistribution": {}
}