{
  "summary": {
    "successRate": 1,
    "total": 10.000204189,
    "slowest": 0.005563057,
    "fastest": 0.000037569,
    "average": 0.0006450511372613173,
    "requestsPerSec": 77349.42060991551,
    "totalData": 10055630,
    "sizePerRequest": 13,
    "sizePerSec": 1005542.4679289017
  },
  "responseTimeHistogram": {
    "0.000037569": 1,
    "0.0005901178": 379641,
    "0.0011426666": 364635,
    "0.0016952154": 26679,
    "0.0022477642": 2381,
    "0.002800313": 111,
    "0.0033528618": 38,
    "0.0039054105999999996": 19,
    "0.0044579594": 2,
    "0.0050105082": 0,
    "0.005563057000000001": 3
  },
  "latencyPercentiles": {
    "p10": 0.000395313,
    "p25": 0.000487284,
    "p50": 0.000593895,
    "p75": 0.000764675,
    "p90": 0.000955574,
    "p95": 0.001073334,
    "p99": 0.001479265
  },
  "rps": {
    "mean": 77347.24654145894,
    "stddev": 12853.861524551021,
    "max": 101139.20433216155,
    "percentiles": {
      "p10": 60634.28869025458,
      "p25": 67404.07257011281,
      "p50": 77200.50180325004,
      "p75": 88376.23333887864,
      "p90": 95179.9987889756,
      "p95": 97219.1327253253,
      "p99": 99151.1123984411
    }
  },
  "details": {
    "DNSDialup": {
      "average": 0.0007278749800000001,
      "fastest": 0.000100198,
      "slowest": 0.001054749
    },
    "DNSLookup": {
      "average": 0.000006517040000000001,
      "fastest": 0.000003697,
      "slowest": 0.000025407
    }
  },
  "statusCodeDistribution": {
    "200": 773510
  },
  "errorDistribution": {}
}