{
  "summary": {
    "successRate": 1,
    "total": 10.00065774,
    "slowest": 0.003784178,
    "fastest": 0.000043389,
    "average": 0.0006382732682304231,
    "requestsPerSec": 78152.65958696834,
    "totalData": 10160514,
    "sizePerRequest": 13,
    "sizePerSec": 1015984.5746305883
  },
  "responseTimeHistogram": {
    "0.000043389": 1,
    "0.0004174679": 126134,
    "0.0007915468": 481270,
    "0.0011656257": 144262,
    "0.0015397046": 22953,
    "0.0019137835": 5998,
    "0.0022878624": 831,
    "0.0026619413000000002": 56,
    "0.0030360202": 44,
    "0.0034100991": 15,
    "0.003784178": 14
  },
  "latencyPercentiles": {
    "p10": 0.000372426,
    "p25": 0.00046566,
    "p50": 0.000584672,
    "p75": 0.000759186,
    "p90": 0.000976793,
    "p95": 0.00110031,
    "p99": 0.001511255
  },
  "rps": {
    "mean": 78148.04209280437,
    "stddev": 11954.343521391687,
    "max": 97646.22572325953,
    "percentiles": {
      "p10": 59403.0295545086,
      "p25": 71008.86190596902,
      "p50": 81036.4562757633,
      "p75": 87571.98417098851,
      "p90": 91554.59909603596,
      "p95": 93309.13436355002,
      "p99": 95503.60048573288
    }
  },
  "details": {
    "DNSDialup": {
      "average": 0.0007943459599999999,
      "fastest": 0.000085765,
      "slowest": 0.001719583
    },
    "DNSLookup": {
      "average": 0.00000834912,
      "fastest": 0.000003447,
      "slowest": 0.000032912
    }
  },
  "statusCodeDistribution": {
    "200": 781578
  },
  "errorDistribution": {}
}