{
  "summary": {
    "successRate": 1,
    "total": 10.000300409,
    "slowest": 0.003748627,
    "fastest": 0.000037437,
    "average": 0.0006535056772101104,
    "requestsPerSec": 76339.00670753341,
    "totalData": 9924369,
    "sizePerRequest": 13,
    "sizePerSec": 992407.0871979343
  },
  "responseTimeHistogram": {
    "0.000037437": 1,
    "0.000408556": 96580,
    "0.000779675": 466748,
    "0.001150794": 169600,
    "0.001521913": 21582,
    "0.001893032": 7868,
    "0.002264151": 932,
    "0.00263527": 51,
    "0.003006389": 19,
    "0.003377508": 24,
    "0.003748627": 8
  },
  "latencyPercentiles": {
    "p10": 0.000386391,
    "p25": 0.00047655,
    "p50": 0.000596731,
    "p75": 0.000795707,
    "p90": 0.000987139,
    "p95": 0.001103337,
    "p99": 0.001559896
  },
  "rps": {
    "mean": 76333.47061861759,
    "stddev": 14853.249471357503,
    "max": 98322.07733595277,
    "percentiles": {
      "p10": 55714.435610267166,
      "p25": 61144.50096780567,
      "p50": 79200.28512102709,
      "p75": 89901.86096852223,
      "p90": 94114.6410442643,
      "p95": 96060.49479997226,
      "p99": 97470.9654212377
    }
  },
  "details": {
    "DNSDialup": {
      "average": 0.0009829390199999999,
      "fastest": 0.00009346,
      "slowest": 0.001950612
    },
    "DNSLookup": {
      "average": 0.0000089787,
      "fastest": 0.000004158,
      "slowest": 0.000025498
    }
  },
  "statusCodeDistribution": {
    "200": 763413
  },
  "errorDistribution": {}
}