{
  "summary": {
    "successRate": 1,
    "total": 10.00047718,
    "slowest": 0.011934473,
    "fastest": 0.000039316,
    "average": 0.0006432565920754501,
    "requestsPerSec": 77572.89837643527,
    "totalData": 10084958,
    "sizePerRequest": 13,
    "sizePerSec": 1008447.6788936584
  },
  "responseTimeHistogram": {
    "0.000039316": 1,
    "0.0012288317": 756874,
    "0.0024183474": 18495,
    "0.0036078631": 180,
    "0.0047973788": 90,
    "0.0059868945": 16,
    "0.0071764101999999995": 12,
    "0.0083659259": 12,
    "0.009555441599999999": 75,
    "0.010744957299999998": 7,
    "0.011934473": 4
  },
  "latencyPercentiles": {
    "p10": 0.000413626,
    "p25": 0.000510613,
    "p50": 0.000591647,
    "p75": 0.000688982,
    "p90": 0.00097822,
    "p95": 0.001130473,
    "p99": 0.001478851
  },
  "rps": {
    "mean": 77567.53089038006,
    "stddev": 14352.945863192834,
    "max": 99405.04018803785,
    "percentiles": {
      "p10": 55170.088079895286,
      "p25": 70805.28915509999,
      "p50": 78517.6743284909,
      "p75": 89910.16884009662,
      "p90": 95149.29881511263,
      "p95": 96562.74800097049,
      "p99": 98268.13912766408
    }
  },
  "details": {
    "DNSDialup": {
      "average": 0.00096367206,
      "fastest": 0.000091361,
      "slowest": 0.001802639
    },
    "DNSLookup": {
      "average": 0.000008228899999999998,
      "fastest": 0.000003566,
      "slowest": 0.000031879
    }
  },
  "statusCodeDistribution": {
    "200": 775766
  },
  "errorDistribution": {}
}