{
  "summary": {
    "successRate": 1,
    "total": 10.000431634,
    "slowest": 0.005312552,
    "fastest": 0.000035626,
    "average": 0.0006553567306550353,
    "requestsPerSec": 76136.61368488887,
    "totalData": 9898187,
    "sizePerRequest": 13,
    "sizePerSec": 989775.9779035554
  },
  "responseTimeHistogram": {
    "0.000035626": 1,
    "0.0005633185999999999": 242085,
    "0.0010910111999999999": 474639,
    "0.0016187037999999998": 40094,
    "0.0021463963999999998": 4421,
    "0.0026740889999999997": 96,
    "0.0032017815999999997": 33,
    "0.0037294741999999996": 12,
    "0.0042571668": 16,
    "0.0047848594": 0,
    "0.005312552": 2
  },
  "latencyPercentiles": {
    "p10": 0.000404496,
    "p25": 0.000530421,
    "p50": 0.000602224,
    "p75": 0.000730894,
    "p90": 0.000980409,
    "p95": 0.001139917,
    "p99": 0.001472421
  },
  "rps": {
    "mean": 76131.54659252877,
    "stddev": 13470.32302327989,
    "max": 98490.83131683177,
    "percentiles": {
      "p10": 55473.12467294383,
      "p25": 66724.92239971872,
      "p50": 77311.94770027796,
      "p75": 87203.12187175984,
      "p90": 93810.50677675963,
      "p95": 95412.24296262245,
      "p99": 96894.9040995972
    }
  },
  "details": {
    "DNSDialup": {
      "average": 0.0011818435000000003,
      "fastest": 0.000132507,
      "slowest": 0.002514347
    },
    "DNSLookup": {
      "average": 0.000011720059999999999,
      "fastest": 0.000003968,
      "slowest": 0.000045775
    }
  },
  "statusCodeDistribution": {
    "200": 761399
  },
  "errorDistribution": {}
}