{
  "summary": {
    "successRate": 1,
    "total": 10.000265934,
    "slowest": 0.006517636,
    "fastest": 0.000039286,
    "average": 0.000624903265243208,
    "requestsPerSec": 79844.97665059794,
    "totalData": 10380123,
    "sizePerRequest": 13,
    "sizePerSec": 1037984.6964577732
  },
  "responseTimeHistogram": {
    "0.000039286": 1,
    "0.0006871210000000001": 556639,
    "0.001334956": 227728,
    "0.0019827910000000002": 13804,
    "0.002630626": 250,
    "0.0032784610000000003": 39,
    "0.003926296": 0,
    "0.004574131": 9,
    "0.005221966000000001": 0,
    "0.005869801000000001": 0,
    "0.006517636000000001": 1
  },
  "latencyPercentiles": {
    "p10": 0.000369453,
    "p25": 0.000463594,
    "p50": 0.000576281,
    "p75": 0.000743127,
    "p90": 0.000940028,
    "p95": 0.001049093,
    "p99": 0.00148379
  },
  "rps": {
    "mean": 79837.25809372599,
    "stddev": 15570.400781492111,
    "max": 99665.82399796952,
    "percentiles": {
      "p10": 56908.769822090915,
      "p25": 63711.11217964075,
      "p50": 85166.16559404986,
      "p75": 93808.23594262301,
      "p90": 96675.9130558524,
      "p95": 97702.53988328749,
      "p99": 98780.32816286024
    }
  },
  "details": {
    "DNSDialup": {
      "average": 0.0009949854599999998,
      "fastest": 0.000101972,
      "slowest": 0.002032802
    },
    "DNSLookup": {
      "average": 0.00004790676,
      "fastest": 0.000004719,
      "slowest": 0.001932084
    }
  },
  "statusCodeDistribution": {
    "200": 798471
  },
  "errorDistribution": {}
}