{
  "summary": {
    "successRate": 1,
    "total": 10.000647573,
    "slowest": 0.004636532,
    "fastest": 0.000033933,
    "average": 0.0006418204408193184,
    "requestsPerSec": 77712.06757632634,
    "totalData": 10103223,
    "sizePerRequest": 13,
    "sizePerSec": 1010256.8784922424
  },
  "responseTimeHistogram": {
    "0.000033933": 1,
    "0.0004941928999999999": 220989,
    "0.0009544527999999999": 466750,
    "0.0014147126999999998": 77915,
    "0.0018749726": 10164,
    "0.0023352324999999998": 1236,
    "0.0027954923999999994": 68,
    "0.0032557522999999994": 23,
    "0.0037160121999999995": 17,
    "0.0041762721": 5,
    "0.004636532": 3
  },
  "latencyPercentiles": {
    "p10": 0.000387333,
    "p25": 0.000478398,
    "p50": 0.000587993,
    "p75": 0.000747987,
    "p90": 0.000980893,
    "p95": 0.001111966,
    "p99": 0.001518534
  },
  "rps": {
    "mean": 77711.77618446574,
    "stddev": 12117.77052604355,
    "max": 97863.18345927286,
    "percentiles": {
      "p10": 57650.79247743931,
      "p25": 70700.72732622137,
      "p50": 79564.79757114199,
      "p75": 87225.4669288279,
      "p90": 91745.2419730506,
      "p95": 93333.55097809645,
      "p99": 95417.23367680905
    }
  },
  "details": {
    "DNSDialup": {
      "average": 0.0008901727400000002,
      "fastest": 0.000119493,
      "slowest": 0.001713685
    },
    "DNSLookup": {
      "average": 0.000009737620000000001,
      "fastest": 0.000003356,
      "slowest": 0.000130073
    }
  },
  "statusCodeDistribution": {
    "200": 777171
  },
  "errorDistribution": {}
}