{
  "summary": {
    "successRate": 1,
    "total": 10.00041374,
    "slowest": 0.012468071,
    "fastest": 0.000034294,
    "average": 0.0006569133419354559,
    "requestsPerSec": 75943.35791950944,
    "totalData": 9873045,
    "sizePerRequest": 13,
    "sizePerSec": 987263.6529536226
  },
  "responseTimeHistogram": {
    "0.000034294": 1,
    "0.0012776717": 741566,
    "0.0025210493999999997": 17712,
    "0.0037644270999999995": 151,
    "0.0050078048": 32,
    "0.0062511825": 1,
    "0.007494560199999999": 0,
    "0.008737937900000001": 0,
    "0.0099813156": 0,
    "0.0112246933": 1,
    "0.012468071": 1
  },
  "latencyPercentiles": {
    "p10": 0.000408049,
    "p25": 0.000509388,
    "p50": 0.000594031,
    "p75": 0.000771102,
    "p90": 0.000982733,
    "p95": 0.001133254,
    "p99": 0.001493484
  },
  "rps": {
    "mean": 75937.75181329153,
    "stddev": 13625.47288886465,
    "max": 100722.91996646978,
    "percentiles": {
      "p10": 56923.92032107291,
      "p25": 63090.83083602958,
      "p50": 78940.8045018489,
      "p75": 86807.90820043789,
      "p90": 93704.3291400065,
      "p95": 95918.16690081042,
      "p99": 98101.87374578883
    }
  },
  "details": {
    "DNSDialup": {
      "average": 0.0006211509199999999,
      "fastest": 0.00009103,
      "slowest": 0.00114753
    },
    "DNSLookup": {
      "average": 0.000008672939999999999,
      "fastest": 0.000004238,
      "slowest": 0.000033082
    }
  },
  "statusCodeDistribution": {
    "200": 759465
  },
  "errorDistribution": {}
}