{
  "summary": {
    "successRate": 1,
    "total": 10.000211486,
    "slowest": 0.004004607,
    "fastest": 0.000032491,
    "average": 0.0006155398294953808,
    "requestsPerSec": 81052.9858428236,
    "totalData": 10537111,
    "sizePerRequest": 13,
    "sizePerSec": 1053688.8159567069
  },
  "responseTimeHistogram": {
    "0.000032491": 1,
    "0.00042970260000000006": 150498,
    "0.0008269142000000001": 517643,
    "0.0012241258000000002": 124165,
    "0.0016213374000000002": 14983,
    "0.002018549": 3079,
    "0.0024157606000000005": 64,
    "0.0028129722000000005": 82,
    "0.0032101838000000004": 15,
    "0.0036073954000000004": 14,
    "0.004004607": 3
  },
  "latencyPercentiles": {
    "p10": 0.000373105,
    "p25": 0.000460273,
    "p50": 0.000568082,
    "p75": 0.000726733,
    "p90": 0.000919957,
    "p95": 0.001042798,
    "p99": 0.001428872
  },
  "rps": {
    "mean": 81035.2374342304,
    "stddev": 14759.323878164676,
    "max": 102816.84733562559,
    "percentiles": {
      "p10": 59204.08508186943,
      "p25": 67745.77582072029,
      "p50": 82569.2082145296,
      "p75": 94429.77824974903,
      "p90": 98533.13669386602,
      "p95": 99658.20038902966,
      "p99": 101153.66769543257
    }
  },
  "details": {
    "DNSDialup": {
      "average": 0.00082174646,
      "fastest": 0.000102051,
      "slowest": 0.00124586
    },
    "DNSLookup": {
      "average": 0.000006551040000000001,
      "fastest": 0.000003417,
      "slowest": 0.000020928
    }
  },
  "statusCodeDistribution": {
    "200": 810547
  },
  "errorDistribution": {}
}