{
  "summary": {
    "successRate": 1,
    "total": 10.000723699,
    "slowest": 0.005461356,
    "fastest": 0.000040933,
    "average": 0.0006512222108270857,
    "requestsPerSec": 76585.65750362503,
    "totalData": 9956856,
    "sizePerRequest": 13,
    "sizePerSec": 995613.5475471254
  },
  "responseTimeHistogram": {
    "0.000040933": 1,
    "0.0005829753": 357950,
    "0.0011250175999999998": 369710,
    "0.0016670598999999997": 33811,
    "0.0022091021999999997": 4272,
    "0.0027511445": 99,
    "0.0032931867999999994": 37,
    "0.0038352290999999995": 7,
    "0.0043772713999999996": 2,
    "0.0049193137": 9,
    "0.005461356": 14
  },
  "latencyPercentiles": {
    "p10": 0.000387404,
    "p25": 0.000481606,
    "p50": 0.000596875,
    "p75": 0.000769087,
    "p90": 0.000987847,
    "p95": 0.001124761,
    "p99": 0.001550987
  },
  "rps": {
    "mean": 76555.06251969073,
    "stddev": 12156.801372835025,
    "max": 98014.80023483465,
    "percentiles": {
      "p10": 57945.17985673346,
      "p25": 68100.64695615268,
      "p50": 78337.89820220596,
      "p75": 85838.1121217829,
      "p90": 91096.3145163036,
      "p95": 93688.19147020197,
      "p99": 96356.51309493538
    }
  },
  "details": {
    "DNSDialup": {
      "average": 0.00070060198,
      "fastest": 0.000077094,
      "slowest": 0.001059053
    },
    "DNSLookup": {
      "average": 0.000008091920000000003,
      "fastest": 0.000003256,
      "slowest": 0.000033072
    }
  },
  "statusCodeDistribution": {
    "200": 765912
  },
  "errorDistribution": {}
}