{
  "summary": {
    "successRate": 1,
    "total": 10.000404081,
    "slowest": 0.004598424,
    "fastest": 0.000038609,
    "average": 0.0006710282594157767,
    "requestsPerSec": 74358.69530640419,
    "totalData": 9667021,
    "sizePerRequest": 13,
    "sizePerSec": 966663.0389832546
  },
  "responseTimeHistogram": {
    "0.000038609": 1,
    "0.0004945905": 152078,
    "0.000950572": 489222,
    "0.0014065535": 89490,
    "0.001862535": 10854,
    "0.0023185165000000002": 1795,
    "0.0027744980000000002": 81,
    "0.0032304795000000002": 22,
    "0.0036864610000000003": 12,
    "0.0041424425": 35,
    "0.004598424": 27
  },
  "latencyPercentiles": {
    "p10": 0.000416693,
    "p25": 0.00052322,
    "p50": 0.000608099,
    "p75": 0.000778273,
    "p90": 0.001006795,
    "p95": 0.001162737,
    "p99": 0.00155304
  },
  "rps": {
    "mean": 74355.58462544745,
    "stddev": 14919.32949746222,
    "max": 98672.71672335139,
    "percentiles": {
      "p10": 53884.500529813835,
      "p25": 59237.78185727066,
      "p50": 77018.2152586012,
      "p75": 87343.23490127512,
      "p90": 93692.78396396182,
      "p95": 96129.31944242456,
      "p99": 97770.15918505045
    }
  },
  "details": {
    "DNSDialup": {
      "average": 0.0010833607600000004,
      "fastest": 0.000114715,
      "slowest": 0.00158124
    },
    "DNSLookup": {
      "average": 0.000011474499999999998,
      "fastest": 0.000004769,
      "slowest": 0.000109395
    }
  },
  "statusCodeDistribution": {
    "200": 743617
  },
  "errorDistribution": {}
}