{
  "summary": {
    "successRate": 1,
    "total": 10.000354165,
    "slowest": 0.00438773,
    "fastest": 0.000038028,
    "average": 0.0006621714179397773,
    "requestsPerSec": 75351.73130540823,
    "totalData": 9796072,
    "sizePerRequest": 13,
    "sizePerSec": 979572.506970307
  },
  "responseTimeHistogram": {
    "0.000038028": 1,
    "0.00047299820000000004": 163327,
    "0.0009079684": 466839,
    "0.0013429386": 106794,
    "0.0017779088000000002": 13946,
    "0.002212879": 2527,
    "0.0026478492": 47,
    "0.0030828194000000002": 34,
    "0.0035177896": 14,
    "0.0039527598": 8,
    "0.00438773": 7
  },
  "latencyPercentiles": {
    "p10": 0.000394566,
    "p25": 0.000490272,
    "p50": 0.000605271,
    "p75": 0.000803435,
    "p90": 0.000989345,
    "p95": 0.001109765,
    "p99": 0.001567592
  },
  "rps": {
    "mean": 75351.64116132945,
    "stddev": 15195.443564360585,
    "max": 97988.98237636658,
    "percentiles": {
      "p10": 55457.46036722065,
      "p25": 59889.13899448095,
      "p50": 77096.40905952327,
      "p75": 90329.04982242156,
      "p90": 94638.29065239926,
      "p95": 95932.95553447689,
      "p99": 97113.0811320261
    }
  },
  "details": {
    "DNSDialup": {
      "average": 0.00104713688,
      "fastest": 0.000093154,
      "slowest": 0.002051153
    },
    "DNSLookup": {
      "average": 0.000016221879999999997,
      "fastest": 0.000004238,
      "slowest": 0.000369469
    }
  },
  "statusCodeDistribution": {
    "200": 753544
  },
  "errorDistribution": {}
}