{
  "summary": {
    "successRate": 1,
    "total": 10.000242777,
    "slowest": 0.007043177,
    "fastest": 0.000032961,
    "average": 0.0006411097828175386,
    "requestsPerSec": 77823.91061444527,
    "totalData": 10117354,
    "sizePerRequest": 13,
    "sizePerSec": 1011710.8379877885
  },
  "responseTimeHistogram": {
    "0.000032961": 1,
    "0.0007339826": 565378,
    "0.0014350042": 201371,
    "0.0021360258000000004": 11281,
    "0.0028370474000000002": 172,
    "0.003538069": 50,
    "0.0042390906": 2,
    "0.0049401122": 2,
    "0.0056411338": 0,
    "0.0063421554": 0,
    "0.007043176999999999": 1
  },
  "latencyPercentiles": {
    "p10": 0.000375489,
    "p25": 0.000471749,
    "p50": 0.000585039,
    "p75": 0.000764714,
    "p90": 0.0009811,
    "p95": 0.001090344,
    "p99": 0.001541876
  },
  "rps": {
    "mean": 77794.46527461613,
    "stddev": 15754.842949517617,
    "max": 98945.28937633795,
    "percentiles": {
      "p10": 54747.27985245234,
      "p25": 61423.53749957103,
      "p50": 82520.28348567874,
      "p75": 91882.41852941977,
      "p90": 95159.52228118636,
      "p95": 96597.66149223856,
      "p99": 97716.41934200509
    }
  },
  "details": {
    "DNSDialup": {
      "average": 0.0009473430999999997,
      "fastest": 0.000084776,
      "slowest": 0.001968714
    },
    "DNSLookup": {
      "average": 0.000008997840000000002,
      "fastest": 0.000004088,
      "slowest": 0.000031469
    }
  },
  "statusCodeDistribution": {
    "200": 778258
  },
  "errorDistribution": {}
}