{
  "summary": {
    "successRate": 1,
    "total": 10.000411647,
    "slowest": 0.004664522,
    "fastest": 0.000036929,
    "average": 0.0006883608621797276,
    "requestsPerSec": 72479.81639010225,
    "totalData": 9422764,
    "sizePerRequest": 13,
    "sizePerSec": 942237.6130713292
  },
  "responseTimeHistogram": {
    "0.000036929": 1,
    "0.0004996883": 181325,
    "0.0009624476": 440388,
    "0.0014252069000000001": 88098,
    "0.0018879662": 13174,
    "0.0023507255000000003": 1692,
    "0.0028134848": 81,
    "0.0032762441": 43,
    "0.0037390034000000004": 3,
    "0.0042017627": 3,
    "0.004664522": 20
  },
  "latencyPercentiles": {
    "p10": 0.000363296,
    "p25": 0.000499556,
    "p50": 0.000642581,
    "p75": 0.000855754,
    "p90": 0.001008267,
    "p95": 0.001146252,
    "p99": 0.001638021
  },
  "rps": {
    "mean": 72478.63949977355,
    "stddev": 16296.860166618868,
    "max": 98607.9872670931,
    "percentiles": {
      "p10": 54008.43475224155,
      "p25": 56557.47864353564,
      "p50": 73684.87595775153,
      "p75": 89314.68571003697,
      "p90": 94312.40208087357,
      "p95": 95590.73472539702,
      "p99": 96534.16344044093
    }
  },
  "details": {
    "DNSDialup": {
      "average": 0.0009472315999999999,
      "fastest": 0.000154326,
      "slowest": 0.001290129
    },
    "DNSLookup": {
      "average": 0.000008854899999999997,
      "fastest": 0.000003867,
      "slowest": 0.000031749
    }
  },
  "statusCodeDistribution": {
    "200": 724828
  },
  "errorDistribution": {}
}