{
  "summary": {
    "successRate": 1,
    "total": 10.001872297,
    "slowest": 0.004418645,
    "fastest": 0.000048801,
    "average": 0.0006713604471914702,
    "requestsPerSec": 74296.9893969643,
    "totalData": 9660417,
    "sizePerRequest": 13,
    "sizePerSec": 965860.8621605359
  },
  "responseTimeHistogram": {
    "0.000048801": 1,
    "0.00048578539999999994": 176561,
    "0.0009227697999999999": 442289,
    "0.0013597541999999998": 105806,
    "0.0017967385999999998": 15573,
    "0.0022337229999999995": 2660,
    "0.0026707073999999993": 114,
    "0.0031076917999999995": 64,
    "0.0035446761999999993": 25,
    "0.0039816606": 12,
    "0.004418645": 4
  },
  "latencyPercentiles": {
    "p10": 0.000389851,
    "p25": 0.000492598,
    "p50": 0.000608129,
    "p75": 0.000802951,
    "p90": 0.001032645,
    "p95": 0.001175429,
    "p99": 0.001587984
  },
  "rps": {
    "mean": 74296.284771812,
    "stddev": 12772.478494206096,
    "max": 98263.49632561047,
    "percentiles": {
      "p10": 55947.81300099059,
      "p25": 64005.98455955827,
      "p50": 76629.47936071426,
      "p75": 84346.23016875426,
      "p90": 89548.64282277951,
      "p95": 91957.50102538915,
      "p99": 95914.71331702406
    }
  },
  "details": {
    "DNSDialup": {
      "average": 0.00093059954,
      "fastest": 0.000109986,
      "slowest": 0.001600098
    },
    "DNSLookup": {
      "average": 0.000007061160000000001,
      "fastest": 0.000003867,
      "slowest": 0.000029255
    }
  },
  "statusCodeDistribution": {
    "200": 743109
  },
  "errorDistribution": {}
}