{
  "summary": {
    "successRate": 1,
    "total": 10.000158786,
    "slowest": 0.004230681,
    "fastest": 0.000034564,
    "average": 0.0006250846448528958,
    "requestsPerSec": 79824.53249817828,
    "totalData": 10377354,
    "sizePerRequest": 13,
    "sizePerSec": 1037718.9224763176
  },
  "responseTimeHistogram": {
    "0.000034564": 1,
    "0.0004541757": 176277,
    "0.0008737873999999999": 505458,
    "0.0012933990999999998": 100176,
    "0.0017130108": 13798,
    "0.0021326225": 2382,
    "0.0025522341999999996": 79,
    "0.0029718458999999997": 33,
    "0.0033914576": 20,
    "0.0038110693": 14,
    "0.004230681": 20
  },
  "latencyPercentiles": {
    "p10": 0.000374512,
    "p25": 0.000467696,
    "p50": 0.000576023,
    "p75": 0.00073179,
    "p90": 0.000940951,
    "p95": 0.001061303,
    "p99": 0.00147613
  },
  "rps": {
    "mean": 79831.94761894598,
    "stddev": 14506.062172905393,
    "max": 99642.04199087509,
    "percentiles": {
      "p10": 58005.02903601746,
      "p25": 67446.77433800363,
      "p50": 83604.832359311,
      "p75": 92814.1541585117,
      "p90": 96203.02077484799,
      "p95": 97353.87158783825,
      "p99": 98522.70948453591
    }
  },
  "details": {
    "DNSDialup": {
      "average": 0.00063695874,
      "fastest": 0.000086261,
      "slowest": 0.001128561
    },
    "DNSLookup": {
      "average": 0.000008872660000000003,
      "fastest": 0.000003797,
      "slowest": 0.000053811
    }
  },
  "statusCodeDistribution": {
    "200": 798258
  },
  "errorDistribution": {}
}