{
  "summary": {
    "successRate": 1,
    "total": 10.000618264,
    "slowest": 0.004418879,
    "fastest": 0.000037974,
    "average": 0.0006299960147081369,
    "requestsPerSec": 79175.70485120159,
    "totalData": 10293478,
    "sizePerRequest": 13,
    "sizePerSec": 1029284.1630656207
  },
  "responseTimeHistogram": {
    "0.000037974": 1,
    "0.00047606449999999995": 212565,
    "0.0009141549999999999": 477895,
    "0.0013522455": 87428,
    "0.001790336": 12036,
    "0.0022284265": 1740,
    "0.0026665169999999998": 62,
    "0.0031046075": 38,
    "0.003542698": 12,
    "0.0039807885": 15,
    "0.004418879": 14
  },
  "latencyPercentiles": {
    "p10": 0.000375878,
    "p25": 0.000467773,
    "p50": 0.000580013,
    "p75": 0.000736525,
    "p90": 0.000960283,
    "p95": 0.001076857,
    "p99": 0.001481337
  },
  "rps": {
    "mean": 79192.33118882921,
    "stddev": 12100.868716351926,
    "max": 99289.31594469356,
    "percentiles": {
      "p10": 60221.104641431964,
      "p25": 72039.7916504883,
      "p50": 81530.392998666,
      "p75": 88600.92531402537,
      "p90": 92803.52320298807,
      "p95": 94432.09746992904,
      "p99": 96558.64972384293
    }
  },
  "details": {
    "DNSDialup": {
      "average": 0.0006412202199999997,
      "fastest": 0.000089896,
      "slowest": 0.001074273
    },
    "DNSLookup": {
      "average": 0.000006922680000000002,
      "fastest": 0.000003256,
      "slowest": 0.000041037
    }
  },
  "statusCodeDistribution": {
    "200": 791806
  },
  "errorDistribution": {}
}