{
  "summary": {
    "successRate": 1,
    "total": 10.000492187,
    "slowest": 0.004729394,
    "fastest": 0.0000383,
    "average": 0.0006626485682279042,
    "requestsPerSec": 75270.49528407375,
    "totalData": 9785646,
    "sizePerRequest": 13,
    "sizePerSec": 978516.4386929588
  },
  "responseTimeHistogram": {
    "0.0000383": 1,
    "0.0005074093999999999": 226136,
    "0.0009765188": 446560,
    "0.0014456281999999999": 67828,
    "0.0019147376": 11452,
    "0.0023838469999999997": 662,
    "0.0028529563999999995": 47,
    "0.0033220657999999998": 32,
    "0.0037911751999999996": 18,
    "0.0042602846": 0,
    "0.004729394": 6
  },
  "latencyPercentiles": {
    "p10": 0.000384107,
    "p25": 0.00048235,
    "p50": 0.000607014,
    "p75": 0.000818098,
    "p90": 0.000986741,
    "p95": 0.001111197,
    "p99": 0.0015685
  },
  "rps": {
    "mean": 75277.16384980535,
    "stddev": 15041.92468015919,
    "max": 98971.43431929097,
    "percentiles": {
      "p10": 55501.79270790424,
      "p25": 59804.99329264847,
      "p50": 77719.53783719876,
      "p75": 89562.27264817199,
      "p90": 93669.70899743187,
      "p95": 95318.22484459331,
      "p99": 97381.26466536011
    }
  },
  "details": {
    "DNSDialup": {
      "average": 0.0010303346400000002,
      "fastest": 0.000257619,
      "slowest": 0.001365365
    },
    "DNSLookup": {
      "average": 0.000009564480000000005,
      "fastest": 0.000004609,
      "slowest": 0.000035617
    }
  },
  "statusCodeDistribution": {
    "200": 752742
  },
  "errorDistribution": {}
}