{
  "summary": {
    "successRate": 1,
    "total": 10.000411093,
    "slowest": 0.004187574,
    "fastest": 0.000043181,
    "average": 0.0006378316851419762,
    "requestsPerSec": 78227.28413110846,
    "totalData": 10169965,
    "sizePerRequest": 13,
    "sizePerSec": 1016954.6937044101
  },
  "responseTimeHistogram": {
    "0.000043181": 1,
    "0.00045762030000000005": 171665,
    "0.0008720596000000001": 479922,
    "0.0012864989000000002": 112196,
    "0.0017009382000000002": 14757,
    "0.0021153775000000005": 3496,
    "0.0025298168000000005": 149,
    "0.0029442561000000006": 63,
    "0.0033586954000000007": 26,
    "0.0037731347000000007": 16,
    "0.004187574": 14
  },
  "latencyPercentiles": {
    "p10": 0.000377666,
    "p25": 0.000472457,
    "p50": 0.000586215,
    "p75": 0.000747415,
    "p90": 0.000976486,
    "p95": 0.001092603,
    "p99": 0.001519672
  },
  "rps": {
    "mean": 78167.82673610703,
    "stddev": 15347.341880763583,
    "max": 99923.06834888652,
    "percentiles": {
      "p10": 55742.62638640072,
      "p25": 65155.67085242483,
      "p50": 80320.05591796167,
      "p75": 91733.3590266996,
      "p90": 95938.16420172004,
      "p95": 97116.56901779558,
      "p99": 98463.71359682913
    }
  },
  "details": {
    "DNSDialup": {
      "average": 0.00088719034,
      "fastest": 0.000093324,
      "slowest": 0.001169557
    },
    "DNSLookup": {
      "average": 0.000007671160000000001,
      "fastest": 0.000004288,
      "slowest": 0.000030567
    }
  },
  "statusCodeDistribution": {
    "200": 782305
  },
  "errorDistribution": {}
}