{
  "summary": {
    "successRate": 1,
    "total": 10.000304498,
    "slowest": 0.005979694,
    "fastest": 0.000036017,
    "average": 0.0006477154874339203,
    "requestsPerSec": 77034.35431931785,
    "totalData": 10014771,
    "sizePerRequest": 13,
    "sizePerSec": 1001446.606151132
  },
  "responseTimeHistogram": {
    "0.000036017": 1,
    "0.0006303846999999999": 473383,
    "0.0012247523999999999": 275601,
    "0.0018191200999999998": 19860,
    "0.0024134878": 1363,
    "0.0030078555": 123,
    "0.0036022232": 30,
    "0.0041965909": 3,
    "0.0047909586": 2,
    "0.0053853263": 0,
    "0.005979694": 1
  },
  "latencyPercentiles": {
    "p10": 0.000399907,
    "p25": 0.000502418,
    "p50": 0.000597036,
    "p75": 0.000737367,
    "p90": 0.000965586,
    "p95": 0.001120483,
    "p99": 0.001493341
  },
  "rps": {
    "mean": 77032.90732575604,
    "stddev": 13997.47428798021,
    "max": 97476.98732458893,
    "percentiles": {
      "p10": 56149.24850586111,
      "p25": 64834.01839943341,
      "p50": 77429.97314259561,
      "p75": 89666.63127369544,
      "p90": 93922.89840263355,
      "p95": 95511.87281379895,
      "p99": 96937.7991486934
    }
  },
  "details": {
    "DNSDialup": {
      "average": 0.00102126028,
      "fastest": 0.000091721,
      "slowest": 0.002298455
    },
    "DNSLookup": {
      "average": 0.000010529739999999998,
      "fastest": 0.000004017,
      "slowest": 0.000043642
    }
  },
  "statusCodeDistribution": {
    "200": 770367
  },
  "errorDistribution": {}
}