{
  "summary": {
    "successRate": 1,
    "total": 10.000118485,
    "slowest": 0.007372861,
    "fastest": 0.000042809,
    "average": 0.0006285064236562999,
    "requestsPerSec": 79392.6593160761,
    "totalData": 10321168,
    "sizePerRequest": 13,
    "sizePerSec": 1032104.5711089892
  },
  "responseTimeHistogram": {
    "0.000042809": 1,
    "0.0007758142": 626274,
    "0.0015088194": 160322,
    "0.0022418245999999997": 7234,
    "0.0029748298": 58,
    "0.003707835": 39,
    "0.0044408402": 7,
    "0.0051738454": 0,
    "0.0059068506": 0,
    "0.0066398558": 0,
    "0.0073728610000000005": 1
  },
  "latencyPercentiles": {
    "p10": 0.000378856,
    "p25": 0.000470878,
    "p50": 0.000579986,
    "p75": 0.000719662,
    "p90": 0.000968085,
    "p95": 0.001083866,
    "p99": 0.001488631
  },
  "rps": {
    "mean": 79375.40284902175,
    "stddev": 14678.507432512488,
    "max": 98911.41983259143,
    "percentiles": {
      "p10": 56147.18047575398,
      "p25": 68434.85387107694,
      "p50": 82887.24090076768,
      "p75": 92348.13184632057,
      "p90": 95431.65467985936,
      "p95": 96525.22204051628,
      "p99": 97947.57761519143
    }
  },
  "details": {
    "DNSDialup": {
      "average": 0.0008272718200000001,
      "fastest": 0.000082283,
      "slowest": 0.001913316
    },
    "DNSLookup": {
      "average": 0.000008625719999999999,
      "fastest": 0.000003447,
      "slowest": 0.000047127
    }
  },
  "statusCodeDistribution": {
    "200": 793936
  },
  "errorDistribution": {}
}