{
  "summary": {
    "successRate": 1,
    "total": 10.000413931,
    "slowest": 0.005262395,
    "fastest": 0.00003201,
    "average": 0.000636440360527386,
    "requestsPerSec": 78394.9549897886,
    "totalData": 10191766,
    "sizePerRequest": 13,
    "sizePerSec": 1019134.4148672519
  },
  "responseTimeHistogram": {
    "0.00003201": 1,
    "0.0005550484999999999": 352188,
    "0.001078087": 393996,
    "0.0016011254999999999": 32240,
    "0.0021241639999999996": 5380,
    "0.0026472024999999993": 111,
    "0.0031702409999999994": 56,
    "0.0036932794999999996": 6,
    "0.004216317999999999": 0,
    "0.004739356499999999": 3,
    "0.005262394999999999": 1
  },
  "latencyPercentiles": {
    "p10": 0.00037565,
    "p25": 0.000462445,
    "p50": 0.000579207,
    "p75": 0.000780973,
    "p90": 0.000963763,
    "p95": 0.001070147,
    "p99": 0.001523259
  },
  "rps": {
    "mean": 78366.2356439197,
    "stddev": 16255.04391038672,
    "max": 101745.05845264364,
    "percentiles": {
      "p10": 56407.12986121441,
      "p25": 61344.26602236427,
      "p50": 81431.4325329601,
      "p75": 93837.1219654497,
      "p90": 97704.3091204238,
      "p95": 98983.01248102172,
      "p99": 100421.32904975583
    }
  },
  "details": {
    "DNSDialup": {
      "average": 0.00092101796,
      "fastest": 0.000130295,
      "slowest": 0.001719235
    },
    "DNSLookup": {
      "average": 0.000007594340000000001,
      "fastest": 0.000003727,
      "slowest": 0.000032762
    }
  },
  "statusCodeDistribution": {
    "200": 783982
  },
  "errorDistribution": {}
}