{
  "summary": {
    "successRate": 1,
    "total": 10.000436234,
    "slowest": 0.004610332,
    "fastest": 0.000037909,
    "average": 0.0006371722747326344,
    "requestsPerSec": 78310.18384352612,
    "totalData": 10180768,
    "sizePerRequest": 13,
    "sizePerSec": 1018032.3899658396
  },
  "responseTimeHistogram": {
    "0.000037909": 1,
    "0.0004951513": 227989,
    "0.0009523936": 472810,
    "0.0014096359": 71117,
    "0.0018668782": 10174,
    "0.0023241205": 939,
    "0.0027813628": 54,
    "0.0032386051": 30,
    "0.0036958474": 10,
    "0.0041530897": 10,
    "0.004610332": 2
  },
  "latencyPercentiles": {
    "p10": 0.000385397,
    "p25": 0.000476057,
    "p50": 0.000585606,
    "p75": 0.000748268,
    "p90": 0.000960424,
    "p95": 0.001082594,
    "p99": 0.001499359
  },
  "rps": {
    "mean": 78279.60019489245,
    "stddev": 15146.902465702417,
    "max": 98821.81985782401,
    "percentiles": {
      "p10": 56185.11483045906,
      "p25": 62905.447611768286,
      "p50": 81119.80672604307,
      "p75": 91923.56365425966,
      "p90": 95204.89353152856,
      "p95": 96550.59251047879,
      "p99": 98070.6848973807
    }
  },
  "details": {
    "DNSDialup": {
      "average": 0.00094942406,
      "fastest": 0.000122177,
      "slowest": 0.001924022
    },
    "DNSLookup": {
      "average": 0.000007692999999999997,
      "fastest": 0.000003998,
      "slowest": 0.000033833
    }
  },
  "statusCodeDistribution": {
    "200": 783136
  },
  "errorDistribution": {}
}