{
  "summary": {
    "successRate": 1,
    "total": 10.000587976,
    "slowest": 0.004963119,
    "fastest": 0.000036711,
    "average": 0.000632434070117594,
    "requestsPerSec": 78868.56271779674,
    "totalData": 10253516,
    "sizePerRequest": 13,
    "sizePerSec": 1025291.3153313576
  },
  "responseTimeHistogram": {
    "0.000036711": 1,
    "0.0005293518": 309613,
    "0.0010219926": 420812,
    "0.0015146334": 50946,
    "0.0020072742": 6934,
    "0.002499915": 337,
    "0.0029925558": 49,
    "0.0034851965999999996": 25,
    "0.0039778374": 5,
    "0.0044704782": 4,
    "0.004963119": 6
  },
  "latencyPercentiles": {
    "p10": 0.000378005,
    "p25": 0.000467499,
    "p50": 0.000578168,
    "p75": 0.000741452,
    "p90": 0.000969757,
    "p95": 0.001093284,
    "p99": 0.001498473
  },
  "rps": {
    "mean": 78844.7228947672,
    "stddev": 12736.743629962462,
    "max": 98650.90368547682,
    "percentiles": {
      "p10": 58143.34586434046,
      "p25": 70967.20583367177,
      "p50": 82007.37246278432,
      "p75": 88801.5779527509,
      "p90": 92882.92587622187,
      "p95": 94714.74708613213,
      "p99": 96785.35921941261
    }
  },
  "details": {
    "DNSDialup": {
      "average": 0.0008647214999999998,
      "fastest": 0.000117851,
      "slowest": 0.001536245
    },
    "DNSLookup": {
      "average": 0.00000857278,
      "fastest": 0.000003497,
      "slowest": 0.000029495
    }
  },
  "statusCodeDistribution": {
    "200": 788732
  },
  "errorDistribution": {}
}