{
  "summary": {
    "successRate": 1,
    "total": 10.000744407,
    "slowest": 0.004453233,
    "fastest": 0.000043774,
    "average": 0.0006424292422084279,
    "requestsPerSec": 77638.92050441042,
    "totalData": 10093811,
    "sizePerRequest": 13,
    "sizePerSec": 1009305.9665573353
  },
  "responseTimeHistogram": {
    "0.000043774": 1,
    "0.00048471990000000003": 208846,
    "0.0009256658": 466250,
    "0.0013666117": 87027,
    "0.0018075576": 12308,
    "0.0022485035": 1833,
    "0.0026894494": 90,
    "0.0031303953": 51,
    "0.0035713412": 15,
    "0.0040122871": 16,
    "0.004453233": 10
  },
  "latencyPercentiles": {
    "p10": 0.000382516,
    "p25": 0.000475529,
    "p50": 0.000588955,
    "p75": 0.000756917,
    "p90": 0.000975129,
    "p95": 0.001110177,
    "p99": 0.001520691
  },
  "rps": {
    "mean": 77639.99168608466,
    "stddev": 12217.131738423,
    "max": 99079.25836704863,
    "percentiles": {
      "p10": 58666.07560095181,
      "p25": 69318.77003824091,
      "p50": 79813.3288259126,
      "p75": 87274.0083590824,
      "p90": 91401.1699349765,
      "p95": 93540.73976411203,
      "p99": 96309.75617830179
    }
  },
  "details": {
    "DNSDialup": {
      "average": 0.00056274844,
      "fastest": 0.000080865,
      "slowest": 0.001057416
    },
    "DNSLookup": {
      "average": 0.000006556900000000001,
      "fastest": 0.000003517,
      "slowest": 0.000030567
    }
  },
  "statusCodeDistribution": {
    "200": 776447
  },
  "errorDistribution": {}
}