{
  "summary": {
    "successRate": 1,
    "total": 10.000399106,
    "slowest": 0.00609176,
    "fastest": 0.000032581,
    "average": 0.0006264526352854507,
    "requestsPerSec": 79649.5211398216,
    "totalData": 10354851,
    "sizePerRequest": 13,
    "sizePerSec": 1035443.7748176808
  },
  "responseTimeHistogram": {
    "0.000032581": 1,
    "0.0006384988999999999": 510043,
    "0.0012444168": 266757,
    "0.0018503347": 18485,
    "0.0024562525999999997": 1168,
    "0.0030621704999999996": 67,
    "0.0036680883999999996": 4,
    "0.0042740063": 1,
    "0.0048799242": 0,
    "0.0054858421": 0,
    "0.00609176": 1
  },
  "latencyPercentiles": {
    "p10": 0.00037393,
    "p25": 0.00046276,
    "p50": 0.000573229,
    "p75": 0.00074234,
    "p90": 0.000956049,
    "p95": 0.001062457,
    "p99": 0.001497035
  },
  "rps": {
    "mean": 79651.97624251858,
    "stddev": 16067.671315077008,
    "max": 100540.98902140165,
    "percentiles": {
      "p10": 56146.34771523343,
      "p25": 62940.22509785785,
      "p50": 84643.07486079718,
      "p75": 94279.15868524965,
      "p90": 97424.09297819021,
      "p95": 98282.3606182059,
      "p99": 99592.8861876525
    }
  },
  "details": {
    "DNSDialup": {
      "average": 0.0008065824599999999,
      "fastest": 0.000105028,
      "slowest": 0.001784783
    },
    "DNSLookup": {
      "average": 0.000009691299999999998,
      "fastest": 0.000004639,
      "slowest": 0.000029315
    }
  },
  "statusCodeDistribution": {
    "200": 796527
  },
  "errorDistribution": {}
}