{
  "summary": {
    "successRate": 1,
    "total": 10.000365321,
    "slowest": 0.005541877,
    "fastest": 0.000033903,
    "average": 0.0006582917032202948,
    "requestsPerSec": 75794.53106661161,
    "totalData": 9853649,
    "sizePerRequest": 13,
    "sizePerSec": 985328.903865951
  },
  "responseTimeHistogram": {
    "0.000033903": 1,
    "0.0005847003999999999": 350189,
    "0.0011354978": 371292,
    "0.0016862951999999998": 32904,
    "0.0022370925999999998": 3427,
    "0.0027878899999999995": 89,
    "0.0033386873999999996": 38,
    "0.0038894847999999997": 18,
    "0.0044402821999999995": 4,
    "0.004991079599999999": 6,
    "0.005541876999999999": 5
  },
  "latencyPercentiles": {
    "p10": 0.000405146,
    "p25": 0.000501879,
    "p50": 0.000595167,
    "p75": 0.000786243,
    "p90": 0.000980208,
    "p95": 0.001127874,
    "p99": 0.001533611
  },
  "rps": {
    "mean": 75782.05574259587,
    "stddev": 14671.755793422213,
    "max": 101456.25749477002,
    "percentiles": {
      "p10": 56314.96548625033,
      "p25": 60847.27474378998,
      "p50": 78846.67057660417,
      "p75": 89209.60787476867,
      "p90": 95358.5501497939,
      "p95": 96963.13269569635,
      "p99": 98621.60799431131
    }
  },
  "details": {
    "DNSDialup": {
      "average": 0.0008700714399999999,
      "fastest": 0.000083379,
      "slowest": 0.0014547
    },
    "DNSLookup": {
      "average": 0.000007130700000000001,
      "fastest": 0.000003576,
      "slowest": 0.000031959
    }
  },
  "statusCodeDistribution": {
    "200": 757973
  },
  "errorDistribution": {}
}