{
  "summary": {
    "successRate": 1,
    "total": 10.000639552,
    "slowest": 0.007861002,
    "fastest": 0.000033523,
    "average": 0.0006407915308370416,
    "requestsPerSec": 77849.42112470207,
    "totalData": 10121072,
    "sizePerRequest": 13,
    "sizePerSec": 1012042.474621127
  },
  "responseTimeHistogram": {
    "0.000033523": 1,
    "0.0008162709": 635692,
    "0.0015990187999999998": 138365,
    "0.0023817667": 4378,
    "0.0031645146": 72,
    "0.0039472625": 23,
    "0.004730010399999999": 11,
    "0.005512758299999999": 1,
    "0.006295506199999999": 0,
    "0.0070782541": 0,
    "0.007861002": 1
  },
  "latencyPercentiles": {
    "p10": 0.000401786,
    "p25": 0.000495672,
    "p50": 0.000588505,
    "p75": 0.000717785,
    "p90": 0.000975883,
    "p95": 0.001127287,
    "p99": 0.001469599
  },
  "rps": {
    "mean": 77847.89677174349,
    "stddev": 12074.65152299251,
    "max": 100207.36216782063,
    "percentiles": {
      "p10": 58766.94142298221,
      "p25": 71932.09610128122,
      "p50": 78660.32460293564,
      "p75": 87712.93765830965,
      "p90": 92387.84296230534,
      "p95": 94263.56091632137,
      "p99": 96649.07840201077
    }
  },
  "details": {
    "DNSDialup": {
      "average": 0.0008107487400000001,
      "fastest": 0.000105544,
      "slowest": 0.001133617
    },
    "DNSLookup": {
      "average": 0.00000688762,
      "fastest": 0.000003356,
      "slowest": 0.000030887
    }
  },
  "statusCodeDistribution": {
    "200": 778544
  },
  "errorDistribution": {}
}