{
  "summary": {
    "successRate": 1,
    "total": 10.000426449,
    "slowest": 0.004302745,
    "fastest": 0.00004291,
    "average": 0.0006308943079532992,
    "requestsPerSec": 79098.2268640252,
    "totalData": 10283208,
    "sizePerRequest": 13,
    "sizePerSec": 1028276.9492323276
  },
  "responseTimeHistogram": {
    "0.00004291": 1,
    "0.0004688935": 192969,
    "0.000894877": 489033,
    "0.0013208605": 93805,
    "0.001746844": 12832,
    "0.0021728275": 2220,
    "0.0025988110000000003": 71,
    "0.0030247945": 52,
    "0.0034507780000000003": 13,
    "0.0038767615000000004": 9,
    "0.004302745": 11
  },
  "latencyPercentiles": {
    "p10": 0.000367617,
    "p25": 0.000471993,
    "p50": 0.000586349,
    "p75": 0.000739244,
    "p90": 0.000952743,
    "p95": 0.001073499,
    "p99": 0.001482566
  },
  "rps": {
    "mean": 79103.91401704603,
    "stddev": 15205.079568410594,
    "max": 98897.94687660738,
    "percentiles": {
      "p10": 56334.251224742824,
      "p25": 65340.84456193605,
      "p50": 82355.75484603015,
      "p75": 92741.15852615944,
      "p90": 95723.01181204124,
      "p95": 96806.36985913705,
      "p99": 97874.73437940444
    }
  },
  "details": {
    "DNSDialup": {
      "average": 0.0007856430799999999,
      "fastest": 0.000098444,
      "slowest": 0.001338645
    },
    "DNSLookup": {
      "average": 0.00000677884,
      "fastest": 0.000003597,
      "slowest": 0.000026519
    }
  },
  "statusCodeDistribution": {
    "200": 791016
  },
  "errorDistribution": {}
}