{
  "summary": {
    "successRate": 1,
    "total": 10.000856395,
    "slowest": 0.005429409,
    "fastest": 0.000037594,
    "average": 0.0006684530947739785,
    "requestsPerSec": 74628.00889463226,
    "totalData": 9702472,
    "sizePerRequest": 13,
    "sizePerSec": 970164.1156302196
  },
  "responseTimeHistogram": {
    "0.000037594": 1,
    "0.0005767754999999999": 307722,
    "0.0011159569999999999": 390154,
    "0.0016551385": 44217,
    "0.00219432": 4046,
    "0.0027335015": 123,
    "0.003272683": 46,
    "0.0038118645": 17,
    "0.004351046": 0,
    "0.0048902275": 1,
    "0.005429409": 17
  },
  "latencyPercentiles": {
    "p10": 0.000417068,
    "p25": 0.000515947,
    "p50": 0.000601115,
    "p75": 0.000771605,
    "p90": 0.001024288,
    "p95": 0.001161774,
    "p99": 0.001534182
  },
  "rps": {
    "mean": 74631.11141620396,
    "stddev": 11794.665260585936,
    "max": 96655.51872963506,
    "percentiles": {
      "p10": 57646.01881682168,
      "p25": 64406.943068462286,
      "p50": 76973.21692394046,
      "p75": 82907.58917847797,
      "p90": 89712.16244042567,
      "p95": 92303.79561817095,
      "p99": 95314.50212666241
    }
  },
  "details": {
    "DNSDialup": {
      "average": 0.0008067727199999999,
      "fastest": 0.000123218,
      "slowest": 0.001397344
    },
    "DNSLookup": {
      "average": 0.000007128999999999998,
      "fastest": 0.000003677,
      "slowest": 0.000031419
    }
  },
  "statusCodeDistribution": {
    "200": 746344
  },
  "errorDistribution": {}
}