{
  "summary": {
    "successRate": 1,
    "total": 10.00039783,
    "slowest": 0.010626919,
    "fastest": 0.000037643,
    "average": 0.0006480573472462447,
    "requestsPerSec": 76997.33681494948,
    "totalData": 10010052,
    "sizePerRequest": 13,
    "sizePerSec": 1000965.3785943433
  },
  "responseTimeHistogram": {
    "0.000037643": 1,
    "0.0010965706": 726129,
    "0.0021554982": 43695,
    "0.0032144258": 141,
    "0.004273353400000001": 34,
    "0.005332281000000001": 3,
    "0.006391208600000001": 0,
    "0.0074501362000000005": 0,
    "0.008509063800000001": 0,
    "0.009567991400000002": 0,
    "0.010626919000000002": 1
  },
  "latencyPercentiles": {
    "p10": 0.000413464,
    "p25": 0.000514622,
    "p50": 0.000600361,
    "p75": 0.000714805,
    "p90": 0.000970132,
    "p95": 0.001131743,
    "p99": 0.001446963
  },
  "rps": {
    "mean": 76994.59785768732,
    "stddev": 13123.631650506957,
    "max": 97734.6273784806,
    "percentiles": {
      "p10": 56641.875338437465,
      "p25": 68617.81318430312,
      "p50": 76905.79869721823,
      "p75": 88536.51245773694,
      "p90": 93642.72087087974,
      "p95": 95142.59533993363,
      "p99": 96722.69101246804
    }
  },
  "details": {
    "DNSDialup": {
      "average": 0.0007416132000000001,
      "fastest": 0.000094947,
      "slowest": 0.001517668
    },
    "DNSLookup": {
      "average": 0.00000788912,
      "fastest": 0.000003576,
      "slowest": 0.000029636
    }
  },
  "statusCodeDistribution": {
    "200": 770004
  },
  "errorDistribution": {}
}