{
  "summary": {
    "successRate": 1,
    "total": 10.000635942,
    "slowest": 0.004172745,
    "fastest": 0.000037443,
    "average": 0.0006293185661907425,
    "requestsPerSec": 79267.35905571474,
    "totalData": 10305412,
    "sizePerRequest": 13,
    "sizePerSec": 1030475.6677242916
  },
  "responseTimeHistogram": {
    "0.000037443": 1,
    "0.00045097320000000003": 173791,
    "0.0008645034": 493175,
    "0.0012780336": 106285,
    "0.0016915638000000002": 16004,
    "0.002105094": 3229,
    "0.0025186241999999998": 136,
    "0.0029321544": 42,
    "0.0033456846": 28,
    "0.0037592148": 16,
    "0.004172745": 17
  },
  "latencyPercentiles": {
    "p10": 0.000376179,
    "p25": 0.000464958,
    "p50": 0.000574672,
    "p75": 0.000734054,
    "p90": 0.000966935,
    "p95": 0.001092589,
    "p99": 0.001509
  },
  "rps": {
    "mean": 79266.46853314317,
    "stddev": 12636.371811183031,
    "max": 98072.02236844026,
    "percentiles": {
      "p10": 58823.36464043524,
      "p25": 71921.82108052145,
      "p50": 82380.67285117763,
      "p75": 89188.68030482712,
      "p90": 92992.77846371688,
      "p95": 94737.41662281129,
      "p99": 96816.08115107038
    }
  },
  "details": {
    "DNSDialup": {
      "average": 0.0009207802800000001,
      "fastest": 0.000096757,
      "slowest": 0.001563208
    },
    "DNSLookup": {
      "average": 0.000008523540000000002,
      "fastest": 0.000003487,
      "slowest": 0.00002654
    }
  },
  "statusCodeDistribution": {
    "200": 792724
  },
  "errorDistribution": {}
}