{
  "summary": {
    "successRate": 1,
    "total": 10.000392666,
    "slowest": 0.005793138,
    "fastest": 0.000037577,
    "average": 0.0006366244981199073,
    "requestsPerSec": 78370.62265210858,
    "totalData": 10188581,
    "sizePerRequest": 13,
    "sizePerSec": 1018818.0944774114
  },
  "responseTimeHistogram": {
    "0.000037577": 1,
    "0.0006131331": 442625,
    "0.0011886892": 315447,
    "0.0017642452999999999": 24235,
    "0.0023398014": 1298,
    "0.0029153575": 97,
    "0.0034909135999999998": 11,
    "0.0040664696999999994": 21,
    "0.0046420257999999995": 1,
    "0.0052175819": 0,
    "0.005793138": 1
  },
  "latencyPercentiles": {
    "p10": 0.000380529,
    "p25": 0.000466719,
    "p50": 0.000582014,
    "p75": 0.000775888,
    "p90": 0.000952106,
    "p95": 0.001078,
    "p99": 0.001482709
  },
  "rps": {
    "mean": 78360.31280876794,
    "stddev": 15334.771715933719,
    "max": 102412.22802002078,
    "percentiles": {
      "p10": 58240.4690727473,
      "p25": 63009.961874969755,
      "p50": 81105.15017703909,
      "p75": 93103.47275953383,
      "p90": 96945.94268223464,
      "p95": 98412.43933233153,
      "p99": 100623.80759286441
    }
  },
  "details": {
    "DNSDialup": {
      "average": 0.00112745156,
      "fastest": 0.000116587,
      "slowest": 0.002127756
    },
    "DNSLookup": {
      "average": 0.000011829579999999996,
      "fastest": 0.000004118,
      "slowest": 0.000125354
    }
  },
  "statusCodeDistribution": {
    "200": 783737
  },
  "errorDistribution": {}
}