{
  "summary": {
    "successRate": 1,
    "total": 10.000329118,
    "slowest": 0.003435787,
    "fastest": 0.000036409,
    "average": 0.0006359258469752225,
    "requestsPerSec": 78459.21776591674,
    "totalData": 10200034,
    "sizePerRequest": 13,
    "sizePerSec": 1019969.8309569175
  },
  "responseTimeHistogram": {
    "0.000036409": 1,
    "0.0003763468": 77051,
    "0.0007162846000000001": 489451,
    "0.0010562224": 172005,
    "0.0013961602": 33642,
    "0.0017360980000000002": 9363,
    "0.0020760358": 2872,
    "0.0024159736": 109,
    "0.0027559114": 70,
    "0.0030958492": 33,
    "0.003435787": 21
  },
  "latencyPercentiles": {
    "p10": 0.00037813,
    "p25": 0.000468653,
    "p50": 0.00058108,
    "p75": 0.000753341,
    "p90": 0.000974164,
    "p95": 0.001086762,
    "p99": 0.001526113
  },
  "rps": {
    "mean": 78459.63237780213,
    "stddev": 15802.042392527488,
    "max": 99664.55327477984,
    "percentiles": {
      "p10": 55035.80135036619,
      "p25": 61397.56072399321,
      "p50": 83315.38835222811,
      "p75": 92624.57329929125,
      "p90": 95830.76167449985,
      "p95": 96987.42222576571,
      "p99": 98676.26097358446
    }
  },
  "details": {
    "DNSDialup": {
      "average": 0.0009315439000000004,
      "fastest": 0.000084809,
      "slowest": 0.001887302
    },
    "DNSLookup": {
      "average": 0.000011387739999999995,
      "fastest": 0.000004048,
      "slowest": 0.00011692
    }
  },
  "statusCodeDistribution": {
    "200": 784618
  },
  "errorDistribution": {}
}