{
  "summary": {
    "successRate": 1,
    "total": 10.00038646,
    "slowest": 0.004727829,
    "fastest": 0.000038444,
    "average": 0.0006349877403975797,
    "requestsPerSec": 78573.66344220261,
    "totalData": 10214971,
    "sizePerRequest": 13,
    "sizePerSec": 1021457.624748634
  },
  "responseTimeHistogram": {
    "0.000038444": 1,
    "0.0005073825": 268368,
    "0.0009763209999999999": 445374,
    "0.0014452594999999997": 61437,
    "0.0019141979999999998": 9825,
    "0.0023831365": 665,
    "0.0028520749999999995": 54,
    "0.0033210134999999996": 20,
    "0.0037899519999999996": 15,
    "0.0042588905": 7,
    "0.004727829": 1
  },
  "latencyPercentiles": {
    "p10": 0.000375664,
    "p25": 0.000467009,
    "p50": 0.000580918,
    "p75": 0.000760358,
    "p90": 0.000963483,
    "p95": 0.001067425,
    "p99": 0.001523102
  },
  "rps": {
    "mean": 78565.70013124483,
    "stddev": 15494.545749298248,
    "max": 99110.32069816155,
    "percentiles": {
      "p10": 55810.81613616857,
      "p25": 62935.3318953217,
      "p50": 83126.04338939465,
      "p75": 92447.19429268484,
      "p90": 95648.88705759238,
      "p95": 97139.89535502199,
      "p99": 98340.67370264375
    }
  },
  "details": {
    "DNSDialup": {
      "average": 0.0008505034000000001,
      "fastest": 0.000099606,
      "slowest": 0.00182303
    },
    "DNSLookup": {
      "average": 0.000006894679999999999,
      "fastest": 0.000003306,
      "slowest": 0.000029786
    }
  },
  "statusCodeDistribution": {
    "200": 785767
  },
  "errorDistribution": {}
}