{
  "summary": {
    "successRate": 1,
    "total": 10.000881822,
    "slowest": 0.006110536,
    "fastest": 0.000042259,
    "average": 0.0006580937692930806,
    "requestsPerSec": 75802.91553214195,
    "totalData": 9855248,
    "sizePerRequest": 13,
    "sizePerSec": 985437.9019178455
  },
  "responseTimeHistogram": {
    "0.000042259": 1,
    "0.0006490866999999999": 480228,
    "0.0012559143999999998": 255900,
    "0.0018627420999999997": 20692,
    "0.0024695698": 1147,
    "0.0030763974999999995": 66,
    "0.0036832251999999992": 34,
    "0.0042900529": 23,
    "0.0048968805999999995": 2,
    "0.005503708299999999": 2,
    "0.006110535999999999": 1
  },
  "latencyPercentiles": {
    "p10": 0.000404571,
    "p25": 0.000504261,
    "p50": 0.000596654,
    "p75": 0.000756934,
    "p90": 0.001009314,
    "p95": 0.001152634,
    "p99": 0.001509778
  },
  "rps": {
    "mean": 75791.00673828689,
    "stddev": 12196.85621833914,
    "max": 97863.70640807576,
    "percentiles": {
      "p10": 57318.900882469745,
      "p25": 66812.15981308471,
      "p50": 77715.65970543031,
      "p75": 85004.87928007075,
      "p90": 90413.04565606918,
      "p95": 93144.33622277914,
      "p99": 95870.60265287604
    }
  },
  "details": {
    "DNSDialup": {
      "average": 0.0007989207399999999,
      "fastest": 0.000107908,
      "slowest": 0.001230393
    },
    "DNSLookup": {
      "average": 0.000009617979999999999,
      "fastest": 0.000003998,
      "slowest": 0.000040416
    }
  },
  "statusCodeDistribution": {
    "200": 758096
  },
  "errorDistribution": {}
}