{
  "summary": {
    "successRate": 1,
    "total": 10.000402128,
    "slowest": 0.006664728,
    "fastest": 0.000030375,
    "average": 0.0006836542988826692,
    "requestsPerSec": 72965.16586637805,
    "totalData": 9485853,
    "sizePerRequest": 13,
    "sizePerSec": 948547.1562629147
  },
  "responseTimeHistogram": {
    "0.000030375": 1,
    "0.0006938103": 436933,
    "0.0013572456": 274516,
    "0.0020206809": 17899,
    "0.0026841162": 261,
    "0.0033475515": 57,
    "0.0040109868": 4,
    "0.0046744221": 9,
    "0.0053378574": 0,
    "0.0060012927": 0,
    "0.006664728": 1
  },
  "latencyPercentiles": {
    "p10": 0.00040059,
    "p25": 0.00049418,
    "p50": 0.000623934,
    "p75": 0.000853588,
    "p90": 0.001006483,
    "p95": 0.001143309,
    "p99": 0.001603669
  },
  "rps": {
    "mean": 72970.12075645177,
    "stddev": 14413.408532793244,
    "max": 99042.46941088073,
    "percentiles": {
      "p10": 55603.95158749439,
      "p25": 59134.91916976888,
      "p50": 72618.35339235858,
      "p75": 86952.33179006506,
      "p90": 92600.09955513096,
      "p95": 94355.56599281185,
      "p99": 95905.03701752132
    }
  },
  "details": {
    "DNSDialup": {
      "average": 0.0010361118000000002,
      "fastest": 0.000117859,
      "slowest": 0.002012325
    },
    "DNSLookup": {
      "average": 0.0000467976,
      "fastest": 0.000004659,
      "slowest": 0.001887478
    }
  },
  "statusCodeDistribution": {
    "200": 729681
  },
  "errorDistribution": {}
}