{
  "summary": {
    "successRate": 1,
    "total": 10.001770321,
    "slowest": 0.004263746,
    "fastest": 0.000037984,
    "average": 0.0006452494392234757,
    "requestsPerSec": 77300.71529204035,
    "totalData": 10050872,
    "sizePerRequest": 13,
    "sizePerSec": 1004909.2987965245
  },
  "responseTimeHistogram": {
    "0.000037984": 1,
    "0.0004605602": 132769,
    "0.0008831364": 526998,
    "0.0013057125999999999": 97661,
    "0.0017282888": 13258,
    "0.002150865": 2239,
    "0.0025734411999999997": 125,
    "0.0029960174": 46,
    "0.0034185936": 20,
    "0.0038411698": 15,
    "0.004263746": 12
  },
  "latencyPercentiles": {
    "p10": 0.000407607,
    "p25": 0.000505363,
    "p50": 0.000591774,
    "p75": 0.000718851,
    "p90": 0.000981683,
    "p95": 0.001140568,
    "p99": 0.001470397
  },
  "rps": {
    "mean": 77294.54917220579,
    "stddev": 11246.979469117865,
    "max": 97900.39160156829,
    "percentiles": {
      "p10": 60265.35873734465,
      "p25": 72004.9971468013,
      "p50": 78125.45327267448,
      "p75": 85128.04117676438,
      "p90": 91014.80810927782,
      "p95": 93822.40479026559,
      "p99": 96319.48543190885
    }
  },
  "details": {
    "DNSDialup": {
      "average": 0.0007879239799999998,
      "fastest": 0.000087754,
      "slowest": 0.001870742
    },
    "DNSLookup": {
      "average": 0.000007569400000000002,
      "fastest": 0.000003827,
      "slowest": 0.000033573
    }
  },
  "statusCodeDistribution": {
    "200": 773144
  },
  "errorDistribution": {}
}