{
  "summary": {
    "successRate": 1,
    "total": 10.000478298,
    "slowest": 0.005004541,
    "fastest": 0.000030889,
    "average": 0.0006542190079625966,
    "requestsPerSec": 76253.05283173366,
    "totalData": 9913371,
    "sizePerRequest": 13,
    "sizePerSec": 991289.6868125376
  },
  "responseTimeHistogram": {
    "0.000030889": 1,
    "0.0005282542": 274899,
    "0.0010256194": 430247,
    "0.0015229846": 48999,
    "0.0020203498": 8191,
    "0.0025177150000000002": 127,
    "0.0030150802": 94,
    "0.0035124454": 8,
    "0.0040098106": 0,
    "0.0045071758": 0,
    "0.005004541": 1
  },
  "latencyPercentiles": {
    "p10": 0.000385636,
    "p25": 0.000476015,
    "p50": 0.000596423,
    "p75": 0.000804946,
    "p90": 0.000979824,
    "p95": 0.001100145,
    "p99": 0.001547785
  },
  "rps": {
    "mean": 76261.89970538848,
    "stddev": 15382.698052401185,
    "max": 99618.7827707225,
    "percentiles": {
      "p10": 55727.118183741426,
      "p25": 60826.435168730284,
      "p50": 78125.22692623979,
      "p75": 91026.48870820865,
      "p90": 95110.09194647125,
      "p95": 96395.88717568324,
      "p99": 97801.85823530595
    }
  },
  "details": {
    "DNSDialup": {
      "average": 0.0009221459000000002,
      "fastest": 0.000117742,
      "slowest": 0.002051196
    },
    "DNSLookup": {
      "average": 0.000009410100000000002,
      "fastest": 0.000004087,
      "slowest": 0.00003171
    }
  },
  "statusCodeDistribution": {
    "200": 762567
  },
  "errorDistribution": {}
}