{
  "summary": {
    "successRate": 1,
    "total": 10.000621379,
    "slowest": 0.003999261,
    "fastest": 0.000043842,
    "average": 0.0006573076186238456,
    "requestsPerSec": 75877.58512620318,
    "totalData": 9864699,
    "sizePerRequest": 13,
    "sizePerSec": 986408.6066406415
  },
  "responseTimeHistogram": {
    "0.000043842": 1,
    "0.0004393839": 116282,
    "0.0008349258": 494433,
    "0.0012304677": 121554,
    "0.0016260096": 21064,
    "0.0020215515": 4677,
    "0.0024170934": 678,
    "0.0028126353": 57,
    "0.0032081772": 40,
    "0.0036037191": 19,
    "0.003999261": 18
  },
  "latencyPercentiles": {
    "p10": 0.000396871,
    "p25": 0.000494982,
    "p50": 0.000601344,
    "p75": 0.000754438,
    "p90": 0.001012331,
    "p95": 0.001162972,
    "p99": 0.001548813
  },
  "rps": {
    "mean": 75875.91152030684,
    "stddev": 12097.03547378492,
    "max": 97866.20617795055,
    "percentiles": {
      "p10": 57253.19967313683,
      "p25": 68934.61551717838,
      "p50": 76757.9371314488,
      "p75": 84947.89362242026,
      "p90": 90318.62762354007,
      "p95": 92613.82102555317,
      "p99": 95918.13166730086
    }
  },
  "details": {
    "DNSDialup": {
      "average": 0.0009557554800000001,
      "fastest": 0.00014467,
      "slowest": 0.00200222
    },
    "DNSLookup": {
      "average": 0.00000796378,
      "fastest": 0.000003626,
      "slowest": 0.000030698
    }
  },
  "statusCodeDistribution": {
    "200": 758823
  },
  "errorDistribution": {}
}