{
  "summary": {
    "successRate": 1,
    "total": 10.000989696,
    "slowest": 0.004390458,
    "fastest": 0.000040886,
    "average": 0.000616544405553524,
    "requestsPerSec": 80909.79239021106,
    "totalData": 10519314,
    "sizePerRequest": 13,
    "sizePerSec": 1051827.3010727437
  },
  "responseTimeHistogram": {
    "0.000040886": 1,
    "0.00047584319999999995": 237099,
    "0.0009108003999999998": 477399,
    "0.0013457575999999997": 81801,
    "0.0017807147999999997": 11301,
    "0.0022156719999999997": 1457,
    "0.0026506291999999995": 52,
    "0.0030855863999999997": 37,
    "0.0035205435999999994": 22,
    "0.0039555008": 7,
    "0.004390458": 2
  },
  "latencyPercentiles": {
    "p10": 0.000369717,
    "p25": 0.000457444,
    "p50": 0.000565392,
    "p75": 0.00072309,
    "p90": 0.00093785,
    "p95": 0.001056231,
    "p99": 0.001460044
  },
  "rps": {
    "mean": 80924.96940883076,
    "stddev": 12474.616290585656,
    "max": 100493.81912309054,
    "percentiles": {
      "p10": 59908.95039719156,
      "p25": 73828.56427151692,
      "p50": 83817.19090586451,
      "p75": 90414.68968064076,
      "p90": 94365.10841519317,
      "p95": 96349.85141312102,
      "p99": 98644.11459037663
    }
  },
  "details": {
    "DNSDialup": {
      "average": 0.00073837942,
      "fastest": 0.000081993,
      "slowest": 0.001637896
    },
    "DNSLookup": {
      "average": 0.00000690052,
      "fastest": 0.000003547,
      "slowest": 0.000031047
    }
  },
  "statusCodeDistribution": {
    "200": 809178
  },
  "errorDistribution": {}
}