{
  "summary": {
    "successRate": 1,
    "total": 10.000394687,
    "slowest": 0.016151826,
    "fastest": 0.000036904,
    "average": 0.0006570834849370405,
    "requestsPerSec": 75918.20360719728,
    "totalData": 9869756,
    "sizePerRequest": 13,
    "sizePerSec": 986936.6468935647
  },
  "responseTimeHistogram": {
    "0.000036904": 1,
    "0.0016483962": 755666,
    "0.0032598884": 3532,
    "0.0048713806": 11,
    "0.0064828728": 0,
    "0.008094365000000001": 1,
    "0.009705857200000001": 0,
    "0.011317349400000001": 0,
    "0.012928841600000001": 0,
    "0.014540333800000001": 0,
    "0.016151826": 1
  },
  "latencyPercentiles": {
    "p10": 0.000418569,
    "p25": 0.000515723,
    "p50": 0.000581101,
    "p75": 0.000781995,
    "p90": 0.000983238,
    "p95": 0.001117078,
    "p99": 0.001486525
  },
  "rps": {
    "mean": 75917.40671782865,
    "stddev": 12780.230567459059,
    "max": 99923.36869838998,
    "percentiles": {
      "p10": 58106.420759494846,
      "p25": 64302.74936320777,
      "p50": 80846.89119689817,
      "p75": 83537.17404244919,
      "p90": 92000.45980186266,
      "p95": 95190.40232508777,
      "p99": 98047.168800374
    }
  },
  "details": {
    "DNSDialup": {
      "average": 0.0010407838600000002,
      "fastest": 0.00011282,
      "slowest": 0.001810314
    },
    "DNSLookup": {
      "average": 0.000009853339999999999,
      "fastest": 0.000005339,
      "slowest": 0.000063749
    }
  },
  "statusCodeDistribution": {
    "200": 759212
  },
  "errorDistribution": {}
}