{
  "summary": {
    "successRate": 1,
    "total": 10.000306792,
    "slowest": 0.00520445,
    "fastest": 0.000041389,
    "average": 0.0006508702422900757,
    "requestsPerSec": 76658.64817400095,
    "totalData": 9965930,
    "sizePerRequest": 13,
    "sizePerSec": 996562.4262620122
  },
  "responseTimeHistogram": {
    "0.000041389": 1,
    "0.0005576951": 319588,
    "0.0010740012": 400771,
    "0.0015903073": 39264,
    "0.0021066134000000004": 6771,
    "0.0026229195": 155,
    "0.0031392256000000005": 26,
    "0.0036555317000000007": 28,
    "0.0041718378000000006": 5,
    "0.0046881439": 0,
    "0.00520445": 1
  },
  "latencyPercentiles": {
    "p10": 0.000386442,
    "p25": 0.00047801,
    "p50": 0.000592617,
    "p75": 0.000780473,
    "p90": 0.000994509,
    "p95": 0.001110451,
    "p99": 0.001564184
  },
  "rps": {
    "mean": 76657.49867717539,
    "stddev": 16024.74447799791,
    "max": 98970.84417599933,
    "percentiles": {
      "p10": 54426.669067841845,
      "p25": 59924.85083564454,
      "p50": 78633.78326538535,
      "p75": 91869.22205163077,
      "p90": 95644.85743813975,
      "p95": 96701.3687009297,
      "p99": 97910.99540479139
    }
  },
  "details": {
    "DNSDialup": {
      "average": 0.00088518092,
      "fastest": 0.000103759,
      "slowest": 0.001267262
    },
    "DNSLookup": {
      "average": 0.0000072241200000000006,
      "fastest": 0.000003586,
      "slowest": 0.000021841
    }
  },
  "statusCodeDistribution": {
    "200": 766610
  },
  "errorDistribution": {}
}