{
  "summary": {
    "successRate": 1,
    "total": 10.000346132,
    "slowest": 0.003470075,
    "fastest": 0.000038242,
    "average": 0.0006794629107528501,
    "requestsPerSec": 73428.3584095447,
    "totalData": 9546017,
    "sizePerRequest": 13,
    "sizePerSec": 954568.659324081
  },
  "responseTimeHistogram": {
    "0.000038242": 1,
    "0.0003814253": 60621,
    "0.0007246085999999999": 426295,
    "0.0010677918999999999": 195222,
    "0.0014109752": 37694,
    "0.0017541585": 10792,
    "0.0020973418": 3489,
    "0.0024405251": 121,
    "0.0027837084": 34,
    "0.0031268917": 5,
    "0.003470075": 35
  },
  "latencyPercentiles": {
    "p10": 0.000401783,
    "p25": 0.000506987,
    "p50": 0.000616566,
    "p75": 0.00083195,
    "p90": 0.001014861,
    "p95": 0.001140117,
    "p99": 0.001596768
  },
  "rps": {
    "mean": 73441.63685128883,
    "stddev": 14470.087582285752,
    "max": 98613.52211202722,
    "percentiles": {
      "p10": 54832.20295279468,
      "p25": 59611.77332523028,
      "p50": 73435.01433793307,
      "p75": 85927.12719405536,
      "p90": 94528.29826661712,
      "p95": 96232.42070253543,
      "p99": 97941.62519070743
    }
  },
  "details": {
    "DNSDialup": {
      "average": 0.0005367489400000001,
      "fastest": 0.000131704,
      "slowest": 0.00110737
    },
    "DNSLookup": {
      "average": 0.000010144779999999998,
      "fastest": 0.000004699,
      "slowest": 0.000028293
    }
  },
  "statusCodeDistribution": {
    "200": 734309
  },
  "errorDistribution": {}
}