{
  "summary": {
    "successRate": 1,
    "total": 10.000711222,
    "slowest": 0.005648018,
    "fastest": 0.000037372,
    "average": 0.0006382145213507135,
    "requestsPerSec": 78162.94087968617,
    "totalData": 10161905,
    "sizePerRequest": 13,
    "sizePerSec": 1016118.2314359202
  },
  "responseTimeHistogram": {
    "0.000037372": 1,
    "0.0005984366": 421390,
    "0.0011595012": 328875,
    "0.0017205658": 28955,
    "0.0022816304": 2206,
    "0.002842695": 162,
    "0.0034037596": 58,
    "0.0039648242": 29,
    "0.0045258888": 7,
    "0.0050869534": 0,
    "0.005648018": 2
  },
  "latencyPercentiles": {
    "p10": 0.00038924,
    "p25": 0.000480951,
    "p50": 0.000586079,
    "p75": 0.000736409,
    "p90": 0.000970452,
    "p95": 0.001118687,
    "p99": 0.001469345
  },
  "rps": {
    "mean": 78156.91178054966,
    "stddev": 12991.64755456788,
    "max": 99560.28375181445,
    "percentiles": {
      "p10": 58029.031924673494,
      "p25": 69316.3653319029,
      "p50": 79431.70913828888,
      "p75": 88209.92361639933,
      "p90": 93410.06026349096,
      "p95": 95500.61120391342,
      "p99": 98037.0075123499
    }
  },
  "details": {
    "DNSDialup": {
      "average": 0.0006297045,
      "fastest": 0.000104727,
      "slowest": 0.001047917
    },
    "DNSLookup": {
      "average": 0.000006354439999999999,
      "fastest": 0.000003818,
      "slowest": 0.0000267
    }
  },
  "statusCodeDistribution": {
    "200": 781685
  },
  "errorDistribution": {}
}