{
  "summary": {
    "successRate": 1,
    "total": 10.000616397,
    "slowest": 0.003753745,
    "fastest": 0.000032449,
    "average": 0.0006248420425794705,
    "requestsPerSec": 79848.1781822513,
    "totalData": 10380903,
    "sizePerRequest": 13,
    "sizePerSec": 1038026.316369267
  },
  "responseTimeHistogram": {
    "0.000032449": 1,
    "0.0004045786": 113189,
    "0.0007767082": 502427,
    "0.0011488378": 155646,
    "0.0015209674": 20320,
    "0.0018930969999999998": 6398,
    "0.0022652266": 450,
    "0.0026373562": 37,
    "0.0030094858": 44,
    "0.0033816154": 12,
    "0.0037537449999999997": 7
  },
  "latencyPercentiles": {
    "p10": 0.00037143,
    "p25": 0.000459748,
    "p50": 0.000571646,
    "p75": 0.000747846,
    "p90": 0.000944298,
    "p95": 0.001060216,
    "p99": 0.0014859
  },
  "rps": {
    "mean": 79849.89137809514,
    "stddev": 15871.83978934751,
    "max": 100629.7159551156,
    "percentiles": {
      "p10": 56629.22945791847,
      "p25": 63073.682676102246,
      "p50": 84845.75731692582,
      "p75": 94334.69630130274,
      "p90": 97650.7784047762,
      "p95": 98731.74764405914,
      "p99": 99708.68379210973
    }
  },
  "details": {
    "DNSDialup": {
      "average": 0.000919174,
      "fastest": 0.000450225,
      "slowest": 0.001382794
    },
    "DNSLookup": {
      "average": 0.00000743616,
      "fastest": 0.000004277,
      "slowest": 0.000036899
    }
  },
  "statusCodeDistribution": {
    "200": 798531
  },
  "errorDistribution": {}
}