{
  "summary": {
    "successRate": 1,
    "total": 10.000328695,
    "slowest": 0.006632476,
    "fastest": 0.000046958,
    "average": 0.0006386064510711592,
    "requestsPerSec": 78122.13216457682,
    "totalData": 10156211,
    "sizePerRequest": 13,
    "sizePerSec": 1015587.7181394986
  },
  "responseTimeHistogram": {
    "0.000046958": 1,
    "0.0007055098": 567205,
    "0.0013640616": 202255,
    "0.0020226134": 11242,
    "0.0026811652": 208,
    "0.0033397170000000003": 286,
    "0.0039982687999999995": 47,
    "0.0046568206": 1,
    "0.0053153724": 0,
    "0.0059739241999999994": 1,
    "0.006632476": 1
  },
  "latencyPercentiles": {
    "p10": 0.000390422,
    "p25": 0.000487514,
    "p50": 0.000590534,
    "p75": 0.000735038,
    "p90": 0.00095542,
    "p95": 0.001094171,
    "p99": 0.001469563
  },
  "rps": {
    "mean": 78115.40987631603,
    "stddev": 14369.073825759784,
    "max": 100953.1501192368,
    "percentiles": {
      "p10": 57601.8605400869,
      "p25": 64930.49135874326,
      "p50": 79013.8037115083,
      "p75": 90908.38175279867,
      "p90": 96122.93761752301,
      "p95": 97465.24323381929,
      "p99": 99063.0147379617
    }
  },
  "details": {
    "DNSDialup": {
      "average": 0.0009460583999999998,
      "fastest": 0.000118855,
      "slowest": 0.001706047
    },
    "DNSLookup": {
      "average": 0.000008652979999999997,
      "fastest": 0.000003857,
      "slowest": 0.000036378
    }
  },
  "statusCodeDistribution": {
    "200": 781247
  },
  "errorDistribution": {}
}