{
  "summary": {
    "successRate": 1,
    "total": 10.000942509,
    "slowest": 0.005084906,
    "fastest": 0.000043459,
    "average": 0.0006786895704449351,
    "requestsPerSec": 73496.57288185897,
    "totalData": 9555455,
    "sizePerRequest": 13,
    "sizePerSec": 955455.4474641667
  },
  "responseTimeHistogram": {
    "0.000043459": 1,
    "0.0005476037": 226971,
    "0.0010517484": 442160,
    "0.0015558931": 57772,
    "0.0020600378": 7393,
    "0.0025641825": 525,
    "0.0030683272": 135,
    "0.0035724719": 56,
    "0.0040766166": 13,
    "0.004580761300000001": 3,
    "0.005084906": 6
  },
  "latencyPercentiles": {
    "p10": 0.000405364,
    "p25": 0.00051559,
    "p50": 0.000614772,
    "p75": 0.000793226,
    "p90": 0.001028721,
    "p95": 0.001185831,
    "p99": 0.001576717
  },
  "rps": {
    "mean": 73487.46902733507,
    "stddev": 12392.804996328681,
    "max": 97458.7701125575,
    "percentiles": {
      "p10": 55392.0005737529,
      "p25": 63109.20068936694,
      "p50": 75819.7131254089,
      "p75": 83103.65656089038,
      "p90": 89354.04132419014,
      "p95": 91839.09590312441,
      "p99": 94730.75971055408
    }
  },
  "details": {
    "DNSDialup": {
      "average": 0.0008456403,
      "fastest": 0.000133929,
      "slowest": 0.001170052
    },
    "DNSLookup": {
      "average": 0.000006960820000000001,
      "fastest": 0.000003266,
      "slowest": 0.000024767
    }
  },
  "statusCodeDistribution": {
    "200": 735035
  },
  "errorDistribution": {}
}