{
  "summary": {
    "successRate": 1,
    "total": 10.000209782,
    "slowest": 0.009450172,
    "fastest": 0.000035997,
    "average": 0.0006474771355857339,
    "requestsPerSec": 77065.48330487813,
    "totalData": 10018723,
    "sizePerRequest": 13,
    "sizePerSec": 1001851.2829634157
  },
  "responseTimeHistogram": {
    "0.000035997": 1,
    "0.0009774145": 697320,
    "0.001918832": 72777,
    "0.0028602494999999998": 509,
    "0.003801667": 60,
    "0.0047430845000000004": 2,
    "0.005684502": 0,
    "0.006625919500000001": 0,
    "0.007567337": 0,
    "0.0085087545": 0,
    "0.009450172": 2
  },
  "latencyPercentiles": {
    "p10": 0.000410927,
    "p25": 0.000507958,
    "p50": 0.000583631,
    "p75": 0.000752404,
    "p90": 0.000967536,
    "p95": 0.001116626,
    "p99": 0.001467851
  },
  "rps": {
    "mean": 77063.00473090167,
    "stddev": 13140.995024372276,
    "max": 100749.25631140784,
    "percentiles": {
      "p10": 57358.0328521137,
      "p25": 65243.204049722466,
      "p50": 80427.31311553835,
      "p75": 87437.58941968938,
      "p90": 93519.37721495281,
      "p95": 95236.74233519835,
      "p99": 97901.8080902329
    }
  },
  "details": {
    "DNSDialup": {
      "average": 0.0008026655,
      "fastest": 0.000114404,
      "slowest": 0.001244964
    },
    "DNSLookup": {
      "average": 0.000007003999999999997,
      "fastest": 0.000003406,
      "slowest": 0.000024446
    }
  },
  "statusCodeDistribution": {
    "200": 770671
  },
  "errorDistribution": {}
}