{
  "summary": {
    "successRate": 1,
    "total": 10.000558443,
    "slowest": 0.005441823,
    "fastest": 0.000035483,
    "average": 0.0006369457826708832,
    "requestsPerSec": 78341.32508353965,
    "totalData": 10184941,
    "sizePerRequest": 13,
    "sizePerSec": 1018437.2260860153
  },
  "responseTimeHistogram": {
    "0.000035483": 1,
    "0.000576117": 380794,
    "0.001116751": 369589,
    "0.0016573850000000002": 28619,
    "0.002198019": 4303,
    "0.0027386529999999997": 80,
    "0.0032792870000000005": 57,
    "0.0038199210000000004": 13,
    "0.004360555": 0,
    "0.004901189": 0,
    "0.005441823": 1
  },
  "latencyPercentiles": {
    "p10": 0.000374368,
    "p25": 0.000469756,
    "p50": 0.000582347,
    "p75": 0.000757809,
    "p90": 0.000970793,
    "p95": 0.001078901,
    "p99": 0.001528435
  },
  "rps": {
    "mean": 78357.34996664953,
    "stddev": 15427.022707843786,
    "max": 98976.14234631493,
    "percentiles": {
      "p10": 56031.45970301947,
      "p25": 63248.65086224777,
      "p50": 82323.43748265102,
      "p75": 92399.27200209179,
      "p90": 95720.28312799176,
      "p95": 96918.27878737875,
      "p99": 98223.30839109256
    }
  },
  "details": {
    "DNSDialup": {
      "average": 0.0009189561799999998,
      "fastest": 0.000118712,
      "slowest": 0.002063653
    },
    "DNSLookup": {
      "average": 0.000008747779999999998,
      "fastest": 0.000003977,
      "slowest": 0.000030788
    }
  },
  "statusCodeDistribution": {
    "200": 783457
  },
  "errorDistribution": {}
}