{
  "summary": {
    "successRate": 1,
    "total": 10.000688857,
    "slowest": 0.005068091,
    "fastest": 0.000044684,
    "average": 0.0006473093559199518,
    "requestsPerSec": 77056.69189583907,
    "totalData": 10018060,
    "sizePerRequest": 13,
    "sizePerSec": 1001736.9946459079
  },
  "responseTimeHistogram": {
    "0.000044684": 1,
    "0.0005470247": 268123,
    "0.0010493654": 446822,
    "0.0015517061": 50359,
    "0.0020540468": 4965,
    "0.0025563875000000004": 224,
    "0.0030587282": 76,
    "0.0035610689": 21,
    "0.0040634096": 14,
    "0.0045657503": 2,
    "0.005068091": 13
  },
  "latencyPercentiles": {
    "p10": 0.000394019,
    "p25": 0.000495127,
    "p50": 0.000595611,
    "p75": 0.000741902,
    "p90": 0.000980149,
    "p95": 0.001137885,
    "p99": 0.001475685
  },
  "rps": {
    "mean": 77042.89308449127,
    "stddev": 11963.542013133358,
    "max": 99005.76213535151,
    "percentiles": {
      "p10": 58669.45118847293,
      "p25": 69608.35996403244,
      "p50": 77920.76588410468,
      "p75": 85921.63926470757,
      "p90": 91911.13963012437,
      "p95": 94306.99757922342,
      "p99": 97212.49429840433
    }
  },
  "details": {
    "DNSDialup": {
      "average": 0.0006701734200000001,
      "fastest": 0.000089644,
      "slowest": 0.001096044
    },
    "DNSLookup": {
      "average": 0.000008195579999999999,
      "fastest": 0.000003998,
      "slowest": 0.000033834
    }
  },
  "statusCodeDistribution": {
    "200": 770620
  },
  "errorDistribution": {}
}