{
  "summary": {
    "successRate": 1,
    "total": 10.000631533,
    "slowest": 0.00419587,
    "fastest": 0.000032938,
    "average": 0.000662684425697578,
    "requestsPerSec": 75260.64704177917,
    "totalData": 9784502,
    "sizePerRequest": 13,
    "sizePerSec": 978388.4115431292
  },
  "responseTimeHistogram": {
    "0.000032938": 1,
    "0.00044923120000000004": 176393,
    "0.0008655244000000001": 413264,
    "0.0012818176000000002": 141626,
    "0.0016981108000000001": 17000,
    "0.0021144040000000003": 4136,
    "0.0025306972000000007": 144,
    "0.0029469904000000006": 44,
    "0.0033632836000000005": 14,
    "0.0037795768000000005": 22,
    "0.00419587": 10
  },
  "latencyPercentiles": {
    "p10": 0.000378571,
    "p25": 0.000456549,
    "p50": 0.000605944,
    "p75": 0.000831777,
    "p90": 0.000992566,
    "p95": 0.001116319,
    "p99": 0.001567515
  },
  "rps": {
    "mean": 75256.3274851432,
    "stddev": 13415.745703189277,
    "max": 102520.97579164551,
    "percentiles": {
      "p10": 56335.83522478806,
      "p25": 63871.55530340574,
      "p50": 77035.69834261149,
      "p75": 87024.42729555193,
      "p90": 91400.66869650253,
      "p95": 94033.84278002082,
      "p99": 98105.2682529075
    }
  },
  "details": {
    "DNSDialup": {
      "average": 0.0005874321400000001,
      "fastest": 0.000085368,
      "slowest": 0.001046576
    },
    "DNSLookup": {
      "average": 0.000006843760000000001,
      "fastest": 0.000003477,
      "slowest": 0.000030336
    }
  },
  "statusCodeDistribution": {
    "200": 752654
  },
  "errorDistribution": {}
}