{
  "summary": {
    "successRate": 1,
    "total": 10.000459345,
    "slowest": 0.004898328,
    "fastest": 0.000044254,
    "average": 0.0006457654366317965,
    "requestsPerSec": 77270.25062967246,
    "totalData": 10045594,
    "sizePerRequest": 13,
    "sizePerSec": 1004513.258185742
  },
  "responseTimeHistogram": {
    "0.000044254": 1,
    "0.0005296614000000001": 251090,
    "0.0010150688": 461447,
    "0.0015004762000000002": 52395,
    "0.0019858836": 7410,
    "0.0024712910000000005": 290,
    "0.0029566984000000004": 64,
    "0.0034421058000000007": 22,
    "0.003927513200000001": 16,
    "0.0044129206": 2,
    "0.004898328": 1
  },
  "latencyPercentiles": {
    "p10": 0.000377858,
    "p25": 0.000488755,
    "p50": 0.000600434,
    "p75": 0.00075294,
    "p90": 0.000976109,
    "p95": 0.00110028,
    "p99": 0.001503403
  },
  "rps": {
    "mean": 77258.00661257366,
    "stddev": 14948.118040807041,
    "max": 98735.96951369921,
    "percentiles": {
      "p10": 55204.728891179446,
      "p25": 62939.219385038465,
      "p50": 77520.92289708766,
      "p75": 91365.22563458086,
      "p90": 94671.00325243866,
      "p95": 96140.72521119822,
      "p99": 97444.75637660474
    }
  },
  "details": {
    "DNSDialup": {
      "average": 0.00086482542,
      "fastest": 0.0001036,
      "slowest": 0.001754551
    },
    "DNSLookup": {
      "average": 0.000010000560000000001,
      "fastest": 0.000003386,
      "slowest": 0.000197028
    }
  },
  "statusCodeDistribution": {
    "200": 772738
  },
  "errorDistribution": {}
}