{
  "summary": {
    "successRate": 1,
    "total": 10.00070131,
    "slowest": 0.005439568,
    "fastest": 0.000046139,
    "average": 0.0006390069502370821,
    "requestsPerSec": 78066.72510250183,
    "totalData": 10149386,
    "sizePerRequest": 13,
    "sizePerSec": 1014867.4263325238
  },
  "responseTimeHistogram": {
    "0.000046139": 1,
    "0.0005854819": 388002,
    "0.0011248248": 357807,
    "0.0016641677": 31240,
    "0.0022035106000000003": 3478,
    "0.0027428535": 107,
    "0.0032821964000000004": 54,
    "0.0038215393000000006": 22,
    "0.0043608822": 2,
    "0.0049002251": 0,
    "0.005439568": 9
  },
  "latencyPercentiles": {
    "p10": 0.000366061,
    "p25": 0.00045496,
    "p50": 0.000587334,
    "p75": 0.000774566,
    "p90": 0.000972073,
    "p95": 0.001097166,
    "p99": 0.001495211
  },
  "rps": {
    "mean": 78064.86932988146,
    "stddev": 11219.488570260963,
    "max": 97091.41850561836,
    "percentiles": {
      "p10": 61415.802285927806,
      "p25": 71466.6029447844,
      "p50": 80307.85410813181,
      "p75": 86322.48700786682,
      "p90": 90341.65571617056,
      "p95": 92435.44899468945,
      "p99": 95697.39123506249
    }
  },
  "details": {
    "DNSDialup": {
      "average": 0.0007856597600000001,
      "fastest": 0.000103272,
      "slowest": 0.001138447
    },
    "DNSLookup": {
      "average": 0.00000773836,
      "fastest": 0.000003988,
      "slowest": 0.000039594
    }
  },
  "statusCodeDistribution": {
    "200": 780722
  },
  "errorDistribution": {}
}