{
  "summary": {
    "successRate": 1,
    "total": 10.000320772,
    "slowest": 0.003554981,
    "fastest": 0.000035737,
    "average": 0.0006448376948077929,
    "requestsPerSec": 77357.61858419715,
    "totalData": 10056813,
    "sizePerRequest": 13,
    "sizePerSec": 1005649.0415945629
  },
  "responseTimeHistogram": {
    "0.000035737": 1,
    "0.0003876614": 75835,
    "0.0007395858": 491792,
    "0.0010915102": 164025,
    "0.0014434346000000002": 32224,
    "0.0017953590000000003": 7621,
    "0.0021472834": 1932,
    "0.0024992078": 97,
    "0.0028511322": 37,
    "0.0032030566000000003": 19,
    "0.0035549810000000005": 18
  },
  "latencyPercentiles": {
    "p10": 0.000389553,
    "p25": 0.000484424,
    "p50": 0.00058781,
    "p75": 0.000760108,
    "p90": 0.000973833,
    "p95": 0.001107589,
    "p99": 0.001508233
  },
  "rps": {
    "mean": 77353.65083672992,
    "stddev": 14066.146830372583,
    "max": 98720.4857007538,
    "percentiles": {
      "p10": 55698.96034284295,
      "p25": 65435.49072710044,
      "p50": 79995.44256251921,
      "p75": 89618.31798419719,
      "p90": 94005.05932807931,
      "p95": 95186.58171472856,
      "p99": 97742.40065340654
    }
  },
  "details": {
    "DNSDialup": {
      "average": 0.0010484225200000001,
      "fastest": 0.00012475,
      "slowest": 0.001451357
    },
    "DNSLookup": {
      "average": 0.000010626200000000002,
      "fastest": 0.000003757,
      "slowest": 0.00011281
    }
  },
  "statusCodeDistribution": {
    "200": 773601
  },
  "errorDistribution": {}
}