{
  "summary": {
    "successRate": 1,
    "total": 10.000260139,
    "slowest": 0.004565668,
    "fastest": 0.000034024,
    "average": 0.0006329714829541506,
    "requestsPerSec": 78838.1491122728,
    "totalData": 10249226,
    "sizePerRequest": 13,
    "sizePerSec": 1024895.9384595465
  },
  "responseTimeHistogram": {
    "0.000034024": 1,
    "0.0004871884000000001": 221185,
    "0.0009403528000000001": 483723,
    "0.0013935172000000002": 71899,
    "0.0018466816000000002": 10629,
    "0.0022998460000000004": 868,
    "0.0027530104000000007": 53,
    "0.0032061748000000007": 22,
    "0.0036593392000000007": 21,
    "0.0041125036": 0,
    "0.004565668": 1
  },
  "latencyPercentiles": {
    "p10": 0.000384775,
    "p25": 0.00047314,
    "p50": 0.000585589,
    "p75": 0.000742261,
    "p90": 0.000949347,
    "p95": 0.00106926,
    "p99": 0.001491374
  },
  "rps": {
    "mean": 78821.46560724238,
    "stddev": 14846.750457130465,
    "max": 105707.86249247826,
    "percentiles": {
      "p10": 57461.50705788563,
      "p25": 64584.1208173624,
      "p50": 80173.29457622624,
      "p75": 92319.70102419888,
      "p90": 96671.59594766423,
      "p95": 98906.6860919817,
      "p99": 102348.53698396565
    }
  },
  "details": {
    "DNSDialup": {
      "average": 0.0008292987599999998,
      "fastest": 0.000102169,
      "slowest": 0.001286011
    },
    "DNSLookup": {
      "average": 0.0000062606799999999995,
      "fastest": 0.000003657,
      "slowest": 0.000026169
    }
  },
  "statusCodeDistribution": {
    "200": 788402
  },
  "errorDistribution": {}
}