{
  "summary": {
    "successRate": 1,
    "total": 10.000313119,
    "slowest": 0.00494022,
    "fastest": 0.00003166,
    "average": 0.0006491413946195234,
    "requestsPerSec": 76868.09311395523,
    "totalData": 9993165,
    "sizePerRequest": 13,
    "sizePerSec": 999285.210481418
  },
  "responseTimeHistogram": {
    "0.00003166": 1,
    "0.000522516": 232062,
    "0.001013372": 474995,
    "0.001504228": 54153,
    "0.0019950840000000003": 7068,
    "0.0024859400000000003": 234,
    "0.0029767960000000003": 120,
    "0.0034676520000000003": 10,
    "0.003958508": 29,
    "0.004449364": 24,
    "0.00494022": 9
  },
  "latencyPercentiles": {
    "p10": 0.000402652,
    "p25": 0.000495156,
    "p50": 0.000594401,
    "p75": 0.000750162,
    "p90": 0.000971341,
    "p95": 0.001119863,
    "p99": 0.001498216
  },
  "rps": {
    "mean": 76866.9504474867,
    "stddev": 14158.859230586175,
    "max": 99331.24357876473,
    "percentiles": {
      "p10": 56202.545975329886,
      "p25": 64166.28377113519,
      "p50": 77710.76893003359,
      "p75": 89727.15143602561,
      "p90": 94455.22797179453,
      "p95": 95754.40765442976,
      "p99": 97820.9896038789
    }
  },
  "details": {
    "DNSDialup": {
      "average": 0.0010736584800000002,
      "fastest": 0.000162814,
      "slowest": 0.001913557
    },
    "DNSLookup": {
      "average": 0.000011898320000000004,
      "fastest": 0.00000505,
      "slowest": 0.000064541
    }
  },
  "statusCodeDistribution": {
    "200": 768705
  },
  "errorDistribution": {}
}