{
  "summary": {
    "successRate": 1,
    "total": 10.000124475,
    "slowest": 0.003474596,
    "fastest": 0.000037553,
    "average": 0.0006197240382611169,
    "requestsPerSec": 80516.79776715979,
    "totalData": 10467314,
    "sizePerRequest": 13,
    "sizePerSec": 1046718.3709730774
  },
  "responseTimeHistogram": {
    "0.000037553": 1,
    "0.0003812573": 82862,
    "0.0007249616": 521528,
    "0.0010686659000000002": 163772,
    "0.0014123702": 27685,
    "0.0017560745": 7806,
    "0.0020997788000000003": 1318,
    "0.0024434831000000002": 76,
    "0.0027871874": 76,
    "0.0031308917": 36,
    "0.003474596": 18
  },
  "latencyPercentiles": {
    "p10": 0.000378565,
    "p25": 0.000464736,
    "p50": 0.000573039,
    "p75": 0.00072427,
    "p90": 0.00092467,
    "p95": 0.001050788,
    "p99": 0.001446116
  },
  "rps": {
    "mean": 80515.71147650042,
    "stddev": 15010.863053220066,
    "max": 101966.44133318405,
    "percentiles": {
      "p10": 58788.14875213049,
      "p25": 66320.73849492468,
      "p50": 83338.39173331391,
      "p75": 94143.40952613074,
      "p90": 97876.93299421413,
      "p95": 99003.48492266955,
      "p99": 100346.47575065374
    }
  },
  "details": {
    "DNSDialup": {
      "average": 0.00075552356,
      "fastest": 0.000083105,
      "slowest": 0.001797856
    },
    "DNSLookup": {
      "average": 0.000007215700000000001,
      "fastest": 0.000003477,
      "slowest": 0.000033372
    }
  },
  "statusCodeDistribution": {
    "200": 805178
  },
  "errorDistribution": {}
}