{
  "summary": {
    "successRate": 1,
    "total": 10.000400573,
    "slowest": 0.00820633,
    "fastest": 0.000040152,
    "average": 0.0006224689923497164,
    "requestsPerSec": 80163.78885506069,
    "totalData": 10421710,
    "sizePerRequest": 13,
    "sizePerSec": 1042129.255115789
  },
  "responseTimeHistogram": {
    "0.000040152": 1,
    "0.0008567698": 681147,
    "0.0016733876": 117663,
    "0.0024900054": 2790,
    "0.0033066232": 63,
    "0.004123241": 5,
    "0.0049398588": 0,
    "0.0057564766": 0,
    "0.0065730944": 0,
    "0.0073897122": 0,
    "0.00820633": 1
  },
  "latencyPercentiles": {
    "p10": 0.000372666,
    "p25": 0.000477779,
    "p50": 0.000582559,
    "p75": 0.000703984,
    "p90": 0.000942731,
    "p95": 0.00106547,
    "p99": 0.001439424
  },
  "rps": {
    "mean": 80159.60829609566,
    "stddev": 14623.831785575989,
    "max": 99898.96990949067,
    "percentiles": {
      "p10": 57423.61006302189,
      "p25": 69301.08109686986,
      "p50": 80534.97634022508,
      "p75": 93861.89299303453,
      "p90": 96766.66157438912,
      "p95": 98050.74125859984,
      "p99": 99261.85638301827
    }
  },
  "details": {
    "DNSDialup": {
      "average": 0.0009209493000000001,
      "fastest": 0.00011359,
      "slowest": 0.00205267
    },
    "DNSLookup": {
      "average": 0.000008723120000000001,
      "fastest": 0.000004478,
      "slowest": 0.000029706
    }
  },
  "statusCodeDistribution": {
    "200": 801670
  },
  "errorDistribution": {}
}