{
  "summary": {
    "successRate": 1,
    "total": 10.001049978,
    "slowest": 0.005237082,
    "fastest": 0.000038313,
    "average": 0.0006437191184918545,
    "requestsPerSec": 77490.86362979878,
    "totalData": 10074870,
    "sizePerRequest": 13,
    "sizePerSec": 1007381.2271873842
  },
  "responseTimeHistogram": {
    "0.000038313": 1,
    "0.0005581898999999999": 326673,
    "0.0010780667999999998": 401764,
    "0.0015979437": 41027,
    "0.0021178205999999996": 5229,
    "0.0026376974999999993": 216,
    "0.0031575743999999995": 42,
    "0.0036774512999999997": 11,
    "0.004197328199999999": 2,
    "0.004717205099999999": 5,
    "0.005237081999999999": 20
  },
  "latencyPercentiles": {
    "p10": 0.000386249,
    "p25": 0.000478955,
    "p50": 0.000592232,
    "p75": 0.000747313,
    "p90": 0.000983209,
    "p95": 0.00111788,
    "p99": 0.00151567
  },
  "rps": {
    "mean": 77488.08372389807,
    "stddev": 11696.189127112895,
    "max": 97505.70408369528,
    "percentiles": {
      "p10": 59099.51767781724,
      "p25": 70889.73222305063,
      "p50": 79231.04272253679,
      "p75": 86373.59364851491,
      "p90": 90671.10427998264,
      "p95": 92866.91990247786,
      "p99": 95706.15441736786
    }
  },
  "details": {
    "DNSDialup": {
      "average": 0.0009187259999999999,
      "fastest": 0.000123837,
      "slowest": 0.00162508
    },
    "DNSLookup": {
      "average": 0.000007105640000000003,
      "fastest": 0.000003667,
      "slowest": 0.000030788
    }
  },
  "statusCodeDistribution": {
    "200": 774990
  },
  "errorDistribution": {}
}