{
  "summary": {
    "successRate": 1,
    "total": 10.000190671,
    "slowest": 0.005760348,
    "fastest": 0.00003647,
    "average": 0.0006593785278466738,
    "requestsPerSec": 75664.6572944129,
    "totalData": 9836593,
    "sizePerRequest": 13,
    "sizePerSec": 983640.5448273676
  },
  "responseTimeHistogram": {
    "0.00003647": 1,
    "0.0006088578": 396879,
    "0.0011812456": 330992,
    "0.0017536334": 24761,
    "0.0023260212": 3889,
    "0.002898409": 114,
    "0.0034707968": 14,
    "0.0040431846": 3,
    "0.0046155724": 2,
    "0.0051879602": 5,
    "0.005760348": 1
  },
  "latencyPercentiles": {
    "p10": 0.000377188,
    "p25": 0.00047462,
    "p50": 0.00059689,
    "p75": 0.000824132,
    "p90": 0.000997455,
    "p95": 0.001101959,
    "p99": 0.001589474
  },
  "rps": {
    "mean": 75644.95674038124,
    "stddev": 16986.175387101106,
    "max": 99326.26186362393,
    "percentiles": {
      "p10": 54202.29817744628,
      "p25": 57047.50486575615,
      "p50": 79757.07416226254,
      "p75": 91556.03645594405,
      "p90": 95709.75037075419,
      "p95": 96915.75850233002,
      "p99": 98423.06052308062
    }
  },
  "details": {
    "DNSDialup": {
      "average": 0.0009810124999999998,
      "fastest": 0.000089929,
      "slowest": 0.002212873
    },
    "DNSLookup": {
      "average": 0.000008661680000000002,
      "fastest": 0.000003877,
      "slowest": 0.000023604
    }
  },
  "statusCodeDistribution": {
    "200": 756661
  },
  "errorDistribution": {}
}