{
  "summary": {
    "successRate": 1,
    "total": 10.000143995,
    "slowest": 0.005069297,
    "fastest": 0.000034003,
    "average": 0.0006336850446612329,
    "requestsPerSec": 78727.16636816788,
    "totalData": 10234679,
    "sizePerRequest": 13,
    "sizePerSec": 1023453.1627861825
  },
  "responseTimeHistogram": {
    "0.000034003": 1,
    "0.0005375324": 310038,
    "0.0010410617999999999": 427195,
    "0.0015445911999999997": 43325,
    "0.0020481206": 6480,
    "0.00255165": 170,
    "0.0030551793999999996": 49,
    "0.0035587087999999997": 17,
    "0.0040622382": 2,
    "0.0045657676": 5,
    "0.005069297": 1
  },
  "latencyPercentiles": {
    "p10": 0.000382119,
    "p25": 0.000470623,
    "p50": 0.000581338,
    "p75": 0.000745238,
    "p90": 0.000961333,
    "p95": 0.001087614,
    "p99": 0.001507106
  },
  "rps": {
    "mean": 78722.14806676937,
    "stddev": 14979.592286112656,
    "max": 102304.95585364812,
    "percentiles": {
      "p10": 56351.424949850145,
      "p25": 64932.1434050441,
      "p50": 81708.92761214181,
      "p75": 91911.48893611446,
      "p90": 95995.69682756416,
      "p95": 97264.39875841825,
      "p99": 98714.48012753233
    }
  },
  "details": {
    "DNSDialup": {
      "average": 0.0010497490199999997,
      "fastest": 0.000109425,
      "slowest": 0.002071802
    },
    "DNSLookup": {
      "average": 0.000012780299999999999,
      "fastest": 0.000004187,
      "slowest": 0.000134873
    }
  },
  "statusCodeDistribution": {
    "200": 787283
  },
  "errorDistribution": {}
}