{
  "summary": {
    "successRate": 1,
    "total": 10.000403323,
    "slowest": 0.004289566,
    "fastest": 0.000039066,
    "average": 0.0006245199400179651,
    "requestsPerSec": 79897.37755499923,
    "totalData": 10387078,
    "sizePerRequest": 13,
    "sizePerSec": 1038665.90821499
  },
  "responseTimeHistogram": {
    "0.000039066": 1,
    "0.000464116": 187201,
    "0.000889166": 505898,
    "0.001314216": 91356,
    "0.001739266": 12492,
    "0.002164316": 1922,
    "0.002589366": 62,
    "0.003014416": 43,
    "0.003439466": 23,
    "0.003864516": 7,
    "0.004289566": 1
  },
  "latencyPercentiles": {
    "p10": 0.000381101,
    "p25": 0.000471376,
    "p50": 0.000577867,
    "p75": 0.000719861,
    "p90": 0.00093865,
    "p95": 0.001066508,
    "p99": 0.001467944
  },
  "rps": {
    "mean": 79894.1862591445,
    "stddev": 14414.398488546783,
    "max": 98922.26740239172,
    "percentiles": {
      "p10": 58015.17829629812,
      "p25": 67953.12575370546,
      "p50": 83442.42212742331,
      "p75": 92424.5017354035,
      "p90": 95789.56755418825,
      "p95": 97118.99647571458,
      "p99": 98418.36486688479
    }
  },
  "details": {
    "DNSDialup": {
      "average": 0.0007930651400000001,
      "fastest": 0.000096641,
      "slowest": 0.001691771
    },
    "DNSLookup": {
      "average": 0.000007341820000000002,
      "fastest": 0.000003537,
      "slowest": 0.000029305
    }
  },
  "statusCodeDistribution": {
    "200": 799006
  },
  "errorDistribution": {}
}