{
  "summary": {
    "successRate": 1,
    "total": 10.000546718,
    "slowest": 0.005300222,
    "fastest": 0.000037734,
    "average": 0.0006615100018326671,
    "requestsPerSec": 75405.07746868565,
    "totalData": 9803196,
    "sizePerRequest": 13,
    "sizePerSec": 980266.0070929134
  },
  "responseTimeHistogram": {
    "0.000037734": 1,
    "0.0005639828": 303941,
    "0.0010902316": 407251,
    "0.0016164804000000001": 37192,
    "0.0021427292000000004": 5530,
    "0.0026689780000000007": 71,
    "0.0031952268000000005": 47,
    "0.0037214756000000003": 43,
    "0.004247724400000001": 14,
    "0.004773973200000001": 0,
    "0.005300222000000001": 2
  },
  "latencyPercentiles": {
    "p10": 0.000392631,
    "p25": 0.000488168,
    "p50": 0.000603234,
    "p75": 0.000804639,
    "p90": 0.000990873,
    "p95": 0.001118511,
    "p99": 0.001554465
  },
  "rps": {
    "mean": 75415.59756248671,
    "stddev": 14891.372260272128,
    "max": 99872.28453310867,
    "percentiles": {
      "p10": 55435.21758273043,
      "p25": 59941.72543507646,
      "p50": 77740.39390867692,
      "p75": 89340.81486276728,
      "p90": 93991.51013426647,
      "p95": 95575.2846517205,
      "p99": 97537.79589590295
    }
  },
  "details": {
    "DNSDialup": {
      "average": 0.0008565115199999999,
      "fastest": 0.000087612,
      "slowest": 0.001614454
    },
    "DNSLookup": {
      "average": 0.000011786840000000001,
      "fastest": 0.000004609,
      "slowest": 0.000035015
    }
  },
  "statusCodeDistribution": {
    "200": 754092
  },
  "errorDistribution": {}
}