{
  "summary": {
    "successRate": 1,
    "total": 10.000653386,
    "slowest": 0.004751746,
    "fastest": 0.000038154,
    "average": 0.00063584880350623,
    "requestsPerSec": 78449.77420158335,
    "totalData": 10199137,
    "sizePerRequest": 13,
    "sizePerSec": 1019847.0646205836
  },
  "responseTimeHistogram": {
    "0.000038154": 1,
    "0.0005095132": 269596,
    "0.0009808724": 438944,
    "0.0014522316": 66170,
    "0.0019235908": 9020,
    "0.00239495": 744,
    "0.0028663091999999997": 41,
    "0.0033376684": 21,
    "0.0038090275999999998": 11,
    "0.0042803868": 0,
    "0.004751746": 1
  },
  "latencyPercentiles": {
    "p10": 0.000379378,
    "p25": 0.000468218,
    "p50": 0.000580859,
    "p75": 0.00074892,
    "p90": 0.000975239,
    "p95": 0.0010981,
    "p99": 0.001502267
  },
  "rps": {
    "mean": 78449.10714039428,
    "stddev": 12475.173769906909,
    "max": 97937.84850014046,
    "percentiles": {
      "p10": 58624.04758431581,
      "p25": 69162.88381882072,
      "p50": 81805.47179478551,
      "p75": 88396.87752563326,
      "p90": 92338.68991107229,
      "p95": 94616.41603829309,
      "p99": 96647.43456088318
    }
  },
  "details": {
    "DNSDialup": {
      "average": 0.0008619540800000001,
      "fastest": 0.000086649,
      "slowest": 0.001941148
    },
    "DNSLookup": {
      "average": 0.00000999476,
      "fastest": 0.000003446,
      "slowest": 0.000108514
    }
  },
  "statusCodeDistribution": {
    "200": 784549
  },
  "errorDistribution": {}
}