{
  "summary": {
    "successRate": 1,
    "total": 10.000371713,
    "slowest": 0.006604215,
    "fastest": 0.000034004,
    "average": 0.0006546771857294108,
    "requestsPerSec": 76211.2671281262,
    "totalData": 9907833,
    "sizePerRequest": 13,
    "sizePerSec": 990746.4726656406
  },
  "responseTimeHistogram": {
    "0.000034004": 1,
    "0.0006910251000000001": 540882,
    "0.0013480462000000002": 208942,
    "0.0020050673": 11781,
    "0.0026620884": 391,
    "0.0033191095000000004": 92,
    "0.0039761306": 41,
    "0.0046331517": 8,
    "0.0052901728": 0,
    "0.005947193900000001": 2,
    "0.006604215000000001": 1
  },
  "latencyPercentiles": {
    "p10": 0.00042252,
    "p25": 0.000526204,
    "p50": 0.000591613,
    "p75": 0.000737666,
    "p90": 0.000975134,
    "p95": 0.001138295,
    "p99": 0.001481547
  },
  "rps": {
    "mean": 76210.85256417897,
    "stddev": 13003.962108987502,
    "max": 99518.96831536022,
    "percentiles": {
      "p10": 56992.22481820078,
      "p25": 65215.443016905454,
      "p50": 78536.17376162988,
      "p75": 85627.13917625225,
      "p90": 93170.92205650614,
      "p95": 95546.55027929695,
      "p99": 97550.4349367359
    }
  },
  "details": {
    "DNSDialup": {
      "average": 0.0009563035000000001,
      "fastest": 0.000150451,
      "slowest": 0.001287859
    },
    "DNSLookup": {
      "average": 0.000007249940000000002,
      "fastest": 0.000003487,
      "slowest": 0.000033092
    }
  },
  "statusCodeDistribution": {
    "200": 762141
  },
  "errorDistribution": {}
}