{
  "summary": {
    "successRate": 1,
    "total": 10.000438208,
    "slowest": 0.003773064,
    "fastest": 0.000033563,
    "average": 0.0006386622628024069,
    "requestsPerSec": 78112.67704000196,
    "totalData": 10155093,
    "sizePerRequest": 13,
    "sizePerSec": 1015464.8015200255
  },
  "responseTimeHistogram": {
    "0.000033563": 1,
    "0.0004075131": 102537,
    "0.0007814632": 498519,
    "0.0011554132999999998": 150881,
    "0.0015293633999999999": 21974,
    "0.0019033135": 6313,
    "0.0022772635999999996": 776,
    "0.0026512136999999997": 89,
    "0.0030251638": 40,
    "0.0033991139": 25,
    "0.003773064": 6
  },
  "latencyPercentiles": {
    "p10": 0.000381041,
    "p25": 0.000473753,
    "p50": 0.000583705,
    "p75": 0.000754284,
    "p90": 0.00097075,
    "p95": 0.001094441,
    "p99": 0.001511038
  },
  "rps": {
    "mean": 78119.10581296572,
    "stddev": 14855.449663252177,
    "max": 99561.97733088976,
    "percentiles": {
      "p10": 55751.15252472465,
      "p25": 64414.583461690854,
      "p50": 81664.86640338557,
      "p75": 91217.83308637132,
      "p90": 94717.57010925566,
      "p95": 96011.74258799854,
      "p99": 97885.9046699365
    }
  },
  "details": {
    "DNSDialup": {
      "average": 0.0009545562800000001,
      "fastest": 0.000365251,
      "slowest": 0.001424707
    },
    "DNSLookup": {
      "average": 0.000007859899999999997,
      "fastest": 0.000004058,
      "slowest": 0.000024626
    }
  },
  "statusCodeDistribution": {
    "200": 781161
  },
  "errorDistribution": {}
}