{
  "summary": {
    "successRate": 1,
    "total": 10.000801339,
    "slowest": 0.004899234,
    "fastest": 0.000038689,
    "average": 0.0006295718136439984,
    "requestsPerSec": 79232.85076266027,
    "totalData": 10301096,
    "sizePerRequest": 13,
    "sizePerSec": 1030027.0599145835
  },
  "responseTimeHistogram": {
    "0.000038689": 1,
    "0.0005247435": 302747,
    "0.001010798": 431165,
    "0.0014968524999999999": 51537,
    "0.001982907": 6635,
    "0.0024689615": 244,
    "0.002955016": 27,
    "0.0034410705000000002": 4,
    "0.003927125": 11,
    "0.0044131794999999994": 19,
    "0.004899234": 2
  },
  "latencyPercentiles": {
    "p10": 0.000373554,
    "p25": 0.000465212,
    "p50": 0.000579407,
    "p75": 0.000743369,
    "p90": 0.000956217,
    "p95": 0.001082719,
    "p99": 0.00146489
  },
  "rps": {
    "mean": 79212.85805136616,
    "stddev": 12214.33245124428,
    "max": 98983.33406895293,
    "percentiles": {
      "p10": 59424.47645081946,
      "p25": 70929.51019266126,
      "p50": 82622.93414922124,
      "p75": 89052.91275649295,
      "p90": 92463.65734602168,
      "p95": 94233.198355776,
      "p99": 97137.0965661155
    }
  },
  "details": {
    "DNSDialup": {
      "average": 0.0007508157800000001,
      "fastest": 0.00008018,
      "slowest": 0.001485381
    },
    "DNSLookup": {
      "average": 0.000009408420000000001,
      "fastest": 0.000003677,
      "slowest": 0.00014515
    }
  },
  "statusCodeDistribution": {
    "200": 792392
  },
  "errorDistribution": {}
}