{
  "summary": {
    "successRate": 1,
    "total": 10.000504544,
    "slowest": 0.0057565,
    "fastest": 0.000036867,
    "average": 0.0006339328573300244,
    "requestsPerSec": 78693.72955509153,
    "totalData": 10230701,
    "sizePerRequest": 13,
    "sizePerSec": 1023018.48421619
  },
  "responseTimeHistogram": {
    "0.000036867": 1,
    "0.0006088303": 438110,
    "0.0011807936": 324648,
    "0.0017527568999999997": 21397,
    "0.0023247202": 2719,
    "0.0028966835": 67,
    "0.0034686467999999995": 26,
    "0.0040406101000000005": 2,
    "0.0046125734": 0,
    "0.0051845367": 3,
    "0.0057565": 4
  },
  "latencyPercentiles": {
    "p10": 0.000372415,
    "p25": 0.000469717,
    "p50": 0.000582817,
    "p75": 0.000749011,
    "p90": 0.000967646,
    "p95": 0.001069962,
    "p99": 0.00150877
  },
  "rps": {
    "mean": 78660.86198273912,
    "stddev": 14601.7693713697,
    "max": 98050.67258759045,
    "percentiles": {
      "p10": 55937.92165231517,
      "p25": 66035.75836314594,
      "p50": 83218.63265185127,
      "p75": 91355.57159420007,
      "p90": 94814.84800519866,
      "p95": 95707.21632411068,
      "p99": 97190.79564129256
    }
  },
  "details": {
    "DNSDialup": {
      "average": 0.0008188897400000003,
      "fastest": 0.000079759,
      "slowest": 0.001579472
    },
    "DNSLookup": {
      "average": 0.000011255159999999997,
      "fastest": 0.000003877,
      "slowest": 0.000196715
    }
  },
  "statusCodeDistribution": {
    "200": 786977
  },
  "errorDistribution": {}
}