{
  "summary": {
    "successRate": 1,
    "total": 10.000634663,
    "slowest": 0.003739785,
    "fastest": 0.000037667,
    "average": 0.0006337690620790417,
    "requestsPerSec": 78697.90533513064,
    "totalData": 10231377,
    "sizePerRequest": 13,
    "sizePerSec": 1023072.7693566983
  },
  "responseTimeHistogram": {
    "0.000037667": 1,
    "0.00040787880000000003": 106833,
    "0.0007780906": 507731,
    "0.0011483024": 141412,
    "0.0015185142": 23483,
    "0.0018887259999999999": 6337,
    "0.0022589378": 1110,
    "0.0026291496": 60,
    "0.0029993614": 29,
    "0.0033695732": 18,
    "0.003739785": 15
  },
  "latencyPercentiles": {
    "p10": 0.000380057,
    "p25": 0.00046815,
    "p50": 0.000579611,
    "p75": 0.000739269,
    "p90": 0.00097315,
    "p95": 0.001097862,
    "p99": 0.001509114
  },
  "rps": {
    "mean": 78704.87323995461,
    "stddev": 12550.234092740457,
    "max": 98273.65938349154,
    "percentiles": {
      "p10": 58439.136689841784,
      "p25": 70461.25345737961,
      "p50": 81528.50236443325,
      "p75": 88646.69021173373,
      "p90": 92404.74036318087,
      "p95": 94311.4305453917,
      "p99": 97188.18239844825
    }
  },
  "details": {
    "DNSDialup": {
      "average": 0.0007636690799999999,
      "fastest": 0.000081552,
      "slowest": 0.001931985
    },
    "DNSLookup": {
      "average": 0.000007335279999999999,
      "fastest": 0.000003547,
      "slowest": 0.000031468
    }
  },
  "statusCodeDistribution": {
    "200": 787029
  },
  "errorDistribution": {}
}