{
  "summary": {
    "successRate": 1,
    "total": 10.000826501,
    "slowest": 0.004830357,
    "fastest": 0.000039326,
    "average": 0.000641899894951604,
    "requestsPerSec": 77697.77827085613,
    "totalData": 10101546,
    "sizePerRequest": 13,
    "sizePerSec": 1010071.1175211297
  },
  "responseTimeHistogram": {
    "0.000039326": 1,
    "0.0005184291": 268575,
    "0.0009975322": 442070,
    "0.0014766353": 57369,
    "0.0019557384": 8404,
    "0.0024348415000000003": 516,
    "0.0029139446": 49,
    "0.0033930477000000004": 29,
    "0.0038721508000000003": 3,
    "0.0043512539": 7,
    "0.004830357": 19
  },
  "latencyPercentiles": {
    "p10": 0.000383243,
    "p25": 0.000475184,
    "p50": 0.000591023,
    "p75": 0.000756916,
    "p90": 0.000970106,
    "p95": 0.00110067,
    "p99": 0.001511285
  },
  "rps": {
    "mean": 77706.94503476421,
    "stddev": 11798.682969611355,
    "max": 96181.20296673357,
    "percentiles": {
      "p10": 59419.88189248126,
      "p25": 69610.75512550266,
      "p50": 80666.11394698922,
      "p75": 86859.11631455805,
      "p90": 90955.2010341795,
      "p95": 92646.64758705422,
      "p99": 94959.42318531529
    }
  },
  "details": {
    "DNSDialup": {
      "average": 0.0006110647999999999,
      "fastest": 0.000079338,
      "slowest": 0.000945649
    },
    "DNSLookup": {
      "average": 0.0000071517400000000024,
      "fastest": 0.000003968,
      "slowest": 0.000030537
    }
  },
  "statusCodeDistribution": {
    "200": 777042
  },
  "errorDistribution": {}
}