{
  "summary": {
    "successRate": 1,
    "total": 10.000697993,
    "slowest": 0.004156768,
    "fastest": 0.000042229,
    "average": 0.000638249952231227,
    "requestsPerSec": 78154.34488143532,
    "totalData": 10160774,
    "sizePerRequest": 13,
    "sizePerSec": 1016006.4834586591
  },
  "responseTimeHistogram": {
    "0.000042229": 1,
    "0.0004536829": 206694,
    "0.0008651367999999999": 435951,
    "0.0012765907": 120341,
    "0.0016880445999999999": 15608,
    "0.0020994984999999997": 2846,
    "0.0025109524": 98,
    "0.0029224063": 26,
    "0.0033338601999999998": 6,
    "0.0037453140999999996": 3,
    "0.004156768": 24
  },
  "latencyPercentiles": {
    "p10": 0.000371211,
    "p25": 0.000446981,
    "p50": 0.000584982,
    "p75": 0.000790444,
    "p90": 0.000952122,
    "p95": 0.001071611,
    "p99": 0.00148872
  },
  "rps": {
    "mean": 78148.67430887642,
    "stddev": 12258.01254387158,
    "max": 100877.1609404032,
    "percentiles": {
      "p10": 60028.9579693251,
      "p25": 68137.1123111027,
      "p50": 80792.73105994356,
      "p75": 87974.55030525735,
      "p90": 92657.03967362487,
      "p95": 94866.93351600328,
      "p99": 97314.850246151
    }
  },
  "details": {
    "DNSDialup": {
      "average": 0.0007296161199999999,
      "fastest": 0.000093956,
      "slowest": 0.001612864
    },
    "DNSLookup": {
      "average": 0.000006413779999999999,
      "fastest": 0.000003487,
      "slowest": 0.000027872
    }
  },
  "statusCodeDistribution": {
    "200": 781598
  },
  "errorDistribution": {}
}