{
  "summary": {
    "successRate": 1,
    "total": 10.000433086,
    "slowest": 0.008545476,
    "fastest": 0.000042579,
    "average": 0.0006404537739885452,
    "requestsPerSec": 77910.82579121014,
    "totalData": 10128846,
    "sizePerRequest": 13,
    "sizePerSec": 1012840.7352857318
  },
  "responseTimeHistogram": {
    "0.000042579": 1,
    "0.0008928687": 673137,
    "0.0017431584000000002": 103905,
    "0.0025934481000000004": 1817,
    "0.0034437378000000004": 159,
    "0.0042940275": 25,
    "0.005144317200000001": 13,
    "0.0059946069": 24,
    "0.006844896600000001": 9,
    "0.007695186300000001": 43,
    "0.008545476": 9
  },
  "latencyPercentiles": {
    "p10": 0.000414256,
    "p25": 0.000519323,
    "p50": 0.000589345,
    "p75": 0.000689853,
    "p90": 0.000963053,
    "p95": 0.001126998,
    "p99": 0.001413506
  },
  "rps": {
    "mean": 77907.60329265488,
    "stddev": 13247.721516833077,
    "max": 100281.45930060376,
    "percentiles": {
      "p10": 56746.974181031364,
      "p25": 72118.44068527967,
      "p50": 78880.14222449812,
      "p75": 88040.76287321467,
      "p90": 95130.7843218082,
      "p95": 97136.79541810541,
      "p99": 99055.78218267154
    }
  },
  "details": {
    "DNSDialup": {
      "average": 0.00058373468,
      "fastest": 0.000082786,
      "slowest": 0.000957961
    },
    "DNSLookup": {
      "average": 0.000008243819999999997,
      "fastest": 0.000003296,
      "slowest": 0.000037721
    }
  },
  "statusCodeDistribution": {
    "200": 779142
  },
  "errorDistribution": {}
}