{
  "summary": {
    "successRate": 1,
    "total": 10.000330392,
    "slowest": 0.003978809,
    "fastest": 0.000034052,
    "average": 0.0006506480994794163,
    "requestsPerSec": 76675.66669731284,
    "totalData": 9968166,
    "sizePerRequest": 13,
    "sizePerSec": 996783.6670650671
  },
  "responseTimeHistogram": {
    "0.000034052": 1,
    "0.0004285277": 115214,
    "0.0008230034": 484432,
    "0.0012174790999999999": 142510,
    "0.0016119548": 18921,
    "0.0020064305": 5225,
    "0.0024009062": 324,
    "0.0027953819000000003": 88,
    "0.0031898576": 37,
    "0.0035843333": 16,
    "0.003978809": 14
  },
  "latencyPercentiles": {
    "p10": 0.000389346,
    "p25": 0.000481997,
    "p50": 0.000593166,
    "p75": 0.000778292,
    "p90": 0.000980286,
    "p95": 0.001105452,
    "p99": 0.001543353
  },
  "rps": {
    "mean": 76691.79738373565,
    "stddev": 14315.801625148588,
    "max": 97933.00158541152,
    "percentiles": {
      "p10": 56502.22382334065,
      "p25": 63366.2176974952,
      "p50": 78315.19314747037,
      "p75": 89561.38065179622,
      "p90": 94099.2894596898,
      "p95": 95518.04119530898,
      "p99": 97042.79587298054
    }
  },
  "details": {
    "DNSDialup": {
      "average": 0.0007212344199999997,
      "fastest": 0.000082473,
      "slowest": 0.001784888
    },
    "DNSLookup": {
      "average": 0.000006759680000000001,
      "fastest": 0.000003316,
      "slowest": 0.000030646
    }
  },
  "statusCodeDistribution": {
    "200": 766782
  },
  "errorDistribution": {}
}