{
  "summary": {
    "successRate": 1,
    "total": 10.000885121,
    "slowest": 0.009525543,
    "fastest": 0.000034607,
    "average": 0.0006574867821833518,
    "requestsPerSec": 75867.18483614907,
    "totalData": 9863607,
    "sizePerRequest": 13,
    "sizePerSec": 986273.4028699378
  },
  "responseTimeHistogram": {
    "0.000034607": 1,
    "0.0009837005999999999": 674667,
    "0.0019327941999999997": 82782,
    "0.002881887799999999": 1058,
    "0.003830981399999999": 200,
    "0.004780074999999999": 20,
    "0.005729168599999998": 7,
    "0.006678262199999998": 1,
    "0.007627355799999998": 1,
    "0.008576449399999998": 1,
    "0.009525543": 1
  },
  "latencyPercentiles": {
    "p10": 0.000411066,
    "p25": 0.000509012,
    "p50": 0.000590295,
    "p75": 0.000752407,
    "p90": 0.001005604,
    "p95": 0.001140371,
    "p99": 0.001523679
  },
  "rps": {
    "mean": 75864.65311371688,
    "stddev": 12457.754666540135,
    "max": 97820.91411143624,
    "percentiles": {
      "p10": 56412.941128694634,
      "p25": 67512.71923603406,
      "p50": 78639.33539556635,
      "p75": 84645.22568332794,
      "p90": 90519.42546870482,
      "p95": 92831.7205989281,
      "p99": 95734.3686383384
    }
  },
  "details": {
    "DNSDialup": {
      "average": 0.00076127682,
      "fastest": 0.000098198,
      "slowest": 0.001236676
    },
    "DNSLookup": {
      "average": 0.000006926180000000001,
      "fastest": 0.000003476,
      "slowest": 0.000027221
    }
  },
  "statusCodeDistribution": {
    "200": 758739
  },
  "errorDistribution": {}
}