{
  "summary": {
    "successRate": 1,
    "total": 10.000088306,
    "slowest": 0.006269733,
    "fastest": 0.00003194,
    "average": 0.0006633139437596394,
    "requestsPerSec": 75198.03595622368,
    "totalData": 9775831,
    "sizePerRequest": 13,
    "sizePerSec": 977574.4674309079
  },
  "responseTimeHistogram": {
    "0.00003194": 1,
    "0.0006557193": 445567,
    "0.0012794986": 285579,
    "0.0019032779": 19674,
    "0.0025270571999999997": 1095,
    "0.0031508365": 35,
    "0.0037746157999999997": 31,
    "0.0043983951": 3,
    "0.0050221744": 1,
    "0.0056459537": 0,
    "0.006269733": 1
  },
  "latencyPercentiles": {
    "p10": 0.000388436,
    "p25": 0.000480538,
    "p50": 0.000603236,
    "p75": 0.000818361,
    "p90": 0.001003318,
    "p95": 0.001119644,
    "p99": 0.001567
  },
  "rps": {
    "mean": 75181.09302087087,
    "stddev": 14948.578206274191,
    "max": 100122.71606431874,
    "percentiles": {
      "p10": 55022.15191836376,
      "p25": 59918.41892197984,
      "p50": 76971.04427386534,
      "p75": 89318.57826427903,
      "p90": 93841.15666157892,
      "p95": 95253.22433666601,
      "p99": 96825.6297441918
    }
  },
  "details": {
    "DNSDialup": {
      "average": 0.0009770713399999999,
      "fastest": 0.000087173,
      "slowest": 0.001954554
    },
    "DNSLookup": {
      "average": 0.000029024740000000003,
      "fastest": 0.000003838,
      "slowest": 0.001049098
    }
  },
  "statusCodeDistribution": {
    "200": 751987
  },
  "errorDistribution": {}
}