{
  "summary": {
    "successRate": 1,
    "total": 10.001276367,
    "slowest": 0.005168405,
    "fastest": 0.000052276,
    "average": 0.0006545139517498771,
    "requestsPerSec": 76213.87231284377,
    "totalData": 9909068,
    "sizePerRequest": 13,
    "sizePerSec": 990780.340066969
  },
  "responseTimeHistogram": {
    "0.000052276": 1,
    "0.0005638888999999999": 340592,
    "0.0010755017999999998": 377900,
    "0.0015871146999999997": 37860,
    "0.0020987275999999997": 5611,
    "0.0026103404999999994": 183,
    "0.0031219533999999995": 65,
    "0.0036335662999999996": 11,
    "0.0041451792": 1,
    "0.0046567920999999995": 0,
    "0.005168404999999999": 12
  },
  "latencyPercentiles": {
    "p10": 0.000379979,
    "p25": 0.000457664,
    "p50": 0.000597815,
    "p75": 0.000813466,
    "p90": 0.000980412,
    "p95": 0.00111107,
    "p99": 0.001528666
  },
  "rps": {
    "mean": 76231.80844352777,
    "stddev": 12965.678160944884,
    "max": 101204.94892200043,
    "percentiles": {
      "p10": 57240.60648624136,
      "p25": 65822.34010223312,
      "p50": 77804.1936460372,
      "p75": 86672.88322750293,
      "p90": 92263.51863407531,
      "p95": 95080.25857016265,
      "p99": 98215.00977644921
    }
  },
  "details": {
    "DNSDialup": {
      "average": 0.0006787707,
      "fastest": 0.000073647,
      "slowest": 0.001079401
    },
    "DNSLookup": {
      "average": 0.0000071340000000000015,
      "fastest": 0.000003386,
      "slowest": 0.000030557
    }
  },
  "statusCodeDistribution": {
    "200": 762236
  },
  "errorDistribution": {}
}