{
  "summary": {
    "successRate": 1,
    "total": 10.000913235,
    "slowest": 0.004532511,
    "fastest": 0.000031435,
    "average": 0.0006560795210060414,
    "requestsPerSec": 76028.25683348706,
    "totalData": 9884576,
    "sizePerRequest": 13,
    "sizePerSec": 988367.3388353318
  },
  "responseTimeHistogram": {
    "0.000031435": 1,
    "0.00048154260000000005": 147345,
    "0.0009316502000000001": 515501,
    "0.0013817578": 85414,
    "0.0018318654000000001": 10503,
    "0.002281973": 1344,
    "0.0027320805999999998": 132,
    "0.0031821882": 61,
    "0.0036322958": 13,
    "0.0040824034": 20,
    "0.004532511": 18
  },
  "latencyPercentiles": {
    "p10": 0.00041256,
    "p25": 0.000515483,
    "p50": 0.000600264,
    "p75": 0.000740669,
    "p90": 0.000986752,
    "p95": 0.001149011,
    "p99": 0.001488301
  },
  "rps": {
    "mean": 76027.58139913315,
    "stddev": 11794.392669073364,
    "max": 98273.60031495518,
    "percentiles": {
      "p10": 58138.75529427517,
      "p25": 69101.24688580133,
      "p50": 77150.21707629909,
      "p75": 84912.70294035689,
      "p90": 91263.8481881922,
      "p95": 93705.90936524152,
      "p99": 96430.76847203118
    }
  },
  "details": {
    "DNSDialup": {
      "average": 0.0008185089799999999,
      "fastest": 0.00016066,
      "slowest": 0.001420656
    },
    "DNSLookup": {
      "average": 0.000008186560000000001,
      "fastest": 0.000003867,
      "slowest": 0.000030988
    }
  },
  "statusCodeDistribution": {
    "200": 760352
  },
  "errorDistribution": {}
}