{
  "summary": {
    "successRate": 1,
    "total": 10.00057946,
    "slowest": 0.007833316,
    "fastest": 0.000042107,
    "average": 0.0006639199854924749,
    "requestsPerSec": 75129.14656647305,
    "totalData": 9767355,
    "sizePerRequest": 13,
    "sizePerSec": 976678.9053641497
  },
  "responseTimeHistogram": {
    "0.000042107": 1,
    "0.0008212279": 590707,
    "0.0016003488": 155183,
    "0.0023794696999999997": 5315,
    "0.0031585906": 89,
    "0.003937711500000001": 23,
    "0.0047168324": 3,
    "0.0054959533": 13,
    "0.0062750742": 0,
    "0.0070541951000000006": 0,
    "0.007833316": 1
  },
  "latencyPercentiles": {
    "p10": 0.000400576,
    "p25": 0.000502019,
    "p50": 0.000605054,
    "p75": 0.000771003,
    "p90": 0.001017038,
    "p95": 0.001162523,
    "p99": 0.001528023
  },
  "rps": {
    "mean": 75126.316369783,
    "stddev": 12121.385799016274,
    "max": 98572.0827969269,
    "percentiles": {
      "p10": 57977.77144280117,
      "p25": 65543.83571732936,
      "p50": 76423.94435294527,
      "p75": 84255.87006744147,
      "p90": 90388.11389264245,
      "p95": 93114.45136285416,
      "p99": 95879.82954607894
    }
  },
  "details": {
    "DNSDialup": {
      "average": 0.0006964701600000002,
      "fastest": 0.000088918,
      "slowest": 0.001121816
    },
    "DNSLookup": {
      "average": 0.000007195940000000002,
      "fastest": 0.000003337,
      "slowest": 0.00003271
    }
  },
  "statusCodeDistribution": {
    "200": 751335
  },
  "errorDistribution": {}
}