{
  "summary": {
    "successRate": 1,
    "total": 10.000547242,
    "slowest": 0.00387871,
    "fastest": 0.000036931,
    "average": 0.0006633964194209676,
    "requestsPerSec": 75169.28642093604,
    "totalData": 9772542,
    "sizePerRequest": 13,
    "sizePerSec": 977200.7234721686
  },
  "responseTimeHistogram": {
    "0.000036931": 1,
    "0.0004211089": 115538,
    "0.0008052868000000001": 444173,
    "0.0011894647000000001": 161504,
    "0.0015736426": 23501,
    "0.0019578205": 6213,
    "0.0023419984000000002": 665,
    "0.0027261763": 62,
    "0.0031103542": 43,
    "0.0034945321000000003": 18,
    "0.00387871": 16
  },
  "latencyPercentiles": {
    "p10": 0.000380554,
    "p25": 0.000476501,
    "p50": 0.000607111,
    "p75": 0.000811492,
    "p90": 0.001003,
    "p95": 0.001136497,
    "p99": 0.001556451
  },
  "rps": {
    "mean": 75166.2577826024,
    "stddev": 12970.070355850534,
    "max": 97746.46233574647,
    "percentiles": {
      "p10": 55683.81180965695,
      "p25": 64392.702160421366,
      "p50": 78077.86919381013,
      "p75": 85788.08720794534,
      "p90": 90403.31780176275,
      "p95": 92554.17195684215,
      "p99": 95650.4799117449
    }
  },
  "details": {
    "DNSDialup": {
      "average": 0.0008522702599999999,
      "fastest": 0.000098513,
      "slowest": 0.001533202
    },
    "DNSLookup": {
      "average": 0.000007946780000000002,
      "fastest": 0.000003246,
      "slowest": 0.000030537
    }
  },
  "statusCodeDistribution": {
    "200": 751734
  },
  "errorDistribution": {}
}