{
  "summary": {
    "successRate": 1,
    "total": 10.000318195,
    "slowest": 0.006084096,
    "fastest": 0.000038453,
    "average": 0.0006625918969166201,
    "requestsPerSec": 75292.0042460709,
    "totalData": 9788272,
    "sizePerRequest": 13,
    "sizePerSec": 978796.0551989216
  },
  "responseTimeHistogram": {
    "0.000038453": 1,
    "0.0006430173000000001": 432239,
    "0.0012475816": 297487,
    "0.0018521459": 21660,
    "0.0024567102": 1447,
    "0.0030612745": 72,
    "0.0036658388": 27,
    "0.0042704031": 2,
    "0.0048749674": 0,
    "0.0054795317": 7,
    "0.006084096": 2
  },
  "latencyPercentiles": {
    "p10": 0.000393755,
    "p25": 0.000485246,
    "p50": 0.000604465,
    "p75": 0.000811789,
    "p90": 0.000991231,
    "p95": 0.001113408,
    "p99": 0.001561144
  },
  "rps": {
    "mean": 75259.20687848984,
    "stddev": 15021.452269485806,
    "max": 97764.77274798785,
    "percentiles": {
      "p10": 55710.48471322086,
      "p25": 60428.78054107406,
      "p50": 77309.47814201987,
      "p75": 89620.05696874941,
      "p90": 93266.34986161147,
      "p95": 94724.3441564453,
      "p99": 96615.02363618487
    }
  },
  "details": {
    "DNSDialup": {
      "average": 0.0009133784600000001,
      "fastest": 0.000127478,
      "slowest": 0.001755677
    },
    "DNSLookup": {
      "average": 0.000008307699999999998,
      "fastest": 0.000003917,
      "slowest": 0.000029115
    }
  },
  "statusCodeDistribution": {
    "200": 752944
  },
  "errorDistribution": {}
}