{
  "summary": {
    "successRate": 1,
    "total": 10.000363686,
    "slowest": 0.011628276,
    "fastest": 0.000037629,
    "average": 0.000667898545473662,
    "requestsPerSec": 74694.38346984534,
    "totalData": 9710623,
    "sizePerRequest": 13,
    "sizePerSec": 971026.9851079894
  },
  "responseTimeHistogram": {
    "0.000037629": 1,
    "0.0011966936999999998": 721445,
    "0.0023557583999999996": 25266,
    "0.0035148230999999994": 194,
    "0.004673887799999999": 63,
    "0.0058329524999999995": 0,
    "0.006992017199999999": 1,
    "0.008151081899999999": 0,
    "0.0093101466": 0,
    "0.0104692113": 0,
    "0.011628276": 1
  },
  "latencyPercentiles": {
    "p10": 0.000419945,
    "p25": 0.000525049,
    "p50": 0.000595716,
    "p75": 0.000787949,
    "p90": 0.001002481,
    "p95": 0.001145794,
    "p99": 0.001532386
  },
  "rps": {
    "mean": 74690.73771999362,
    "stddev": 13689.259491096323,
    "max": 98811.23483740241,
    "percentiles": {
      "p10": 55888.95285736807,
      "p25": 61108.95114900434,
      "p50": 78354.33873391396,
      "p75": 84542.48259750791,
      "p90": 92913.2731271325,
      "p95": 95124.48504245015,
      "p99": 96866.88003560217
    }
  },
  "details": {
    "DNSDialup": {
      "average": 0.00108068912,
      "fastest": 0.000126206,
      "slowest": 0.002191037
    },
    "DNSLookup": {
      "average": 0.00003501016,
      "fastest": 0.000003977,
      "slowest": 0.001299836
    }
  },
  "statusCodeDistribution": {
    "200": 746971
  },
  "errorDistribution": {}
}