{
  "summary": {
    "successRate": 1,
    "total": 10.000836774,
    "slowest": 0.007913783,
    "fastest": 0.000038164,
    "average": 0.0006261998921880616,
    "requestsPerSec": 79643.13566947934,
    "totalData": 10354474,
    "sizePerRequest": 13,
    "sizePerSec": 1035360.7637032314
  },
  "responseTimeHistogram": {
    "0.000038164": 1,
    "0.0008257259000000001": 651270,
    "0.0016132878000000002": 141101,
    "0.0024008497000000003": 4013,
    "0.0031884116": 57,
    "0.0039759735000000004": 6,
    "0.004763535400000001": 0,
    "0.005551097300000001": 2,
    "0.006338659200000001": 10,
    "0.007126221100000001": 10,
    "0.007913783": 28
  },
  "latencyPercentiles": {
    "p10": 0.000373526,
    "p25": 0.000463056,
    "p50": 0.000574751,
    "p75": 0.000740052,
    "p90": 0.000944616,
    "p95": 0.001069463,
    "p99": 0.001471646
  },
  "rps": {
    "mean": 79641.22743036342,
    "stddev": 12301.793749235849,
    "max": 99612.81281329392,
    "percentiles": {
      "p10": 60219.90267783569,
      "p25": 72100.17304041515,
      "p50": 82461.68958998244,
      "p75": 89060.40967588415,
      "p90": 93270.8765390822,
      "p95": 94953.53480292577,
      "p99": 97517.63118771803
    }
  },
  "details": {
    "DNSDialup": {
      "average": 0.0006365218599999998,
      "fastest": 0.000089875,
      "slowest": 0.001077537
    },
    "DNSLookup": {
      "average": 0.00000723328,
      "fastest": 0.000003346,
      "slowest": 0.000030066
    }
  },
  "statusCodeDistribution": {
    "200": 796498
  },
  "errorDistribution": {}
}