{
  "summary": {
    "successRate": 1,
    "total": 10.000210668,
    "slowest": 0.004789913,
    "fastest": 0.000040022,
    "average": 0.0006139606724032548,
    "requestsPerSec": 81272.28785296627,
    "totalData": 10565620,
    "sizePerRequest": 13,
    "sizePerSec": 1056539.7420885614
  },
  "responseTimeHistogram": {
    "0.000040022": 1,
    "0.0005150111": 305015,
    "0.0009900002": 453096,
    "0.0014649893000000002": 46883,
    "0.0019399784": 7446,
    "0.0024149675": 235,
    "0.0028899566": 43,
    "0.0033649457": 16,
    "0.0038399348": 0,
    "0.0043149239": 0,
    "0.004789913": 5
  },
  "latencyPercentiles": {
    "p10": 0.000362445,
    "p25": 0.000460255,
    "p50": 0.0005695,
    "p75": 0.000716332,
    "p90": 0.000929768,
    "p95": 0.001035839,
    "p99": 0.001451747
  },
  "rps": {
    "mean": 81283.55246892628,
    "stddev": 15720.385591911392,
    "max": 100336.02514714346,
    "percentiles": {
      "p10": 57212.90723187102,
      "p25": 64155.78345371439,
      "p50": 87131.01864263586,
      "p75": 95067.40983560667,
      "p90": 97804.10662538688,
      "p95": 98478.57605583094,
      "p99": 99527.55918113896
    }
  },
  "details": {
    "DNSDialup": {
      "average": 0.0009433327200000001,
      "fastest": 0.000085174,
      "slowest": 0.001589169
    },
    "DNSLookup": {
      "average": 0.000009253240000000004,
      "fastest": 0.000003677,
      "slowest": 0.000041708
    }
  },
  "statusCodeDistribution": {
    "200": 812740
  },
  "errorDistribution": {}
}