{
  "summary": {
    "successRate": 1,
    "total": 10.000103124,
    "slowest": 0.004524799,
    "fastest": 0.000033983,
    "average": 0.0006224052734533857,
    "requestsPerSec": 80165.67329951066,
    "totalData": 10421645,
    "sizePerRequest": 13,
    "sizePerSec": 1042153.7528936386
  },
  "responseTimeHistogram": {
    "0.000033983": 1,
    "0.0004830646000000001": 201168,
    "0.0009321462000000002": 519335,
    "0.0013812278000000003": 72051,
    "0.0018303094000000004": 8125,
    "0.0022793910000000004": 863,
    "0.0027284726000000007": 62,
    "0.0031775542000000005": 31,
    "0.0036266358000000007": 21,
    "0.0040757174000000005": 5,
    "0.004524799": 3
  },
  "latencyPercentiles": {
    "p10": 0.000391712,
    "p25": 0.000482614,
    "p50": 0.000582588,
    "p75": 0.000689902,
    "p90": 0.000935008,
    "p95": 0.001082005,
    "p99": 0.001408477
  },
  "rps": {
    "mean": 80142.94402605225,
    "stddev": 12973.392065554659,
    "max": 99636.27252994233,
    "percentiles": {
      "p10": 59117.07892410312,
      "p25": 73144.54502792204,
      "p50": 80234.14275858678,
      "p75": 91539.78124596058,
      "p90": 95160.42687106134,
      "p95": 96531.382352395,
      "p99": 97742.38365746637
    }
  },
  "details": {
    "DNSDialup": {
      "average": 0.00095153462,
      "fastest": 0.000121219,
      "slowest": 0.00150883
    },
    "DNSLookup": {
      "average": 0.000020103239999999994,
      "fastest": 0.000003867,
      "slowest": 0.000599147
    }
  },
  "statusCodeDistribution": {
    "200": 801665
  },
  "errorDistribution": {}
}