{
  "summary": {
    "successRate": 1,
    "total": 10.000646289,
    "slowest": 0.00448407,
    "fastest": 0.000036495,
    "average": 0.0006270196958191759,
    "requestsPerSec": 79558.05825020914,
    "totalData": 10343216,
    "sizePerRequest": 13,
    "sizePerSec": 1034254.7572527189
  },
  "responseTimeHistogram": {
    "0.000036495": 1,
    "0.00048125249999999995": 231493,
    "0.0009260099999999999": 470130,
    "0.0013707675": 80607,
    "0.001815525": 11762,
    "0.0022602825": 1490,
    "0.0027050399999999997": 74,
    "0.0031497975": 46,
    "0.0035945549999999997": 4,
    "0.0040393124999999995": 2,
    "0.00448407": 23
  },
  "latencyPercentiles": {
    "p10": 0.000371884,
    "p25": 0.000462705,
    "p50": 0.000575272,
    "p75": 0.000735104,
    "p90": 0.000958712,
    "p95": 0.00108143,
    "p99": 0.00149454
  },
  "rps": {
    "mean": 79559.03762563839,
    "stddev": 12359.814481002451,
    "max": 99982.78918350708,
    "percentiles": {
      "p10": 59844.59619308016,
      "p25": 72454.37700994845,
      "p50": 82269.61397892585,
      "p75": 89030.2232543129,
      "p90": 92900.87957189485,
      "p95": 94975.6766191345,
      "p99": 97491.96167252028
    }
  },
  "details": {
    "DNSDialup": {
      "average": 0.0008893325400000001,
      "fastest": 0.000131556,
      "slowest": 0.001420245
    },
    "DNSLookup": {
      "average": 0.000008024879999999997,
      "fastest": 0.000004098,
      "slowest": 0.000029505
    }
  },
  "statusCodeDistribution": {
    "200": 795632
  },
  "errorDistribution": {}
}