{
  "summary": {
    "successRate": 1,
    "total": 10.000637602,
    "slowest": 0.005186188,
    "fastest": 0.000032781,
    "average": 0.0006505520120359088,
    "requestsPerSec": 76690.5101977317,
    "totalData": 9970402,
    "sizePerRequest": 13,
    "sizePerSec": 996976.632570512
  },
  "responseTimeHistogram": {
    "0.000032781": 1,
    "0.0005481217": 305331,
    "0.0010634624": 416453,
    "0.0015788031": 39406,
    "0.0020941438": 5582,
    "0.0026094845": 59,
    "0.0031248252": 50,
    "0.0036401658999999998": 38,
    "0.0041555066": 27,
    "0.0046708473": 6,
    "0.005186188": 1
  },
  "latencyPercentiles": {
    "p10": 0.000388294,
    "p25": 0.000477785,
    "p50": 0.000591986,
    "p75": 0.000797876,
    "p90": 0.00096895,
    "p95": 0.001095666,
    "p99": 0.001515223
  },
  "rps": {
    "mean": 76667.93740640095,
    "stddev": 13991.906676048724,
    "max": 100067.51555275031,
    "percentiles": {
      "p10": 57305.87958324432,
      "p25": 63006.01707463737,
      "p50": 79205.734495177,
      "p75": 89279.0595564561,
      "p90": 94233.33975560412,
      "p95": 95851.46265030037,
      "p99": 97824.72827973533
    }
  },
  "details": {
    "DNSDialup": {
      "average": 0.0010980623200000004,
      "fastest": 0.000132718,
      "slowest": 0.002043611
    },
    "DNSLookup": {
      "average": 0.000014828759999999997,
      "fastest": 0.000003877,
      "slowest": 0.000136614
    }
  },
  "statusCodeDistribution": {
    "200": 766954
  },
  "errorDistribution": {}
}