{
  "summary": {
    "successRate": 1,
    "total": 10.000705478,
    "slowest": 0.003814189,
    "fastest": 0.000035863,
    "average": 0.0006515493573488628,
    "requestsPerSec": 76556.19912857511,
    "totalData": 9953008,
    "sizePerRequest": 13,
    "sizePerSec": 995230.5886714765
  },
  "responseTimeHistogram": {
    "0.000035863": 1,
    "0.0004136956": 103390,
    "0.0007915282": 479608,
    "0.0011693607999999998": 150850,
    "0.0015471933999999998": 23746,
    "0.0019250259999999998": 6825,
    "0.0023028586": 1071,
    "0.0026806912": 48,
    "0.0030585238": 40,
    "0.0034363564": 22,
    "0.003814189": 15
  },
  "latencyPercentiles": {
    "p10": 0.000385527,
    "p25": 0.000476425,
    "p50": 0.000593432,
    "p75": 0.000776348,
    "p90": 0.000997134,
    "p95": 0.001124613,
    "p99": 0.001559558
  },
  "rps": {
    "mean": 76567.44819127329,
    "stddev": 12677.249360702088,
    "max": 96247.14185007838,
    "percentiles": {
      "p10": 56302.24645963079,
      "p25": 67300.69319713894,
      "p50": 79484.2205780291,
      "p75": 86733.65265723632,
      "p90": 91043.1089120807,
      "p95": 92804.95578463879,
      "p99": 95349.54362286886
    }
  },
  "details": {
    "DNSDialup": {
      "average": 0.0008181545600000002,
      "fastest": 0.000099925,
      "slowest": 0.001920923
    },
    "DNSLookup": {
      "average": 0.000007572940000000004,
      "fastest": 0.000003446,
      "slowest": 0.000031959
    }
  },
  "statusCodeDistribution": {
    "200": 765616
  },
  "errorDistribution": {}
}