{
  "summary": {
    "successRate": 1,
    "total": 10.000479508,
    "slowest": 0.003938707,
    "fastest": 0.00005688,
    "average": 0.0006370612261317508,
    "requestsPerSec": 78331.54393980285,
    "totalData": 10183589,
    "sizePerRequest": 13,
    "sizePerSec": 1018310.071217437
  },
  "responseTimeHistogram": {
    "0.00005688": 1,
    "0.00044506269999999994": 240533,
    "0.0008332454": 382739,
    "0.0012214281": 137682,
    "0.0016096107999999999": 16406,
    "0.0019977934999999996": 5549,
    "0.0023859762": 358,
    "0.0027741589": 33,
    "0.0031623415999999997": 24,
    "0.0035505242999999994": 16,
    "0.003938707": 12
  },
  "latencyPercentiles": {
    "p10": 0.000346742,
    "p25": 0.000417394,
    "p50": 0.000617901,
    "p75": 0.000792447,
    "p90": 0.0009616,
    "p95": 0.001059118,
    "p99": 0.001544782
  },
  "rps": {
    "mean": 78326.41466378377,
    "stddev": 15627.544435254385,
    "max": 97085.30243979607,
    "percentiles": {
      "p10": 54844.55571706235,
      "p25": 62028.57904149125,
      "p50": 85136.3787746527,
      "p75": 92000.29440094184,
      "p90": 94733.23241793251,
      "p95": 95498.38243358264,
      "p99": 96307.68004037622
    }
  },
  "details": {
    "DNSDialup": {
      "average": 0.0007951636999999997,
      "fastest": 0.000083657,
      "slowest": 0.001886384
    },
    "DNSLookup": {
      "average": 0.000007266359999999997,
      "fastest": 0.000003927,
      "slowest": 0.000029446
    }
  },
  "statusCodeDistribution": {
    "200": 783353
  },
  "errorDistribution": {}
}