{
  "summary": {
    "successRate": 1,
    "total": 10.000691873,
    "slowest": 0.003872191,
    "fastest": 0.000034798,
    "average": 0.0006444053249108223,
    "requestsPerSec": 77386.34584767393,
    "totalData": 10060921,
    "sizePerRequest": 13,
    "sizePerSec": 1006022.4960197612
  },
  "responseTimeHistogram": {
    "0.000034798": 1,
    "0.0004185373": 114088,
    "0.0008022766": 489846,
    "0.0011860159": 141834,
    "0.0015697552": 21585,
    "0.0019534945000000002": 5669,
    "0.0023372338": 752,
    "0.0027209731000000003": 78,
    "0.0031047124": 27,
    "0.0034884517": 22,
    "0.003872191": 15
  },
  "latencyPercentiles": {
    "p10": 0.000382073,
    "p25": 0.000472961,
    "p50": 0.000587477,
    "p75": 0.000761917,
    "p90": 0.000989525,
    "p95": 0.001115181,
    "p99": 0.001528519
  },
  "rps": {
    "mean": 77355.11812076338,
    "stddev": 12437.434491992559,
    "max": 98678.28319863696,
    "percentiles": {
      "p10": 57152.97565463563,
      "p25": 69712.12293818044,
      "p50": 80279.10200339355,
      "p75": 87011.17223451378,
      "p90": 91294.90104963795,
      "p95": 93240.97941044813,
      "p99": 95671.01193382686
    }
  },
  "details": {
    "DNSDialup": {
      "average": 0.00075399576,
      "fastest": 0.000082174,
      "slowest": 0.001797074
    },
    "DNSLookup": {
      "average": 0.000008478019999999999,
      "fastest": 0.000003676,
      "slowest": 0.000041137
    }
  },
  "statusCodeDistribution": {
    "200": 773917
  },
  "errorDistribution": {}
}