{
  "summary": {
    "successRate": 1,
    "total": 10.000397763,
    "slowest": 0.004958697,
    "fastest": 0.000036781,
    "average": 0.0006359580989636695,
    "requestsPerSec": 78464.0789892549,
    "totalData": 10200736,
    "sizePerRequest": 13,
    "sizePerSec": 1020033.0268603136
  },
  "responseTimeHistogram": {
    "0.000036781": 1,
    "0.0005289725999999999": 288253,
    "0.0010211642": 446672,
    "0.0015133558": 42307,
    "0.0020055474": 7211,
    "0.002497739": 139,
    "0.0029899306": 71,
    "0.0034821222": 14,
    "0.0039743137999999996": 2,
    "0.004466505399999999": 0,
    "0.004958697": 2
  },
  "latencyPercentiles": {
    "p10": 0.000384429,
    "p25": 0.000473168,
    "p50": 0.000583845,
    "p75": 0.000756795,
    "p90": 0.000952324,
    "p95": 0.001067469,
    "p99": 0.001500542
  },
  "rps": {
    "mean": 78475.92379336651,
    "stddev": 15888.950439385035,
    "max": 102392.05919465849,
    "percentiles": {
      "p10": 56816.28153152363,
      "p25": 61793.858691968366,
      "p50": 79780.7061623538,
      "p75": 93986.53340130208,
      "p90": 97905.37500508242,
      "p95": 99119.75456708437,
      "p99": 100471.16432143786
    }
  },
  "details": {
    "DNSDialup": {
      "average": 0.0008479426200000001,
      "fastest": 0.00013888,
      "slowest": 0.0016023
    },
    "DNSLookup": {
      "average": 0.000009008979999999998,
      "fastest": 0.000004197,
      "slowest": 0.000029485
    }
  },
  "statusCodeDistribution": {
    "200": 784672
  },
  "errorDistribution": {}
}