{
  "summary": {
    "successRate": 1,
    "total": 10.000373807,
    "slowest": 0.004147687,
    "fastest": 0.000042551,
    "average": 0.0006251667161062979,
    "requestsPerSec": 79823.01615977983,
    "totalData": 10377380,
    "sizePerRequest": 13,
    "sizePerSec": 1037699.2100771378
  },
  "responseTimeHistogram": {
    "0.000042551": 1,
    "0.00045306459999999997": 203700,
    "0.0008635782": 484118,
    "0.0012740918": 94351,
    "0.0016846054": 13053,
    "0.002095119": 2784,
    "0.0025056326": 131,
    "0.0029161461999999997": 81,
    "0.0033266598": 16,
    "0.0037371734": 14,
    "0.004147687": 11
  },
  "latencyPercentiles": {
    "p10": 0.000339027,
    "p25": 0.000448699,
    "p50": 0.000610732,
    "p75": 0.000726421,
    "p90": 0.000936895,
    "p95": 0.001060464,
    "p99": 0.001450796
  },
  "rps": {
    "mean": 79816.5596216697,
    "stddev": 13985.930952559487,
    "max": 97311.42155750711,
    "percentiles": {
      "p10": 56576.84791120161,
      "p25": 72409.9362501292,
      "p50": 82978.42309853854,
      "p75": 91974.62989519155,
      "p90": 94757.87811195073,
      "p95": 95631.54884796444,
      "p99": 96471.95160654074
    }
  },
  "details": {
    "DNSDialup": {
      "average": 0.0010281388400000002,
      "fastest": 0.000107631,
      "slowest": 0.001737233
    },
    "DNSLookup": {
      "average": 0.000010406059999999999,
      "fastest": 0.000004017,
      "slowest": 0.000113292
    }
  },
  "statusCodeDistribution": {
    "200": 798260
  },
  "errorDistribution": {}
}