{
  "summary": {
    "successRate": 1,
    "total": 10.001008936,
    "slowest": 0.004284436,
    "fastest": 0.000043723,
    "average": 0.0006263261663418017,
    "requestsPerSec": 79668.86192171281,
    "totalData": 10357997,
    "sizePerRequest": 13,
    "sizePerSec": 1035695.2049822666
  },
  "responseTimeHistogram": {
    "0.000043723": 1,
    "0.00046779430000000005": 201782,
    "0.0008918656": 484341,
    "0.0013159369000000003": 95461,
    "0.0017400082000000002": 12626,
    "0.0021640795": 2402,
    "0.0025881508000000003": 91,
    "0.0030122221": 31,
    "0.0034362934": 18,
    "0.0038603647": 14,
    "0.004284436": 2
  },
  "latencyPercentiles": {
    "p10": 0.000364912,
    "p25": 0.000466209,
    "p50": 0.000579881,
    "p75": 0.000734006,
    "p90": 0.000954852,
    "p95": 0.001063253,
    "p99": 0.001482995
  },
  "rps": {
    "mean": 79663.55735775868,
    "stddev": 14689.802569520898,
    "max": 99026.07356516992,
    "percentiles": {
      "p10": 57144.61851814207,
      "p25": 66323.41216449457,
      "p50": 84012.6270978398,
      "p75": 92493.71463166572,
      "p90": 95842.52532848892,
      "p95": 96819.27544963761,
      "p99": 98047.56882673019
    }
  },
  "details": {
    "DNSDialup": {
      "average": 0.0010592581600000002,
      "fastest": 0.000134862,
      "slowest": 0.001782846
    },
    "DNSLookup": {
      "average": 0.000008977699999999997,
      "fastest": 0.000004679,
      "slowest": 0.00002117
    }
  },
  "statusCodeDistribution": {
    "200": 796769
  },
  "errorDistribution": {}
}