{
  "summary": {
    "successRate": 1,
    "total": 10.000575079,
    "slowest": 0.005266151,
    "fastest": 0.000036458,
    "average": 0.0006450948209701763,
    "requestsPerSec": 77353.05158844455,
    "totalData": 10056475,
    "sizePerRequest": 13,
    "sizePerSec": 1005589.6706497791
  },
  "responseTimeHistogram": {
    "0.000036458": 1,
    "0.0005594273": 339028,
    "0.0010823966000000002": 394917,
    "0.0016053659000000004": 33420,
    "0.0021283352000000004": 6008,
    "0.0026513045000000003": 129,
    "0.0031742738000000007": 57,
    "0.0036972431000000007": 5,
    "0.0042202124": 0,
    "0.004743181700000001": 8,
    "0.005266151": 2
  },
  "latencyPercentiles": {
    "p10": 0.000375197,
    "p25": 0.000470968,
    "p50": 0.000588025,
    "p75": 0.000784364,
    "p90": 0.000974816,
    "p95": 0.001088137,
    "p99": 0.00154732
  },
  "rps": {
    "mean": 77332.51415612483,
    "stddev": 16493.960136949692,
    "max": 99876.0156355025,
    "percentiles": {
      "p10": 55552.15178853474,
      "p25": 59728.01243783413,
      "p50": 81437.14830145522,
      "p75": 92822.66729535542,
      "p90": 96445.22316514261,
      "p95": 97367.18526284272,
      "p99": 98851.37725690586
    }
  },
  "details": {
    "DNSDialup": {
      "average": 0.0009230504799999998,
      "fastest": 0.000289569,
      "slowest": 0.001793314
    },
    "DNSLookup": {
      "average": 0.00000749222,
      "fastest": 0.000003436,
      "slowest": 0.000028954
    }
  },
  "statusCodeDistribution": {
    "200": 773575
  },
  "errorDistribution": {}
}