{
  "summary": {
    "successRate": 1,
    "total": 10.000809833,
    "slowest": 0.007637777,
    "fastest": 0.00003722,
    "average": 0.0006843697871762574,
    "requestsPerSec": 72885.39749998864,
    "totalData": 9475869,
    "sizePerRequest": 13,
    "sizePerSec": 947510.1674998524
  },
  "responseTimeHistogram": {
    "0.00003722": 1,
    "0.0007972757": 518366,
    "0.0015573313999999998": 201293,
    "0.0023173871": 9078,
    "0.0030774428": 118,
    "0.0038374984999999997": 25,
    "0.0045975542": 25,
    "0.0053576099": 3,
    "0.0061176656": 2,
    "0.0068777212999999995": 1,
    "0.007637776999999999": 1
  },
  "latencyPercentiles": {
    "p10": 0.000397752,
    "p25": 0.000493599,
    "p50": 0.000620425,
    "p75": 0.000844079,
    "p90": 0.001026816,
    "p95": 0.001173322,
    "p99": 0.001619182
  },
  "rps": {
    "mean": 72894.68432428678,
    "stddev": 13196.318823464379,
    "max": 99067.70108592624,
    "percentiles": {
      "p10": 55078.980544354,
      "p25": 61515.99415848093,
      "p50": 73470.59873024742,
      "p75": 84361.27159156326,
      "p90": 90311.34310470395,
      "p95": 92814.80527010908,
      "p99": 96072.43740425806
    }
  },
  "details": {
    "DNSDialup": {
      "average": 0.0005889837199999999,
      "fastest": 0.000108713,
      "slowest": 0.000883694
    },
    "DNSLookup": {
      "average": 0.0000072230399999999995,
      "fastest": 0.000003957,
      "slowest": 0.000025157
    }
  },
  "statusCodeDistribution": {
    "200": 728913
  },
  "errorDistribution": {}
}