{
  "summary": {
    "successRate": 1,
    "total": 10.00114211,
    "slowest": 0.008916167,
    "fastest": 0.000037651,
    "average": 0.00066517350193396,
    "requestsPerSec": 74993.93486770483,
    "totalData": 9750325,
    "sizePerRequest": 13,
    "sizePerSec": 974921.1532801627
  },
  "responseTimeHistogram": {
    "0.000037651": 1,
    "0.0009255025999999999": 625891,
    "0.0018133542": 121970,
    "0.0027012057999999998": 2030,
    "0.0035890574": 100,
    "0.004476908999999999": 30,
    "0.005364760599999999": 2,
    "0.0062526121999999995": 0,
    "0.007140463799999999": 0,
    "0.0080283154": 0,
    "0.008916167": 1
  },
  "latencyPercentiles": {
    "p10": 0.000401779,
    "p25": 0.0004897,
    "p50": 0.000596659,
    "p75": 0.000804267,
    "p90": 0.00102124,
    "p95": 0.001143552,
    "p99": 0.001535848
  },
  "rps": {
    "mean": 74994.91012508998,
    "stddev": 12751.474835377567,
    "max": 99113.32010204153,
    "percentiles": {
      "p10": 55879.6867206188,
      "p25": 64709.945918695885,
      "p50": 77113.51269723315,
      "p75": 84874.87577267727,
      "p90": 90943.67615217631,
      "p95": 93745.82028996445,
      "p99": 96604.47278708895
    }
  },
  "details": {
    "DNSDialup": {
      "average": 0.00091291662,
      "fastest": 0.000117099,
      "slowest": 0.001510797
    },
    "DNSLookup": {
      "average": 0.000007052799999999996,
      "fastest": 0.000003667,
      "slowest": 0.000026109
    }
  },
  "statusCodeDistribution": {
    "200": 750025
  },
  "errorDistribution": {}
}