{
  "summary": {
    "successRate": 1,
    "total": 10.000693852,
    "slowest": 0.012960398,
    "fastest": 0.000040887,
    "average": 0.0006412808035220215,
    "requestsPerSec": 77779.40326054889,
    "totalData": 10112024,
    "sizePerRequest": 13,
    "sizePerSec": 1011132.2423871355
  },
  "responseTimeHistogram": {
    "0.000040887": 1,
    "0.0013328381": 764434,
    "0.0026247892": 13314,
    "0.0039167403": 63,
    "0.0052086914": 21,
    "0.0065006425": 1,
    "0.0077925936": 2,
    "0.009084544699999999": 4,
    "0.0103764958": 3,
    "0.0116684469": 3,
    "0.012960398": 2
  },
  "latencyPercentiles": {
    "p10": 0.000402686,
    "p25": 0.000499382,
    "p50": 0.000588329,
    "p75": 0.000718493,
    "p90": 0.000975127,
    "p95": 0.001128691,
    "p99": 0.001462134
  },
  "rps": {
    "mean": 77776.34792642511,
    "stddev": 11044.239702246628,
    "max": 99789.02178633823,
    "percentiles": {
      "p10": 59877.24863140339,
      "p25": 73115.34691131524,
      "p50": 78602.27160565752,
      "p75": 85664.248186139,
      "p90": 90927.64200316847,
      "p95": 93500.4955526196,
      "p99": 96405.21778710153
    }
  },
  "details": {
    "DNSDialup": {
      "average": 0.0007373905599999998,
      "fastest": 0.000095749,
      "slowest": 0.001379059
    },
    "DNSLookup": {
      "average": 0.0000072253399999999995,
      "fastest": 0.000003447,
      "slowest": 0.000027582
    }
  },
  "statusCodeDistribution": {
    "200": 777848
  },
  "errorDistribution": {}
}