{
  "summary": {
    "successRate": 1,
    "total": 10.001367613,
    "slowest": 0.005030425,
    "fastest": 0.000033152,
    "average": 0.0006467658738117241,
    "requestsPerSec": 77140.05022644898,
    "totalData": 10029578,
    "sizePerRequest": 13,
    "sizePerSec": 1002820.6529438366
  },
  "responseTimeHistogram": {
    "0.000033152": 1,
    "0.0005328793000000001": 225911,
    "0.0010326066000000001": 482808,
    "0.0015323339000000002": 56725,
    "0.0020320612": 5716,
    "0.0025317885": 257,
    "0.0030315158": 45,
    "0.0035312431000000003": 11,
    "0.0040309704": 4,
    "0.0045306977": 5,
    "0.005030425": 23
  },
  "latencyPercentiles": {
    "p10": 0.00041238,
    "p25": 0.00051258,
    "p50": 0.000589474,
    "p75": 0.00071691,
    "p90": 0.000986355,
    "p95": 0.001136479,
    "p99": 0.00147644
  },
  "rps": {
    "mean": 77120.29153061366,
    "stddev": 11523.544281683135,
    "max": 98919.15074758555,
    "percentiles": {
      "p10": 58165.337123183635,
      "p25": 72020.78606030166,
      "p50": 78359.78343439978,
      "p75": 85302.5761377984,
      "p90": 91364.09705895901,
      "p95": 93510.2861314752,
      "p99": 96264.97886073038
    }
  },
  "details": {
    "DNSDialup": {
      "average": 0.0006139996000000002,
      "fastest": 0.00013757,
      "slowest": 0.000832022
    },
    "DNSLookup": {
      "average": 0.000006790180000000003,
      "fastest": 0.000003357,
      "slowest": 0.000024816
    }
  },
  "statusCodeDistribution": {
    "200": 771506
  },
  "errorDistribution": {}
}