{
  "summary": {
    "successRate": 1,
    "total": 10.000163718,
    "slowest": 0.009575814,
    "fastest": 0.000032881,
    "average": 0.000656534515422009,
    "requestsPerSec": 76003.85568007558,
    "totalData": 9880663,
    "sizePerRequest": 13,
    "sizePerSec": 988050.1238409826
  },
  "responseTimeHistogram": {
    "0.000032881": 1,
    "0.0009871743": 683176,
    "0.0019414676": 76102,
    "0.0028957609": 694,
    "0.0038500542": 63,
    "0.0048043475": 14,
    "0.005758640800000001": 0,
    "0.006712934100000001": 0,
    "0.0076672274000000006": 0,
    "0.008621520700000001": 0,
    "0.009575814": 1
  },
  "latencyPercentiles": {
    "p10": 0.000408326,
    "p25": 0.000508254,
    "p50": 0.000595438,
    "p75": 0.000757383,
    "p90": 0.000989437,
    "p95": 0.001140357,
    "p99": 0.001521776
  },
  "rps": {
    "mean": 76000.50896343493,
    "stddev": 13854.747764529211,
    "max": 99238.53699764842,
    "percentiles": {
      "p10": 55526.64723801101,
      "p25": 63308.014794674,
      "p50": 77728.9367603086,
      "p75": 88067.35391226981,
      "p90": 93866.89893887518,
      "p95": 95055.46486374641,
      "p99": 97026.05149482953
    }
  },
  "details": {
    "DNSDialup": {
      "average": 0.0011538394799999999,
      "fastest": 0.000124614,
      "slowest": 0.001795346
    },
    "DNSLookup": {
      "average": 0.000018400680000000004,
      "fastest": 0.000004878,
      "slowest": 0.000316554
    }
  },
  "statusCodeDistribution": {
    "200": 760051
  },
  "errorDistribution": {}
}