{
  "summary": {
    "successRate": 1,
    "total": 10.000900771,
    "slowest": 0.003914088,
    "fastest": 0.000032551,
    "average": 0.0006300783373057433,
    "requestsPerSec": 79155.16993184254,
    "totalData": 10291099,
    "sizePerRequest": 13,
    "sizePerSec": 1029017.2091139529
  },
  "responseTimeHistogram": {
    "0.000032551": 1,
    "0.00042070469999999996": 128617,
    "0.0008088583999999999": 508380,
    "0.0011970121": 130005,
    "0.0015851657999999998": 19590,
    "0.0019733194999999996": 4492,
    "0.0023614732": 383,
    "0.0027496268999999997": 74,
    "0.0031377805999999995": 51,
    "0.0035259342999999993": 20,
    "0.003914087999999999": 10
  },
  "latencyPercentiles": {
    "p10": 0.000374857,
    "p25": 0.000465448,
    "p50": 0.000577917,
    "p75": 0.000739751,
    "p90": 0.000962555,
    "p95": 0.00108866,
    "p99": 0.00147834
  },
  "rps": {
    "mean": 79161.45413272025,
    "stddev": 11711.405356096579,
    "max": 98307.32389562928,
    "percentiles": {
      "p10": 60653.1370403903,
      "p25": 71606.83845307039,
      "p50": 81895.78531049777,
      "p75": 88041.84628954156,
      "p90": 92134.49794009418,
      "p95": 93976.46865254476,
      "p99": 96303.5070093336
    }
  },
  "details": {
    "DNSDialup": {
      "average": 0.0008165082999999999,
      "fastest": 0.00007591,
      "slowest": 0.001959389
    },
    "DNSLookup": {
      "average": 0.00000750886,
      "fastest": 0.000003396,
      "slowest": 0.000030156
    }
  },
  "statusCodeDistribution": {
    "200": 791623
  },
  "errorDistribution": {}
}