{
  "summary": {
    "successRate": 1,
    "total": 10.000256359,
    "slowest": 0.004659396,
    "fastest": 0.000036156,
    "average": 0.0006347838671791214,
    "requestsPerSec": 78588.78530575878,
    "totalData": 10216804,
    "sizePerRequest": 13,
    "sizePerSec": 1021654.2089748642
  },
  "responseTimeHistogram": {
    "0.000036156": 1,
    "0.0004984799999999999": 244123,
    "0.0009608039999999999": 470200,
    "0.0014231279999999998": 61354,
    "0.001885452": 9733,
    "0.0023477759999999998": 387,
    "0.0028100999999999994": 83,
    "0.0032724239999999995": 25,
    "0.0037347479999999995": 0,
    "0.004197072": 0,
    "0.004659396": 2
  },
  "latencyPercentiles": {
    "p10": 0.000379877,
    "p25": 0.000469527,
    "p50": 0.000580641,
    "p75": 0.00076814,
    "p90": 0.000944856,
    "p95": 0.001069423,
    "p99": 0.001487824
  },
  "rps": {
    "mean": 78588.63001722987,
    "stddev": 15079.703581533748,
    "max": 101175.69965848667,
    "percentiles": {
      "p10": 57782.863475099686,
      "p25": 62656.88657829676,
      "p50": 80901.3834136558,
      "p75": 92555.40963758038,
      "p90": 96780.48264936206,
      "p95": 98226.29517921618,
      "p99": 99803.61289078632
    }
  },
  "details": {
    "DNSDialup": {
      "average": 0.00048545796000000024,
      "fastest": 0.000075579,
      "slowest": 0.001320209
    },
    "DNSLookup": {
      "average": 0.00000711018,
      "fastest": 0.000003747,
      "slowest": 0.000020107
    }
  },
  "statusCodeDistribution": {
    "200": 785908
  },
  "errorDistribution": {}
}