{
  "summary": {
    "successRate": 1,
    "total": 10.000364927,
    "slowest": 0.007373074,
    "fastest": 0.000035395,
    "average": 0.0006732937230666809,
    "requestsPerSec": 74107.1956283421,
    "totalData": 9634287,
    "sizePerRequest": 13,
    "sizePerSec": 963393.5431684472
  },
  "responseTimeHistogram": {
    "0.000035395": 1,
    "0.0007691629000000001": 521512,
    "0.0015029308": 208287,
    "0.0022366987000000003": 11172,
    "0.0029704666000000004": 84,
    "0.0037042345000000004": 41,
    "0.0044380024": 1,
    "0.0051717703000000005": 0,
    "0.0059055382": 0,
    "0.0066393061": 0,
    "0.007373074": 1
  },
  "latencyPercentiles": {
    "p10": 0.000395932,
    "p25": 0.000488055,
    "p50": 0.00060985,
    "p75": 0.000831716,
    "p90": 0.001015938,
    "p95": 0.001130206,
    "p99": 0.001617151
  },
  "rps": {
    "mean": 74116.20620019098,
    "stddev": 15326.48581842176,
    "max": 96715.97227394737,
    "percentiles": {
      "p10": 53890.31477853478,
      "p25": 58668.33117580499,
      "p50": 75646.35721886094,
      "p75": 88906.65910876736,
      "p90": 93152.70465719409,
      "p95": 94778.13509456969,
      "p99": 96175.84558697135
    }
  },
  "details": {
    "DNSDialup": {
      "average": 0.0007493920200000001,
      "fastest": 0.00008018,
      "slowest": 0.001736622
    },
    "DNSLookup": {
      "average": 0.00000710938,
      "fastest": 0.000003447,
      "slowest": 0.000025027
    }
  },
  "statusCodeDistribution": {
    "200": 741099
  },
  "errorDistribution": {}
}