{
  "summary": {
    "successRate": 1,
    "total": 10.000453757,
    "slowest": 0.005389297,
    "fastest": 0.000034995,
    "average": 0.0006150046276847455,
    "requestsPerSec": 81121.1190724373,
    "totalData": 10546224,
    "sizePerRequest": 13,
    "sizePerSec": 1054574.547941685
  },
  "responseTimeHistogram": {
    "0.000034995": 1,
    "0.0005704252": 383286,
    "0.0011058554": 398514,
    "0.0016412856": 26252,
    "0.0021767158": 3047,
    "0.002712146": 115,
    "0.0032475762": 20,
    "0.0037830064": 4,
    "0.0043184366": 7,
    "0.0048538668": 1,
    "0.005389297": 1
  },
  "latencyPercentiles": {
    "p10": 0.000359603,
    "p25": 0.000463435,
    "p50": 0.000581536,
    "p75": 0.000712642,
    "p90": 0.00091981,
    "p95": 0.001034174,
    "p99": 0.001421098
  },
  "rps": {
    "mean": 81122.22168571879,
    "stddev": 13510.486272139042,
    "max": 99595.4364684157,
    "percentiles": {
      "p10": 60020.21480834742,
      "p25": 70935.00642567089,
      "p50": 85016.46768979669,
      "p75": 92802.1066078201,
      "p90": 95847.16639058117,
      "p95": 96948.89556200366,
      "p99": 98350.42697806367
    }
  },
  "details": {
    "DNSDialup": {
      "average": 0.0009947095000000007,
      "fastest": 0.000171451,
      "slowest": 0.002159676
    },
    "DNSLookup": {
      "average": 0.00001040192,
      "fastest": 0.000004429,
      "slowest": 0.000041107
    }
  },
  "statusCodeDistribution": {
    "200": 811248
  },
  "errorDistribution": {}
}