{
  "summary": {
    "successRate": 1,
    "total": 10.000287054,
    "slowest": 0.005168075,
    "fastest": 0.000048902,
    "average": 0.0006569322539274193,
    "requestsPerSec": 75950.6198070782,
    "totalData": 9873864,
    "sizePerRequest": 13,
    "sizePerSec": 987358.0574920166
  },
  "responseTimeHistogram": {
    "0.000048902": 1,
    "0.0005608193": 301218,
    "0.0010727366000000001": 415247,
    "0.0015846539000000002": 35859,
    "0.0020965712000000003": 7006,
    "0.0026084885000000006": 115,
    "0.0031204058000000004": 56,
    "0.0036323231000000003": 9,
    "0.0041442404000000006": 14,
    "0.004656157700000001": 2,
    "0.005168075000000001": 1
  },
  "latencyPercentiles": {
    "p10": 0.000369824,
    "p25": 0.000482771,
    "p50": 0.000604122,
    "p75": 0.000806102,
    "p90": 0.000981848,
    "p95": 0.001100213,
    "p99": 0.001572213
  },
  "rps": {
    "mean": 75948.88865170686,
    "stddev": 16168.579707751833,
    "max": 99315.25641845205,
    "percentiles": {
      "p10": 54638.498285892856,
      "p25": 58643.53696184062,
      "p50": 77956.44023166901,
      "p75": 91714.28908623866,
      "p90": 95239.90359069579,
      "p95": 96433.60571384853,
      "p99": 97988.74093302933
    }
  },
  "details": {
    "DNSDialup": {
      "average": 0.0008528285199999999,
      "fastest": 0.000090092,
      "slowest": 0.001470845
    },
    "DNSLookup": {
      "average": 0.000007019240000000001,
      "fastest": 0.000003476,
      "slowest": 0.00003176
    }
  },
  "statusCodeDistribution": {
    "200": 759528
  },
  "errorDistribution": {}
}