{
  "summary": {
    "successRate": 1,
    "total": 10.000375693,
    "slowest": 0.004505409,
    "fastest": 0.000044796,
    "average": 0.0006439995753674016,
    "requestsPerSec": 77452.99014537733,
    "totalData": 10069267,
    "sizePerRequest": 13,
    "sizePerSec": 1006888.8718899053
  },
  "responseTimeHistogram": {
    "0.000044796": 1,
    "0.0004908573": 206308,
    "0.0009369186000000001": 477450,
    "0.0013829799": 78513,
    "0.0018290412": 10860,
    "0.0022751025000000004": 1236,
    "0.0027211638000000002": 58,
    "0.0031672251000000005": 41,
    "0.0036132864000000004": 55,
    "0.0040593477": 16,
    "0.004505409": 21
  },
  "latencyPercentiles": {
    "p10": 0.00038555,
    "p25": 0.000482451,
    "p50": 0.000595606,
    "p75": 0.000760402,
    "p90": 0.000962252,
    "p95": 0.001089752,
    "p99": 0.001496573
  },
  "rps": {
    "mean": 77447.3481093805,
    "stddev": 14177.492983540238,
    "max": 100117.88105356166,
    "percentiles": {
      "p10": 57529.48386047937,
      "p25": 64631.34620290872,
      "p50": 77916.01174042428,
      "p75": 90400.37968159589,
      "p90": 95184.19041642305,
      "p95": 97019.68166519538,
      "p99": 98526.84856623402
    }
  },
  "details": {
    "DNSDialup": {
      "average": 0.00075589882,
      "fastest": 0.000148117,
      "slowest": 0.001157107
    },
    "DNSLookup": {
      "average": 0.00001130816,
      "fastest": 0.000003577,
      "slowest": 0.000196667
    }
  },
  "statusCodeDistribution": {
    "200": 774559
  },
  "errorDistribution": {}
}