{
  "summary": {
    "successRate": 1,
    "total": 10.00065167,
    "slowest": 0.004585984,
    "fastest": 0.000042549,
    "average": 0.0006551697529744543,
    "requestsPerSec": 76134.53854052693,
    "totalData": 9898135,
    "sizePerRequest": 13,
    "sizePerSec": 989749.0010268501
  },
  "responseTimeHistogram": {
    "0.000042549": 1,
    "0.0004968925": 176324,
    "0.000951236": 488139,
    "0.0014055795": 85181,
    "0.001859923": 10432,
    "0.0023142665": 1152,
    "0.00276861": 76,
    "0.0032229535": 35,
    "0.003677297": 21,
    "0.0041316405": 16,
    "0.004585984": 18
  },
  "latencyPercentiles": {
    "p10": 0.000407579,
    "p25": 0.000507053,
    "p50": 0.000591202,
    "p75": 0.000751471,
    "p90": 0.001002125,
    "p95": 0.001141441,
    "p99": 0.00150858
  },
  "rps": {
    "mean": 76132.30473529398,
    "stddev": 12396.02403478095,
    "max": 99379.47376517195,
    "percentiles": {
      "p10": 56884.281765463995,
      "p25": 67585.97654254452,
      "p50": 78405.39429112955,
      "p75": 84952.44114191917,
      "p90": 91107.53459311111,
      "p95": 93943.10667932508,
      "p99": 96867.28401547768
    }
  },
  "details": {
    "DNSDialup": {
      "average": 0.0006368830600000001,
      "fastest": 0.000115095,
      "slowest": 0.001081235
    },
    "DNSLookup": {
      "average": 0.000007392199999999999,
      "fastest": 0.000003746,
      "slowest": 0.000027862
    }
  },
  "statusCodeDistribution": {
    "200": 761395
  },
  "errorDistribution": {}
}