{
  "summary": {
    "successRate": 1,
    "total": 10.00055339,
    "slowest": 0.004218734,
    "fastest": 0.00003774,
    "average": 0.0006294101066280356,
    "requestsPerSec": 79244.01471546966,
    "totalData": 10302292,
    "sizePerRequest": 13,
    "sizePerSec": 1030172.1913011055
  },
  "responseTimeHistogram": {
    "0.00003774": 1,
    "0.0004558394": 178977,
    "0.0008739388": 493315,
    "0.0012920382000000002": 103452,
    "0.0017101376000000002": 13828,
    "0.0021282370000000003": 2722,
    "0.0025463364000000003": 127,
    "0.0029644358000000003": 31,
    "0.0033825352000000004": 12,
    "0.0038006346000000004": 0,
    "0.004218734": 19
  },
  "latencyPercentiles": {
    "p10": 0.000376978,
    "p25": 0.000467168,
    "p50": 0.000578585,
    "p75": 0.000736028,
    "p90": 0.000956479,
    "p95": 0.001082911,
    "p99": 0.001478727
  },
  "rps": {
    "mean": 79230.62909203481,
    "stddev": 12013.121900197326,
    "max": 97918.82899904813,
    "percentiles": {
      "p10": 60317.29300798214,
      "p25": 71305.94691597237,
      "p50": 82389.40898663364,
      "p75": 88743.12491186323,
      "p90": 92412.87308318433,
      "p95": 94257.61231137424,
      "p99": 96046.08599601882
    }
  },
  "details": {
    "DNSDialup": {
      "average": 0.00083719248,
      "fastest": 0.000121732,
      "slowest": 0.001295315
    },
    "DNSLookup": {
      "average": 0.00000886986,
      "fastest": 0.000004388,
      "slowest": 0.000034344
    }
  },
  "statusCodeDistribution": {
    "200": 792484
  },
  "errorDistribution": {}
}