{
  "summary": {
    "successRate": 1,
    "total": 10.000164035,
    "slowest": 0.004339877,
    "fastest": 0.000038893,
    "average": 0.0006351350910835081,
    "requestsPerSec": 78551.91147372015,
    "totalData": 10211916,
    "sizePerRequest": 13,
    "sizePerSec": 1021174.8491583619
  },
  "responseTimeHistogram": {
    "0.000038893": 1,
    "0.0004689914": 199961,
    "0.0008990898": 471753,
    "0.0013291881999999999": 97800,
    "0.0017592865999999999": 13796,
    "0.002189385": 2050,
    "0.0026194834": 97,
    "0.0030495818": 45,
    "0.0034796802": 12,
    "0.0039097786": 1,
    "0.004339877": 16
  },
  "latencyPercentiles": {
    "p10": 0.000378115,
    "p25": 0.000466969,
    "p50": 0.000579329,
    "p75": 0.000763912,
    "p90": 0.000957993,
    "p95": 0.001076634,
    "p99": 0.001515999
  },
  "rps": {
    "mean": 78534.7742546931,
    "stddev": 15509.051885968212,
    "max": 101226.67322839308,
    "percentiles": {
      "p10": 56810.28834322374,
      "p25": 63133.214384089384,
      "p50": 81056.6018250527,
      "p75": 92735.31360742157,
      "p90": 96717.14795034369,
      "p95": 97827.40462282154,
      "p99": 99701.37587898798
    }
  },
  "details": {
    "DNSDialup": {
      "average": 0.0008667597599999999,
      "fastest": 0.00016077,
      "slowest": 0.001581653
    },
    "DNSLookup": {
      "average": 0.000007527779999999999,
      "fastest": 0.000002816,
      "slowest": 0.000028513
    }
  },
  "statusCodeDistribution": {
    "200": 785532
  },
  "errorDistribution": {}
}