{
  "summary": {
    "successRate": 1,
    "total": 10.001818463,
    "slowest": 0.005829836,
    "fastest": 0.000034775,
    "average": 0.0006675711421636894,
    "requestsPerSec": 74727.7110422395,
    "totalData": 9716369,
    "sizePerRequest": 13,
    "sizePerSec": 971460.2435491135
  },
  "responseTimeHistogram": {
    "0.000034775": 1,
    "0.0006142811": 403242,
    "0.0011937871999999998": 313240,
    "0.0017732932999999997": 28597,
    "0.0023527993999999997": 2153,
    "0.0029323055": 102,
    "0.0035118115999999994": 48,
    "0.0040913176999999995": 15,
    "0.0046708238": 2,
    "0.0052503299": 1,
    "0.005829836": 12
  },
  "latencyPercentiles": {
    "p10": 0.000418454,
    "p25": 0.000518893,
    "p50": 0.000602811,
    "p75": 0.000763422,
    "p90": 0.001018689,
    "p95": 0.001166268,
    "p99": 0.001531412
  },
  "rps": {
    "mean": 74720.77112100707,
    "stddev": 12011.551713933159,
    "max": 96347.1137386163,
    "percentiles": {
      "p10": 57137.493623318354,
      "p25": 64526.6891849062,
      "p50": 77049.0956837686,
      "p75": 83572.70704684975,
      "p90": 90324.99292554255,
      "p95": 92511.9410139051,
      "p99": 94820.62348560692
    }
  },
  "details": {
    "DNSDialup": {
      "average": 0.0007676538599999998,
      "fastest": 0.000093448,
      "slowest": 0.001359101
    },
    "DNSLookup": {
      "average": 0.000008511879999999996,
      "fastest": 0.000003537,
      "slowest": 0.000029496
    }
  },
  "statusCodeDistribution": {
    "200": 747413
  },
  "errorDistribution": {}
}