{
  "summary": {
    "successRate": 1,
    "total": 10.000699739,
    "slowest": 0.004745487,
    "fastest": 0.000036792,
    "average": 0.0006382085787939014,
    "requestsPerSec": 78159.83085181196,
    "totalData": 10161489,
    "sizePerRequest": 13,
    "sizePerSec": 1016077.8010735555
  },
  "responseTimeHistogram": {
    "0.000036792": 1,
    "0.0005076614999999999": 265140,
    "0.000978531": 441336,
    "0.0014494004999999997": 64855,
    "0.0019202699999999997": 9550,
    "0.0023911394999999998": 652,
    "0.0028620089999999996": 66,
    "0.0033328785": 22,
    "0.0038037479999999996": 6,
    "0.004274617499999999": 0,
    "0.004745487": 25
  },
  "latencyPercentiles": {
    "p10": 0.000379439,
    "p25": 0.000467136,
    "p50": 0.000582555,
    "p75": 0.000759288,
    "p90": 0.000971967,
    "p95": 0.001097792,
    "p99": 0.001515372
  },
  "rps": {
    "mean": 78133.0486056055,
    "stddev": 13318.66384749908,
    "max": 99547.21524419107,
    "percentiles": {
      "p10": 57320.4519372493,
      "p25": 68019.70530862559,
      "p50": 81136.4302571892,
      "p75": 89082.4666623671,
      "p90": 93575.96961085375,
      "p95": 95477.80486318623,
      "p99": 97904.28820782388
    }
  },
  "details": {
    "DNSDialup": {
      "average": 0.00076251806,
      "fastest": 0.000135649,
      "slowest": 0.001001638
    },
    "DNSLookup": {
      "average": 0.0000078515,
      "fastest": 0.000004097,
      "slowest": 0.00003212
    }
  },
  "statusCodeDistribution": {
    "200": 781653
  },
  "errorDistribution": {}
}