{
  "summary": {
    "successRate": 1,
    "total": 10.000448074,
    "slowest": 0.009293875,
    "fastest": 0.000034184,
    "average": 0.0006479981138514507,
    "requestsPerSec": 76989.85028498234,
    "totalData": 10009129,
    "sizePerRequest": 13,
    "sizePerSec": 1000868.0537047705
  },
  "responseTimeHistogram": {
    "0.000034184": 1,
    "0.0009601531000000001": 690111,
    "0.0018861222000000001": 78801,
    "0.0028120913": 693,
    "0.0037380604000000002": 286,
    "0.0046640295": 25,
    "0.0055899986": 12,
    "0.0065159677": 3,
    "0.0074419368": 0,
    "0.0083679059": 0,
    "0.009293875": 1
  },
  "latencyPercentiles": {
    "p10": 0.00039174,
    "p25": 0.000481864,
    "p50": 0.000591747,
    "p75": 0.00077502,
    "p90": 0.00096606,
    "p95": 0.001093317,
    "p99": 0.001525095
  },
  "rps": {
    "mean": 76981.75392580073,
    "stddev": 14682.691571292025,
    "max": 99091.97087517628,
    "percentiles": {
      "p10": 56765.960963474274,
      "p25": 63412.124398184125,
      "p50": 79100.41672584822,
      "p75": 90659.0673508643,
      "p90": 95139.08382664708,
      "p95": 96636.06257365397,
      "p99": 98287.83794752946
    }
  },
  "details": {
    "DNSDialup": {
      "average": 0.0007262573799999999,
      "fastest": 0.000087194,
      "slowest": 0.001468912
    },
    "DNSLookup": {
      "average": 0.00002473218,
      "fastest": 0.000003447,
      "slowest": 0.000941179
    }
  },
  "statusCodeDistribution": {
    "200": 769933
  },
  "errorDistribution": {}
}