{
  "summary": {
    "successRate": 1,
    "total": 10.000298625,
    "slowest": 0.006080922,
    "fastest": 0.000037557,
    "average": 0.0006363725025748668,
    "requestsPerSec": 78409.6584915733,
    "totalData": 10193560,
    "sizePerRequest": 13,
    "sizePerSec": 1019325.560390453
  },
  "responseTimeHistogram": {
    "0.000037557": 1,
    "0.0006418935": 499016,
    "0.0012462299999999999": 263632,
    "0.0018505664999999998": 19877,
    "0.002454903": 1446,
    "0.0030592395000000002": 91,
    "0.003663576": 45,
    "0.004267912499999999": 10,
    "0.0048722489999999995": 1,
    "0.0054765855": 0,
    "0.006080922": 1
  },
  "latencyPercentiles": {
    "p10": 0.000381079,
    "p25": 0.000473298,
    "p50": 0.000583212,
    "p75": 0.000747426,
    "p90": 0.000966266,
    "p95": 0.001083115,
    "p99": 0.001528922
  },
  "rps": {
    "mean": 78423.31512704979,
    "stddev": 15021.701164113447,
    "max": 99286.8197649358,
    "percentiles": {
      "p10": 55902.63301401492,
      "p25": 64206.49127627044,
      "p50": 81139.34446813322,
      "p75": 91765.08897761186,
      "p90": 95419.19629544734,
      "p95": 96936.83603774873,
      "p99": 98465.5682218796
    }
  },
  "details": {
    "DNSDialup": {
      "average": 0.0010189807800000002,
      "fastest": 0.000151954,
      "slowest": 0.001807327
    },
    "DNSLookup": {
      "average": 0.00000861412,
      "fastest": 0.000003486,
      "slowest": 0.000030728
    }
  },
  "statusCodeDistribution": {
    "200": 784120
  },
  "errorDistribution": {}
}