{
  "summary": {
    "successRate": 1,
    "total": 10.00058891,
    "slowest": 0.004312924,
    "fastest": 0.000038121,
    "average": 0.0006416372893156183,
    "requestsPerSec": 77755.82088195244,
    "totalData": 10108852,
    "sizePerRequest": 13,
    "sizePerSec": 1010825.6714653817
  },
  "responseTimeHistogram": {
    "0.000038121": 1,
    "0.0004656013": 182070,
    "0.0008930816": 471774,
    "0.0013205619": 106248,
    "0.0017480421999999998": 14432,
    "0.0021755224999999998": 2883,
    "0.0026030028": 66,
    "0.0030304830999999996": 81,
    "0.0034579634": 23,
    "0.0038854437": 17,
    "0.004312924": 9
  },
  "latencyPercentiles": {
    "p10": 0.000379219,
    "p25": 0.000472838,
    "p50": 0.000586281,
    "p75": 0.000761053,
    "p90": 0.00098005,
    "p95": 0.00109347,
    "p99": 0.001534079
  },
  "rps": {
    "mean": 77741.61140004985,
    "stddev": 15786.233652322093,
    "max": 99274.49558148693,
    "percentiles": {
      "p10": 54944.40606899051,
      "p25": 62055.21620583286,
      "p50": 83072.75511893214,
      "p75": 91636.52631939144,
      "p90": 95233.3598249147,
      "p95": 96216.67434966208,
      "p99": 97732.9751058055
    }
  },
  "details": {
    "DNSDialup": {
      "average": 0.0008966015600000002,
      "fastest": 0.000093043,
      "slowest": 0.001606283
    },
    "DNSLookup": {
      "average": 0.000020196859999999997,
      "fastest": 0.000003596,
      "slowest": 0.000626083
    }
  },
  "statusCodeDistribution": {
    "200": 777604
  },
  "errorDistribution": {}
}