{
  "summary": {
    "successRate": 1,
    "total": 10.000287261,
    "slowest": 0.004512043,
    "fastest": 0.000034674,
    "average": 0.0006128382448697537,
    "requestsPerSec": 81417.26119961304,
    "totalData": 10584548,
    "sizePerRequest": 13,
    "sizePerSec": 1058424.3955949696
  },
  "responseTimeHistogram": {
    "0.000034674": 1,
    "0.0004824109": 224107,
    "0.0009301477999999999": 513740,
    "0.0013778846999999998": 67109,
    "0.0018256216": 8338,
    "0.0022733585000000002": 731,
    "0.0027210954": 98,
    "0.0031688323": 63,
    "0.0036165692": 8,
    "0.0040643061": 0,
    "0.004512043": 1
  },
  "latencyPercentiles": {
    "p10": 0.00038294,
    "p25": 0.000470574,
    "p50": 0.000570722,
    "p75": 0.00068942,
    "p90": 0.00091877,
    "p95": 0.001051683,
    "p99": 0.001408107
  },
  "rps": {
    "mean": 81413.96954190501,
    "stddev": 13898.85443162632,
    "max": 101285.24165938281,
    "percentiles": {
      "p10": 58807.20976391941,
      "p25": 73311.36399353013,
      "p50": 82028.79340853004,
      "p75": 93576.11481178776,
      "p90": 97293.18890387245,
      "p95": 98500.06238001809,
      "p99": 100235.30186895542
    }
  },
  "details": {
    "DNSDialup": {
      "average": 0.0008748650400000001,
      "fastest": 0.000088034,
      "slowest": 0.002083411
    },
    "DNSLookup": {
      "average": 0.000008526140000000002,
      "fastest": 0.000004388,
      "slowest": 0.000025968
    }
  },
  "statusCodeDistribution": {
    "200": 814196
  },
  "errorDistribution": {}
}