{
  "summary": {
    "successRate": 1,
    "total": 10.0008972,
    "slowest": 0.004510137,
    "fastest": 0.000033513,
    "average": 0.0006338130730937956,
    "requestsPerSec": 78700.039032498,
    "totalData": 10231923,
    "sizePerRequest": 13,
    "sizePerSec": 1023100.507422474
  },
  "responseTimeHistogram": {
    "0.000033513": 1,
    "0.0004811754": 215380,
    "0.0009288378": 475598,
    "0.0013765002": 83153,
    "0.0018241626": 11303,
    "0.0022718250000000003": 1501,
    "0.0027194874": 57,
    "0.0031671498000000005": 24,
    "0.0036148122000000003": 21,
    "0.0040624746": 17,
    "0.004510137": 16
  },
  "latencyPercentiles": {
    "p10": 0.000380618,
    "p25": 0.000470636,
    "p50": 0.000581786,
    "p75": 0.000739933,
    "p90": 0.000965896,
    "p95": 0.001089167,
    "p99": 0.001498218
  },
  "rps": {
    "mean": 78706.63128635973,
    "stddev": 12064.707004624679,
    "max": 98021.99077526158,
    "percentiles": {
      "p10": 59726.93167519624,
      "p25": 70649.71380853221,
      "p50": 81787.04595300571,
      "p75": 88222.83616354586,
      "p90": 92129.9330152359,
      "p95": 93511.4458009659,
      "p99": 95461.77331351169
    }
  },
  "details": {
    "DNSDialup": {
      "average": 0.0006196533200000002,
      "fastest": 0.000079541,
      "slowest": 0.000917563
    },
    "DNSLookup": {
      "average": 0.000008833239999999996,
      "fastest": 0.000003907,
      "slowest": 0.000061645
    }
  },
  "statusCodeDistribution": {
    "200": 787071
  },
  "errorDistribution": {}
}