{
  "summary": {
    "successRate": 1,
    "total": 10.000635184,
    "slowest": 0.004623475,
    "fastest": 0.000036285,
    "average": 0.0006365198977827408,
    "requestsPerSec": 78362.42254429986,
    "totalData": 10187762,
    "sizePerRequest": 13,
    "sizePerSec": 1018711.4930758981
  },
  "responseTimeHistogram": {
    "0.000036285": 1,
    "0.0004950040000000001": 229811,
    "0.0009537230000000002": 467313,
    "0.0014124420000000003": 74975,
    "0.0018711610000000003": 10187,
    "0.0023298800000000003": 1264,
    "0.0027885990000000005": 69,
    "0.0032473180000000003": 38,
    "0.0037060370000000006": 1,
    "0.004164756": 1,
    "0.004623475": 14
  },
  "latencyPercentiles": {
    "p10": 0.000384335,
    "p25": 0.000475422,
    "p50": 0.000585481,
    "p75": 0.000734814,
    "p90": 0.00097472,
    "p95": 0.001108977,
    "p99": 0.00150449
  },
  "rps": {
    "mean": 78360.01167862215,
    "stddev": 11616.127396831009,
    "max": 98517.21095676278,
    "percentiles": {
      "p10": 60233.33915322059,
      "p25": 72273.53598726571,
      "p50": 80484.06560652793,
      "p75": 87033.85617005109,
      "p90": 91106.64167417523,
      "p95": 93209.86160335598,
      "p99": 95675.07623232159
    }
  },
  "details": {
    "DNSDialup": {
      "average": 0.00082197874,
      "fastest": 0.000097809,
      "slowest": 0.001157002
    },
    "DNSLookup": {
      "average": 0.000008102300000000002,
      "fastest": 0.000003927,
      "slowest": 0.000028343
    }
  },
  "statusCodeDistribution": {
    "200": 783674
  },
  "errorDistribution": {}
}