{
  "summary": {
    "successRate": 1,
    "total": 10.001639444,
    "slowest": 0.004600914,
    "fastest": 0.000036927,
    "average": 0.0006350799246955915,
    "requestsPerSec": 78528.32572075671,
    "totalData": 10210356,
    "sizePerRequest": 13,
    "sizePerSec": 1020868.2343698371
  },
  "responseTimeHistogram": {
    "0.000036927": 1,
    "0.0004933257": 235157,
    "0.0009497244": 465125,
    "0.0014061231": 74316,
    "0.0018625218": 9667,
    "0.0023189205": 974,
    "0.0027753192": 86,
    "0.0032317179": 43,
    "0.0036881166": 14,
    "0.0041445153": 16,
    "0.004600914": 13
  },
  "latencyPercentiles": {
    "p10": 0.000375604,
    "p25": 0.000469749,
    "p50": 0.000584895,
    "p75": 0.000748737,
    "p90": 0.000964851,
    "p95": 0.0010921,
    "p99": 0.001478803
  },
  "rps": {
    "mean": 78528.42355879459,
    "stddev": 11368.066285243782,
    "max": 97714.4715132329,
    "percentiles": {
      "p10": 61567.03418682556,
      "p25": 71515.42587735654,
      "p50": 80722.06133936289,
      "p75": 86829.85210315704,
      "p90": 91604.32816935379,
      "p95": 93071.98078560966,
      "p99": 96381.35550218436
    }
  },
  "details": {
    "DNSDialup": {
      "average": 0.0005557334000000001,
      "fastest": 0.000077205,
      "slowest": 0.000961941
    },
    "DNSLookup": {
      "average": 0.00000638976,
      "fastest": 0.000003547,
      "slowest": 0.000028203
    }
  },
  "statusCodeDistribution": {
    "200": 785412
  },
  "errorDistribution": {}
}