{
  "summary": {
    "successRate": 1,
    "total": 10.000517597,
    "slowest": 0.009648031,
    "fastest": 0.000037577,
    "average": 0.0006379274559914046,
    "requestsPerSec": 78195.45262683067,
    "totalData": 10165935,
    "sizePerRequest": 13,
    "sizePerSec": 1016540.8841487988
  },
  "responseTimeHistogram": {
    "0.000037577": 1,
    "0.0009986224": 720778,
    "0.0019596678": 60944,
    "0.0029207131999999998": 258,
    "0.0038817585999999997": 13,
    "0.004842803999999999": 0,
    "0.005803849399999999": 0,
    "0.006764894799999999": 0,
    "0.007725940199999999": 0,
    "0.008686985599999999": 0,
    "0.009648031": 1
  },
  "latencyPercentiles": {
    "p10": 0.00038193,
    "p25": 0.000471476,
    "p50": 0.00058307,
    "p75": 0.000771283,
    "p90": 0.000953434,
    "p95": 0.00108496,
    "p99": 0.001496739
  },
  "rps": {
    "mean": 78215.98463008422,
    "stddev": 14858.616758238522,
    "max": 104626.99314430755,
    "percentiles": {
      "p10": 57548.09870089344,
      "p25": 63158.724982479835,
      "p50": 80527.41153088045,
      "p75": 91829.32110222543,
      "p90": 96034.6012668376,
      "p95": 97833.04820457497,
      "p99": 99883.74055655657
    }
  },
  "details": {
    "DNSDialup": {
      "average": 0.00075882522,
      "fastest": 0.00008044,
      "slowest": 0.001784779
    },
    "DNSLookup": {
      "average": 0.000007119760000000001,
      "fastest": 0.000003196,
      "slowest": 0.000030928
    }
  },
  "statusCodeDistribution": {
    "200": 781995
  },
  "errorDistribution": {}
}