{
  "summary": {
    "successRate": 1,
    "total": 10.0003493,
    "slowest": 0.00470263,
    "fastest": 0.000039822,
    "average": 0.0006416368514215121,
    "requestsPerSec": 77770.98345954776,
    "totalData": 10110581,
    "sizePerRequest": 13,
    "sizePerSec": 1011022.7849741209
  },
  "responseTimeHistogram": {
    "0.000039822": 1,
    "0.0005061028": 238985,
    "0.0009723836": 458971,
    "0.0014386644": 69232,
    "0.0019049452": 9449,
    "0.002371226": 1014,
    "0.0028375068000000003": 47,
    "0.0033037876": 12,
    "0.0037700684000000003": 0,
    "0.0042363492": 25,
    "0.00470263": 1
  },
  "latencyPercentiles": {
    "p10": 0.000362213,
    "p25": 0.000474589,
    "p50": 0.000598737,
    "p75": 0.000759373,
    "p90": 0.00097615,
    "p95": 0.001081633,
    "p99": 0.001525285
  },
  "rps": {
    "mean": 77772.06543527795,
    "stddev": 15358.323024790201,
    "max": 98161.12493249835,
    "percentiles": {
      "p10": 55161.9800007286,
      "p25": 61810.687910812674,
      "p50": 81806.66724338061,
      "p75": 91824.5814404526,
      "p90": 95182.6851986278,
      "p95": 96246.30409690033,
      "p99": 97320.37888733306
    }
  },
  "details": {
    "DNSDialup": {
      "average": 0.0007334075599999999,
      "fastest": 0.000077574,
      "slowest": 0.001385056
    },
    "DNSLookup": {
      "average": 0.00000746516,
      "fastest": 0.000004067,
      "slowest": 0.000024315
    }
  },
  "statusCodeDistribution": {
    "200": 777737
  },
  "errorDistribution": {}
}