{
  "summary": {
    "successRate": 1,
    "total": 10.000216877,
    "slowest": 0.004298636,
    "fastest": 0.000034965,
    "average": 0.0006297865615969147,
    "requestsPerSec": 79214.8820114034,
    "totalData": 10298158,
    "sizePerRequest": 13,
    "sizePerSec": 1029793.4661482442
  },
  "responseTimeHistogram": {
    "0.000034965": 1,
    "0.0004613321": 200840,
    "0.0008876992": 466148,
    "0.0013140663000000001": 109490,
    "0.0017404334000000001": 12513,
    "0.0021668005": 3031,
    "0.0025931676": 67,
    "0.0030195347": 42,
    "0.0034459018": 28,
    "0.0038722689": 2,
    "0.004298636": 4
  },
  "latencyPercentiles": {
    "p10": 0.000364007,
    "p25": 0.000459685,
    "p50": 0.000575449,
    "p75": 0.000760133,
    "p90": 0.000965745,
    "p95": 0.001063387,
    "p99": 0.001516238
  },
  "rps": {
    "mean": 79197.77012806984,
    "stddev": 16200.877537747263,
    "max": 101915.35207814194,
    "percentiles": {
      "p10": 55320.844894356225,
      "p25": 62527.92497129374,
      "p50": 83566.1964515024,
      "p75": 94148.5896339873,
      "p90": 97608.32599020873,
      "p95": 98910.61310878831,
      "p99": 100038.24462091751
    }
  },
  "details": {
    "DNSDialup": {
      "average": 0.00062481136,
      "fastest": 0.000082854,
      "slowest": 0.001379191
    },
    "DNSLookup": {
      "average": 0.00001729332,
      "fastest": 0.000004158,
      "slowest": 0.00027445
    }
  },
  "statusCodeDistribution": {
    "200": 792166
  },
  "errorDistribution": {}
}