{
  "summary": {
    "successRate": 1,
    "total": 10.000324726,
    "slowest": 0.004424231,
    "fastest": 0.000039004,
    "average": 0.0006471739591706616,
    "requestsPerSec": 77084.19687570853,
    "totalData": 10021271,
    "sizePerRequest": 13,
    "sizePerSec": 1002094.5593842109
  },
  "responseTimeHistogram": {
    "0.000039004": 1,
    "0.0004775267": 201212,
    "0.0009160494000000001": 460301,
    "0.0013545721": 93999,
    "0.0017930948000000001": 13528,
    "0.0022316175": 1712,
    "0.0026701402": 54,
    "0.0031086629": 52,
    "0.0035471856": 5,
    "0.0039857083": 2,
    "0.004424231": 1
  },
  "latencyPercentiles": {
    "p10": 0.000381783,
    "p25": 0.00047235,
    "p50": 0.000590363,
    "p75": 0.000792208,
    "p90": 0.000969924,
    "p95": 0.001091796,
    "p99": 0.001527854
  },
  "rps": {
    "mean": 77070.60504250266,
    "stddev": 15480.869990722133,
    "max": 100313.1008909755,
    "percentiles": {
      "p10": 56128.1461705225,
      "p25": 61154.36585027774,
      "p50": 79630.2341923208,
      "p75": 91920.43391245326,
      "p90": 95373.78953762999,
      "p95": 97022.2895151138,
      "p99": 98947.34630520703
    }
  },
  "details": {
    "DNSDialup": {
      "average": 0.0009338255599999997,
      "fastest": 0.000118892,
      "slowest": 0.001886968
    },
    "DNSLookup": {
      "average": 0.000009243059999999999,
      "fastest": 0.000004489,
      "slowest": 0.000030116
    }
  },
  "statusCodeDistribution": {
    "200": 770867
  },
  "errorDistribution": {}
}