{
  "summary": {
    "successRate": 1,
    "total": 10.000358255,
    "slowest": 0.004260451,
    "fastest": 0.000037985,
    "average": 0.0006087578780354781,
    "requestsPerSec": 81969.2634101537,
    "totalData": 10656386,
    "sizePerRequest": 13,
    "sizePerSec": 1065600.424331998
  },
  "responseTimeHistogram": {
    "0.000037985": 1,
    "0.0004602316": 211594,
    "0.0008824782000000001": 506411,
    "0.0013047248": 87652,
    "0.0017269714": 12254,
    "0.002149218": 1656,
    "0.0025714646": 69,
    "0.0029937112": 53,
    "0.0034159578": 14,
    "0.0038382044": 4,
    "0.004260451": 14
  },
  "latencyPercentiles": {
    "p10": 0.00037,
    "p25": 0.000456706,
    "p50": 0.000561896,
    "p75": 0.000701154,
    "p90": 0.000922338,
    "p95": 0.0010413,
    "p99": 0.001437152
  },
  "rps": {
    "mean": 81983.87540110607,
    "stddev": 14413.886021075725,
    "max": 100638.38347945498,
    "percentiles": {
      "p10": 58683.53013679798,
      "p25": 70733.29416156173,
      "p50": 87130.15430259024,
      "p75": 93899.04471236146,
      "p90": 96900.26163070429,
      "p95": 98539.18427270319,
      "p99": 100007.49056104316
    }
  },
  "details": {
    "DNSDialup": {
      "average": 0.0008818100999999999,
      "fastest": 0.000086239,
      "slowest": 0.001234624
    },
    "DNSLookup": {
      "average": 0.00000816586,
      "fastest": 0.000004438,
      "slowest": 0.000026751
    }
  },
  "statusCodeDistribution": {
    "200": 819722
  },
  "errorDistribution": {}
}