{
  "summary": {
    "successRate": 1,
    "total": 10.000050104,
    "slowest": 0.005105179,
    "fastest": 0.00004306,
    "average": 0.0006448625537253056,
    "requestsPerSec": 77371.91233577044,
    "totalData": 10058399,
    "sizePerRequest": 13,
    "sizePerSec": 1005834.8603650157
  },
  "responseTimeHistogram": {
    "0.00004306": 1,
    "0.0005492719": 318615,
    "0.0010554838": 407074,
    "0.0015616957": 40661,
    "0.0020679076": 7029,
    "0.0025741195000000003": 252,
    "0.0030803314": 50,
    "0.0035865433": 33,
    "0.0040927552": 7,
    "0.0045989671": 0,
    "0.0051051790000000005": 1
  },
  "latencyPercentiles": {
    "p10": 0.000383263,
    "p25": 0.000475888,
    "p50": 0.000589368,
    "p75": 0.00076739,
    "p90": 0.000982213,
    "p95": 0.001092982,
    "p99": 0.001548369
  },
  "rps": {
    "mean": 77373.04743662672,
    "stddev": 15412.772171376082,
    "max": 99412.05016927417,
    "percentiles": {
      "p10": 55327.907396491406,
      "p25": 62409.684056493796,
      "p50": 81044.85022011018,
      "p75": 91501.87578845641,
      "p90": 94801.8426030833,
      "p95": 96353.06163103385,
      "p99": 97581.0127786985
    }
  },
  "details": {
    "DNSDialup": {
      "average": 0.0010292650199999994,
      "fastest": 0.000127953,
      "slowest": 0.00196828
    },
    "DNSLookup": {
      "average": 0.000009865020000000003,
      "fastest": 0.000004478,
      "slowest": 0.000044683
    }
  },
  "statusCodeDistribution": {
    "200": 773723
  },
  "errorDistribution": {}
}