{
  "summary": {
    "successRate": 1,
    "total": 10.000600911,
    "slowest": 0.017292758,
    "fastest": 0.000033552,
    "average": 0.0006552635220813784,
    "requestsPerSec": 76122.82569566884,
    "totalData": 9896562,
    "sizePerRequest": 13,
    "sizePerSec": 989596.7340436949
  },
  "responseTimeHistogram": {
    "0.000033552": 1,
    "0.0017594726": 758867,
    "0.0034853932": 2351,
    "0.0052113138": 5,
    "0.0069372344": 0,
    "0.008663154999999999": 0,
    "0.010389075599999999": 0,
    "0.012114996199999999": 0,
    "0.013840916799999999": 0,
    "0.015566837399999998": 40,
    "0.017292758": 10
  },
  "latencyPercentiles": {
    "p10": 0.000400871,
    "p25": 0.000496218,
    "p50": 0.00059494,
    "p75": 0.000759086,
    "p90": 0.000997222,
    "p95": 0.001137536,
    "p99": 0.001510544
  },
  "rps": {
    "mean": 76154.92637902121,
    "stddev": 12463.129878396861,
    "max": 96969.38159253619,
    "percentiles": {
      "p10": 57423.371312123476,
      "p25": 66483.37680284565,
      "p50": 78504.2078255389,
      "p75": 85901.82970897343,
      "p90": 90922.57607563594,
      "p95": 92982.32655192954,
      "p99": 94896.26276895053
    }
  },
  "details": {
    "DNSDialup": {
      "average": 0.0007324947999999999,
      "fastest": 0.000089939,
      "slowest": 0.001080007
    },
    "DNSLookup": {
      "average": 0.0000067377,
      "fastest": 0.000003888,
      "slowest": 0.000029615
    }
  },
  "statusCodeDistribution": {
    "200": 761274
  },
  "errorDistribution": {}
}