{
  "summary": {
    "successRate": 1,
    "total": 10.000705351,
    "slowest": 0.004881638,
    "fastest": 0.000047266,
    "average": 0.0006522313352702405,
    "requestsPerSec": 76474.10589129354,
    "totalData": 9942335,
    "sizePerRequest": 13,
    "sizePerSec": 994163.376586816
  },
  "responseTimeHistogram": {
    "0.000047266": 1,
    "0.0005307032": 249114,
    "0.0010141403999999999": 447590,
    "0.0014975776": 59888,
    "0.0019810148": 7439,
    "0.002464452": 494,
    "0.0029478891999999996": 134,
    "0.0034313264": 80,
    "0.0039147636": 37,
    "0.0043982008": 8,
    "0.004881638": 10
  },
  "latencyPercentiles": {
    "p10": 0.00038984,
    "p25": 0.000491471,
    "p50": 0.000599608,
    "p75": 0.000757902,
    "p90": 0.000989636,
    "p95": 0.00113906,
    "p99": 0.00151336
  },
  "rps": {
    "mean": 76469.14966049572,
    "stddev": 12218.36521441242,
    "max": 97784.14325527102,
    "percentiles": {
      "p10": 58111.49445360553,
      "p25": 68770.29011352749,
      "p50": 77541.50021091852,
      "p75": 86173.00469617841,
      "p90": 90990.27548962968,
      "p95": 93363.41866488461,
      "p99": 95363.48347094143
    }
  },
  "details": {
    "DNSDialup": {
      "average": 0.0007191318600000001,
      "fastest": 0.000086816,
      "slowest": 0.001552069
    },
    "DNSLookup": {
      "average": 0.000007748259999999999,
      "fastest": 0.000003446,
      "slowest": 0.000030056
    }
  },
  "statusCodeDistribution": {
    "200": 764795
  },
  "errorDistribution": {}
}