{
  "summary": {
    "successRate": 1,
    "total": 10.000595813,
    "slowest": 0.004957095,
    "fastest": 0.000041288,
    "average": 0.0006565368095519619,
    "requestsPerSec": 75982.07288932055,
    "totalData": 9878258,
    "sizePerRequest": 13,
    "sizePerSec": 987766.9475611673
  },
  "responseTimeHistogram": {
    "0.000041288": 1,
    "0.0005328687": 227736,
    "0.0010244494": 463104,
    "0.0015160300999999998": 61731,
    "0.0020076108": 6733,
    "0.0024991914999999997": 376,
    "0.0029907721999999997": 77,
    "0.0034823528999999996": 80,
    "0.0039739336": 12,
    "0.004465514299999999": 0,
    "0.004957095": 16
  },
  "latencyPercentiles": {
    "p10": 0.000405571,
    "p25": 0.000507181,
    "p50": 0.00059776,
    "p75": 0.00074669,
    "p90": 0.001003171,
    "p95": 0.001156067,
    "p99": 0.001506518
  },
  "rps": {
    "mean": 75974.38743236249,
    "stddev": 11423.574550835423,
    "max": 97449.62415292508,
    "percentiles": {
      "p10": 58902.72130572055,
      "p25": 69238.51045951762,
      "p50": 76998.63525175466,
      "p75": 84416.5371996373,
      "p90": 89492.64278380666,
      "p95": 91661.39480223208,
      "p99": 95237.45689179451
    }
  },
  "details": {
    "DNSDialup": {
      "average": 0.0006786925999999999,
      "fastest": 0.000171559,
      "slowest": 0.001005504
    },
    "DNSLookup": {
      "average": 0.0000069835,
      "fastest": 0.000003637,
      "slowest": 0.000029746
    }
  },
  "statusCodeDistribution": {
    "200": 759866
  },
  "errorDistribution": {}
}