{
  "summary": {
    "successRate": 1,
    "total": 10.000398325,
    "slowest": 0.004735207,
    "fastest": 0.000037038,
    "average": 0.0006247763466842079,
    "requestsPerSec": 79859.41899969269,
    "totalData": 10382138,
    "sizePerRequest": 13,
    "sizePerSec": 1038172.4469960049
  },
  "responseTimeHistogram": {
    "0.000037038": 1,
    "0.0005068549": 283043,
    "0.0009766718000000002": 448627,
    "0.0014464887000000004": 57814,
    "0.0019163056000000003": 8699,
    "0.0023861225000000002": 378,
    "0.0028559394000000006": 25,
    "0.0033257563000000006": 23,
    "0.0037955732000000005": 2,
    "0.0042653901000000004": 0,
    "0.004735207": 14
  },
  "latencyPercentiles": {
    "p10": 0.000373945,
    "p25": 0.00046174,
    "p50": 0.000572846,
    "p75": 0.000740737,
    "p90": 0.000948991,
    "p95": 0.001057378,
    "p99": 0.001480434
  },
  "rps": {
    "mean": 79847.00380982083,
    "stddev": 15534.952812177273,
    "max": 101019.30478914757,
    "percentiles": {
      "p10": 57366.42458302422,
      "p25": 64213.61328601726,
      "p50": 84202.35766600959,
      "p75": 94057.98674881857,
      "p90": 97328.8580064028,
      "p95": 98464.23806891615,
      "p99": 99930.80866830751
    }
  },
  "details": {
    "DNSDialup": {
      "average": 0.0007470153399999999,
      "fastest": 0.000084829,
      "slowest": 0.001256405
    },
    "DNSLookup": {
      "average": 0.000010360359999999997,
      "fastest": 0.000003286,
      "slowest": 0.000198772
    }
  },
  "statusCodeDistribution": {
    "200": 798626
  },
  "errorDistribution": {}
}