{
  "summary": {
    "successRate": 1,
    "total": 10.000185128,
    "slowest": 0.00503699,
    "fastest": 0.000033082,
    "average": 0.0006103642139007577,
    "requestsPerSec": 81755.08648443493,
    "totalData": 10628358,
    "sizePerRequest": 13,
    "sizePerSec": 1062816.124297654
  },
  "responseTimeHistogram": {
    "0.000033082": 1,
    "0.0005334728": 354531,
    "0.0010338635999999999": 420143,
    "0.0015342543999999998": 37500,
    "0.0020346451999999995": 5211,
    "0.0025350359999999996": 111,
    "0.0030354267999999993": 61,
    "0.003535817599999999": 2,
    "0.0040362084": 1,
    "0.0045365992": 0,
    "0.00503699": 5
  },
  "latencyPercentiles": {
    "p10": 0.000371178,
    "p25": 0.000456694,
    "p50": 0.000562674,
    "p75": 0.000703468,
    "p90": 0.000929142,
    "p95": 0.001041443,
    "p99": 0.001443495
  },
  "rps": {
    "mean": 81750.41229186743,
    "stddev": 14584.05770260679,
    "max": 101728.0973004725,
    "percentiles": {
      "p10": 58080.19713620855,
      "p25": 70256.42293325777,
      "p50": 85864.56156384511,
      "p75": 94261.65149221294,
      "p90": 97351.25543599323,
      "p95": 98560.38157727334,
      "p99": 99779.71401352518
    }
  },
  "details": {
    "DNSDialup": {
      "average": 0.00095450042,
      "fastest": 0.000087647,
      "slowest": 0.001633232
    },
    "DNSLookup": {
      "average": 0.000008547679999999995,
      "fastest": 0.000003716,
      "slowest": 0.000040005
    }
  },
  "statusCodeDistribution": {
    "200": 817566
  },
  "errorDistribution": {}
}