{
  "summary": {
    "successRate": 1,
    "total": 10.000211484,
    "slowest": 0.007152211,
    "fastest": 0.00003857,
    "average": 0.000661107681911874,
    "requestsPerSec": 75469.00395131684,
    "totalData": 9811178,
    "sizePerRequest": 13,
    "sizePerSec": 981097.051367119
  },
  "responseTimeHistogram": {
    "0.00003857": 1,
    "0.0007499341000000001": 532268,
    "0.0014612982": 210212,
    "0.0021726623000000002": 12072,
    "0.0028840264": 123,
    "0.0035953905": 29,
    "0.0043067546000000005": 0,
    "0.0050181187": 0,
    "0.0057294828": 0,
    "0.006440846900000001": 0,
    "0.007152211": 1
  },
  "latencyPercentiles": {
    "p10": 0.000371725,
    "p25": 0.000481451,
    "p50": 0.000606683,
    "p75": 0.000807334,
    "p90": 0.001003456,
    "p95": 0.001109457,
    "p99": 0.001600783
  },
  "rps": {
    "mean": 75483.63574731698,
    "stddev": 15993.616631421686,
    "max": 98077.4026861994,
    "percentiles": {
      "p10": 53290.05486371185,
      "p25": 57808.15094928432,
      "p50": 80512.33217456115,
      "p75": 90130.56228566432,
      "p90": 93686.75393414199,
      "p95": 94768.8780205437,
      "p99": 96115.20542549502
    }
  },
  "details": {
    "DNSDialup": {
      "average": 0.0009251067200000004,
      "fastest": 0.000094935,
      "slowest": 0.001952941
    },
    "DNSLookup": {
      "average": 0.00004697514,
      "fastest": 0.000004227,
      "slowest": 0.001863404
    }
  },
  "statusCodeDistribution": {
    "200": 754706
  },
  "errorDistribution": {}
}