{
  "summary": {
    "successRate": 1,
    "total": 10.000656505,
    "slowest": 0.005095153,
    "fastest": 0.000037801,
    "average": 0.000647883852956171,
    "requestsPerSec": 76970.64683854973,
    "totalData": 10006841,
    "sizePerRequest": 13,
    "sizePerSec": 1000618.4089011464
  },
  "responseTimeHistogram": {
    "0.000037801": 1,
    "0.0005435362": 307562,
    "0.0010492714000000002": 406148,
    "0.0015550066000000003": 48824,
    "0.0020607418000000003": 6887,
    "0.0025664770000000006": 242,
    "0.0030722122000000004": 49,
    "0.0035779474000000003": 17,
    "0.0040836826": 18,
    "0.0045894178": 8,
    "0.005095153000000001": 1
  },
  "latencyPercentiles": {
    "p10": 0.000383977,
    "p25": 0.0004753,
    "p50": 0.000590725,
    "p75": 0.000766824,
    "p90": 0.000992877,
    "p95": 0.001125565,
    "p99": 0.001538829
  },
  "rps": {
    "mean": 76984.84033712717,
    "stddev": 12019.004492821387,
    "max": 96520.99331605359,
    "percentiles": {
      "p10": 58000.962815983796,
      "p25": 68858.00598424111,
      "p50": 79255.3677999453,
      "p75": 86517.64094699053,
      "p90": 90738.17354961355,
      "p95": 93175.26266908494,
      "p99": 95226.73966849744
    }
  },
  "details": {
    "DNSDialup": {
      "average": 0.0009646772999999999,
      "fastest": 0.000112994,
      "slowest": 0.001370561
    },
    "DNSLookup": {
      "average": 0.0000078003,
      "fastest": 0.000003897,
      "slowest": 0.00003251
    }
  },
  "statusCodeDistribution": {
    "200": 769757
  },
  "errorDistribution": {}
}