{
  "summary": {
    "successRate": 1,
    "total": 10.000500345,
    "slowest": 0.004672587,
    "fastest": 0.000038625,
    "average": 0.0006386384402055184,
    "requestsPerSec": 78118.69137033663,
    "totalData": 10155938,
    "sizePerRequest": 13,
    "sizePerSec": 1015542.9878143761
  },
  "responseTimeHistogram": {
    "0.000038625": 1,
    "0.0005020212": 250845,
    "0.0009654174": 449024,
    "0.0014288136": 69930,
    "0.0018922098": 10407,
    "0.002355606": 868,
    "0.0028190021999999998": 75,
    "0.0032823984": 45,
    "0.0037457946": 13,
    "0.004209190799999999": 15,
    "0.004672587": 3
  },
  "latencyPercentiles": {
    "p10": 0.000375231,
    "p25": 0.000468746,
    "p50": 0.000582361,
    "p75": 0.000767598,
    "p90": 0.000971871,
    "p95": 0.001089919,
    "p99": 0.001520895
  },
  "rps": {
    "mean": 78126.43599439948,
    "stddev": 15814.326238950462,
    "max": 100689.34012406533,
    "percentiles": {
      "p10": 55803.77305769736,
      "p25": 62083.115663873185,
      "p50": 82036.30927047259,
      "p75": 92058.80716601216,
      "p90": 96209.69793755333,
      "p95": 97807.90287855269,
      "p99": 99113.84620430048
    }
  },
  "details": {
    "DNSDialup": {
      "average": 0.0010171168399999997,
      "fastest": 0.000152405,
      "slowest": 0.002017809
    },
    "DNSLookup": {
      "average": 0.000009349539999999999,
      "fastest": 0.000003717,
      "slowest": 0.000032701
    }
  },
  "statusCodeDistribution": {
    "200": 781226
  },
  "errorDistribution": {}
}