{
  "summary": {
    "successRate": 1,
    "total": 10.000436494,
    "slowest": 0.003963652,
    "fastest": 0.00004294,
    "average": 0.0006513793635234815,
    "requestsPerSec": 76594.4566979218,
    "totalData": 9957714,
    "sizePerRequest": 13,
    "sizePerSec": 995727.9370729835
  },
  "responseTimeHistogram": {
    "0.00004294": 1,
    "0.0004350112": 130612,
    "0.0008270824": 463473,
    "0.0012191536": 146422,
    "0.0016112248": 19466,
    "0.002003296": 5710,
    "0.0023953672": 153,
    "0.0027874384": 81,
    "0.0031795096": 34,
    "0.0035715808": 22,
    "0.003963652": 4
  },
  "latencyPercentiles": {
    "p10": 0.000378395,
    "p25": 0.000478023,
    "p50": 0.000597362,
    "p75": 0.000795742,
    "p90": 0.000970399,
    "p95": 0.001098105,
    "p99": 0.001556449
  },
  "rps": {
    "mean": 76598.81096719985,
    "stddev": 15517.41674531708,
    "max": 98536.75420933511,
    "percentiles": {
      "p10": 55832.60344367673,
      "p25": 59572.79087994872,
      "p50": 80167.46894186149,
      "p75": 90779.44108890061,
      "p90": 94479.58116529751,
      "p95": 95574.85422582839,
      "p99": 97533.49300149795
    }
  },
  "details": {
    "DNSDialup": {
      "average": 0.0010158115200000002,
      "fastest": 0.000099679,
      "slowest": 0.001446738
    },
    "DNSLookup": {
      "average": 0.000010515499999999998,
      "fastest": 0.000004168,
      "slowest": 0.000129892
    }
  },
  "statusCodeDistribution": {
    "200": 765978
  },
  "errorDistribution": {}
}