{
  "summary": {
    "successRate": 1,
    "total": 10.001842012,
    "slowest": 0.004977258,
    "fastest": 0.000037514,
    "average": 0.0006337282693790199,
    "requestsPerSec": 78699.50345702382,
    "totalData": 10232820,
    "sizePerRequest": 13,
    "sizePerSec": 1023093.5449413096
  },
  "responseTimeHistogram": {
    "0.000037514": 1,
    "0.0005314884": 309228,
    "0.0010254628": 420801,
    "0.0015194372": 50185,
    "0.0020134116000000003": 6487,
    "0.0025073860000000003": 363,
    "0.0030013604000000004": 41,
    "0.0034953348000000004": 6,
    "0.0039893092": 6,
    "0.0044832836": 13,
    "0.004977258": 9
  },
  "latencyPercentiles": {
    "p10": 0.000379307,
    "p25": 0.000469776,
    "p50": 0.000580302,
    "p75": 0.000742715,
    "p90": 0.000968726,
    "p95": 0.001095002,
    "p99": 0.001487743
  },
  "rps": {
    "mean": 78710.71839892723,
    "stddev": 11797.43374090728,
    "max": 96938.4457876011,
    "percentiles": {
      "p10": 60212.090587796985,
      "p25": 71399.46659691626,
      "p50": 81869.55637509414,
      "p75": 87585.24278849781,
      "p90": 91646.05550558798,
      "p95": 93121.78581667565,
      "p99": 95453.27247136756
    }
  },
  "details": {
    "DNSDialup": {
      "average": 0.0007177792999999999,
      "fastest": 0.000089838,
      "slowest": 0.001260711
    },
    "DNSLookup": {
      "average": 0.00000917502,
      "fastest": 0.000003166,
      "slowest": 0.000065582
    }
  },
  "statusCodeDistribution": {
    "200": 787140
  },
  "errorDistribution": {}
}