{
  "summary": {
    "successRate": 1,
    "total": 10.000582904,
    "slowest": 0.024385029,
    "fastest": 0.000038455,
    "average": 0.0006266317480419466,
    "requestsPerSec": 79601.85997574127,
    "totalData": 10348845,
    "sizePerRequest": 13,
    "sizePerSec": 1034824.1796846365
  },
  "responseTimeHistogram": {
    "0.000038455": 1,
    "0.0024731124": 795935,
    "0.0049077698": 79,
    "0.0073424271999999995": 0,
    "0.0097770846": 0,
    "0.012211742": 0,
    "0.0146463994": 0,
    "0.0170810568": 0,
    "0.0195157142": 0,
    "0.021950371599999997": 0,
    "0.024385029": 50
  },
  "latencyPercentiles": {
    "p10": 0.000373454,
    "p25": 0.000463044,
    "p50": 0.000573263,
    "p75": 0.000731929,
    "p90": 0.00095481,
    "p95": 0.001078011,
    "p99": 0.001485421
  },
  "rps": {
    "mean": 79698.81203115525,
    "stddev": 12819.14481946741,
    "max": 99240.26177420338,
    "percentiles": {
      "p10": 58882.89534005953,
      "p25": 72534.95459461941,
      "p50": 82806.83156360469,
      "p75": 89520.83149749755,
      "p90": 93709.60523453634,
      "p95": 95419.7040186906,
      "p99": 97341.78726539003
    }
  },
  "details": {
    "DNSDialup": {
      "average": 0.00065367128,
      "fastest": 0.000087324,
      "slowest": 0.00103329
    },
    "DNSLookup": {
      "average": 0.00000827212,
      "fastest": 0.000003397,
      "slowest": 0.000027051
    }
  },
  "statusCodeDistribution": {
    "200": 796065
  },
  "errorDistribution": {}
}