{
  "summary": {
    "successRate": 1,
    "total": 10.000383099,
    "slowest": 0.005332466,
    "fastest": 0.000034353,
    "average": 0.0006373610004445812,
    "requestsPerSec": 78280.80107033908,
    "totalData": 10176894,
    "sizePerRequest": 13,
    "sizePerSec": 1017650.413914408
  },
  "responseTimeHistogram": {
    "0.000034353": 1,
    "0.0005641643": 358457,
    "0.0010939756": 389069,
    "0.0016237869000000002": 30318,
    "0.0021535982": 4846,
    "0.0026834095": 83,
    "0.0032132208000000004": 39,
    "0.0037430321000000003": 23,
    "0.0042728434": 1,
    "0.004802654700000001": 0,
    "0.005332466": 1
  },
  "latencyPercentiles": {
    "p10": 0.00037914,
    "p25": 0.000468116,
    "p50": 0.000584344,
    "p75": 0.00076896,
    "p90": 0.000956972,
    "p95": 0.001072928,
    "p99": 0.001514537
  },
  "rps": {
    "mean": 78284.94694198373,
    "stddev": 15675.50739028009,
    "max": 102852.05342423535,
    "percentiles": {
      "p10": 56230.2404830065,
      "p25": 61845.66065125894,
      "p50": 83032.40754866501,
      "p75": 92701.90720659484,
      "p90": 96021.88338722008,
      "p95": 97346.72727558692,
      "p99": 99328.17395948694
    }
  },
  "details": {
    "DNSDialup": {
      "average": 0.00101533008,
      "fastest": 0.000105327,
      "slowest": 0.001541143
    },
    "DNSLookup": {
      "average": 0.000011990579999999997,
      "fastest": 0.000004268,
      "slowest": 0.000196278
    }
  },
  "statusCodeDistribution": {
    "200": 782838
  },
  "errorDistribution": {}
}