{
  "summary": {
    "successRate": 1,
    "total": 10.00035043,
    "slowest": 0.009048278,
    "fastest": 0.000040736,
    "average": 0.0006554447706969168,
    "requestsPerSec": 76125.83232245794,
    "totalData": 9896705,
    "sizePerRequest": 13,
    "sizePerSec": 989635.8201919531
  },
  "responseTimeHistogram": {
    "0.000040736": 1,
    "0.0009414902": 663476,
    "0.0018422444": 95843,
    "0.0027429985999999997": 1683,
    "0.0036437528": 191,
    "0.004544507000000001": 32,
    "0.0054452612": 24,
    "0.0063460154": 29,
    "0.0072467696": 5,
    "0.008147523799999999": 0,
    "0.009048278": 1
  },
  "latencyPercentiles": {
    "p10": 0.000387054,
    "p25": 0.000495329,
    "p50": 0.000603326,
    "p75": 0.00076482,
    "p90": 0.000992286,
    "p95": 0.001130655,
    "p99": 0.001527405
  },
  "rps": {
    "mean": 76112.85141378587,
    "stddev": 14872.60463770865,
    "max": 98382.48968010953,
    "percentiles": {
      "p10": 54922.41933157119,
      "p25": 62255.02122836117,
      "p50": 77366.4423006497,
      "p75": 90029.80227607055,
      "p90": 94327.92106463501,
      "p95": 95583.61612658165,
      "p99": 97585.98548907698
    }
  },
  "details": {
    "DNSDialup": {
      "average": 0.0009714488800000001,
      "fastest": 0.000088899,
      "slowest": 0.002124146
    },
    "DNSLookup": {
      "average": 0.00000868904,
      "fastest": 0.000003767,
      "slowest": 0.000033933
    }
  },
  "statusCodeDistribution": {
    "200": 761285
  },
  "errorDistribution": {}
}