{
  "summary": {
    "successRate": 1,
    "total": 10.000413688,
    "slowest": 0.005333048,
    "fastest": 0.000037692,
    "average": 0.0006499817979422248,
    "requestsPerSec": 76759.02457126432,
    "totalData": 9979086,
    "sizePerRequest": 13,
    "sizePerSec": 997867.3194264361
  },
  "responseTimeHistogram": {
    "0.000037692": 1,
    "0.0005672276": 340618,
    "0.0010967632": 389528,
    "0.0016262988": 31779,
    "0.0021558344000000003": 5515,
    "0.0026853700000000003": 134,
    "0.0032149056000000003": 34,
    "0.0037444412000000003": 4,
    "0.0042739768": 3,
    "0.0048035124": 5,
    "0.005333048": 1
  },
  "latencyPercentiles": {
    "p10": 0.000383386,
    "p25": 0.000475713,
    "p50": 0.000593647,
    "p75": 0.000793759,
    "p90": 0.000971246,
    "p95": 0.001091574,
    "p99": 0.001561052
  },
  "rps": {
    "mean": 76778.29947900024,
    "stddev": 16214.534634526355,
    "max": 99738.66465063722,
    "percentiles": {
      "p10": 55576.05583240714,
      "p25": 59466.298976733655,
      "p50": 80411.06295804825,
      "p75": 92056.80558860257,
      "p90": 95912.84979626864,
      "p95": 97337.27475859238,
      "p99": 98763.74040521514
    }
  },
  "details": {
    "DNSDialup": {
      "average": 0.00101188912,
      "fastest": 0.000087832,
      "slowest": 0.002252708
    },
    "DNSLookup": {
      "average": 0.000009184860000000001,
      "fastest": 0.000004479,
      "slowest": 0.000027923
    }
  },
  "statusCodeDistribution": {
    "200": 767622
  },
  "errorDistribution": {}
}