{
  "summary": {
    "successRate": 1,
    "total": 10.000643085,
    "slowest": 0.003890544,
    "fastest": 0.000042238,
    "average": 0.0006382057106304956,
    "requestsPerSec": 78156.97384224767,
    "totalData": 10161060,
    "sizePerRequest": 13,
    "sizePerSec": 1016040.6599492197
  },
  "responseTimeHistogram": {
    "0.000042238": 1,
    "0.0004270686": 135452,
    "0.0008118992": 480422,
    "0.0011967298": 138578,
    "0.0015815604": 21235,
    "0.001966391": 5408,
    "0.0023512216": 386,
    "0.0027360522": 67,
    "0.0031208828": 48,
    "0.0035057134": 14,
    "0.003890544": 9
  },
  "latencyPercentiles": {
    "p10": 0.00037555,
    "p25": 0.000465316,
    "p50": 0.000580943,
    "p75": 0.000762133,
    "p90": 0.00097797,
    "p95": 0.00110596,
    "p99": 0.001518062
  },
  "rps": {
    "mean": 78158.06113810082,
    "stddev": 12937.011371293333,
    "max": 99308.45114918854,
    "percentiles": {
      "p10": 58984.76485882008,
      "p25": 68167.59062659263,
      "p50": 81421.76403752904,
      "p75": 88306.1637702254,
      "p90": 93105.5864454405,
      "p95": 94615.80083873849,
      "p99": 97734.49050170666
    }
  },
  "details": {
    "DNSDialup": {
      "average": 0.0007787540399999999,
      "fastest": 0.000092749,
      "slowest": 0.001777058
    },
    "DNSLookup": {
      "average": 0.0000073561000000000014,
      "fastest": 0.000003948,
      "slowest": 0.00002712
    }
  },
  "statusCodeDistribution": {
    "200": 781620
  },
  "errorDistribution": {}
}