{
  "summary": {
    "successRate": 1,
    "total": 10.000369376,
    "slowest": 0.004729735,
    "fastest": 0.000036648,
    "average": 0.0006358819727610975,
    "requestsPerSec": 78465.80166160455,
    "totalData": 10200931,
    "sizePerRequest": 13,
    "sizePerSec": 1020055.421600859
  },
  "responseTimeHistogram": {
    "0.000036648": 1,
    "0.0005059566999999999": 254389,
    "0.0009752653999999999": 455784,
    "0.0014445741": 64001,
    "0.0019138827999999998": 9680,
    "0.0023831914999999995": 728,
    "0.0028525001999999996": 25,
    "0.0033218088999999993": 53,
    "0.0037911175999999994": 18,
    "0.0042604263": 1,
    "0.004729735": 7
  },
  "latencyPercentiles": {
    "p10": 0.000374631,
    "p25": 0.000472231,
    "p50": 0.000584358,
    "p75": 0.00074998,
    "p90": 0.000967175,
    "p95": 0.001077051,
    "p99": 0.001520141
  },
  "rps": {
    "mean": 78474.42404945793,
    "stddev": 15058.89835476281,
    "max": 97963.41171640619,
    "percentiles": {
      "p10": 55703.241928680036,
      "p25": 63864.24104005828,
      "p50": 83403.52796923048,
      "p75": 91842.79874420953,
      "p90": 94664.35707073816,
      "p95": 95932.41556321896,
      "p99": 97101.92596577869
    }
  },
  "details": {
    "DNSDialup": {
      "average": 0.0008643815000000002,
      "fastest": 0.000089797,
      "slowest": 0.001557703
    },
    "DNSLookup": {
      "average": 0.000008957899999999998,
      "fastest": 0.000003586,
      "slowest": 0.000033182
    }
  },
  "statusCodeDistribution": {
    "200": 784687
  },
  "errorDistribution": {}
}