{
  "summary": {
    "successRate": 1,
    "total": 10.000354203,
    "slowest": 0.004353533,
    "fastest": 0.000033973,
    "average": 0.0006445997564317502,
    "requestsPerSec": 77402.25838878719,
    "totalData": 10062650,
    "sizePerRequest": 13,
    "sizePerSec": 1006229.3590542334
  },
  "responseTimeHistogram": {
    "0.000033973": 1,
    "0.000465929": 177521,
    "0.000897885": 475395,
    "0.001329841": 104819,
    "0.001761797": 13693,
    "0.002193753": 2485,
    "0.002625709": 56,
    "0.003057665": 54,
    "0.003489621": 17,
    "0.003921577": 7,
    "0.004353533": 2
  },
  "latencyPercentiles": {
    "p10": 0.000383445,
    "p25": 0.00047566,
    "p50": 0.000590011,
    "p75": 0.000769748,
    "p90": 0.000976124,
    "p95": 0.001092284,
    "p99": 0.001534728
  },
  "rps": {
    "mean": 77372.54644724994,
    "stddev": 15044.276118439693,
    "max": 99244.84156277539,
    "percentiles": {
      "p10": 55546.79261810148,
      "p25": 61925.785897248425,
      "p50": 81188.01592806877,
      "p75": 90955.74677720138,
      "p90": 94501.41752126461,
      "p95": 95630.66312833631,
      "p99": 97370.35660082522
    }
  },
  "details": {
    "DNSDialup": {
      "average": 0.0008078865200000003,
      "fastest": 0.000087113,
      "slowest": 0.00112931
    },
    "DNSLookup": {
      "average": 0.000007857460000000001,
      "fastest": 0.000003606,
      "slowest": 0.000025408
    }
  },
  "statusCodeDistribution": {
    "200": 774050
  },
  "errorDistribution": {}
}