{
  "summary": {
    "successRate": 1,
    "total": 10.000473131,
    "slowest": 0.004533208,
    "fastest": 0.000058878,
    "average": 0.0006623232771306451,
    "requestsPerSec": 75327.33603021767,
    "totalData": 9793017,
    "sizePerRequest": 13,
    "sizePerSec": 979255.3683928297
  },
  "responseTimeHistogram": {
    "0.000058878": 1,
    "0.000506311": 224708,
    "0.0009537440000000001": 431498,
    "0.001401177": 82190,
    "0.00184861": 12896,
    "0.002296043": 1923,
    "0.002743476": 49,
    "0.003190909": 35,
    "0.003638342": 6,
    "0.004085775": 1,
    "0.004533208": 2
  },
  "latencyPercentiles": {
    "p10": 0.000338015,
    "p25": 0.000464353,
    "p50": 0.000630447,
    "p75": 0.000827557,
    "p90": 0.000986957,
    "p95": 0.001093339,
    "p99": 0.001596809
  },
  "rps": {
    "mean": 75319.2391794314,
    "stddev": 17259.9988627565,
    "max": 98865.33021020355,
    "percentiles": {
      "p10": 54490.963581872384,
      "p25": 57034.488755348146,
      "p50": 77900.07107377384,
      "p75": 92615.17962794863,
      "p90": 96326.93301046723,
      "p95": 97712.95673806145,
      "p99": 98497.8131581666
    }
  },
  "details": {
    "DNSDialup": {
      "average": 0.00089734614,
      "fastest": 0.000091352,
      "slowest": 0.002114167
    },
    "DNSLookup": {
      "average": 0.000008447340000000002,
      "fastest": 0.000003877,
      "slowest": 0.000034565
    }
  },
  "statusCodeDistribution": {
    "200": 753309
  },
  "errorDistribution": {}
}