{
  "summary": {
    "successRate": 1,
    "total": 10.000629832,
    "slowest": 0.004206429,
    "fastest": 0.000035414,
    "average": 0.0006244639078881215,
    "requestsPerSec": 79880.46887245291,
    "totalData": 10385115,
    "sizePerRequest": 13,
    "sizePerSec": 1038446.0953418879
  },
  "responseTimeHistogram": {
    "0.000035414": 1,
    "0.0004525155": 176029,
    "0.000869617": 506355,
    "0.0012867185000000002": 100022,
    "0.00170382": 13658,
    "0.0021209215": 2549,
    "0.0025380230000000004": 58,
    "0.0029551245": 53,
    "0.0033722260000000003": 68,
    "0.0037893275000000005": 56,
    "0.004206429": 6
  },
  "latencyPercentiles": {
    "p10": 0.00037473,
    "p25": 0.000466642,
    "p50": 0.000577148,
    "p75": 0.000726067,
    "p90": 0.000944875,
    "p95": 0.001069026,
    "p99": 0.001465197
  },
  "rps": {
    "mean": 79876.33012932041,
    "stddev": 11881.569334268135,
    "max": 98907.49266302331,
    "percentiles": {
      "p10": 60731.89144865818,
      "p25": 74307.6313937452,
      "p50": 82032.50948350775,
      "p75": 88741.12263622909,
      "p90": 93142.58562411672,
      "p95": 95306.61951525079,
      "p99": 97313.61417462793
    }
  },
  "details": {
    "DNSDialup": {
      "average": 0.0007746850200000002,
      "fastest": 0.000087634,
      "slowest": 0.001268912
    },
    "DNSLookup": {
      "average": 0.000007484779999999999,
      "fastest": 0.000003296,
      "slowest": 0.000025207
    }
  },
  "statusCodeDistribution": {
    "200": 798855
  },
  "errorDistribution": {}
}