{
  "summary": {
    "successRate": 1,
    "total": 10.000294097,
    "slowest": 0.00483217,
    "fastest": 0.000040596,
    "average": 0.0006362130651989484,
    "requestsPerSec": 78423.79357975796,
    "totalData": 10195393,
    "sizePerRequest": 13,
    "sizePerSec": 1019509.3165368536
  },
  "responseTimeHistogram": {
    "0.000040596": 1,
    "0.0005197534": 269293,
    "0.0009989108": 454531,
    "0.0014780682": 52474,
    "0.0019572256": 7687,
    "0.002436383": 223,
    "0.0029155404": 25,
    "0.0033946977999999997": 8,
    "0.0038738552": 0,
    "0.0043530126": 18,
    "0.00483217": 1
  },
  "latencyPercentiles": {
    "p10": 0.000385574,
    "p25": 0.000475104,
    "p50": 0.000586139,
    "p75": 0.000751842,
    "p90": 0.000954336,
    "p95": 0.001076968,
    "p99": 0.001481724
  },
  "rps": {
    "mean": 78426.17095366328,
    "stddev": 14505.12283867707,
    "max": 99605.51814570616,
    "percentiles": {
      "p10": 57791.003493201715,
      "p25": 64360.51819526014,
      "p50": 79512.26594516842,
      "p75": 91825.738754584,
      "p90": 95694.35948374124,
      "p95": 97132.55883371677,
      "p99": 98553.93857058047
    }
  },
  "details": {
    "DNSDialup": {
      "average": 0.0010537970000000004,
      "fastest": 0.000243964,
      "slowest": 0.001508167
    },
    "DNSLookup": {
      "average": 0.000010977400000000001,
      "fastest": 0.000004639,
      "slowest": 0.000037189
    }
  },
  "statusCodeDistribution": {
    "200": 784261
  },
  "errorDistribution": {}
}