{
  "summary": {
    "successRate": 1,
    "total": 10.000740414,
    "slowest": 0.005323807,
    "fastest": 0.000040927,
    "average": 0.0006325591608107023,
    "requestsPerSec": 78848.36195689302,
    "totalData": 10251046,
    "sizePerRequest": 13,
    "sizePerSec": 1025028.7054396091
  },
  "responseTimeHistogram": {
    "0.000040927": 1,
    "0.000569215": 365316,
    "0.001097503": 383622,
    "0.0016257910000000001": 35402,
    "0.002154079": 4016,
    "0.002682367": 125,
    "0.003210655": 31,
    "0.003738943": 20,
    "0.004267231": 8,
    "0.004795519": 0,
    "0.005323807": 1
  },
  "latencyPercentiles": {
    "p10": 0.000383795,
    "p25": 0.000474747,
    "p50": 0.000583289,
    "p75": 0.000730384,
    "p90": 0.000958823,
    "p95": 0.001098612,
    "p99": 0.001480525
  },
  "rps": {
    "mean": 78854.38754474814,
    "stddev": 11665.169538739769,
    "max": 99023.82513233015,
    "percentiles": {
      "p10": 61671.18087696525,
      "p25": 71705.39224549873,
      "p50": 79937.16278697844,
      "p75": 87926.18441771696,
      "p90": 92814.65394201467,
      "p95": 95024.83949304139,
      "p99": 97219.55085167696
    }
  },
  "details": {
    "DNSDialup": {
      "average": 0.0007587535999999999,
      "fastest": 0.000141714,
      "slowest": 0.001117006
    },
    "DNSLookup": {
      "average": 0.000006559400000000001,
      "fastest": 0.000003246,
      "slowest": 0.000030838
    }
  },
  "statusCodeDistribution": {
    "200": 788542
  },
  "errorDistribution": {}
}