{
  "summary": {
    "successRate": 1,
    "total": 10.000682653,
    "slowest": 0.004513387,
    "fastest": 0.000040743,
    "average": 0.0006407278370168037,
    "requestsPerSec": 77846.88575898959,
    "totalData": 10120786,
    "sizePerRequest": 13,
    "sizePerSec": 1012009.5148668648
  },
  "responseTimeHistogram": {
    "0.000040743": 1,
    "0.00048800739999999997": 217545,
    "0.0009352717999999999": 463675,
    "0.0013825362": 83553,
    "0.0018298006": 11887,
    "0.002277065": 1728,
    "0.0027243294000000003": 65,
    "0.0031715938": 44,
    "0.0036188582": 22,
    "0.0040661226": 1,
    "0.004513387": 1
  },
  "latencyPercentiles": {
    "p10": 0.000386008,
    "p25": 0.000474981,
    "p50": 0.000586226,
    "p75": 0.000744487,
    "p90": 0.000982259,
    "p95": 0.001114678,
    "p99": 0.001519271
  },
  "rps": {
    "mean": 77788.17151115838,
    "stddev": 12073.432054896639,
    "max": 97031.17945340389,
    "percentiles": {
      "p10": 58489.82287114378,
      "p25": 71210.111835884,
      "p50": 79960.30111684608,
      "p75": 86968.9110189814,
      "p90": 91169.99557374885,
      "p95": 92801.3456195094,
      "p99": 95524.7506332904
    }
  },
  "details": {
    "DNSDialup": {
      "average": 0.0008705918799999997,
      "fastest": 0.000155628,
      "slowest": 0.001377816
    },
    "DNSLookup": {
      "average": 0.000007683360000000002,
      "fastest": 0.000003416,
      "slowest": 0.000030867
    }
  },
  "statusCodeDistribution": {
    "200": 778522
  },
  "errorDistribution": {}
}