{
  "summary": {
    "successRate": 1,
    "total": 10.000214769,
    "slowest": 0.008107349,
    "fastest": 0.000044994,
    "average": 0.000656910620627858,
    "requestsPerSec": 75961.76857669246,
    "totalData": 9875242,
    "sizePerRequest": 13,
    "sizePerSec": 987502.991497002
  },
  "responseTimeHistogram": {
    "0.000044994": 1,
    "0.0008512295000000001": 624814,
    "0.0016574650000000001": 130921,
    "0.0024637005000000003": 3768,
    "0.003269936": 110,
    "0.0040761715": 18,
    "0.004882407": 1,
    "0.0056886425": 0,
    "0.006494878": 0,
    "0.0073011135": 0,
    "0.008107349": 1
  },
  "latencyPercentiles": {
    "p10": 0.000396398,
    "p25": 0.000527893,
    "p50": 0.000602275,
    "p75": 0.000738881,
    "p90": 0.00098954,
    "p95": 0.001149582,
    "p99": 0.001490318
  },
  "rps": {
    "mean": 75935.88346685263,
    "stddev": 13800.753097154184,
    "max": 98115.04103579014,
    "percentiles": {
      "p10": 55833.49451336398,
      "p25": 64129.90766199503,
      "p50": 77476.5458049258,
      "p75": 88020.25346032147,
      "p90": 93966.70570079015,
      "p95": 95580.8964045349,
      "p99": 97268.24636983947
    }
  },
  "details": {
    "DNSDialup": {
      "average": 0.0008875755,
      "fastest": 0.000088081,
      "slowest": 0.001778862
    },
    "DNSLookup": {
      "average": 0.000008761020000000001,
      "fastest": 0.000004178,
      "slowest": 0.00007486
    }
  },
  "statusCodeDistribution": {
    "200": 759634
  },
  "errorDistribution": {}
}