{
  "summary": {
    "successRate": 1,
    "total": 10.000662873,
    "slowest": 0.004270045,
    "fastest": 0.000036585,
    "average": 0.0006317577424427195,
    "requestsPerSec": 78951.56651382503,
    "totalData": 10264384,
    "sizePerRequest": 13,
    "sizePerSec": 1026370.3646797254
  },
  "responseTimeHistogram": {
    "0.000036585": 1,
    "0.00045993099999999996": 177598,
    "0.0008832769999999999": 495621,
    "0.0013066229999999998": 99737,
    "0.0017299689999999998": 13775,
    "0.002153315": 2637,
    "0.0025766609999999996": 112,
    "0.003000007": 52,
    "0.0034233529999999996": 6,
    "0.0038466989999999994": 2,
    "0.004270045": 27
  },
  "latencyPercentiles": {
    "p10": 0.000381993,
    "p25": 0.000471981,
    "p50": 0.000578159,
    "p75": 0.000729522,
    "p90": 0.000968866,
    "p95": 0.001099412,
    "p99": 0.001496715
  },
  "rps": {
    "mean": 78957.31500939335,
    "stddev": 12147.025820169838,
    "max": 99161.11708371885,
    "percentiles": {
      "p10": 60463.8449269831,
      "p25": 71476.44675646251,
      "p50": 81078.31140100402,
      "p75": 88443.72657841888,
      "p90": 92543.56951252506,
      "p95": 94616.0374183415,
      "p99": 96900.48450242163
    }
  },
  "details": {
    "DNSDialup": {
      "average": 0.0007309135600000002,
      "fastest": 0.000103162,
      "slowest": 0.001494308
    },
    "DNSLookup": {
      "average": 0.000008692799999999997,
      "fastest": 0.000004849,
      "slowest": 0.000025468
    }
  },
  "statusCodeDistribution": {
    "200": 789568
  },
  "errorDistribution": {}
}