{
  "summary": {
    "successRate": 1,
    "total": 10.000655383,
    "slowest": 0.00508248,
    "fastest": 0.000036525,
    "average": 0.0006229451569047349,
    "requestsPerSec": 80100.05037886825,
    "totalData": 10413689,
    "sizePerRequest": 13,
    "sizePerSec": 1041300.6549252874
  },
  "responseTimeHistogram": {
    "0.000036525": 1,
    "0.0005411205": 337426,
    "0.001045716": 423099,
    "0.0015503115": 34318,
    "0.002054907": 6046,
    "0.0025595024999999997": 85,
    "0.003064098": 45,
    "0.0035686935": 22,
    "0.004073289": 5,
    "0.0045778845": 1,
    "0.0050824799999999995": 5
  },
  "latencyPercentiles": {
    "p10": 0.000357985,
    "p25": 0.000460934,
    "p50": 0.000576826,
    "p75": 0.000739704,
    "p90": 0.000947265,
    "p95": 0.00104781,
    "p99": 0.001485772
  },
  "rps": {
    "mean": 80047.08047653658,
    "stddev": 16307.684885595507,
    "max": 100878.24297202518,
    "percentiles": {
      "p10": 56385.55881260596,
      "p25": 62395.871256188475,
      "p50": 85143.3720337199,
      "p75": 94786.46223445334,
      "p90": 97880.77121241296,
      "p95": 98940.49634514996,
      "p99": 99841.46902358496
    }
  },
  "details": {
    "DNSDialup": {
      "average": 0.0010127535799999998,
      "fastest": 0.000145007,
      "slowest": 0.001441728
    },
    "DNSLookup": {
      "average": 0.00000824708,
      "fastest": 0.000004118,
      "slowest": 0.000028793
    }
  },
  "statusCodeDistribution": {
    "200": 801053
  },
  "errorDistribution": {}
}