{
  "summary": {
    "successRate": 1,
    "total": 10.00014335,
    "slowest": 0.005508266,
    "fastest": 0.000040819,
    "average": 0.0006747485140551452,
    "requestsPerSec": 73946.839972049,
    "totalData": 9613227,
    "sizePerRequest": 13,
    "sizePerSec": 961308.919636637
  },
  "responseTimeHistogram": {
    "0.000040819": 1,
    "0.0005875637000000001": 327732,
    "0.0011343084000000002": 372692,
    "0.0016810531000000003": 34209,
    "0.0022277978000000004": 4639,
    "0.0027745425000000002": 144,
    "0.0033212872000000005": 56,
    "0.003868031900000001": 3,
    "0.004414776600000001": 1,
    "0.0049615213000000005": 1,
    "0.005508266": 1
  },
  "latencyPercentiles": {
    "p10": 0.000406014,
    "p25": 0.000503505,
    "p50": 0.000605704,
    "p75": 0.000829341,
    "p90": 0.001000058,
    "p95": 0.001147922,
    "p99": 0.001581881
  },
  "rps": {
    "mean": 73944.78545590006,
    "stddev": 15302.090491540639,
    "max": 100249.02177164437,
    "percentiles": {
      "p10": 55221.98387177984,
      "p25": 58454.567338609886,
      "p50": 77129.16821801709,
      "p75": 88878.85981749625,
      "p90": 94832.73348105722,
      "p95": 96431.82250142684,
      "p99": 98311.30806298864
    }
  },
  "details": {
    "DNSDialup": {
      "average": 0.0009737979999999998,
      "fastest": 0.000105516,
      "slowest": 0.002054329
    },
    "DNSLookup": {
      "average": 0.00000899048,
      "fastest": 0.000004538,
      "slowest": 0.000025718
    }
  },
  "statusCodeDistribution": {
    "200": 739479
  },
  "errorDistribution": {}
}