{
  "summary": {
    "successRate": 1,
    "total": 10.000581608,
    "slowest": 0.004644054,
    "fastest": 0.000045986,
    "average": 0.000656862152906422,
    "requestsPerSec": 75966.88170538652,
    "totalData": 9876269,
    "sizePerRequest": 13,
    "sizePerSec": 987569.4621700248
  },
  "responseTimeHistogram": {
    "0.000045986": 1,
    "0.0005057928000000001": 190428,
    "0.0009655996000000001": 483455,
    "0.0014254064000000003": 75173,
    "0.0018852132000000002": 9402,
    "0.00234502": 980,
    "0.0028048268000000006": 131,
    "0.0032646336000000005": 62,
    "0.0037244404000000004": 51,
    "0.0041842472": 20,
    "0.004644054": 10
  },
  "latencyPercentiles": {
    "p10": 0.000405321,
    "p25": 0.000505426,
    "p50": 0.000598901,
    "p75": 0.000760454,
    "p90": 0.000990023,
    "p95": 0.001143139,
    "p99": 0.001509656
  },
  "rps": {
    "mean": 75945.56716455633,
    "stddev": 14320.238384277836,
    "max": 100171.32198125083,
    "percentiles": {
      "p10": 56411.35198231403,
      "p25": 62303.70083982892,
      "p50": 78023.9019563037,
      "p75": 88461.69318482646,
      "p90": 94631.95945055751,
      "p95": 96412.58184192875,
      "p99": 98225.47968943047
    }
  },
  "details": {
    "DNSDialup": {
      "average": 0.0007419810399999998,
      "fastest": 0.000086382,
      "slowest": 0.001478391
    },
    "DNSLookup": {
      "average": 0.000019665880000000006,
      "fastest": 0.000004018,
      "slowest": 0.000615279
    }
  },
  "statusCodeDistribution": {
    "200": 759713
  },
  "errorDistribution": {}
}