{
  "summary": {
    "successRate": 1,
    "total": 10.000167684,
    "slowest": 0.003463488,
    "fastest": 0.00003643,
    "average": 0.0006372920865397087,
    "requestsPerSec": 78293.387145167,
    "totalData": 10178311,
    "sizePerRequest": 13,
    "sizePerSec": 1017814.032887171
  },
  "responseTimeHistogram": {
    "0.00003643": 1,
    "0.00037913579999999996": 75350,
    "0.0007218416": 487553,
    "0.0010645474": 179610,
    "0.0014072531999999999": 28915,
    "0.0017499589999999997": 8914,
    "0.0020926648": 2442,
    "0.0024353706": 89,
    "0.0027780763999999997": 24,
    "0.0031207821999999995": 30,
    "0.0034634879999999994": 19
  },
  "latencyPercentiles": {
    "p10": 0.000382916,
    "p25": 0.000471368,
    "p50": 0.000582612,
    "p75": 0.000764203,
    "p90": 0.000965375,
    "p95": 0.001070484,
    "p99": 0.001510912
  },
  "rps": {
    "mean": 78300.28513794031,
    "stddev": 15758.498528275157,
    "max": 101179.43877061909,
    "percentiles": {
      "p10": 56431.37223456178,
      "p25": 63271.96053434063,
      "p50": 79605.06288199921,
      "p75": 93692.09933364479,
      "p90": 97900.26433071156,
      "p95": 99143.28947590018,
      "p99": 100351.88257427774
    }
  },
  "details": {
    "DNSDialup": {
      "average": 0.00079034718,
      "fastest": 0.00007373,
      "slowest": 0.001819759
    },
    "DNSLookup": {
      "average": 0.0000070202,
      "fastest": 0.000003707,
      "slowest": 0.000025308
    }
  },
  "statusCodeDistribution": {
    "200": 782947
  },
  "errorDistribution": {}
}