{
  "summary": {
    "successRate": 1,
    "total": 10.000470423,
    "slowest": 0.005915355,
    "fastest": 0.000035438,
    "average": 0.0006186390861194462,
    "requestsPerSec": 80670.2050880112,
    "totalData": 10487620,
    "sizePerRequest": 13,
    "sizePerSec": 1048712.6661441454
  },
  "responseTimeHistogram": {
    "0.000035438": 1,
    "0.0006234297": 490539,
    "0.0012114214": 296251,
    "0.0017994131": 18100,
    "0.0023874048": 1757,
    "0.0029753965": 63,
    "0.0035633882": 25,
    "0.004151379899999999": 3,
    "0.004739371599999999": 0,
    "0.0053273632999999996": 0,
    "0.005915355": 1
  },
  "latencyPercentiles": {
    "p10": 0.000353964,
    "p25": 0.000467897,
    "p50": 0.000586141,
    "p75": 0.000705213,
    "p90": 0.000943545,
    "p95": 0.001053366,
    "p99": 0.001452781
  },
  "rps": {
    "mean": 80681.18127330787,
    "stddev": 14855.661612361177,
    "max": 98250.25683404961,
    "percentiles": {
      "p10": 56514.98777475934,
      "p25": 69393.02829373124,
      "p50": 85881.6390861156,
      "p75": 93770.58111640162,
      "p90": 95922.08003125453,
      "p95": 96906.43528020746,
      "p99": 97604.68502487215
    }
  },
  "details": {
    "DNSDialup": {
      "average": 0.0008608326599999999,
      "fastest": 0.000096321,
      "slowest": 0.001837765
    },
    "DNSLookup": {
      "average": 0.00002558762,
      "fastest": 0.000003847,
      "slowest": 0.000943993
    }
  },
  "statusCodeDistribution": {
    "200": 806740
  },
  "errorDistribution": {}
}