{
  "summary": {
    "successRate": 1,
    "total": 10.000406532,
    "slowest": 0.004251428,
    "fastest": 0.000036136,
    "average": 0.0006229213468749747,
    "requestsPerSec": 80105.14346958151,
    "totalData": 10414092,
    "sizePerRequest": 13,
    "sizePerSec": 1041366.8651045596
  },
  "responseTimeHistogram": {
    "0.000036136": 1,
    "0.00045766519999999996": 188615,
    "0.0008791943999999999": 499753,
    "0.0013007236": 96535,
    "0.0017222528": 13521,
    "0.002143782": 2444,
    "0.0025653112": 104,
    "0.0029868404": 69,
    "0.0034083696": 10,
    "0.0038298988": 15,
    "0.004251428": 17
  },
  "latencyPercentiles": {
    "p10": 0.000362609,
    "p25": 0.000465071,
    "p50": 0.000579017,
    "p75": 0.000729827,
    "p90": 0.000938652,
    "p95": 0.0010501,
    "p99": 0.001478955
  },
  "rps": {
    "mean": 80118.8694130506,
    "stddev": 15017.305190178764,
    "max": 98653.73211076495,
    "percentiles": {
      "p10": 56606.424829217984,
      "p25": 66654.97035405104,
      "p50": 86097.08838132159,
      "p75": 93018.87352944125,
      "p90": 95572.15697851864,
      "p95": 96567.07556088039,
      "p99": 97845.55932348568
    }
  },
  "details": {
    "DNSDialup": {
      "average": 0.0007731744399999998,
      "fastest": 0.000080873,
      "slowest": 0.001717495
    },
    "DNSLookup": {
      "average": 0.000009198900000000001,
      "fastest": 0.000003567,
      "slowest": 0.000031049
    }
  },
  "statusCodeDistribution": {
    "200": 801084
  },
  "errorDistribution": {}
}