{
  "summary": {
    "successRate": 1,
    "total": 10.000620328,
    "slowest": 0.006251708,
    "fastest": 0.000037266,
    "average": 0.0006493451795268965,
    "requestsPerSec": 76823.83440244528,
    "totalData": 9987718,
    "sizePerRequest": 13,
    "sizePerSec": 998709.8472317887
  },
  "responseTimeHistogram": {
    "0.000037266": 1,
    "0.0006587101999999999": 521049,
    "0.0012801543999999998": 229570,
    "0.0019015985999999998": 16312,
    "0.0025230428": 1065,
    "0.0031444869999999996": 161,
    "0.0037659311999999998": 78,
    "0.0043873754": 36,
    "0.0050088196": 10,
    "0.005630263799999999": 3,
    "0.006251707999999999": 1
  },
  "latencyPercentiles": {
    "p10": 0.000412959,
    "p25": 0.000512458,
    "p50": 0.00059251,
    "p75": 0.000721767,
    "p90": 0.000982089,
    "p95": 0.001138741,
    "p99": 0.001493977
  },
  "rps": {
    "mean": 76815.41410420743,
    "stddev": 11984.833721283221,
    "max": 98704.92128708657,
    "percentiles": {
      "p10": 58828.61700535883,
      "p25": 71058.09710018845,
      "p50": 78039.3864783515,
      "p75": 85421.83382072534,
      "p90": 91619.22648512799,
      "p95": 94010.28472514605,
      "p99": 96615.622746197
    }
  },
  "details": {
    "DNSDialup": {
      "average": 0.0007421209399999998,
      "fastest": 0.00010715,
      "slowest": 0.001377595
    },
    "DNSLookup": {
      "average": 0.00000657434,
      "fastest": 0.000003446,
      "slowest": 0.000024686
    }
  },
  "statusCodeDistribution": {
    "200": 768286
  },
  "errorDistribution": {}
}