{
  "summary": {
    "successRate": 1,
    "total": 10.000777232,
    "slowest": 0.004657062,
    "fastest": 0.000032874,
    "average": 0.0006477768977388399,
    "requestsPerSec": 77007.61472175946,
    "totalData": 10011768,
    "sizePerRequest": 13,
    "sizePerSec": 1001098.9913828729
  },
  "responseTimeHistogram": {
    "0.000032874": 1,
    "0.0004952928": 225596,
    "0.0009577116000000001": 453530,
    "0.0014201304": 78678,
    "0.0018825492000000001": 10928,
    "0.0023449680000000002": 1302,
    "0.0028073868": 40,
    "0.0032698056000000004": 22,
    "0.0037322244000000003": 12,
    "0.0041946432": 16,
    "0.004657062": 11
  },
  "latencyPercentiles": {
    "p10": 0.000379352,
    "p25": 0.000474748,
    "p50": 0.000593184,
    "p75": 0.000769986,
    "p90": 0.000987393,
    "p95": 0.001115765,
    "p99": 0.001535673
  },
  "rps": {
    "mean": 77012.5275701345,
    "stddev": 12627.023208835599,
    "max": 97846.35960517763,
    "percentiles": {
      "p10": 57745.9355282671,
      "p25": 68330.63945873304,
      "p50": 80061.35101328223,
      "p75": 87414.37706567941,
      "p90": 91348.55175526094,
      "p95": 93390.93475316762,
      "p99": 95988.05195521897
    }
  },
  "details": {
    "DNSDialup": {
      "average": 0.00077524036,
      "fastest": 0.000082816,
      "slowest": 0.001338613
    },
    "DNSLookup": {
      "average": 0.0000075158800000000015,
      "fastest": 0.000003907,
      "slowest": 0.000025739
    }
  },
  "statusCodeDistribution": {
    "200": 770136
  },
  "errorDistribution": {}
}