{
  "summary": {
    "successRate": 1,
    "total": 10.000662618,
    "slowest": 0.005051208,
    "fastest": 0.000047673,
    "average": 0.0006518244945262497,
    "requestsPerSec": 76514.43001614115,
    "totalData": 9947535,
    "sizePerRequest": 13,
    "sizePerSec": 994687.5902098351
  },
  "responseTimeHistogram": {
    "0.000047673": 1,
    "0.0005480265": 309835,
    "0.00104838": 397644,
    "0.0015487335": 50002,
    "0.002049087": 7312,
    "0.0025494404999999998": 323,
    "0.0030497939999999998": 38,
    "0.0035501474999999998": 16,
    "0.004050501": 7,
    "0.0045508545": 8,
    "0.005051208": 9
  },
  "latencyPercentiles": {
    "p10": 0.000367145,
    "p25": 0.000466689,
    "p50": 0.000599254,
    "p75": 0.000787837,
    "p90": 0.001000331,
    "p95": 0.001127347,
    "p99": 0.001550741
  },
  "rps": {
    "mean": 76511.55888773283,
    "stddev": 12242.482574847374,
    "max": 98480.56695182645,
    "percentiles": {
      "p10": 57350.97928548848,
      "p25": 68766.47761262504,
      "p50": 79019.38248305654,
      "p75": 86009.53845781536,
      "p90": 90583.31345144348,
      "p95": 93126.80056855574,
      "p99": 96327.53040819052
    }
  },
  "details": {
    "DNSDialup": {
      "average": 0.0008522648400000002,
      "fastest": 0.000138486,
      "slowest": 0.001329165
    },
    "DNSLookup": {
      "average": 0.000009021820000000002,
      "fastest": 0.000004368,
      "slowest": 0.000033263
    }
  },
  "statusCodeDistribution": {
    "200": 765195
  },
  "errorDistribution": {}
}