{
  "summary": {
    "successRate": 1,
    "total": 10.00022612,
    "slowest": 0.006601155,
    "fastest": 0.000038692,
    "average": 0.0006342630876166492,
    "requestsPerSec": 78671.6210773042,
    "totalData": 10227542,
    "sizePerRequest": 13,
    "sizePerSec": 1022731.0740049545
  },
  "responseTimeHistogram": {
    "0.000038692": 1,
    "0.0006949383": 592920,
    "0.0013511845999999998": 183232,
    "0.0020074309": 10210,
    "0.0026636771999999998": 262,
    "0.0033199234999999995": 101,
    "0.0039761698": 4,
    "0.0046324161": 0,
    "0.0052886624": 1,
    "0.005944908699999999": 2,
    "0.006601154999999999": 1
  },
  "latencyPercentiles": {
    "p10": 0.000414361,
    "p25": 0.000516232,
    "p50": 0.0005844,
    "p75": 0.000690958,
    "p90": 0.000938068,
    "p95": 0.001118571,
    "p99": 0.00142323
  },
  "rps": {
    "mean": 78666.90967774078,
    "stddev": 13311.289409169001,
    "max": 102110.80332298977,
    "percentiles": {
      "p10": 58333.58264352553,
      "p25": 71252.41005238773,
      "p50": 79174.69897328284,
      "p75": 89335.75216801808,
      "p90": 96327.56895023232,
      "p95": 98228.54501451069,
      "p99": 99813.3680233994
    }
  },
  "details": {
    "DNSDialup": {
      "average": 0.0008945768399999998,
      "fastest": 0.000083014,
      "slowest": 0.001973653
    },
    "DNSLookup": {
      "average": 0.00004732558,
      "fastest": 0.000004718,
      "slowest": 0.001828892
    }
  },
  "statusCodeDistribution": {
    "200": 786734
  },
  "errorDistribution": {}
}