{
  "summary": {
    "successRate": 1,
    "total": 10.00032679,
    "slowest": 0.004734245,
    "fastest": 0.000040517,
    "average": 0.0006355361485712522,
    "requestsPerSec": 78517.3341320379,
    "totalData": 10207587,
    "sizePerRequest": 13,
    "sizePerSec": 1020725.3437164926
  },
  "responseTimeHistogram": {
    "0.000040517": 1,
    "0.0005098898": 168839,
    "0.0009792625999999998": 549368,
    "0.0014486354": 59949,
    "0.0019180081999999998": 6212,
    "0.0023873809999999996": 711,
    "0.0028567538": 79,
    "0.0033261265999999998": 20,
    "0.0037954993999999996": 8,
    "0.0042648722": 10,
    "0.004734245": 2
  },
  "latencyPercentiles": {
    "p10": 0.00042419,
    "p25": 0.000529708,
    "p50": 0.000582593,
    "p75": 0.000670058,
    "p90": 0.000946841,
    "p95": 0.001121159,
    "p99": 0.001415945
  },
  "rps": {
    "mean": 78518.47947261608,
    "stddev": 12545.315745733464,
    "max": 101185.80749831264,
    "percentiles": {
      "p10": 58161.42428018269,
      "p25": 72113.95405010869,
      "p50": 79964.00318815089,
      "p75": 86462.22262878872,
      "p90": 95932.22363391996,
      "p95": 97999.11118019173,
      "p99": 99902.37995898123
    }
  },
  "details": {
    "DNSDialup": {
      "average": 0.0010111854,
      "fastest": 0.000192049,
      "slowest": 0.00188771
    },
    "DNSLookup": {
      "average": 0.00003146608,
      "fastest": 0.000003848,
      "slowest": 0.001124352
    }
  },
  "statusCodeDistribution": {
    "200": 785199
  },
  "errorDistribution": {}
}