{
  "summary": {
    "successRate": 1,
    "total": 10.000140231,
    "slowest": 0.003356346,
    "fastest": 0.000035967,
    "average": 0.0006201054177658739,
    "requestsPerSec": 80459.97170177083,
    "totalData": 10459943,
    "sizePerRequest": 13,
    "sizePerSec": 1045979.6321230208
  },
  "responseTimeHistogram": {
    "0.000035967": 1,
    "0.0003680049": 76409,
    "0.0007000428000000001": 507903,
    "0.0010320807000000001": 175090,
    "0.0013641186": 32859,
    "0.0016961565": 9682,
    "0.0020281944000000002": 2529,
    "0.0023602323": 53,
    "0.0026922702": 30,
    "0.0030243081000000003": 45,
    "0.003356346": 10
  },
  "latencyPercentiles": {
    "p10": 0.000372724,
    "p25": 0.000463208,
    "p50": 0.000572132,
    "p75": 0.000726082,
    "p90": 0.000931675,
    "p95": 0.001052771,
    "p99": 0.00146635
  },
  "rps": {
    "mean": 80471.61721333634,
    "stddev": 14584.449702009044,
    "max": 99847.00797136023,
    "percentiles": {
      "p10": 58320.94306069327,
      "p25": 66995.21064477696,
      "p50": 84742.54923397025,
      "p75": 93508.14455938597,
      "p90": 96412.55291438971,
      "p95": 97470.92100775728,
      "p99": 98961.8907664928
    }
  },
  "details": {
    "DNSDialup": {
      "average": 0.0009423549200000001,
      "fastest": 0.000121337,
      "slowest": 0.001919338
    },
    "DNSLookup": {
      "average": 0.000008702100000000001,
      "fastest": 0.000004348,
      "slowest": 0.000029405
    }
  },
  "statusCodeDistribution": {
    "200": 804611
  },
  "errorDistribution": {}
}