{
  "summary": {
    "successRate": 1,
    "total": 10.000959816,
    "slowest": 0.00612122,
    "fastest": 0.000042156,
    "average": 0.0006498832478021054,
    "requestsPerSec": 76748.23358174365,
    "totalData": 9978228,
    "sizePerRequest": 13,
    "sizePerSec": 997727.0365626675
  },
  "responseTimeHistogram": {
    "0.000042156": 1,
    "0.0006500624": 508917,
    "0.0012579688": 239454,
    "0.0018658752": 18192,
    "0.0024737815999999998": 835,
    "0.003081688": 96,
    "0.0036895943999999997": 30,
    "0.0042975007999999995": 17,
    "0.0049054072": 11,
    "0.0055133136": 1,
    "0.00612122": 2
  },
  "latencyPercentiles": {
    "p10": 0.000410785,
    "p25": 0.000509695,
    "p50": 0.000591885,
    "p75": 0.000729743,
    "p90": 0.000988476,
    "p95": 0.001145522,
    "p99": 0.001482481
  },
  "rps": {
    "mean": 76746.7763731552,
    "stddev": 11821.695653158646,
    "max": 98510.41772849411,
    "percentiles": {
      "p10": 58733.07259317622,
      "p25": 70322.69200073247,
      "p50": 78032.25687217379,
      "p75": 85259.1366198436,
      "p90": 91328.73201909321,
      "p95": 93668.04046459294,
      "p99": 96320.07577314806
    }
  },
  "details": {
    "DNSDialup": {
      "average": 0.00077531326,
      "fastest": 0.000123123,
      "slowest": 0.001364344
    },
    "DNSLookup": {
      "average": 0.000006832300000000001,
      "fastest": 0.000003677,
      "slowest": 0.0000268
    }
  },
  "statusCodeDistribution": {
    "200": 767556
  },
  "errorDistribution": {}
}