{
  "summary": {
    "successRate": 1,
    "total": 10.00081269,
    "slowest": 0.006087085,
    "fastest": 0.000041819,
    "average": 0.00067037559209045,
    "requestsPerSec": 74407.752956325,
    "totalData": 9673794,
    "sizePerRequest": 13,
    "sizePerSec": 967300.7884322249
  },
  "responseTimeHistogram": {
    "0.000041819": 1,
    "0.0006463456": 412573,
    "0.0012508722": 308011,
    "0.0018553988": 21560,
    "0.0024599253999999997": 1917,
    "0.0030644519999999996": 39,
    "0.0036689785999999996": 15,
    "0.0042735051999999996": 21,
    "0.0048780318": 0,
    "0.0054825584": 0,
    "0.006087085": 1
  },
  "latencyPercentiles": {
    "p10": 0.000376423,
    "p25": 0.00048282,
    "p50": 0.000615282,
    "p75": 0.000836398,
    "p90": 0.001002541,
    "p95": 0.00111619,
    "p99": 0.001606021
  },
  "rps": {
    "mean": 74338.30669026174,
    "stddev": 16225.733215171458,
    "max": 97567.26214103709,
    "percentiles": {
      "p10": 53659.96034178009,
      "p25": 57267.30626505392,
      "p50": 76843.70870150853,
      "p75": 90137.62344401816,
      "p90": 93904.93939981444,
      "p95": 95433.79310613981,
      "p99": 96548.41903214397
    }
  },
  "details": {
    "DNSDialup": {
      "average": 0.0010972583600000001,
      "fastest": 0.000110739,
      "slowest": 0.002188297
    },
    "DNSLookup": {
      "average": 0.00003709688,
      "fastest": 0.00000527,
      "slowest": 0.001354439
    }
  },
  "statusCodeDistribution": {
    "200": 744138
  },
  "errorDistribution": {}
}