{
  "summary": {
    "successRate": 1,
    "total": 10.000980105,
    "slowest": 0.005305425,
    "fastest": 0.000036809,
    "average": 0.000684400817639476,
    "requestsPerSec": 72872.65771438109,
    "totalData": 9474374,
    "sizePerRequest": 13,
    "sizePerSec": 947344.5502869542
  },
  "responseTimeHistogram": {
    "0.000036809": 1,
    "0.0005636705999999999": 252311,
    "0.0010905322": 418036,
    "0.0016173938": 51914,
    "0.0021442554": 6194,
    "0.002671117": 209,
    "0.0031979786": 81,
    "0.0037248401999999997": 45,
    "0.0042517017999999995": 5,
    "0.0047785634": 1,
    "0.005305425": 1
  },
  "latencyPercentiles": {
    "p10": 0.000399235,
    "p25": 0.000510544,
    "p50": 0.000621304,
    "p75": 0.000814338,
    "p90": 0.001046416,
    "p95": 0.001191444,
    "p99": 0.001591587
  },
  "rps": {
    "mean": 72869.39086968747,
    "stddev": 12208.396553799317,
    "max": 97278.39665986814,
    "percentiles": {
      "p10": 55444.32774002832,
      "p25": 62339.07659264554,
      "p50": 75410.85916372217,
      "p75": 82330.19048084822,
      "p90": 87633.13408800232,
      "p95": 90548.86232967197,
      "p99": 94215.95157159689
    }
  },
  "details": {
    "DNSDialup": {
      "average": 0.0007466936399999998,
      "fastest": 0.000078588,
      "slowest": 0.001838677
    },
    "DNSLookup": {
      "average": 0.000008572140000000002,
      "fastest": 0.000004157,
      "slowest": 0.00002666
    }
  },
  "statusCodeDistribution": {
    "200": 728798
  },
  "errorDistribution": {}
}