{
  "summary": {
    "successRate": 1,
    "total": 10.000646577,
    "slowest": 0.00477368,
    "fastest": 0.000037156,
    "average": 0.000650631880276994,
    "requestsPerSec": 76656.1435900646,
    "totalData": 9965943,
    "sizePerRequest": 13,
    "sizePerSec": 996529.8666708398
  },
  "responseTimeHistogram": {
    "0.000037156": 1,
    "0.0005108084": 246428,
    "0.0009844608": 438454,
    "0.0014581132": 71010,
    "0.0019317656": 9622,
    "0.002405418": 1002,
    "0.0028790704": 43,
    "0.0033527228": 31,
    "0.0038263752": 2,
    "0.0043000276": 3,
    "0.00477368": 15
  },
  "latencyPercentiles": {
    "p10": 0.000385794,
    "p25": 0.000478209,
    "p50": 0.000593834,
    "p75": 0.000771499,
    "p90": 0.00099577,
    "p95": 0.00112051,
    "p99": 0.001550836
  },
  "rps": {
    "mean": 76674.60009759096,
    "stddev": 12497.985992886248,
    "max": 97197.9428854814,
    "percentiles": {
      "p10": 56563.64427926119,
      "p25": 67703.67471769234,
      "p50": 79944.12326543486,
      "p75": 86681.53264961006,
      "p90": 90415.26209624577,
      "p95": 92440.0727715471,
      "p99": 94842.22869803171
    }
  },
  "details": {
    "DNSDialup": {
      "average": 0.0010159285400000004,
      "fastest": 0.000090278,
      "slowest": 0.00184643
    },
    "DNSLookup": {
      "average": 0.000008278479999999999,
      "fastest": 0.000003818,
      "slowest": 0.000029045
    }
  },
  "statusCodeDistribution": {
    "200": 766611
  },
  "errorDistribution": {}
}