{
  "summary": {
    "successRate": 1,
    "total": 10.00355815,
    "slowest": 0.005054033,
    "fastest": 0.000038631,
    "average": 0.0006595308040743912,
    "requestsPerSec": 75621.19284526777,
    "totalData": 9834253,
    "sizePerRequest": 13,
    "sizePerSec": 983075.5069884809
  },
  "responseTimeHistogram": {
    "0.000038631": 1,
    "0.0005401712000000001": 251034,
    "0.0010417114": 441284,
    "0.0015432516": 57485,
    "0.0020447918": 6248,
    "0.002546332": 304,
    "0.0030478722": 71,
    "0.0035494124": 13,
    "0.0040509526": 15,
    "0.0045524928": 23,
    "0.005054033": 3
  },
  "latencyPercentiles": {
    "p10": 0.000398015,
    "p25": 0.00049724,
    "p50": 0.000600022,
    "p75": 0.000770592,
    "p90": 0.001005763,
    "p95": 0.001157756,
    "p99": 0.001515364
  },
  "rps": {
    "mean": 75617.71231307162,
    "stddev": 12877.315326241282,
    "max": 99822.759589192,
    "percentiles": {
      "p10": 57424.53083757667,
      "p25": 64025.373255423525,
      "p50": 77588.00807756186,
      "p75": 85937.67507675855,
      "p90": 91372.2297476167,
      "p95": 94002.30305642541,
      "p99": 97031.36053572364
    }
  },
  "details": {
    "DNSDialup": {
      "average": 0.0007071919199999999,
      "fastest": 0.000104313,
      "slowest": 0.001057287
    },
    "DNSLookup": {
      "average": 0.00000788122,
      "fastest": 0.000003437,
      "slowest": 0.00003214
    }
  },
  "statusCodeDistribution": {
    "200": 756481
  },
  "errorDistribution": {}
}