{
  "summary": {
    "successRate": 1,
    "total": 10.000416672,
    "slowest": 0.0052735,
    "fastest": 0.000034584,
    "average": 0.0006259785895942703,
    "requestsPerSec": 79710.47868754243,
    "totalData": 10362794,
    "sizePerRequest": 13,
    "sizePerSec": 1036236.2229380516
  },
  "responseTimeHistogram": {
    "0.000034584": 1,
    "0.0005584756000000001": 354652,
    "0.0010823672000000002": 406624,
    "0.0016062588000000002": 31802,
    "0.0021301504": 3866,
    "0.002654042": 83,
    "0.0031779336": 33,
    "0.0037018252000000002": 2,
    "0.0042257168": 15,
    "0.0047496084": 57,
    "0.0052735": 3
  },
  "latencyPercentiles": {
    "p10": 0.00038022,
    "p25": 0.000470529,
    "p50": 0.000579567,
    "p75": 0.00073377,
    "p90": 0.00093081,
    "p95": 0.001057992,
    "p99": 0.001466185
  },
  "rps": {
    "mean": 79711.96446789423,
    "stddev": 15160.37882498764,
    "max": 100935.79439663145,
    "percentiles": {
      "p10": 57916.210747388126,
      "p25": 64738.69618270207,
      "p50": 83250.75045892832,
      "p75": 93501.15941437501,
      "p90": 97152.4486686943,
      "p95": 98435.5352282221,
      "p99": 99389.6031239468
    }
  },
  "details": {
    "DNSDialup": {
      "average": 0.0008762744400000001,
      "fastest": 0.000096092,
      "slowest": 0.001518009
    },
    "DNSLookup": {
      "average": 0.000019489339999999996,
      "fastest": 0.000003957,
      "slowest": 0.000575907
    }
  },
  "statusCodeDistribution": {
    "200": 797138
  },
  "errorDistribution": {}
}