{
  "summary": {
    "successRate": 1,
    "total": 10.000385331,
    "slowest": 0.005550421,
    "fastest": 0.000036548,
    "average": 0.0006357978745044823,
    "requestsPerSec": 78476.27606580673,
    "totalData": 10202309,
    "sizePerRequest": 13,
    "sizePerSec": 1020191.5888554874
  },
  "responseTimeHistogram": {
    "0.000036548": 1,
    "0.0005879352999999999": 408864,
    "0.0011393226": 345195,
    "0.0016907098999999997": 27383,
    "0.0022420972": 3252,
    "0.0027934845": 78,
    "0.0033448717999999995": 10,
    "0.0038962590999999996": 2,
    "0.0044476464": 7,
    "0.0049990337": 0,
    "0.005550421": 1
  },
  "latencyPercentiles": {
    "p10": 0.000379676,
    "p25": 0.000467367,
    "p50": 0.000579964,
    "p75": 0.000766121,
    "p90": 0.000961809,
    "p95": 0.001077714,
    "p99": 0.00150612
  },
  "rps": {
    "mean": 78475.62519114057,
    "stddev": 15786.007407167892,
    "max": 101185.78530878504,
    "percentiles": {
      "p10": 56404.83389426512,
      "p25": 61831.831648256964,
      "p50": 80236.05808450328,
      "p75": 93342.03191697825,
      "p90": 97203.96592181176,
      "p95": 98528.33674965061,
      "p99": 100329.78530728995
    }
  },
  "details": {
    "DNSDialup": {
      "average": 0.0009572695399999998,
      "fastest": 0.000121057,
      "slowest": 0.002180435
    },
    "DNSLookup": {
      "average": 0.00001027768,
      "fastest": 0.000004499,
      "slowest": 0.000029826
    }
  },
  "statusCodeDistribution": {
    "200": 784793
  },
  "errorDistribution": {}
}