{
  "summary": {
    "successRate": 1,
    "total": 10.000414334,
    "slowest": 0.004672663,
    "fastest": 0.000038139,
    "average": 0.0006166223619238798,
    "requestsPerSec": 80920.84717417069,
    "totalData": 10520146,
    "sizePerRequest": 13,
    "sizePerSec": 1051971.013264219
  },
  "responseTimeHistogram": {
    "0.000038139": 1,
    "0.0005015913999999999": 265897,
    "0.0009650437999999998": 478134,
    "0.0014284961999999997": 56404,
    "0.0018919485999999996": 8304,
    "0.0023554009999999996": 420,
    "0.0028188533999999993": 37,
    "0.0032823057999999995": 14,
    "0.0037457581999999993": 17,
    "0.0042092106": 13,
    "0.004672663": 1
  },
  "latencyPercentiles": {
    "p10": 0.00035477,
    "p25": 0.000461305,
    "p50": 0.000579791,
    "p75": 0.000719758,
    "p90": 0.000932145,
    "p95": 0.001038822,
    "p99": 0.001449901
  },
  "rps": {
    "mean": 80920.2320185045,
    "stddev": 15790.388490781952,
    "max": 101382.96167753664,
    "percentiles": {
      "p10": 57477.95735356238,
      "p25": 64946.014251096916,
      "p50": 85349.14220572717,
      "p75": 95343.77496382825,
      "p90": 98654.92119463648,
      "p95": 99547.3447171501,
      "p99": 100750.87919399462
    }
  },
  "details": {
    "DNSDialup": {
      "average": 0.0009314861800000001,
      "fastest": 0.000118442,
      "slowest": 0.00182438
    },
    "DNSLookup": {
      "average": 0.000026106740000000005,
      "fastest": 0.000003326,
      "slowest": 0.000893841
    }
  },
  "statusCodeDistribution": {
    "200": 809242
  },
  "errorDistribution": {}
}