{
  "summary": {
    "successRate": 1,
    "total": 10.000467616,
    "slowest": 0.005408676,
    "fastest": 0.00003807,
    "average": 0.0006710261442428356,
    "requestsPerSec": 74358.62287182071,
    "totalData": 9667073,
    "sizePerRequest": 13,
    "sizePerSec": 966662.0973336693
  },
  "responseTimeHistogram": {
    "0.00003807": 1,
    "0.0005751306": 300884,
    "0.0011121912": 401180,
    "0.0016492518": 34809,
    "0.0021863124": 6491,
    "0.002723373": 158,
    "0.0032604336": 61,
    "0.0037974942": 25,
    "0.0043345548": 10,
    "0.0048716154": 1,
    "0.005408676": 1
  },
  "latencyPercentiles": {
    "p10": 0.000362818,
    "p25": 0.000483977,
    "p50": 0.000620803,
    "p75": 0.000817931,
    "p90": 0.00102555,
    "p95": 0.001135757,
    "p99": 0.001621137
  },
  "rps": {
    "mean": 74358.47578910801,
    "stddev": 16044.07142361399,
    "max": 96615.20357460897,
    "percentiles": {
      "p10": 52515.47101767639,
      "p25": 57425.46456295715,
      "p50": 77173.75495760987,
      "p75": 89757.61541332757,
      "p90": 93144.31806653178,
      "p95": 94695.1382714354,
      "p99": 95541.28226702464
    }
  },
  "details": {
    "DNSDialup": {
      "average": 0.00119299522,
      "fastest": 0.000156373,
      "slowest": 0.00187991
    },
    "DNSLookup": {
      "average": 0.00001795658,
      "fastest": 0.000004038,
      "slowest": 0.000137307
    }
  },
  "statusCodeDistribution": {
    "200": 743621
  },
  "errorDistribution": {}
}