{
  "summary": {
    "successRate": 1,
    "total": 10.001764732,
    "slowest": 0.005685147,
    "fastest": 0.00003721,
    "average": 0.0006395917005510882,
    "requestsPerSec": 77996.5357017558,
    "totalData": 10141339,
    "sizePerRequest": 13,
    "sizePerSec": 1013954.9641228254
  },
  "responseTimeHistogram": {
    "0.00003721": 1,
    "0.0006020037": 436491,
    "0.0011667974": 314022,
    "0.0017315911": 27905,
    "0.0022963848": 1579,
    "0.0028611785": 52,
    "0.0034259722000000003": 34,
    "0.0039907659": 18,
    "0.0045555596": 0,
    "0.0051203533": 0,
    "0.005685147": 1
  },
  "latencyPercentiles": {
    "p10": 0.000415264,
    "p25": 0.000517535,
    "p50": 0.000589606,
    "p75": 0.000697311,
    "p90": 0.000956341,
    "p95": 0.001132059,
    "p99": 0.001415136
  },
  "rps": {
    "mean": 78014.47256794856,
    "stddev": 10859.016010730693,
    "max": 101065.22750005,
    "percentiles": {
      "p10": 61207.60395108374,
      "p25": 74617.80085892224,
      "p50": 78401.84244329833,
      "p75": 85750.74981817996,
      "p90": 91535.15865443964,
      "p95": 94264.90138460438,
      "p99": 96881.32580285361
    }
  },
  "details": {
    "DNSDialup": {
      "average": 0.0006453297,
      "fastest": 0.000074489,
      "slowest": 0.00115948
    },
    "DNSLookup": {
      "average": 0.000007774680000000002,
      "fastest": 0.000003547,
      "slowest": 0.000024977
    }
  },
  "statusCodeDistribution": {
    "200": 780103
  },
  "errorDistribution": {}
}