{
  "summary": {
    "successRate": 1,
    "total": 10.00272484,
    "slowest": 0.004160577,
    "fastest": 0.000038815,
    "average": 0.0006634938390123351,
    "requestsPerSec": 75171.6169371305,
    "totalData": 9774973,
    "sizePerRequest": 13,
    "sizePerSec": 977231.0201826964
  },
  "responseTimeHistogram": {
    "0.000038815": 1,
    "0.0004509912": 115154,
    "0.0008631674": 498060,
    "0.0012753436": 118663,
    "0.0016875198": 16333,
    "0.0020996960000000003": 3350,
    "0.0025118722": 267,
    "0.0029240484000000004": 35,
    "0.0033362246000000003": 14,
    "0.0037484008": 25,
    "0.004160577": 19
  },
  "latencyPercentiles": {
    "p10": 0.000407756,
    "p25": 0.000509875,
    "p50": 0.000603169,
    "p75": 0.000764924,
    "p90": 0.001008618,
    "p95": 0.001158862,
    "p99": 0.001527733
  },
  "rps": {
    "mean": 75170.25045808703,
    "stddev": 11902.667596730169,
    "max": 98426.48063626411,
    "percentiles": {
      "p10": 57333.07108575322,
      "p25": 66932.22805846826,
      "p50": 76829.58846686382,
      "p75": 83361.7877570872,
      "p90": 90698.17933437876,
      "p95": 93332.82515460791,
      "p99": 96038.63680473252
    }
  },
  "details": {
    "DNSDialup": {
      "average": 0.0008966353999999999,
      "fastest": 0.000121457,
      "slowest": 0.001503194
    },
    "DNSLookup": {
      "average": 0.000007313339999999998,
      "fastest": 0.000004028,
      "slowest": 0.000029825
    }
  },
  "statusCodeDistribution": {
    "200": 751921
  },
  "errorDistribution": {}
}