{
  "summary": {
    "successRate": 1,
    "total": 10.000600605,
    "slowest": 0.005266616,
    "fastest": 0.000038435,
    "average": 0.000631461351312509,
    "requestsPerSec": 78992.15569163307,
    "totalData": 10269597,
    "sizePerRequest": 13,
    "sizePerSec": 1026898.0239912301
  },
  "responseTimeHistogram": {
    "0.000038435": 1,
    "0.0005612531": 361710,
    "0.0010840712": 388064,
    "0.0016068893000000001": 35530,
    "0.0021297074": 4430,
    "0.0026525255": 151,
    "0.0031753436": 47,
    "0.0036981617": 22,
    "0.0042209798": 3,
    "0.0047437979": 0,
    "0.005266616": 11
  },
  "latencyPercentiles": {
    "p10": 0.000377276,
    "p25": 0.000469017,
    "p50": 0.000580421,
    "p75": 0.000738056,
    "p90": 0.000960706,
    "p95": 0.001087803,
    "p99": 0.001492279
  },
  "rps": {
    "mean": 78958.37437246834,
    "stddev": 12044.753238633371,
    "max": 98060.22859240505,
    "percentiles": {
      "p10": 60749.12781966563,
      "p25": 72049.41869628511,
      "p50": 81328.92056415266,
      "p75": 87954.83104167125,
      "p90": 92784.64379630034,
      "p95": 94308.55378583452,
      "p99": 96175.30526401884
    }
  },
  "details": {
    "DNSDialup": {
      "average": 0.00069449042,
      "fastest": 0.000094567,
      "slowest": 0.001022972
    },
    "DNSLookup": {
      "average": 0.000007587100000000002,
      "fastest": 0.000003326,
      "slowest": 0.000039043
    }
  },
  "statusCodeDistribution": {
    "200": 789969
  },
  "errorDistribution": {}
}