{
  "summary": {
    "successRate": 1,
    "total": 10.000619624,
    "slowest": 0.003969395,
    "fastest": 0.000032169,
    "average": 0.0006565267107275667,
    "requestsPerSec": 76005.99048641507,
    "totalData": 9881391,
    "sizePerRequest": 13,
    "sizePerSec": 988077.8763233961
  },
  "responseTimeHistogram": {
    "0.000032169": 1,
    "0.00042589159999999995": 73663,
    "0.0008196141999999998": 531922,
    "0.0012133367999999998": 133224,
    "0.0016070593999999998": 16948,
    "0.0020007819999999996": 3998,
    "0.0023945045999999993": 225,
    "0.0027882271999999995": 58,
    "0.0031819497999999993": 31,
    "0.003575672399999999": 27,
    "0.003969395": 10
  },
  "latencyPercentiles": {
    "p10": 0.000428706,
    "p25": 0.000533643,
    "p50": 0.00058971,
    "p75": 0.000742779,
    "p90": 0.000985588,
    "p95": 0.001138388,
    "p99": 0.001476732
  },
  "rps": {
    "mean": 75979.97703792447,
    "stddev": 13385.263646867259,
    "max": 100538.4559594006,
    "percentiles": {
      "p10": 56417.94654879754,
      "p25": 63298.57757613548,
      "p50": 79301.80808122763,
      "p75": 84369.2249490705,
      "p90": 93780.90050549453,
      "p95": 96017.67685431095,
      "p99": 98319.62997200919
    }
  },
  "details": {
    "DNSDialup": {
      "average": 0.00094916134,
      "fastest": 0.000118253,
      "slowest": 0.001315043
    },
    "DNSLookup": {
      "average": 0.0000075896,
      "fastest": 0.000003596,
      "slowest": 0.000027632
    }
  },
  "statusCodeDistribution": {
    "200": 760107
  },
  "errorDistribution": {}
}