{
  "summary": {
    "successRate": 1,
    "total": 10.00041875,
    "slowest": 0.004380049,
    "fastest": 0.000034955,
    "average": 0.000642087290643615,
    "requestsPerSec": 77703.94614725509,
    "totalData": 10101936,
    "sizePerRequest": 13,
    "sizePerSec": 1010151.2999143162
  },
  "responseTimeHistogram": {
    "0.000034955": 1,
    "0.0004694644": 190757,
    "0.0009039738": 471537,
    "0.0013384832": 98875,
    "0.0017729926": 13681,
    "0.002207502": 2081,
    "0.0026420114000000002": 69,
    "0.0030765208": 49,
    "0.0035110302": 20,
    "0.0039455396": 1,
    "0.004380049": 1
  },
  "latencyPercentiles": {
    "p10": 0.000379518,
    "p25": 0.000471514,
    "p50": 0.000587674,
    "p75": 0.000775088,
    "p90": 0.000969201,
    "p95": 0.001083965,
    "p99": 0.001527791
  },
  "rps": {
    "mean": 77717.74819902814,
    "stddev": 15929.245677827479,
    "max": 99732.78283263354,
    "percentiles": {
      "p10": 55801.71869293045,
      "p25": 60545.45439964569,
      "p50": 81929.03565023727,
      "p75": 92517.45090392251,
      "p90": 95885.5703621939,
      "p95": 97051.06827212854,
      "p99": 98802.09460440552
    }
  },
  "details": {
    "DNSDialup": {
      "average": 0.0009057671399999998,
      "fastest": 0.000092562,
      "slowest": 0.002027149
    },
    "DNSLookup": {
      "average": 0.000008779700000000002,
      "fastest": 0.000003867,
      "slowest": 0.000030336
    }
  },
  "statusCodeDistribution": {
    "200": 777072
  },
  "errorDistribution": {}
}