{
  "summary": {
    "successRate": 1,
    "total": 10.00046019,
    "slowest": 0.004158958,
    "fastest": 0.000036372,
    "average": 0.0006367016103020734,
    "requestsPerSec": 78367.09362471849,
    "totalData": 10188191,
    "sizePerRequest": 13,
    "sizePerSec": 1018772.2171213403
  },
  "responseTimeHistogram": {
    "0.000036372": 1,
    "0.00044863060000000003": 160087,
    "0.0008608892000000001": 486562,
    "0.0012731478000000001": 118973,
    "0.0016854064": 14526,
    "0.002097665": 3367,
    "0.0025099236": 121,
    "0.0029221822": 54,
    "0.0033344408": 15,
    "0.0037466994": 0,
    "0.004158958": 1
  },
  "latencyPercentiles": {
    "p10": 0.000375636,
    "p25": 0.000471566,
    "p50": 0.000586916,
    "p75": 0.000767078,
    "p90": 0.000951995,
    "p95": 0.001072494,
    "p99": 0.001501951
  },
  "rps": {
    "mean": 78395.41420366638,
    "stddev": 15844.70175292286,
    "max": 110658.00528702019,
    "percentiles": {
      "p10": 56491.66903133667,
      "p25": 62228.44573483908,
      "p50": 80266.25118179774,
      "p75": 93571.23578180025,
      "p90": 97269.00422088928,
      "p95": 98278.04259362361,
      "p99": 99482.65999130638
    }
  },
  "details": {
    "DNSDialup": {
      "average": 0.0007486847200000002,
      "fastest": 0.000076314,
      "slowest": 0.001803186
    },
    "DNSLookup": {
      "average": 0.000007890080000000003,
      "fastest": 0.000003236,
      "slowest": 0.000040527
    }
  },
  "statusCodeDistribution": {
    "200": 783707
  },
  "errorDistribution": {}
}