{
  "summary": {
    "successRate": 1,
    "total": 10.000319843,
    "slowest": 0.006898476,
    "fastest": 0.000035165,
    "average": 0.0006624275015460736,
    "requestsPerSec": 75316.69104835851,
    "totalData": 9791483,
    "sizePerRequest": 13,
    "sizePerSec": 979116.9836286606
  },
  "responseTimeHistogram": {
    "0.000035165": 1,
    "0.0007214960999999999": 525443,
    "0.0014078271999999998": 215310,
    "0.0020941583": 12121,
    "0.0027804894": 238,
    "0.0034668204999999995": 61,
    "0.0041531516": 10,
    "0.0048394827": 6,
    "0.0055258137999999995": 0,
    "0.006212144899999999": 0,
    "0.006898475999999999": 1
  },
  "latencyPercentiles": {
    "p10": 0.000402478,
    "p25": 0.000502557,
    "p50": 0.000600257,
    "p75": 0.000788509,
    "p90": 0.000990834,
    "p95": 0.001132638,
    "p99": 0.001544656
  },
  "rps": {
    "mean": 75316.70326118206,
    "stddev": 14805.427089248866,
    "max": 99028.8081594059,
    "percentiles": {
      "p10": 55119.51782126105,
      "p25": 59854.299820799366,
      "p50": 77696.46015528824,
      "p75": 89009.83558683375,
      "p90": 94518.23256706168,
      "p95": 95942.1377869108,
      "p99": 97598.22025830006
    }
  },
  "details": {
    "DNSDialup": {
      "average": 0.0009918179199999997,
      "fastest": 0.00009104,
      "slowest": 0.002092594
    },
    "DNSLookup": {
      "average": 0.00006481892,
      "fastest": 0.000003747,
      "slowest": 0.001945241
    }
  },
  "statusCodeDistribution": {
    "200": 753191
  },
  "errorDistribution": {}
}