{
  "summary": {
    "successRate": 1,
    "total": 10.000593785,
    "slowest": 0.004947344,
    "fastest": 0.000037899,
    "average": 0.0006472945910103469,
    "requestsPerSec": 77075.1233947855,
    "totalData": 10020361,
    "sizePerRequest": 13,
    "sizePerSec": 1001976.6041322115
  },
  "responseTimeHistogram": {
    "0.000037899": 1,
    "0.0005288435": 287492,
    "0.0010197880000000002": 428177,
    "0.0015107325000000003": 45762,
    "0.0020016770000000003": 9011,
    "0.0024926215": 247,
    "0.0029835660000000004": 75,
    "0.0034745105000000007": 9,
    "0.0039654550000000005": 16,
    "0.0044563995": 6,
    "0.004947344": 1
  },
  "latencyPercentiles": {
    "p10": 0.000375194,
    "p25": 0.000471122,
    "p50": 0.000590472,
    "p75": 0.000794802,
    "p90": 0.000970763,
    "p95": 0.00108338,
    "p99": 0.00155956
  },
  "rps": {
    "mean": 77038.52036231307,
    "stddev": 16616.470516339334,
    "max": 100622.33663688287,
    "percentiles": {
      "p10": 55141.86370292321,
      "p25": 59226.12464358111,
      "p50": 80860.24087945708,
      "p75": 92850.56641847624,
      "p90": 96363.6289041642,
      "p95": 97640.35475862399,
      "p99": 99252.4350614464
    }
  },
  "details": {
    "DNSDialup": {
      "average": 0.0009671581999999999,
      "fastest": 0.000099808,
      "slowest": 0.001573083
    },
    "DNSLookup": {
      "average": 0.000023972140000000007,
      "fastest": 0.000003947,
      "slowest": 0.000794128
    }
  },
  "statusCodeDistribution": {
    "200": 770797
  },
  "errorDistribution": {}
}