{
  "summary": {
    "successRate": 1,
    "total": 10.000278389,
    "slowest": 0.003603625,
    "fastest": 0.000037077,
    "average": 0.0006498993404468268,
    "requestsPerSec": 76762.56301468449,
    "totalData": 9979411,
    "sizePerRequest": 13,
    "sizePerSec": 997913.3191908983
  },
  "responseTimeHistogram": {
    "0.000037077": 1,
    "0.00039373180000000003": 95902,
    "0.0007503866": 447945,
    "0.0011070414000000002": 187507,
    "0.0014636962": 26181,
    "0.001820351": 8578,
    "0.0021770058000000004": 1389,
    "0.0025336606000000003": 60,
    "0.0028903154": 48,
    "0.0032469702": 22,
    "0.003603625": 14
  },
  "latencyPercentiles": {
    "p10": 0.000371787,
    "p25": 0.000473233,
    "p50": 0.00059845,
    "p75": 0.000798035,
    "p90": 0.000970794,
    "p95": 0.001093651,
    "p99": 0.001533519
  },
  "rps": {
    "mean": 76748.82622734617,
    "stddev": 15624.500659592064,
    "max": 100931.82967426318,
    "percentiles": {
      "p10": 56170.95067127491,
      "p25": 60329.10734639693,
      "p50": 80463.9216630534,
      "p75": 91488.08472797739,
      "p90": 94996.49744210196,
      "p95": 96304.8656552141,
      "p99": 98214.15762599885
    }
  },
  "details": {
    "DNSDialup": {
      "average": 0.0007567845400000003,
      "fastest": 0.000078327,
      "slowest": 0.001744536
    },
    "DNSLookup": {
      "average": 0.00000711698,
      "fastest": 0.000003387,
      "slowest": 0.000033803
    }
  },
  "statusCodeDistribution": {
    "200": 767647
  },
  "errorDistribution": {}
}