{
  "summary": {
    "successRate": 1,
    "total": 10.00071535,
    "slowest": 0.006127283,
    "fastest": 0.000047368,
    "average": 0.0006710087464322427,
    "requestsPerSec": 74333.38256147846,
    "totalData": 9664031,
    "sizePerRequest": 13,
    "sizePerSec": 966333.97329922
  },
  "responseTimeHistogram": {
    "0.000047368": 1,
    "0.0006553595": 433618,
    "0.0012633509999999998": 286166,
    "0.0018713425": 21933,
    "0.0024793339999999997": 1533,
    "0.0030873255": 78,
    "0.0036953169999999996": 34,
    "0.004303308499999999": 21,
    "0.0049112999999999995": 2,
    "0.0055192915": 0,
    "0.006127283": 1
  },
  "latencyPercentiles": {
    "p10": 0.0003906,
    "p25": 0.000493458,
    "p50": 0.000613402,
    "p75": 0.000804227,
    "p90": 0.001018945,
    "p95": 0.001159435,
    "p99": 0.001559228
  },
  "rps": {
    "mean": 74330.45806645496,
    "stddev": 12297.616761268464,
    "max": 97030.97228635357,
    "percentiles": {
      "p10": 56216.58951556178,
      "p25": 63696.0153735741,
      "p50": 76509.62491081374,
      "p75": 84469.56068322275,
      "p90": 89006.16655546674,
      "p95": 90801.89775966488,
      "p99": 94624.55507204105
    }
  },
  "details": {
    "DNSDialup": {
      "average": 0.0008034905999999999,
      "fastest": 0.00009104,
      "slowest": 0.001283387
    },
    "DNSLookup": {
      "average": 0.000018118820000000005,
      "fastest": 0.000003457,
      "slowest": 0.000562882
    }
  },
  "statusCodeDistribution": {
    "200": 743387
  },
  "errorDistribution": {}
}