{
  "summary": {
    "successRate": 1,
    "total": 10.000282729,
    "slowest": 0.00533978,
    "fastest": 0.000038471,
    "average": 0.0006535489018749876,
    "requestsPerSec": 76340.24163998214,
    "totalData": 9924512,
    "sizePerRequest": 13,
    "sizePerSec": 992423.1413197678
  },
  "responseTimeHistogram": {
    "0.000038471": 1,
    "0.0005686018999999999": 326178,
    "0.0010987327999999999": 398633,
    "0.0016288636999999997": 32621,
    "0.0021589946": 5837,
    "0.0026891255": 76,
    "0.0032192563999999995": 40,
    "0.0037493872999999995": 34,
    "0.0042795182": 3,
    "0.0048096491": 0,
    "0.00533978": 1
  },
  "latencyPercentiles": {
    "p10": 0.000383008,
    "p25": 0.000481837,
    "p50": 0.000597546,
    "p75": 0.000787947,
    "p90": 0.00098723,
    "p95": 0.001101329,
    "p99": 0.001566024
  },
  "rps": {
    "mean": 76342.7157597407,
    "stddev": 15187.063918523327,
    "max": 99244.2217029788,
    "percentiles": {
      "p10": 54827.26011373546,
      "p25": 60336.11116252963,
      "p50": 78249.23441829173,
      "p75": 90563.86750686904,
      "p90": 94497.13679694415,
      "p95": 95955.75143702395,
      "p99": 97470.51016705607
    }
  },
  "details": {
    "DNSDialup": {
      "average": 0.0008824260800000002,
      "fastest": 0.000100305,
      "slowest": 0.001286538
    },
    "DNSLookup": {
      "average": 0.000006700720000000001,
      "fastest": 0.000003387,
      "slowest": 0.000035737
    }
  },
  "statusCodeDistribution": {
    "200": 763424
  },
  "errorDistribution": {}
}