{
  "summary": {
    "successRate": 1,
    "total": 10.000140762,
    "slowest": 0.005073982,
    "fastest": 0.000041229,
    "average": 0.0007240322500721806,
    "requestsPerSec": 68903.53010012962,
    "totalData": 8957585,
    "sizePerRequest": 13,
    "sizePerSec": 895745.8913016849
  },
  "responseTimeHistogram": {
    "0.000041229": 1,
    "0.0005445043": 196440,
    "0.0010477796": 439097,
    "0.0015510549": 42581,
    "0.0020543301999999997": 10793,
    "0.0025576054999999994": 66,
    "0.0030608807999999996": 28,
    "0.0035641560999999998": 22,
    "0.0040674314": 1,
    "0.0045707067": 0,
    "0.0050739819999999995": 16
  },
  "latencyPercentiles": {
    "p10": 0.000416506,
    "p25": 0.000521601,
    "p50": 0.00069564,
    "p75": 0.000891979,
    "p90": 0.001002088,
    "p95": 0.001192916,
    "p99": 0.001659854
  },
  "rps": {
    "mean": 68891.0046525335,
    "stddev": 15320.72833619691,
    "max": 100991.5580512848,
    "percentiles": {
      "p10": 55141.23876898225,
      "p25": 57251.48626159508,
      "p50": 61600.462003460794,
      "p75": 81767.96553294055,
      "p90": 94739.46096257637,
      "p95": 97555.54255705333,
      "p99": 99922.6824489133
    }
  },
  "details": {
    "DNSDialup": {
      "average": 0.0009381560199999999,
      "fastest": 0.000103735,
      "slowest": 0.001286862
    },
    "DNSLookup": {
      "average": 0.0000067771200000000004,
      "fastest": 0.000003677,
      "slowest": 0.000024075
    }
  },
  "statusCodeDistribution": {
    "200": 689045
  },
  "errorDistribution": {}
}