{
  "summary": {
    "successRate": 1,
    "total": 10.000191375,
    "slowest": 0.008760951,
    "fastest": 0.000038629,
    "average": 0.0006394852567479282,
    "requestsPerSec": 78026.0067772953,
    "totalData": 10143575,
    "sizePerRequest": 13,
    "sizePerSec": 1014338.0881048389
  },
  "responseTimeHistogram": {
    "0.000038629": 1,
    "0.0009108612": 670215,
    "0.0017830934": 107503,
    "0.0026553256000000003": 2437,
    "0.0035275578": 109,
    "0.00439979": 8,
    "0.0052720222": 0,
    "0.0061442544": 1,
    "0.0070164866": 0,
    "0.0078887188": 0,
    "0.008760951": 1
  },
  "latencyPercentiles": {
    "p10": 0.000378434,
    "p25": 0.00047693,
    "p50": 0.000589439,
    "p75": 0.000751596,
    "p90": 0.000972733,
    "p95": 0.001085125,
    "p99": 0.001524458
  },
  "rps": {
    "mean": 78018.63738012718,
    "stddev": 15786.82707139724,
    "max": 98773.35897371083,
    "percentiles": {
      "p10": 55420.885724863,
      "p25": 62208.75051550233,
      "p50": 80704.77609254746,
      "p75": 92731.62505306682,
      "p90": 95988.99406442918,
      "p95": 97029.7687330477,
      "p99": 98133.05121164802
    }
  },
  "details": {
    "DNSDialup": {
      "average": 0.0009216686000000003,
      "fastest": 0.000119866,
      "slowest": 0.00191559
    },
    "DNSLookup": {
      "average": 0.000008733220000000001,
      "fastest": 0.000004448,
      "slowest": 0.000028754
    }
  },
  "statusCodeDistribution": {
    "200": 780275
  },
  "errorDistribution": {}
}