{
  "summary": {
    "successRate": 1,
    "total": 10.000288655,
    "slowest": 0.005540978,
    "fastest": 0.000037672,
    "average": 0.0006351216081758103,
    "requestsPerSec": 78563.83221570117,
    "totalData": 10213593,
    "sizePerRequest": 13,
    "sizePerSec": 1021329.8188041153
  },
  "responseTimeHistogram": {
    "0.000037672": 1,
    "0.0005880026": 402880,
    "0.0011383332000000001": 350324,
    "0.0016886638": 29418,
    "0.0022389944": 2837,
    "0.002789325": 133,
    "0.0033396555999999997": 46,
    "0.0038899862": 19,
    "0.0044403168": 1,
    "0.0049906474": 1,
    "0.005540978": 1
  },
  "latencyPercentiles": {
    "p10": 0.00039376,
    "p25": 0.000485309,
    "p50": 0.000584673,
    "p75": 0.000723305,
    "p90": 0.000960636,
    "p95": 0.001094871,
    "p99": 0.001478278
  },
  "rps": {
    "mean": 78567.65654565622,
    "stddev": 14874.84414497228,
    "max": 100734.2899522984,
    "percentiles": {
      "p10": 56230.95176509158,
      "p25": 65113.86925415137,
      "p50": 79774.32573929263,
      "p75": 91768.94787804924,
      "p90": 96869.9123765717,
      "p95": 98037.8902926923,
      "p99": 99472.76432711135
    }
  },
  "details": {
    "DNSDialup": {
      "average": 0.00077103178,
      "fastest": 0.000087041,
      "slowest": 0.001670449
    },
    "DNSLookup": {
      "average": 0.000008260699999999999,
      "fastest": 0.000003256,
      "slowest": 0.000026288
    }
  },
  "statusCodeDistribution": {
    "200": 785661
  },
  "errorDistribution": {}
}