{
  "summary": {
    "successRate": 1,
    "total": 10.000495822,
    "slowest": 0.004426481,
    "fastest": 0.000041116,
    "average": 0.0006320632197348811,
    "requestsPerSec": 78942.58585291973,
    "totalData": 10263045,
    "sizePerRequest": 13,
    "sizePerSec": 1026253.6160879565
  },
  "responseTimeHistogram": {
    "0.000041116": 1,
    "0.00047965250000000007": 219325,
    "0.0009181890000000001": 463237,
    "0.0013567255000000002": 92441,
    "0.0017952620000000002": 11895,
    "0.0022337985": 2368,
    "0.0026723350000000005": 92,
    "0.0031108715000000005": 80,
    "0.0035494080000000004": 25,
    "0.003987944500000001": 0,
    "0.004426481": 1
  },
  "latencyPercentiles": {
    "p10": 0.000357031,
    "p25": 0.000465174,
    "p50": 0.000584385,
    "p75": 0.000744615,
    "p90": 0.000974944,
    "p95": 0.001079995,
    "p99": 0.00151365
  },
  "rps": {
    "mean": 78867.79293456562,
    "stddev": 15961.194111591756,
    "max": 99106.35271720876,
    "percentiles": {
      "p10": 55100.06171206901,
      "p25": 63824.74485357976,
      "p50": 84680.86805148466,
      "p75": 92888.05514781905,
      "p90": 95607.0079936904,
      "p95": 96654.26085543726,
      "p99": 97522.85929814402
    }
  },
  "details": {
    "DNSDialup": {
      "average": 0.00090729872,
      "fastest": 0.000222614,
      "slowest": 0.001962408
    },
    "DNSLookup": {
      "average": 0.000007763639999999999,
      "fastest": 0.000003997,
      "slowest": 0.000028584
    }
  },
  "statusCodeDistribution": {
    "200": 789465
  },
  "errorDistribution": {}
}