{
  "summary": {
    "successRate": 1,
    "total": 10.00048951,
    "slowest": 0.005200587,
    "fastest": 0.000043533,
    "average": 0.0006172597347767913,
    "requestsPerSec": 80831.74320533835,
    "totalData": 10508641,
    "sizePerRequest": 13,
    "sizePerSec": 1050812.6616693987
  },
  "responseTimeHistogram": {
    "0.000043533": 1,
    "0.0005592383999999999": 389958,
    "0.0010749437999999997": 383964,
    "0.0015906491999999996": 29709,
    "0.0021063545999999997": 4602,
    "0.00262206": 96,
    "0.0031377653999999995": 25,
    "0.003653470799999999": 0,
    "0.004169176199999999": 1,
    "0.0046848815999999995": 0,
    "0.005200587": 1
  },
  "latencyPercentiles": {
    "p10": 0.000371906,
    "p25": 0.00045993,
    "p50": 0.000566729,
    "p75": 0.000723285,
    "p90": 0.000938125,
    "p95": 0.001045435,
    "p99": 0.001464969
  },
  "rps": {
    "mean": 80856.5906054704,
    "stddev": 15552.639722520496,
    "max": 108421.23197485799,
    "percentiles": {
      "p10": 57840.152633958176,
      "p25": 65217.380431885074,
      "p50": 85604.69969800873,
      "p75": 94925.09587985383,
      "p90": 97934.90399978773,
      "p95": 99346.98118740601,
      "p99": 100407.72418807811
    }
  },
  "details": {
    "DNSDialup": {
      "average": 0.0009422373200000001,
      "fastest": 0.000098474,
      "slowest": 0.002141156
    },
    "DNSLookup": {
      "average": 0.000008703659999999997,
      "fastest": 0.000003206,
      "slowest": 0.000038852
    }
  },
  "statusCodeDistribution": {
    "200": 808357
  },
  "errorDistribution": {}
}