{
  "summary": {
    "successRate": 1,
    "total": 10.000430251,
    "slowest": 0.004341871,
    "fastest": 0.000043675,
    "average": 0.000654292749991126,
    "requestsPerSec": 76251.6192664559,
    "totalData": 9913137,
    "sizePerRequest": 13,
    "sizePerSec": 991271.0504639267
  },
  "responseTimeHistogram": {
    "0.000043675": 1,
    "0.0004734946": 180184,
    "0.0009033142": 456488,
    "0.0013331338": 108831,
    "0.0017629534": 14074,
    "0.002192773": 2853,
    "0.0026225926": 43,
    "0.0030524122": 45,
    "0.0034822318": 21,
    "0.0039120514": 7,
    "0.004341871": 2
  },
  "latencyPercentiles": {
    "p10": 0.000386442,
    "p25": 0.000480286,
    "p50": 0.000595607,
    "p75": 0.000800088,
    "p90": 0.000981292,
    "p95": 0.001098586,
    "p99": 0.001554143
  },
  "rps": {
    "mean": 76227.71077989493,
    "stddev": 15755.67705441548,
    "max": 99466.09522027406,
    "percentiles": {
      "p10": 55307.93668891447,
      "p25": 59823.80536520399,
      "p50": 77917.4067486701,
      "p75": 91713.13332069166,
      "p90": 95827.88469025586,
      "p95": 97230.43462805307,
      "p99": 98443.84688940596
    }
  },
  "details": {
    "DNSDialup": {
      "average": 0.0007753027599999998,
      "fastest": 0.000083817,
      "slowest": 0.001521035
    },
    "DNSLookup": {
      "average": 0.000007249520000000001,
      "fastest": 0.000004007,
      "slowest": 0.000025578
    }
  },
  "statusCodeDistribution": {
    "200": 762549
  },
  "errorDistribution": {}
}