{
  "summary": {
    "successRate": 1,
    "total": 10.00066777,
    "slowest": 0.004802429,
    "fastest": 0.000038058,
    "average": 0.0006245189460528552,
    "requestsPerSec": 79867.26670353134,
    "totalData": 10383438,
    "sizePerRequest": 13,
    "sizePerSec": 1038274.4671459075
  },
  "responseTimeHistogram": {
    "0.000038058": 1,
    "0.0005144951": 294344,
    "0.0009909322000000002": 441387,
    "0.0014673693000000002": 54868,
    "0.0019438064000000003": 7585,
    "0.0024202435000000005": 466,
    "0.0028966806": 21,
    "0.0033731177000000004": 18,
    "0.0038495548000000005": 12,
    "0.0043259919": 22,
    "0.004802429": 2
  },
  "latencyPercentiles": {
    "p10": 0.000374578,
    "p25": 0.000463451,
    "p50": 0.000573348,
    "p75": 0.000730845,
    "p90": 0.000950771,
    "p95": 0.001074829,
    "p99": 0.001471011
  },
  "rps": {
    "mean": 79879.2738410318,
    "stddev": 11940.98815856789,
    "max": 98068.50129893069,
    "percentiles": {
      "p10": 60869.03156870606,
      "p25": 72646.1157542847,
      "p50": 82607.1581963222,
      "p75": 89172.21165700085,
      "p90": 93205.57369330643,
      "p95": 95036.63106062476,
      "p99": 97042.4172405758
    }
  },
  "details": {
    "DNSDialup": {
      "average": 0.00075322536,
      "fastest": 0.000085399,
      "slowest": 0.001344889
    },
    "DNSLookup": {
      "average": 0.000007304720000000002,
      "fastest": 0.000003377,
      "slowest": 0.000025617
    }
  },
  "statusCodeDistribution": {
    "200": 798726
  },
  "errorDistribution": {}
}