{
  "summary": {
    "successRate": 1,
    "total": 10.000431586,
    "slowest": 0.003339986,
    "fastest": 0.00003198,
    "average": 0.0006299854668464025,
    "requestsPerSec": 79199.08187850485,
    "totalData": 10296325,
    "sizePerRequest": 13,
    "sizePerSec": 1029588.0644205629
  },
  "responseTimeHistogram": {
    "0.00003198": 1,
    "0.00036278060000000003": 64885,
    "0.0006935812": 486675,
    "0.0010243818": 191969,
    "0.0013551824": 35863,
    "0.001685983": 10101,
    "0.0020167836": 2338,
    "0.0023475842": 90,
    "0.0026783848": 62,
    "0.0030091854000000003": 23,
    "0.003339986": 18
  },
  "latencyPercentiles": {
    "p10": 0.000380896,
    "p25": 0.000468177,
    "p50": 0.000579792,
    "p75": 0.000752437,
    "p90": 0.000935614,
    "p95": 0.001062679,
    "p99": 0.001465127
  },
  "rps": {
    "mean": 79212.85696232054,
    "stddev": 15194.54634922657,
    "max": 101821.98336620755,
    "percentiles": {
      "p10": 58466.640276586855,
      "p25": 63814.97099219923,
      "p50": 80718.60563859946,
      "p75": 93866.47623847192,
      "p90": 97811.05467147355,
      "p95": 99207.49016551256,
      "p99": 100830.23898867377
    }
  },
  "details": {
    "DNSDialup": {
      "average": 0.0007751980000000002,
      "fastest": 0.000089446,
      "slowest": 0.00173843
    },
    "DNSLookup": {
      "average": 0.000008294439999999999,
      "fastest": 0.000003476,
      "slowest": 0.00004284
    }
  },
  "statusCodeDistribution": {
    "200": 792025
  },
  "errorDistribution": {}
}