{
  "summary": {
    "successRate": 1,
    "total": 10.00038908,
    "slowest": 0.006318452,
    "fastest": 0.000053478,
    "average": 0.0006426917893986567,
    "requestsPerSec": 77643.67903973593,
    "totalData": 10094071,
    "sizePerRequest": 13,
    "sizePerSec": 1009367.827516567
  },
  "responseTimeHistogram": {
    "0.000053478": 1,
    "0.0006799754": 553067,
    "0.0013064728": 210135,
    "0.0019329702": 12607,
    "0.0025594676": 433,
    "0.003185965": 192,
    "0.0038124624": 17,
    "0.0044389597999999995": 1,
    "0.0050654572": 13,
    "0.0056919546": 0,
    "0.006318452": 1
  },
  "latencyPercentiles": {
    "p10": 0.000381752,
    "p25": 0.000518979,
    "p50": 0.000602204,
    "p75": 0.000716307,
    "p90": 0.00095388,
    "p95": 0.001117856,
    "p99": 0.001427736
  },
  "rps": {
    "mean": 77642.539159933,
    "stddev": 13535.537158749206,
    "max": 103743.41146080288,
    "percentiles": {
      "p10": 57302.11444802117,
      "p25": 70304.19716056959,
      "p50": 77059.42051915942,
      "p75": 89591.23596835282,
      "p90": 95643.65176266585,
      "p95": 97132.96692897605,
      "p99": 98551.81854619159
    }
  },
  "details": {
    "DNSDialup": {
      "average": 0.0007294928600000001,
      "fastest": 0.000101711,
      "slowest": 0.001049909
    },
    "DNSLookup": {
      "average": 0.00000692082,
      "fastest": 0.000003627,
      "slowest": 0.000024115
    }
  },
  "statusCodeDistribution": {
    "200": 776467
  },
  "errorDistribution": {}
}