{
  "summary": {
    "successRate": 1,
    "total": 10.001323472,
    "slowest": 0.004241574,
    "fastest": 0.000036648,
    "average": 0.0006463655648067237,
    "requestsPerSec": 77171.58655659968,
    "totalData": 10033634,
    "sizePerRequest": 13,
    "sizePerSec": 1003230.6252357959
  },
  "responseTimeHistogram": {
    "0.000036648": 1,
    "0.00045714059999999996": 167374,
    "0.0008776331999999999": 473023,
    "0.0012981257999999999": 112016,
    "0.0017186183999999998": 16185,
    "0.0021391109999999995": 3016,
    "0.0025596035999999995": 116,
    "0.0029800961999999994": 52,
    "0.0034005887999999994": 13,
    "0.0038210813999999993": 3,
    "0.004241574": 19
  },
  "latencyPercentiles": {
    "p10": 0.000379088,
    "p25": 0.000473384,
    "p50": 0.000590954,
    "p75": 0.000767975,
    "p90": 0.000990512,
    "p95": 0.001117609,
    "p99": 0.001525887
  },
  "rps": {
    "mean": 77179.31928921226,
    "stddev": 12428.073504323815,
    "max": 97678.55309239613,
    "percentiles": {
      "p10": 57818.77375583709,
      "p25": 68988.42246106827,
      "p50": 79630.0842458294,
      "p75": 86818.58477054926,
      "p90": 91946.57093818086,
      "p95": 93785.18198137704,
      "p99": 95870.73342711874
    }
  },
  "details": {
    "DNSDialup": {
      "average": 0.0007385262799999998,
      "fastest": 0.000103574,
      "slowest": 0.001326234
    },
    "DNSLookup": {
      "average": 0.000006865660000000001,
      "fastest": 0.000003667,
      "slowest": 0.000030617
    }
  },
  "statusCodeDistribution": {
    "200": 771818
  },
  "errorDistribution": {}
}