{
  "summary": {
    "successRate": 1,
    "total": 10.000351529,
    "slowest": 0.00595198,
    "fastest": 0.000039472,
    "average": 0.0006507550096952131,
    "requestsPerSec": 76664.10503438214,
    "totalData": 9966684,
    "sizePerRequest": 13,
    "sizePerSec": 996633.3654469678
  },
  "responseTimeHistogram": {
    "0.000039472": 1,
    "0.0006307228000000001": 446060,
    "0.0012219736": 295378,
    "0.0018132244000000001": 22534,
    "0.0024044752": 2570,
    "0.002995726": 96,
    "0.0035869768000000002": 24,
    "0.0041782276": 2,
    "0.0047694784": 1,
    "0.0053607292": 1,
    "0.00595198": 1
  },
  "latencyPercentiles": {
    "p10": 0.000380411,
    "p25": 0.000475235,
    "p50": 0.000591241,
    "p75": 0.000784602,
    "p90": 0.000996348,
    "p95": 0.001104051,
    "p99": 0.001576959
  },
  "rps": {
    "mean": 76676.9880300305,
    "stddev": 15928.42063156846,
    "max": 99124.76466700055,
    "percentiles": {
      "p10": 54120.25179822691,
      "p25": 60408.33030874799,
      "p50": 80014.07447570101,
      "p75": 91715.65343898619,
      "p90": 95131.04829292254,
      "p95": 96307.99637978278,
      "p99": 97563.6245524858
    }
  },
  "details": {
    "DNSDialup": {
      "average": 0.000940463,
      "fastest": 0.000094536,
      "slowest": 0.001976268
    },
    "DNSLookup": {
      "average": 0.000008917440000000001,
      "fastest": 0.000003767,
      "slowest": 0.000030307
    }
  },
  "statusCodeDistribution": {
    "200": 766668
  },
  "errorDistribution": {}
}