{
  "summary": {
    "successRate": 1,
    "total": 10.000407978,
    "slowest": 0.004228837,
    "fastest": 0.000033532,
    "average": 0.0006434654110533366,
    "requestsPerSec": 77542.7364269478,
    "totalData": 10080967,
    "sizePerRequest": 13,
    "sizePerSec": 1008055.5735503214
  },
  "responseTimeHistogram": {
    "0.000033532": 1,
    "0.0004530625": 156505,
    "0.000872593": 483803,
    "0.0012921235": 117257,
    "0.001711654": 14247,
    "0.0021311845": 3453,
    "0.0025507150000000003": 97,
    "0.0029702455": 53,
    "0.003389776": 21,
    "0.0038093065000000003": 16,
    "0.004228837": 6
  },
  "latencyPercentiles": {
    "p10": 0.000382366,
    "p25": 0.000477213,
    "p50": 0.000588405,
    "p75": 0.000762252,
    "p90": 0.000980118,
    "p95": 0.001099408,
    "p99": 0.001529123
  },
  "rps": {
    "mean": 77552.92129947164,
    "stddev": 15376.36967325837,
    "max": 99426.49310895723,
    "percentiles": {
      "p10": 55259.10513885604,
      "p25": 61560.08083419415,
      "p50": 79666.48975282235,
      "p75": 91576.48468000711,
      "p90": 95068.57296167882,
      "p95": 96517.57549861177,
      "p99": 97836.65939627623
    }
  },
  "details": {
    "DNSDialup": {
      "average": 0.00100710192,
      "fastest": 0.000102191,
      "slowest": 0.001616513
    },
    "DNSLookup": {
      "average": 0.000008148360000000002,
      "fastest": 0.000003997,
      "slowest": 0.000033352
    }
  },
  "statusCodeDistribution": {
    "200": 775459
  },
  "errorDistribution": {}
}