{
  "summary": {
    "successRate": 1,
    "total": 10.000219013,
    "slowest": 0.005568064,
    "fastest": 0.00003634,
    "average": 0.0006414221137544388,
    "requestsPerSec": 77770.19673159032,
    "totalData": 10110347,
    "sizePerRequest": 13,
    "sizePerSec": 1011012.5575106741
  },
  "responseTimeHistogram": {
    "0.00003634": 1,
    "0.0005895124000000001": 388782,
    "0.0011426848": 359135,
    "0.0016958572000000001": 26281,
    "0.0022490296000000003": 3394,
    "0.002802202": 73,
    "0.0033553744000000005": 50,
    "0.0039085468": 2,
    "0.0044617192": 0,
    "0.005014891600000001": 0,
    "0.005568064": 1
  },
  "latencyPercentiles": {
    "p10": 0.000366798,
    "p25": 0.000466693,
    "p50": 0.00058956,
    "p75": 0.000789725,
    "p90": 0.000960481,
    "p95": 0.001074076,
    "p99": 0.001521673
  },
  "rps": {
    "mean": 77769.09513329912,
    "stddev": 16144.86160042912,
    "max": 101050.3900917827,
    "percentiles": {
      "p10": 56331.748573496145,
      "p25": 60835.498906714296,
      "p50": 80939.5794543516,
      "p75": 92940.80031955085,
      "p90": 96956.80353132037,
      "p95": 98220.65580391687,
      "p99": 99817.78734894762
    }
  },
  "details": {
    "DNSDialup": {
      "average": 0.0008316422600000001,
      "fastest": 0.000108981,
      "slowest": 0.001815021
    },
    "DNSLookup": {
      "average": 0.0000434589,
      "fastest": 0.000004638,
      "slowest": 0.001700319
    }
  },
  "statusCodeDistribution": {
    "200": 777719
  },
  "errorDistribution": {}
}