{
  "summary": {
    "successRate": 1,
    "total": 10.000425725,
    "slowest": 0.00380265,
    "fastest": 0.000034672,
    "average": 0.0006121632511170797,
    "requestsPerSec": 81506.33007176302,
    "totalData": 10596274,
    "sizePerRequest": 13,
    "sizePerSec": 1059582.2909329194
  },
  "responseTimeHistogram": {
    "0.000034672": 1,
    "0.00041146980000000003": 126108,
    "0.0007882676": 528868,
    "0.0011650654": 137360,
    "0.0015418632": 17567,
    "0.0019186609999999999": 4876,
    "0.0022954588": 227,
    "0.0026722566": 51,
    "0.0030490544": 31,
    "0.0034258522": 8,
    "0.00380265": 1
  },
  "latencyPercentiles": {
    "p10": 0.000369391,
    "p25": 0.000459789,
    "p50": 0.000568211,
    "p75": 0.000709515,
    "p90": 0.000924853,
    "p95": 0.001038302,
    "p99": 0.001431598
  },
  "rps": {
    "mean": 81503.23063576121,
    "stddev": 15694.698000532833,
    "max": 102419.68506347183,
    "percentiles": {
      "p10": 57771.11186302076,
      "p25": 66822.29191657751,
      "p50": 85209.43492043827,
      "p75": 95313.29469859964,
      "p90": 98734.61674915458,
      "p95": 100258.09956869972,
      "p99": 101515.79585783722
    }
  },
  "details": {
    "DNSDialup": {
      "average": 0.00080428856,
      "fastest": 0.000094414,
      "slowest": 0.001631862
    },
    "DNSLookup": {
      "average": 0.00002305732,
      "fastest": 0.000003396,
      "slowest": 0.000833609
    }
  },
  "statusCodeDistribution": {
    "200": 815098
  },
  "errorDistribution": {}
}