{
  "summary": {
    "successRate": 1,
    "total": 10.002408172,
    "slowest": 0.004620165,
    "fastest": 0.000045121,
    "average": 0.0006526915578826808,
    "requestsPerSec": 76413.79824306573,
    "totalData": 9936186,
    "sizePerRequest": 13,
    "sizePerSec": 993379.3771598545
  },
  "responseTimeHistogram": {
    "0.000045121": 1,
    "0.0005026254": 232941,
    "0.0009601297999999998": 436554,
    "0.0014176341999999997": 82282,
    "0.0018751385999999997": 10911,
    "0.0023326429999999997": 1516,
    "0.0027901473999999995": 54,
    "0.0032476517999999997": 21,
    "0.0037051561999999994": 14,
    "0.0041626606": 16,
    "0.004620165": 12
  },
  "latencyPercentiles": {
    "p10": 0.000381054,
    "p25": 0.000476432,
    "p50": 0.000595274,
    "p75": 0.000782445,
    "p90": 0.000998018,
    "p95": 0.001123199,
    "p99": 0.001537878
  },
  "rps": {
    "mean": 76427.98272094384,
    "stddev": 12681.356370513293,
    "max": 97024.7218991408,
    "percentiles": {
      "p10": 55914.49862949362,
      "p25": 67022.82127064528,
      "p50": 79365.0714220592,
      "p75": 86316.46918231987,
      "p90": 90507.72936008571,
      "p95": 92931.0296708095,
      "p99": 95928.17410473322
    }
  },
  "details": {
    "DNSDialup": {
      "average": 0.0006256959799999999,
      "fastest": 0.000087263,
      "slowest": 0.001070133
    },
    "DNSLookup": {
      "average": 0.000008406040000000002,
      "fastest": 0.000003596,
      "slowest": 0.000029906
    }
  },
  "statusCodeDistribution": {
    "200": 764322
  },
  "errorDistribution": {}
}