{
  "summary": {
    "successRate": 1,
    "total": 10.000312681,
    "slowest": 0.004682273,
    "fastest": 0.000045558,
    "average": 0.0006375634452053863,
    "requestsPerSec": 78263.45285052992,
    "totalData": 10174567,
    "sizePerRequest": 13,
    "sizePerSec": 1017424.887056889
  },
  "responseTimeHistogram": {
    "0.000045558": 1,
    "0.0005092295": 241250,
    "0.000972901": 464600,
    "0.0014365725": 67194,
    "0.001900244": 8670,
    "0.0023639154999999996": 803,
    "0.002827587": 89,
    "0.0032912584999999998": 31,
    "0.0037549299999999996": 6,
    "0.0042186015": 0,
    "0.004682273": 15
  },
  "latencyPercentiles": {
    "p10": 0.000390536,
    "p25": 0.000480962,
    "p50": 0.000584741,
    "p75": 0.000739776,
    "p90": 0.000969812,
    "p95": 0.001090462,
    "p99": 0.001491599
  },
  "rps": {
    "mean": 78260.60852859385,
    "stddev": 15574.902046729134,
    "max": 100967.71273571074,
    "percentiles": {
      "p10": 56102.73220305634,
      "p25": 62318.916957337264,
      "p50": 79487.33273247148,
      "p75": 93032.1708050605,
      "p90": 96508.99463829225,
      "p95": 97890.858620302,
      "p99": 99391.15844940655
    }
  },
  "details": {
    "DNSDialup": {
      "average": 0.0009145711600000001,
      "fastest": 0.000136294,
      "slowest": 0.001567613
    },
    "DNSLookup": {
      "average": 0.00000900652,
      "fastest": 0.000004678,
      "slowest": 0.00004872
    }
  },
  "statusCodeDistribution": {
    "200": 782659
  },
  "errorDistribution": {}
}