{
  "summary": {
    "successRate": 1,
    "total": 10.000399527,
    "slowest": 0.00673287,
    "fastest": 0.000042359,
    "average": 0.0006609297677582775,
    "requestsPerSec": 75489.88397531249,
    "totalData": 9814077,
    "sizePerRequest": 13,
    "sizePerSec": 981368.4916790624
  },
  "responseTimeHistogram": {
    "0.000042359": 1,
    "0.0007114101": 535186,
    "0.0013804612000000002": 206929,
    "0.0020495123000000004": 12123,
    "0.0027185634000000004": 315,
    "0.0033876145000000003": 104,
    "0.0040566656": 26,
    "0.0047257167": 175,
    "0.0053947678": 69,
    "0.0060638189": 0,
    "0.00673287": 1
  },
  "latencyPercentiles": {
    "p10": 0.000412875,
    "p25": 0.000518679,
    "p50": 0.000599743,
    "p75": 0.000763306,
    "p90": 0.000979216,
    "p95": 0.001140015,
    "p99": 0.001527659
  },
  "rps": {
    "mean": 75488.35138494316,
    "stddev": 14812.194516222107,
    "max": 100325.09965777828,
    "percentiles": {
      "p10": 56469.68358955102,
      "p25": 61505.70772967562,
      "p50": 77630.45798464147,
      "p75": 88142.36506120715,
      "p90": 95704.2109852853,
      "p95": 97453.22895365505,
      "p99": 99239.04701644629
    }
  },
  "details": {
    "DNSDialup": {
      "average": 0.0009158428799999998,
      "fastest": 0.000074416,
      "slowest": 0.001820662
    },
    "DNSLookup": {
      "average": 0.00000856506,
      "fastest": 0.000003496,
      "slowest": 0.000045836
    }
  },
  "statusCodeDistribution": {
    "200": 754929
  },
  "errorDistribution": {}
}