{
  "summary": {
    "successRate": 1,
    "total": 10.000553165,
    "slowest": 0.008898571,
    "fastest": 0.000039022,
    "average": 0.0006282690816467464,
    "requestsPerSec": 79397.40801327964,
    "totalData": 10322234,
    "sizePerRequest": 13,
    "sizePerSec": 1032166.3041726353
  },
  "responseTimeHistogram": {
    "0.000039022": 1,
    "0.0009249769": 702366,
    "0.0018109318": 90298,
    "0.0026968867": 1269,
    "0.0035828416": 32,
    "0.0044687964999999994": 2,
    "0.0053547514": 0,
    "0.006240706299999999": 0,
    "0.0071266611999999995": 12,
    "0.0080126161": 5,
    "0.008898571": 33
  },
  "latencyPercentiles": {
    "p10": 0.000379353,
    "p25": 0.000467919,
    "p50": 0.000578305,
    "p75": 0.000732148,
    "p90": 0.000950306,
    "p95": 0.001080869,
    "p99": 0.001467969
  },
  "rps": {
    "mean": 79396.77438514424,
    "stddev": 12362.145079279213,
    "max": 99607.25705405192,
    "percentiles": {
      "p10": 60408.22760059985,
      "p25": 71113.17015911515,
      "p50": 82133.36850558723,
      "p75": 88980.52891350532,
      "p90": 93432.37633557645,
      "p95": 95244.479535932,
      "p99": 97508.89281102609
    }
  },
  "details": {
    "DNSDialup": {
      "average": 0.0006644207400000002,
      "fastest": 0.000130618,
      "slowest": 0.001211943
    },
    "DNSLookup": {
      "average": 0.0000079279,
      "fastest": 0.000003958,
      "slowest": 0.000030117
    }
  },
  "statusCodeDistribution": {
    "200": 794018
  },
  "errorDistribution": {}
}