{
  "summary": {
    "successRate": 1,
    "total": 10.000261515,
    "slowest": 0.004055307,
    "fastest": 0.000033212,
    "average": 0.0006554458976771959,
    "requestsPerSec": 76120.8093266549,
    "totalData": 9895964,
    "sizePerRequest": 13,
    "sizePerSec": 989570.5212465136
  },
  "responseTimeHistogram": {
    "0.000033212": 1,
    "0.0004354215": 126326,
    "0.000837631": 466684,
    "0.0012398405": 144671,
    "0.00164205": 17826,
    "0.0020442595": 5365,
    "0.002446469": 218,
    "0.0028486785": 70,
    "0.003250888": 39,
    "0.0036530975": 22,
    "0.004055307": 6
  },
  "latencyPercentiles": {
    "p10": 0.000387163,
    "p25": 0.000477615,
    "p50": 0.000595152,
    "p75": 0.000794715,
    "p90": 0.000998695,
    "p95": 0.001114732,
    "p99": 0.00156855
  },
  "rps": {
    "mean": 76079.84612282613,
    "stddev": 15079.138647497404,
    "max": 97831.05818070602,
    "percentiles": {
      "p10": 54112.424212599835,
      "p25": 60958.928996659946,
      "p50": 79757.00232956519,
      "p75": 89559.54136698913,
      "p90": 93531.40226704504,
      "p95": 94918.54575094327,
      "p99": 96480.52677966356
    }
  },
  "details": {
    "DNSDialup": {
      "average": 0.0009967467799999997,
      "fastest": 0.000098504,
      "slowest": 0.001476768
    },
    "DNSLookup": {
      "average": 0.000008097080000000001,
      "fastest": 0.000003517,
      "slowest": 0.000033062
    }
  },
  "statusCodeDistribution": {
    "200": 761228
  },
  "errorDistribution": {}
}