{
  "summary": {
    "successRate": 1,
    "total": 10.000404851,
    "slowest": 0.007491196,
    "fastest": 0.000037669,
    "average": 0.000655602955105357,
    "requestsPerSec": 76108.41874305633,
    "totalData": 9894495,
    "sizePerRequest": 13,
    "sizePerSec": 989409.4436597325
  },
  "responseTimeHistogram": {
    "0.000037669": 1,
    "0.0007830217000000001": 595758,
    "0.0015283744": 159480,
    "0.0022737271": 5372,
    "0.0030190798000000003": 225,
    "0.0037644325000000005": 127,
    "0.0045097852": 63,
    "0.0052551379": 31,
    "0.0060004906": 56,
    "0.0067458433": 1,
    "0.007491196": 1
  },
  "latencyPercentiles": {
    "p10": 0.000424072,
    "p25": 0.000525409,
    "p50": 0.00059512,
    "p75": 0.000733892,
    "p90": 0.000980082,
    "p95": 0.001141633,
    "p99": 0.001469792
  },
  "rps": {
    "mean": 76108.38024293071,
    "stddev": 12690.07380509952,
    "max": 98748.97949383158,
    "percentiles": {
      "p10": 57530.92967564166,
      "p25": 65340.75956581922,
      "p50": 78552.21061851096,
      "p75": 85173.92244729014,
      "p90": 92678.75840889498,
      "p95": 94834.3423293514,
      "p99": 97002.17284867274
    }
  },
  "details": {
    "DNSDialup": {
      "average": 0.0007696417399999999,
      "fastest": 0.000098214,
      "slowest": 0.001795542
    },
    "DNSLookup": {
      "average": 0.000007160759999999999,
      "fastest": 0.000003626,
      "slowest": 0.000029896
    }
  },
  "statusCodeDistribution": {
    "200": 761115
  },
  "errorDistribution": {}
}