{
  "summary": {
    "successRate": 1,
    "total": 10.00075126,
    "slowest": 0.004095409,
    "fastest": 0.000044072,
    "average": 0.0006340128533558215,
    "requestsPerSec": 78679.78910216391,
    "totalData": 10229141,
    "sizePerRequest": 13,
    "sizePerSec": 1022837.2583281309
  },
  "responseTimeHistogram": {
    "0.000044072": 1,
    "0.0004492057": 171877,
    "0.0008543394000000001": 477125,
    "0.0012594731000000001": 117324,
    "0.0016646068000000002": 16575,
    "0.0020697405": 3720,
    "0.0024748742000000002": 143,
    "0.0028800079000000003": 48,
    "0.0032851416000000003": 26,
    "0.0036902753000000003": 12,
    "0.004095409": 6
  },
  "latencyPercentiles": {
    "p10": 0.000371094,
    "p25": 0.000464506,
    "p50": 0.000580111,
    "p75": 0.000753764,
    "p90": 0.000969806,
    "p95": 0.001088248,
    "p99": 0.001503186
  },
  "rps": {
    "mean": 78683.84961063386,
    "stddev": 12329.751928921283,
    "max": 98366.95823822122,
    "percentiles": {
      "p10": 59650.05235893398,
      "p25": 70491.06603449445,
      "p50": 81406.13802280679,
      "p75": 88369.81957009328,
      "p90": 92163.16269476071,
      "p95": 94411.01776577499,
      "p99": 96851.17266697346
    }
  },
  "details": {
    "DNSDialup": {
      "average": 0.0006696876999999998,
      "fastest": 0.00008591,
      "slowest": 0.001321528
    },
    "DNSLookup": {
      "average": 0.000007015700000000002,
      "fastest": 0.000003627,
      "slowest": 0.000025247
    }
  },
  "statusCodeDistribution": {
    "200": 786857
  },
  "errorDistribution": {}
}