{
  "summary": {
    "successRate": 1,
    "total": 10.000627445,
    "slowest": 0.004477601,
    "fastest": 0.000036389,
    "average": 0.000634671294897275,
    "requestsPerSec": 78578.36963948616,
    "totalData": 10215829,
    "sizePerRequest": 13,
    "sizePerSec": 1021518.8053133201
  },
  "responseTimeHistogram": {
    "0.000036389": 1,
    "0.0004805102": 215961,
    "0.0009246313999999999": 474060,
    "0.0013687525999999998": 82646,
    "0.0018128737999999998": 11815,
    "0.002256995": 1242,
    "0.0027011161999999996": 35,
    "0.0031452373999999996": 40,
    "0.0035893585999999997": 19,
    "0.0040334798": 12,
    "0.004477601": 2
  },
  "latencyPercentiles": {
    "p10": 0.000379146,
    "p25": 0.000469315,
    "p50": 0.000583193,
    "p75": 0.000746517,
    "p90": 0.000962684,
    "p95": 0.001097575,
    "p99": 0.001486032
  },
  "rps": {
    "mean": 78578.12565782551,
    "stddev": 12542.951461739598,
    "max": 98877.37612502533,
    "percentiles": {
      "p10": 58816.38036192914,
      "p25": 69247.09467851665,
      "p50": 81902.51440719841,
      "p75": 88501.70808296773,
      "p90": 92401.98664271503,
      "p95": 94802.62164323634,
      "p99": 97082.8125454785
    }
  },
  "details": {
    "DNSDialup": {
      "average": 0.00095712416,
      "fastest": 0.000198519,
      "slowest": 0.001734935
    },
    "DNSLookup": {
      "average": 0.0000074984000000000035,
      "fastest": 0.000003957,
      "slowest": 0.000033573
    }
  },
  "statusCodeDistribution": {
    "200": 785833
  },
  "errorDistribution": {}
}