{
  "summary": {
    "successRate": 1,
    "total": 10.000427327,
    "slowest": 0.00492762,
    "fastest": 0.000042319,
    "average": 0.0006579818625024863,
    "requestsPerSec": 75827.95966654795,
    "totalData": 9858056,
    "sizePerRequest": 13,
    "sizePerSec": 985763.4756651234
  },
  "responseTimeHistogram": {
    "0.000042319": 1,
    "0.0005308490999999999": 235811,
    "0.0010193792": 458980,
    "0.0015079092999999999": 55310,
    "0.0019964393999999997": 7724,
    "0.0024849695": 269,
    "0.0029734995999999994": 54,
    "0.0034620296999999995": 45,
    "0.0039505598": 50,
    "0.004439089899999999": 58,
    "0.00492762": 10
  },
  "latencyPercentiles": {
    "p10": 0.000399226,
    "p25": 0.000496829,
    "p50": 0.000597547,
    "p75": 0.000783594,
    "p90": 0.000991011,
    "p95": 0.001123289,
    "p99": 0.001531434
  },
  "rps": {
    "mean": 75810.6751291659,
    "stddev": 15537.627662591587,
    "max": 100184.20482415672,
    "percentiles": {
      "p10": 55468.303669135115,
      "p25": 60123.61655657895,
      "p50": 78112.54455419682,
      "p75": 90515.89459108879,
      "p90": 96905.84055905821,
      "p95": 98434.83608849105,
      "p99": 99525.63780429917
    }
  },
  "details": {
    "DNSDialup": {
      "average": 0.0008584507200000001,
      "fastest": 0.000083506,
      "slowest": 0.001820512
    },
    "DNSLookup": {
      "average": 0.00000786066,
      "fastest": 0.000003527,
      "slowest": 0.00003235
    }
  },
  "statusCodeDistribution": {
    "200": 758312
  },
  "errorDistribution": {}
}