{
  "summary": {
    "successRate": 1,
    "total": 10.002886143,
    "slowest": 0.005213113,
    "fastest": 0.000037747,
    "average": 0.0006356120215409943,
    "requestsPerSec": 78483.54852558077,
    "totalData": 10205806,
    "sizePerRequest": 13,
    "sizePerSec": 1020286.1308325501
  },
  "responseTimeHistogram": {
    "0.000037747": 1,
    "0.0005552835999999999": 343241,
    "0.0010728202": 398167,
    "0.0015903567999999999": 38048,
    "0.0021078933999999997": 5342,
    "0.0026254299999999998": 178,
    "0.0031429665999999994": 51,
    "0.0036605031999999995": 23,
    "0.0041780398": 1,
    "0.0046955764": 0,
    "0.005213113": 10
  },
  "latencyPercentiles": {
    "p10": 0.000382481,
    "p25": 0.000472308,
    "p50": 0.000583427,
    "p75": 0.000739697,
    "p90": 0.000971056,
    "p95": 0.001092802,
    "p99": 0.001510767
  },
  "rps": {
    "mean": 78491.69980807092,
    "stddev": 11978.668678376831,
    "max": 98510.50908908984,
    "percentiles": {
      "p10": 60013.97854805572,
      "p25": 70339.2942791342,
      "p50": 81044.01521503457,
      "p75": 88051.40440989523,
      "p90": 92545.49536552335,
      "p95": 94426.86444293211,
      "p99": 96025.16819658778
    }
  },
  "details": {
    "DNSDialup": {
      "average": 0.0007012008399999999,
      "fastest": 0.000089776,
      "slowest": 0.000994879
    },
    "DNSLookup": {
      "average": 0.000007340460000000001,
      "fastest": 0.000004097,
      "slowest": 0.000033072
    }
  },
  "statusCodeDistribution": {
    "200": 785062
  },
  "errorDistribution": {}
}