{
  "summary": {
    "successRate": 1,
    "total": 10.000434543,
    "slowest": 0.008801318,
    "fastest": 0.000036084,
    "average": 0.0006576726834626487,
    "requestsPerSec": 75875.90286575409,
    "totalData": 9864296,
    "sizePerRequest": 13,
    "sizePerSec": 986386.7372548032
  },
  "responseTimeHistogram": {
    "0.000036084": 1,
    "0.0009126074000000001": 647115,
    "0.0017891308000000002": 109384,
    "0.0026656542000000004": 2155,
    "0.0035421776000000003": 50,
    "0.004418701": 66,
    "0.0052952244": 16,
    "0.0061717478": 0,
    "0.0070482712": 1,
    "0.007924794600000002": 3,
    "0.008801318": 1
  },
  "latencyPercentiles": {
    "p10": 0.000423062,
    "p25": 0.000526849,
    "p50": 0.000598194,
    "p75": 0.000729613,
    "p90": 0.000992238,
    "p95": 0.001144843,
    "p99": 0.001497304
  },
  "rps": {
    "mean": 75872.89491401489,
    "stddev": 13749.546970793472,
    "max": 100290.85358536376,
    "percentiles": {
      "p10": 55381.493868222424,
      "p25": 65502.2008739496,
      "p50": 77459.5511835216,
      "p75": 85198.34444899412,
      "p90": 95048.9216799887,
      "p95": 96801.92635833262,
      "p99": 99260.67358353495
    }
  },
  "details": {
    "DNSDialup": {
      "average": 0.0009633868,
      "fastest": 0.000118239,
      "slowest": 0.001706664
    },
    "DNSLookup": {
      "average": 0.000018678919999999993,
      "fastest": 0.000004538,
      "slowest": 0.0005452
    }
  },
  "statusCodeDistribution": {
    "200": 758792
  },
  "errorDistribution": {}
}