{
  "summary": {
    "successRate": 1,
    "total": 10.000650526,
    "slowest": 0.007076832,
    "fastest": 0.000039194,
    "average": 0.0006574586514674659,
    "requestsPerSec": 75878.36391514358,
    "totalData": 9864829,
    "sizePerRequest": 13,
    "sizePerSec": 986418.7308968665
  },
  "responseTimeHistogram": {
    "0.000039194": 1,
    "0.0007429578": 570972,
    "0.0014467216": 178253,
    "0.0021504854000000003": 9169,
    "0.0028542492": 309,
    "0.003558013": 69,
    "0.0042617768": 54,
    "0.0049655406": 3,
    "0.0056693044": 1,
    "0.0063730682": 0,
    "0.007076832": 2
  },
  "latencyPercentiles": {
    "p10": 0.000420283,
    "p25": 0.000523192,
    "p50": 0.00059264,
    "p75": 0.000739854,
    "p90": 0.000996931,
    "p95": 0.001147923,
    "p99": 0.001502572
  },
  "rps": {
    "mean": 75851.67208622584,
    "stddev": 12168.54801328011,
    "max": 99830.31877094132,
    "percentiles": {
      "p10": 57303.24899403873,
      "p25": 67238.16438210329,
      "p50": 78367.19987389231,
      "p75": 83420.69667484773,
      "p90": 90870.30913337936,
      "p95": 94111.64161006696,
      "p99": 97762.36938126832
    }
  },
  "details": {
    "DNSDialup": {
      "average": 0.0009146400399999997,
      "fastest": 0.000095337,
      "slowest": 0.00159344
    },
    "DNSLookup": {
      "average": 0.0000069730599999999966,
      "fastest": 0.000003336,
      "slowest": 0.000031879
    }
  },
  "statusCodeDistribution": {
    "200": 758833
  },
  "errorDistribution": {}
}