{
  "summary": {
    "successRate": 1,
    "total": 10.000271422,
    "slowest": 0.004635952,
    "fastest": 0.00003773,
    "average": 0.0006150535687348747,
    "requestsPerSec": 81134.1978393754,
    "totalData": 10547732,
    "sizePerRequest": 13,
    "sizePerSec": 1054744.57191188
  },
  "responseTimeHistogram": {
    "0.00003773": 1,
    "0.0004975522": 266464,
    "0.0009573744": 471533,
    "0.0014171966": 63122,
    "0.0018770187999999999": 9247,
    "0.002336841": 886,
    "0.0027966632": 48,
    "0.0032564854": 43,
    "0.0037163076": 2,
    "0.004176129799999999": 0,
    "0.004635952": 18
  },
  "latencyPercentiles": {
    "p10": 0.000357676,
    "p25": 0.000461429,
    "p50": 0.00057194,
    "p75": 0.000709902,
    "p90": 0.000940211,
    "p95": 0.001049174,
    "p99": 0.001473527
  },
  "rps": {
    "mean": 81138.96258638923,
    "stddev": 15036.75494499542,
    "max": 98644.1716307829,
    "percentiles": {
      "p10": 56415.00321876735,
      "p25": 68417.58331891238,
      "p50": 87255.68533473661,
      "p75": 93525.41085413196,
      "p90": 96013.16340470243,
      "p95": 97019.94730116315,
      "p99": 98010.73217517533
    }
  },
  "details": {
    "DNSDialup": {
      "average": 0.0008483361399999996,
      "fastest": 0.000120244,
      "slowest": 0.001360822
    },
    "DNSLookup": {
      "average": 0.000008530059999999999,
      "fastest": 0.000004669,
      "slowest": 0.000033082
    }
  },
  "statusCodeDistribution": {
    "200": 811364
  },
  "errorDistribution": {}
}