{
  "summary": {
    "successRate": 1,
    "total": 10.000568387,
    "slowest": 0.005565243,
    "fastest": 0.000032541,
    "average": 0.0006349169119080245,
    "requestsPerSec": 78563.43455651228,
    "totalData": 10213827,
    "sizePerRequest": 13,
    "sizePerSec": 1021324.6492346596
  },
  "responseTimeHistogram": {
    "0.000032541": 1,
    "0.0005858112000000001": 401438,
    "0.0011390814000000003": 352579,
    "0.0016923516000000003": 28231,
    "0.0022456218000000004": 3292,
    "0.0027988920000000003": 87,
    "0.0033521622000000006": 28,
    "0.003905432400000001": 19,
    "0.0044587026": 1,
    "0.0050119728": 0,
    "0.005565243": 3
  },
  "latencyPercentiles": {
    "p10": 0.000380251,
    "p25": 0.000468845,
    "p50": 0.000580564,
    "p75": 0.000747846,
    "p90": 0.000968268,
    "p95": 0.001091952,
    "p99": 0.00150197
  },
  "rps": {
    "mean": 78560.99456238648,
    "stddev": 12261.250326894207,
    "max": 98238.1424759516,
    "percentiles": {
      "p10": 59447.498551340235,
      "p25": 70339.84752362198,
      "p50": 81706.67543538199,
      "p75": 88051.37797904931,
      "p90": 92438.54687404817,
      "p95": 94406.72369114745,
      "p99": 96312.19312365097
    }
  },
  "details": {
    "DNSDialup": {
      "average": 0.00062583846,
      "fastest": 0.000085057,
      "slowest": 0.000906878
    },
    "DNSLookup": {
      "average": 0.000007544740000000001,
      "fastest": 0.000003176,
      "slowest": 0.000039405
    }
  },
  "statusCodeDistribution": {
    "200": 785679
  },
  "errorDistribution": {}
}