{
  "summary": {
    "successRate": 1,
    "total": 10.00037886,
    "slowest": 0.005271247,
    "fastest": 0.000036472,
    "average": 0.000622541890120603,
    "requestsPerSec": 80157.56315056248,
    "totalData": 10420878,
    "sizePerRequest": 13,
    "sizePerSec": 1042048.3209573122
  },
  "responseTimeHistogram": {
    "0.000036472": 1,
    "0.0005599495": 322524,
    "0.001083427": 440996,
    "0.0016069045": 34651,
    "0.002130382": 3285,
    "0.0026538595000000003": 117,
    "0.003177337": 22,
    "0.0037008145": 6,
    "0.004224292": 3,
    "0.0047477695": 0,
    "0.005271247000000001": 1
  },
  "latencyPercentiles": {
    "p10": 0.000395478,
    "p25": 0.000486656,
    "p50": 0.000584941,
    "p75": 0.00067874,
    "p90": 0.00093157,
    "p95": 0.001070066,
    "p99": 0.001400037
  },
  "rps": {
    "mean": 80150.31251288623,
    "stddev": 13791.119721714274,
    "max": 100063.77558709015,
    "percentiles": {
      "p10": 57857.11191635613,
      "p25": 72264.24291195135,
      "p50": 79196.62939144712,
      "p75": 92729.40953540549,
      "p90": 96539.20457097243,
      "p95": 97617.14157006252,
      "p99": 99423.26504402011
    }
  },
  "details": {
    "DNSDialup": {
      "average": 0.0009632934600000002,
      "fastest": 0.000098168,
      "slowest": 0.002032109
    },
    "DNSLookup": {
      "average": 0.00000945788,
      "fastest": 0.000004688,
      "slowest": 0.000029355
    }
  },
  "statusCodeDistribution": {
    "200": 801606
  },
  "errorDistribution": {}
}