{
  "summary": {
    "successRate": 1,
    "total": 10.000930155,
    "slowest": 0.004294357,
    "fastest": 0.000038384,
    "average": 0.0006467470577967323,
    "requestsPerSec": 77132.125516779,
    "totalData": 10028109,
    "sizePerRequest": 13,
    "sizePerSec": 1002717.6317181268
  },
  "responseTimeHistogram": {
    "0.000038384": 1,
    "0.0004639813": 125880,
    "0.0008895786000000001": 532696,
    "0.0013151759000000001": 98031,
    "0.0017407732000000002": 12402,
    "0.0021663705": 2198,
    "0.0025919678": 93,
    "0.0030175651000000003": 36,
    "0.0034431624": 18,
    "0.0038687597": 20,
    "0.004294357": 18
  },
  "latencyPercentiles": {
    "p10": 0.000416133,
    "p25": 0.000514396,
    "p50": 0.000588108,
    "p75": 0.000717558,
    "p90": 0.000983695,
    "p95": 0.001131824,
    "p99": 0.001467117
  },
  "rps": {
    "mean": 77129.69712558479,
    "stddev": 10624.668936226792,
    "max": 97801.01503984617,
    "percentiles": {
      "p10": 59778.1300159298,
      "p25": 72410.73851252072,
      "p50": 78610.34512142382,
      "p75": 83605.81060383686,
      "p90": 89917.19807597184,
      "p95": 92821.8502635518,
      "p99": 96094.95758130243
    }
  },
  "details": {
    "DNSDialup": {
      "average": 0.0005680289999999997,
      "fastest": 0.000087163,
      "slowest": 0.000826748
    },
    "DNSLookup": {
      "average": 0.000007916080000000004,
      "fastest": 0.000003266,
      "slowest": 0.000029155
    }
  },
  "statusCodeDistribution": {
    "200": 771393
  },
  "errorDistribution": {}
}