{
  "summary": {
    "successRate": 1,
    "total": 10.000430873,
    "slowest": 0.005776878,
    "fastest": 0.000035856,
    "average": 0.0006436031505970799,
    "requestsPerSec": 77514.76009827721,
    "totalData": 10077353,
    "sizePerRequest": 13,
    "sizePerSec": 1007691.8812776038
  },
  "responseTimeHistogram": {
    "0.000035856": 1,
    "0.0006099582": 427241,
    "0.0011840604": 322587,
    "0.0017581626": 23118,
    "0.0023322648": 2094,
    "0.002906367": 108,
    "0.0034804692": 28,
    "0.0040545714": 2,
    "0.0046286736": 1,
    "0.0052027758": 0,
    "0.005776878": 1
  },
  "latencyPercentiles": {
    "p10": 0.000380694,
    "p25": 0.000475772,
    "p50": 0.000588561,
    "p75": 0.000778404,
    "p90": 0.000964969,
    "p95": 0.001087404,
    "p99": 0.001503557
  },
  "rps": {
    "mean": 77506.73052744291,
    "stddev": 15192.211834919164,
    "max": 99520.77993884904,
    "percentiles": {
      "p10": 56750.13247546747,
      "p25": 61820.461057402514,
      "p50": 79513.61700734173,
      "p75": 91813.94653847712,
      "p90": 95537.31687597271,
      "p95": 96839.74303054453,
      "p99": 98554.1062043033
    }
  },
  "details": {
    "DNSDialup": {
      "average": 0.0008126093599999999,
      "fastest": 0.000087532,
      "slowest": 0.001773051
    },
    "DNSLookup": {
      "average": 0.00003968886,
      "fastest": 0.000003627,
      "slowest": 0.001663057
    }
  },
  "statusCodeDistribution": {
    "200": 775181
  },
  "errorDistribution": {}
}