{
  "summary": {
    "successRate": 1,
    "total": 10.000476781,
    "slowest": 0.003347199,
    "fastest": 0.000042109,
    "average": 0.0006572878829793358,
    "requestsPerSec": 75903.48106623937,
    "totalData": 9867923,
    "sizePerRequest": 13,
    "sizePerSec": 986745.2538611119
  },
  "responseTimeHistogram": {
    "0.000042109": 1,
    "0.000372618": 63410,
    "0.000703127": 433907,
    "0.0010336359999999999": 209088,
    "0.001364145": 37912,
    "0.001694654": 11066,
    "0.0020251629999999995": 3502,
    "0.0023556719999999996": 127,
    "0.0026861809999999997": 24,
    "0.00301669": 17,
    "0.003347199": 17
  },
  "latencyPercentiles": {
    "p10": 0.000389156,
    "p25": 0.000478483,
    "p50": 0.000600884,
    "p75": 0.000812437,
    "p90": 0.000979549,
    "p95": 0.001094223,
    "p99": 0.00154189
  },
  "rps": {
    "mean": 75919.82971866947,
    "stddev": 14767.03034869373,
    "max": 100314.45879748049,
    "percentiles": {
      "p10": 56217.95039155849,
      "p25": 61803.892343027066,
      "p50": 76524.21991560386,
      "p75": 90332.38415972293,
      "p90": 95147.803280106,
      "p95": 96723.50381142714,
      "p99": 98627.85250554814
    }
  },
  "details": {
    "DNSDialup": {
      "average": 0.0007619392800000003,
      "fastest": 0.000074328,
      "slowest": 0.001811591
    },
    "DNSLookup": {
      "average": 0.0000067818600000000025,
      "fastest": 0.000003627,
      "slowest": 0.000025347
    }
  },
  "statusCodeDistribution": {
    "200": 759071
  },
  "errorDistribution": {}
}