{
  "summary": {
    "successRate": 1,
    "total": 10.000435477,
    "slowest": 0.00605012,
    "fastest": 0.0000429,
    "average": 0.0006477006443205105,
    "requestsPerSec": 77040.4450658104,
    "totalData": 10015694,
    "sizePerRequest": 13,
    "sizePerSec": 1001525.7858555353
  },
  "responseTimeHistogram": {
    "0.0000429": 1,
    "0.0006436219999999999": 469316,
    "0.0012443439999999999": 278997,
    "0.0018450659999999998": 19939,
    "0.0024457879999999995": 1998,
    "0.0030465099999999992": 130,
    "0.0036472319999999994": 51,
    "0.004247954": 5,
    "0.004848676": 0,
    "0.005449397999999999": 0,
    "0.006050119999999999": 1
  },
  "latencyPercentiles": {
    "p10": 0.000372414,
    "p25": 0.000482241,
    "p50": 0.000600238,
    "p75": 0.000761659,
    "p90": 0.000984525,
    "p95": 0.00110004,
    "p99": 0.001555219
  },
  "rps": {
    "mean": 77041.00828442822,
    "stddev": 15285.082236951224,
    "max": 98336.02969787657,
    "percentiles": {
      "p10": 54495.10485699654,
      "p25": 62752.18219458513,
      "p50": 80124.9028198019,
      "p75": 91124.11143988484,
      "p90": 94483.43521242589,
      "p95": 95564.34347245975,
      "p99": 96877.80679879016
    }
  },
  "details": {
    "DNSDialup": {
      "average": 0.0009735541,
      "fastest": 0.000099816,
      "slowest": 0.002100986
    },
    "DNSLookup": {
      "average": 0.000033625839999999995,
      "fastest": 0.000003937,
      "slowest": 0.001150152
    }
  },
  "statusCodeDistribution": {
    "200": 770438
  },
  "errorDistribution": {}
}