{
  "summary": {
    "successRate": 1,
    "total": 10.000439715,
    "slowest": 0.006339824,
    "fastest": 0.000042639,
    "average": 0.000650856064083391,
    "requestsPerSec": 76656.12931500982,
    "totalData": 9965735,
    "sizePerRequest": 13,
    "sizePerSec": 996529.6810951277
  },
  "responseTimeHistogram": {
    "0.000042639": 1,
    "0.0006723575": 549527,
    "0.0013020759999999999": 202945,
    "0.0019317944999999999": 13376,
    "0.002561513": 580,
    "0.0031912315000000003": 87,
    "0.00382095": 61,
    "0.004450668499999999": 16,
    "0.005080387": 1,
    "0.0057101055": 0,
    "0.006339824": 1
  },
  "latencyPercentiles": {
    "p10": 0.000410765,
    "p25": 0.000534762,
    "p50": 0.000607781,
    "p75": 0.000704074,
    "p90": 0.000962923,
    "p95": 0.001146428,
    "p99": 0.00143065
  },
  "rps": {
    "mean": 76654.5629938802,
    "stddev": 12029.177700260741,
    "max": 97254.31653578545,
    "percentiles": {
      "p10": 56803.87402420826,
      "p25": 74729.44340069509,
      "p50": 76139.78303662979,
      "p75": 85457.74379748171,
      "p90": 92270.30997619448,
      "p95": 94109.41094109743,
      "p99": 95767.9952766435
    }
  },
  "details": {
    "DNSDialup": {
      "average": 0.0009324676199999999,
      "fastest": 0.000091962,
      "slowest": 0.001894962
    },
    "DNSLookup": {
      "average": 0.00002850316,
      "fastest": 0.000003586,
      "slowest": 0.001048678
    }
  },
  "statusCodeDistribution": {
    "200": 766595
  },
  "errorDistribution": {}
}