{
  "summary": {
    "successRate": 1,
    "total": 10.001231837,
    "slowest": 0.00462216,
    "fastest": 0.000037602,
    "average": 0.0006408679525107066,
    "requestsPerSec": 77829.01273424404,
    "totalData": 10119018,
    "sizePerRequest": 13,
    "sizePerSec": 1011777.1655451725
  },
  "responseTimeHistogram": {
    "0.000037602": 1,
    "0.0004960578": 242609,
    "0.0009545135999999999": 442768,
    "0.0014129694": 79997,
    "0.0018714252": 11405,
    "0.002329881": 1449,
    "0.0027883367999999996": 73,
    "0.0032467926": 34,
    "0.0037052483999999997": 20,
    "0.0041637042": 16,
    "0.00462216": 14
  },
  "latencyPercentiles": {
    "p10": 0.000379857,
    "p25": 0.000468694,
    "p50": 0.000582515,
    "p75": 0.000757252,
    "p90": 0.000988592,
    "p95": 0.001110758,
    "p99": 0.001537012
  },
  "rps": {
    "mean": 77813.25452757254,
    "stddev": 13017.592040479958,
    "max": 99639.45722506018,
    "percentiles": {
      "p10": 57342.99577822807,
      "p25": 68792.50058098062,
      "p50": 81604.83916696609,
      "p75": 87660.49191777901,
      "p90": 91928.95762164825,
      "p95": 94564.93332870584,
      "p99": 97182.43522246768
    }
  },
  "details": {
    "DNSDialup": {
      "average": 0.0005895022399999996,
      "fastest": 0.000107791,
      "slowest": 0.000928949
    },
    "DNSLookup": {
      "average": 0.000007084560000000001,
      "fastest": 0.000003426,
      "slowest": 0.00003178
    }
  },
  "statusCodeDistribution": {
    "200": 778386
  },
  "errorDistribution": {}
}