{
  "summary": {
    "successRate": 1,
    "total": 10.000362654,
    "slowest": 0.005294414,
    "fastest": 0.000037428,
    "average": 0.0006388281474963527,
    "requestsPerSec": 78101.46761903621,
    "totalData": 10153559,
    "sizePerRequest": 13,
    "sizePerSec": 1015319.0790474707
  },
  "responseTimeHistogram": {
    "0.000037428": 1,
    "0.0005631266": 342782,
    "0.0010888252": 400841,
    "0.0016145238": 32237,
    "0.0021402224": 4904,
    "0.002665921": 119,
    "0.0031916196": 85,
    "0.0037173182": 63,
    "0.0042430168": 9,
    "0.0047687154": 1,
    "0.005294414": 1
  },
  "latencyPercentiles": {
    "p10": 0.000378195,
    "p25": 0.000475089,
    "p50": 0.000585756,
    "p75": 0.000761914,
    "p90": 0.000961451,
    "p95": 0.00107969,
    "p99": 0.001514894
  },
  "rps": {
    "mean": 78116.25105511212,
    "stddev": 15586.549111869806,
    "max": 99147.86133739058,
    "percentiles": {
      "p10": 55989.471174939514,
      "p25": 62137.51031031708,
      "p50": 80569.9011117345,
      "p75": 92557.12625832012,
      "p90": 96066.42032301414,
      "p95": 97337.95206751078,
      "p99": 98475.97421410574
    }
  },
  "details": {
    "DNSDialup": {
      "average": 0.0010545836599999997,
      "fastest": 0.000137397,
      "slowest": 0.002034118
    },
    "DNSLookup": {
      "average": 0.000015298300000000002,
      "fastest": 0.000004528,
      "slowest": 0.000130755
    }
  },
  "statusCodeDistribution": {
    "200": 781043
  },
  "errorDistribution": {}
}