{
  "summary": {
    "successRate": 1,
    "total": 10.000778355,
    "slowest": 0.005627139,
    "fastest": 0.00004431,
    "average": 0.0006373182480695878,
    "requestsPerSec": 78266.7080716439,
    "totalData": 10175464,
    "sizePerRequest": 13,
    "sizePerSec": 1017467.2049313706
  },
  "responseTimeHistogram": {
    "0.00004431": 1,
    "0.0006025929": 427975,
    "0.0011608758": 322071,
    "0.0017191587": 29363,
    "0.0022774416": 3140,
    "0.0028357245": 101,
    "0.0033940074": 45,
    "0.0039522902999999995": 14,
    "0.0045105731999999996": 17,
    "0.0050688561": 0,
    "0.005627139": 1
  },
  "latencyPercentiles": {
    "p10": 0.00037993,
    "p25": 0.000472502,
    "p50": 0.000584063,
    "p75": 0.000737438,
    "p90": 0.000983761,
    "p95": 0.001120276,
    "p99": 0.001528471
  },
  "rps": {
    "mean": 78264.5165313687,
    "stddev": 12049.433339899055,
    "max": 98320.74567734492,
    "percentiles": {
      "p10": 60736.06092368205,
      "p25": 72142.513583256,
      "p50": 80163.79194877573,
      "p75": 87213.68224286374,
      "p90": 91929.91399400854,
      "p95": 93955.14459065055,
      "p99": 96547.36613782524
    }
  },
  "details": {
    "DNSDialup": {
      "average": 0.00098096402,
      "fastest": 0.000153016,
      "slowest": 0.001428706
    },
    "DNSLookup": {
      "average": 0.00001031306,
      "fastest": 0.000004649,
      "slowest": 0.000043792
    }
  },
  "statusCodeDistribution": {
    "200": 782728
  },
  "errorDistribution": {}
}