{
  "summary": {
    "successRate": 1,
    "total": 10.000463847,
    "slowest": 0.006645835,
    "fastest": 0.000036849,
    "average": 0.000642259080492605,
    "requestsPerSec": 77675.59704073393,
    "totalData": 10098296,
    "sizePerRequest": 13,
    "sizePerSec": 1009782.7615295412
  },
  "responseTimeHistogram": {
    "0.000036849": 1,
    "0.0006977476000000001": 525240,
    "0.0013586462": 237476,
    "0.0020195447999999997": 13644,
    "0.0026804434": 245,
    "0.003341342": 112,
    "0.0040022406": 66,
    "0.0046631392": 3,
    "0.0053240378000000005": 4,
    "0.005984936400000001": 0,
    "0.006645835000000001": 1
  },
  "latencyPercentiles": {
    "p10": 0.000378471,
    "p25": 0.000469512,
    "p50": 0.000585341,
    "p75": 0.000782629,
    "p90": 0.000967148,
    "p95": 0.001091851,
    "p99": 0.001517962
  },
  "rps": {
    "mean": 77669.60757202888,
    "stddev": 15689.818974856898,
    "max": 101431.10892110568,
    "percentiles": {
      "p10": 56880.047280397375,
      "p25": 61625.91008263655,
      "p50": 80757.36195419561,
      "p75": 92229.59647750293,
      "p90": 96264.00403105587,
      "p95": 97828.2136568202,
      "p99": 99651.18056421586
    }
  },
  "details": {
    "DNSDialup": {
      "average": 0.00093896904,
      "fastest": 0.000100108,
      "slowest": 0.002000928
    },
    "DNSLookup": {
      "average": 0.000009366080000000002,
      "fastest": 0.000004689,
      "slowest": 0.000027041
    }
  },
  "statusCodeDistribution": {
    "200": 776792
  },
  "errorDistribution": {}
}