{
  "summary": {
    "successRate": 1,
    "total": 10.00037202,
    "slowest": 0.00675737,
    "fastest": 0.000037644,
    "average": 0.0006368506986399053,
    "requestsPerSec": 78344.88541357285,
    "totalData": 10185214,
    "sizePerRequest": 13,
    "sizePerSec": 1018483.5103764469
  },
  "responseTimeHistogram": {
    "0.000037644": 1,
    "0.0007096166": 564267,
    "0.0013815892000000002": 206742,
    "0.0020535618": 12191,
    "0.0027255344": 149,
    "0.003397507": 50,
    "0.0040694796": 25,
    "0.0047414522": 3,
    "0.0054134248": 1,
    "0.0060853974": 33,
    "0.00675737": 16
  },
  "latencyPercentiles": {
    "p10": 0.000384445,
    "p25": 0.000476596,
    "p50": 0.000585582,
    "p75": 0.000745338,
    "p90": 0.000963646,
    "p95": 0.001088342,
    "p99": 0.001489319
  },
  "rps": {
    "mean": 78313.56307033903,
    "stddev": 14695.854460176506,
    "max": 99222.90153123254,
    "percentiles": {
      "p10": 57509.362524218435,
      "p25": 64405.41649552776,
      "p50": 80234.46493979235,
      "p75": 92019.43733653013,
      "p90": 95855.10710107072,
      "p95": 97230.78326598353,
      "p99": 98186.36754423099
    }
  },
  "details": {
    "DNSDialup": {
      "average": 0.0011256540999999998,
      "fastest": 0.000142749,
      "slowest": 0.001984725
    },
    "DNSLookup": {
      "average": 0.000026491099999999994,
      "fastest": 0.000004198,
      "slowest": 0.000650306
    }
  },
  "statusCodeDistribution": {
    "200": 783478
  },
  "errorDistribution": {}
}