{
  "summary": {
    "successRate": 1,
    "total": 10.000494998,
    "slowest": 0.003404132,
    "fastest": 0.000037191,
    "average": 0.0006356380883314976,
    "requestsPerSec": 78498.11435903884,
    "totalData": 10205260,
    "sizePerRequest": 13,
    "sizePerSec": 1020475.486667505
  },
  "responseTimeHistogram": {
    "0.000037191": 1,
    "0.0003738851": 73932,
    "0.0007105792": 487076,
    "0.0010472733": 177349,
    "0.0013839674": 34010,
    "0.0017206615": 9821,
    "0.0020573555999999996": 2582,
    "0.0023940497": 118,
    "0.0027307437999999997": 81,
    "0.0030674378999999996": 13,
    "0.003404132": 37
  },
  "latencyPercentiles": {
    "p10": 0.000379688,
    "p25": 0.000472893,
    "p50": 0.000584922,
    "p75": 0.000751093,
    "p90": 0.00095908,
    "p95": 0.00108153,
    "p99": 0.001506513
  },
  "rps": {
    "mean": 78500.79701577104,
    "stddev": 15317.42059011823,
    "max": 99017.79349748837,
    "percentiles": {
      "p10": 56011.64482095785,
      "p25": 63239.11971945852,
      "p50": 81129.15721666176,
      "p75": 92621.20120506197,
      "p90": 95918.47389807414,
      "p95": 97191.6809126048,
      "p99": 98141.52629621362
    }
  },
  "details": {
    "DNSDialup": {
      "average": 0.0008262860199999999,
      "fastest": 0.000164969,
      "slowest": 0.001886152
    },
    "DNSLookup": {
      "average": 0.0000116915,
      "fastest": 0.000004088,
      "slowest": 0.000031689
    }
  },
  "statusCodeDistribution": {
    "200": 785020
  },
  "errorDistribution": {}
}