{
  "summary": {
    "successRate": 1,
    "total": 10.000541085,
    "slowest": 0.004268026,
    "fastest": 0.000036088,
    "average": 0.0006272100300539948,
    "requestsPerSec": 79565.7948141913,
    "totalData": 10344113,
    "sizePerRequest": 13,
    "sizePerSec": 1034355.3325844868
  },
  "responseTimeHistogram": {
    "0.000036088": 1,
    "0.0004592818": 173477,
    "0.0008824756000000001": 514285,
    "0.0013056694000000003": 94097,
    "0.0017288632000000003": 12021,
    "0.002152057": 1618,
    "0.0025752508000000006": 68,
    "0.0029984446000000005": 71,
    "0.0034216384000000004": 37,
    "0.0038448322000000004": 24,
    "0.004268026": 2
  },
  "latencyPercentiles": {
    "p10": 0.000387084,
    "p25": 0.000474586,
    "p50": 0.000580476,
    "p75": 0.000735601,
    "p90": 0.000931297,
    "p95": 0.001033672,
    "p99": 0.001452227
  },
  "rps": {
    "mean": 79575.97232762989,
    "stddev": 13406.82717879507,
    "max": 100406.80758155425,
    "percentiles": {
      "p10": 60654.632921170276,
      "p25": 68639.93471401802,
      "p50": 80537.43295107214,
      "p75": 91973.56965836487,
      "p90": 96708.31691525776,
      "p95": 97825.09554484687,
      "p99": 99438.78112463467
    }
  },
  "details": {
    "DNSDialup": {
      "average": 0.0010897914599999996,
      "fastest": 0.000111078,
      "slowest": 0.001681632
    },
    "DNSLookup": {
      "average": 0.000013760340000000006,
      "fastest": 0.000004178,
      "slowest": 0.000161853
    }
  },
  "statusCodeDistribution": {
    "200": 795701
  },
  "errorDistribution": {}
}