{
  "summary": {
    "successRate": 1,
    "total": 10.000122476,
    "slowest": 0.003567578,
    "fastest": 0.000034626,
    "average": 0.0006408854181098379,
    "requestsPerSec": 77855.1464613082,
    "totalData": 10121293,
    "sizePerRequest": 13,
    "sizePerSec": 1012116.9039970066
  },
  "responseTimeHistogram": {
    "0.000034626": 1,
    "0.0003879212": 83862,
    "0.0007412164": 479690,
    "0.0010945116": 177705,
    "0.0014478068": 26329,
    "0.0018011020000000002": 9127,
    "0.0021543972": 1695,
    "0.0025076924": 51,
    "0.0028609876": 58,
    "0.0032142828": 26,
    "0.003567578": 17
  },
  "latencyPercentiles": {
    "p10": 0.000381119,
    "p25": 0.000468224,
    "p50": 0.000583025,
    "p75": 0.000776056,
    "p90": 0.000972397,
    "p95": 0.001084607,
    "p99": 0.001531152
  },
  "rps": {
    "mean": 77847.25663211558,
    "stddev": 15869.011252266486,
    "max": 100448.12696322825,
    "percentiles": {
      "p10": 56420.66124614775,
      "p25": 61429.39396501225,
      "p50": 81313.84774827071,
      "p75": 92720.85291981962,
      "p90": 96324.03646175032,
      "p95": 97716.17202647182,
      "p99": 99614.01820523788
    }
  },
  "details": {
    "DNSDialup": {
      "average": 0.0007750208600000002,
      "fastest": 0.000079628,
      "slowest": 0.001901186
    },
    "DNSLookup": {
      "average": 0.00000764324,
      "fastest": 0.000004128,
      "slowest": 0.000027962
    }
  },
  "statusCodeDistribution": {
    "200": 778561
  },
  "errorDistribution": {}
}