{
  "summary": {
    "successRate": 1,
    "total": 10.000362012,
    "slowest": 0.00459564,
    "fastest": 0.000044365,
    "average": 0.000645121539890159,
    "requestsPerSec": 77338.3002607246,
    "totalData": 10054343,
    "sizePerRequest": 13,
    "sizePerSec": 1005397.9033894198
  },
  "responseTimeHistogram": {
    "0.000044365": 1,
    "0.0004994925": 237722,
    "0.0009546199999999999": 447858,
    "0.0014097474999999998": 74672,
    "0.0018648749999999998": 11553,
    "0.0023200025": 1448,
    "0.00277513": 88,
    "0.0032302575": 42,
    "0.003685385": 26,
    "0.0041405125": 0,
    "0.00459564": 1
  },
  "latencyPercentiles": {
    "p10": 0.000377868,
    "p25": 0.000472338,
    "p50": 0.000588989,
    "p75": 0.000784582,
    "p90": 0.000973043,
    "p95": 0.001077086,
    "p99": 0.001558689
  },
  "rps": {
    "mean": 77331.51594199079,
    "stddev": 15673.828891907551,
    "max": 99758.26880481219,
    "percentiles": {
      "p10": 55456.72318817577,
      "p25": 61207.595862651164,
      "p50": 80756.49724545836,
      "p75": 91960.55602614368,
      "p90": 95706.22090435702,
      "p95": 97161.45863162207,
      "p99": 98738.15255285749
    }
  },
  "details": {
    "DNSDialup": {
      "average": 0.0008742337,
      "fastest": 0.000106547,
      "slowest": 0.001936533
    },
    "DNSLookup": {
      "average": 0.00000915082,
      "fastest": 0.000004158,
      "slowest": 0.000051245
    }
  },
  "statusCodeDistribution": {
    "200": 773411
  },
  "errorDistribution": {}
}