{
  "summary": {
    "successRate": 1,
    "total": 10.000308957,
    "slowest": 0.004772865,
    "fastest": 0.000037654,
    "average": 0.0006336791212985436,
    "requestsPerSec": 78717.36797181435,
    "totalData": 10233574,
    "sizePerRequest": 13,
    "sizePerSec": 1023325.7836335866
  },
  "responseTimeHistogram": {
    "0.000037654": 1,
    "0.0005111751": 277840,
    "0.0009846962": 446788,
    "0.0014582173000000003": 53023,
    "0.0019317384000000003": 9107,
    "0.0024052595": 315,
    "0.0028787806000000003": 83,
    "0.0033523017": 22,
    "0.0038258228000000003": 15,
    "0.0042993439000000005": 2,
    "0.004772865": 2
  },
  "latencyPercentiles": {
    "p10": 0.000374804,
    "p25": 0.000465024,
    "p50": 0.000580221,
    "p75": 0.00076798,
    "p90": 0.00094744,
    "p95": 0.001069128,
    "p99": 0.001503947
  },
  "rps": {
    "mean": 78697.68616871517,
    "stddev": 15370.571412138273,
    "max": 101383.37768981315,
    "percentiles": {
      "p10": 57506.65351981236,
      "p25": 62983.724264657074,
      "p50": 82409.01398216288,
      "p75": 92829.19478175243,
      "p90": 96543.37545175785,
      "p95": 98026.05532550423,
      "p99": 100143.54241223895
    }
  },
  "details": {
    "DNSDialup": {
      "average": 0.00088193724,
      "fastest": 0.000086292,
      "slowest": 0.001611734
    },
    "DNSLookup": {
      "average": 0.000007784599999999997,
      "fastest": 0.000003386,
      "slowest": 0.000029375
    }
  },
  "statusCodeDistribution": {
    "200": 787198
  },
  "errorDistribution": {}
}