{
  "summary": {
    "successRate": 1,
    "total": 10.00209507,
    "slowest": 0.028739805,
    "fastest": 0.000039905,
    "average": 0.000656194654195423,
    "requestsPerSec": 76012.57483348437,
    "totalData": 9883705,
    "sizePerRequest": 13,
    "sizePerSec": 988163.4728352968
  },
  "responseTimeHistogram": {
    "0.000039905": 1,
    "0.002909895": 760176,
    "0.005779885": 58,
    "0.008649875000000001": 0,
    "0.011519865": 0,
    "0.014389855": 0,
    "0.017259845000000003": 0,
    "0.020129835000000002": 0,
    "0.022999825": 0,
    "0.025869815": 45,
    "0.028739805": 5
  },
  "latencyPercentiles": {
    "p10": 0.00040026,
    "p25": 0.000497038,
    "p50": 0.000594283,
    "p75": 0.000757773,
    "p90": 0.000999422,
    "p95": 0.001143331,
    "p99": 0.001537536
  },
  "rps": {
    "mean": 76117.83618474081,
    "stddev": 12591.34896642273,
    "max": 99729.01771627928,
    "percentiles": {
      "p10": 56928.23070960488,
      "p25": 68551.17345097908,
      "p50": 77907.28612372174,
      "p75": 85406.40548040996,
      "p90": 90859.9130266459,
      "p95": 93902.41604803286,
      "p99": 97515.1538549091
    }
  },
  "details": {
    "DNSDialup": {
      "average": 0.0006798633200000002,
      "fastest": 0.000107601,
      "slowest": 0.001041651
    },
    "DNSLookup": {
      "average": 0.00002231778,
      "fastest": 0.000003647,
      "slowest": 0.000738426
    }
  },
  "statusCodeDistribution": {
    "200": 760285
  },
  "errorDistribution": {}
}