{
  "summary": {
    "successRate": 1,
    "total": 10.000653038,
    "slowest": 0.004192641,
    "fastest": 0.000037226,
    "average": 0.000638572480859257,
    "requestsPerSec": 78113.59888516113,
    "totalData": 10155431,
    "sizePerRequest": 13,
    "sizePerSec": 1015476.7855070947
  },
  "responseTimeHistogram": {
    "0.000037226": 1,
    "0.0004527675000000001": 161819,
    "0.0008683090000000002": 488885,
    "0.0012838505000000002": 111828,
    "0.0016993920000000003": 15196,
    "0.0021149335000000004": 3261,
    "0.0025304750000000003": 115,
    "0.0029460165000000007": 34,
    "0.0033615580000000006": 14,
    "0.0037770995000000005": 17,
    "0.004192641": 17
  },
  "latencyPercentiles": {
    "p10": 0.000383004,
    "p25": 0.000473493,
    "p50": 0.000584597,
    "p75": 0.000749468,
    "p90": 0.00097443,
    "p95": 0.001098138,
    "p99": 0.001515216
  },
  "rps": {
    "mean": 78085.99761454364,
    "stddev": 12402.334942658395,
    "max": 98556.24120918948,
    "percentiles": {
      "p10": 58349.918355153226,
      "p25": 70218.16543940689,
      "p50": 80202.81511881023,
      "p75": 87722.23551144695,
      "p90": 92610.35516071177,
      "p95": 94812.54369952713,
      "p99": 96933.2491904466
    }
  },
  "details": {
    "DNSDialup": {
      "average": 0.0005645823399999999,
      "fastest": 0.000105647,
      "slowest": 0.00092727
    },
    "DNSLookup": {
      "average": 0.000007124339999999999,
      "fastest": 0.000003327,
      "slowest": 0.000029726
    }
  },
  "statusCodeDistribution": {
    "200": 781187
  },
  "errorDistribution": {}
}