{
  "summary": {
    "successRate": 1,
    "total": 10.000336246,
    "slowest": 0.004068293,
    "fastest": 0.000036835,
    "average": 0.0006196056074302092,
    "requestsPerSec": 80525.39236589185,
    "totalData": 10468653,
    "sizePerRequest": 13,
    "sizePerSec": 1046830.1007565941
  },
  "responseTimeHistogram": {
    "0.000036835": 1,
    "0.0004399808": 172119,
    "0.0008431266": 497578,
    "0.0012462724": 117761,
    "0.0016494182": 13959,
    "0.0020525639999999998": 3730,
    "0.0024557097999999998": 72,
    "0.0028588555999999998": 29,
    "0.0032620013999999998": 14,
    "0.0036651471999999997": 13,
    "0.004068293": 5
  },
  "latencyPercentiles": {
    "p10": 0.000355674,
    "p25": 0.000459217,
    "p50": 0.000576101,
    "p75": 0.000734752,
    "p90": 0.000936564,
    "p95": 0.001044559,
    "p99": 0.001479037
  },
  "rps": {
    "mean": 80520.06586477695,
    "stddev": 15228.175855170039,
    "max": 100740.02615815509,
    "percentiles": {
      "p10": 56813.4564725762,
      "p25": 65020.58551737582,
      "p50": 85697.16346398549,
      "p75": 93995.80479769754,
      "p90": 97067.40360506444,
      "p95": 98035.70460362115,
      "p99": 99279.00623316111
    }
  },
  "details": {
    "DNSDialup": {
      "average": 0.0008111513,
      "fastest": 0.000098163,
      "slowest": 0.001663192
    },
    "DNSLookup": {
      "average": 0.000007003079999999999,
      "fastest": 0.000003597,
      "slowest": 0.000031709
    }
  },
  "statusCodeDistribution": {
    "200": 805281
  },
  "errorDistribution": {}
}