{
  "summary": {
    "successRate": 1,
    "total": 10.000395437,
    "slowest": 0.0082007,
    "fastest": 0.000036127,
    "average": 0.0006883456742822893,
    "requestsPerSec": 72484.13370916185,
    "totalData": 9423310,
    "sizePerRequest": 13,
    "sizePerSec": 942293.738219104
  },
  "responseTimeHistogram": {
    "0.000036127": 1,
    "0.0008525842999999999": 552955,
    "0.0016690415999999998": 166293,
    "0.0024854988999999995": 5357,
    "0.0033019561999999996": 175,
    "0.0041184135": 36,
    "0.0049348707999999995": 3,
    "0.0057513281": 0,
    "0.0065677854": 0,
    "0.0073842427": 33,
    "0.0082007": 17
  },
  "latencyPercentiles": {
    "p10": 0.000407873,
    "p25": 0.000523274,
    "p50": 0.000617629,
    "p75": 0.000835338,
    "p90": 0.00103384,
    "p95": 0.001180989,
    "p99": 0.001598149
  },
  "rps": {
    "mean": 72478.44307998083,
    "stddev": 15483.054828818287,
    "max": 98541.02262772039,
    "percentiles": {
      "p10": 53597.54753651505,
      "p25": 57470.91851164721,
      "p50": 75434.5716641882,
      "p75": 87113.1366610102,
      "p90": 94224.4889446797,
      "p95": 95997.38021345389,
      "p99": 97519.04476204918
    }
  },
  "details": {
    "DNSDialup": {
      "average": 0.00100654102,
      "fastest": 0.000118257,
      "slowest": 0.001680542
    },
    "DNSLookup": {
      "average": 0.000015853540000000003,
      "fastest": 0.000004288,
      "slowest": 0.000124805
    }
  },
  "statusCodeDistribution": {
    "200": 724870
  },
  "errorDistribution": {}
}