{
  "summary": {
    "successRate": 1,
    "total": 10.000705606,
    "slowest": 0.006143606,
    "fastest": 0.000035829,
    "average": 0.0006238028764256303,
    "requestsPerSec": 79959.95797738913,
    "totalData": 10395528,
    "sizePerRequest": 13,
    "sizePerSec": 1039479.4537060588
  },
  "responseTimeHistogram": {
    "0.000035829": 1,
    "0.0006466067": 519725,
    "0.0012573844": 261193,
    "0.0018681620999999999": 17679,
    "0.0024789397999999997": 940,
    "0.0030897175": 76,
    "0.0037004951999999995": 13,
    "0.0043112729": 23,
    "0.0049220506": 5,
    "0.0055328283": 0,
    "0.006143606": 1
  },
  "latencyPercentiles": {
    "p10": 0.00037414,
    "p25": 0.000461407,
    "p50": 0.000572516,
    "p75": 0.000730399,
    "p90": 0.000949515,
    "p95": 0.001071629,
    "p99": 0.001480075
  },
  "rps": {
    "mean": 79970.78479706039,
    "stddev": 12187.319140149466,
    "max": 98915.03508533156,
    "percentiles": {
      "p10": 60713.338720516396,
      "p25": 72671.85815416352,
      "p50": 82617.30831607786,
      "p75": 89261.30466404362,
      "p90": 94114.09829192238,
      "p95": 95917.64884740197,
      "p99": 97982.20707173171
    }
  },
  "details": {
    "DNSDialup": {
      "average": 0.0009574057800000001,
      "fastest": 0.000102741,
      "slowest": 0.001664788
    },
    "DNSLookup": {
      "average": 0.00003571678000000001,
      "fastest": 0.000004419,
      "slowest": 0.000724712
    }
  },
  "statusCodeDistribution": {
    "200": 799656
  },
  "errorDistribution": {}
}