{
  "summary": {
    "successRate": 1,
    "total": 10.000387859,
    "slowest": 0.006655173,
    "fastest": 0.000035518,
    "average": 0.000623760722284106,
    "requestsPerSec": 79982.59780295988,
    "totalData": 10398141,
    "sizePerRequest": 13,
    "sizePerSec": 1039773.7714384784
  },
  "responseTimeHistogram": {
    "0.000035518": 1,
    "0.0006974835": 563945,
    "0.001359449": 222398,
    "0.0020214144999999998": 13292,
    "0.00268338": 180,
    "0.0033453455": 22,
    "0.0040073109999999995": 7,
    "0.0046692765": 10,
    "0.005331242": 1,
    "0.0059932075": 0,
    "0.006655173": 1
  },
  "latencyPercentiles": {
    "p10": 0.000357522,
    "p25": 0.000458795,
    "p50": 0.000571876,
    "p75": 0.000751027,
    "p90": 0.000950007,
    "p95": 0.001053,
    "p99": 0.001503746
  },
  "rps": {
    "mean": 79952.3130972983,
    "stddev": 16277.166407904724,
    "max": 102121.98686377003,
    "percentiles": {
      "p10": 56859.74822343325,
      "p25": 62515.184938418875,
      "p50": 85263.49274734328,
      "p75": 94777.24078500096,
      "p90": 98017.75101470831,
      "p95": 99365.86149601112,
      "p99": 101110.37208217519
    }
  },
  "details": {
    "DNSDialup": {
      "average": 0.0010372121800000002,
      "fastest": 0.000110698,
      "slowest": 0.001975366
    },
    "DNSLookup": {
      "average": 0.000009049100000000003,
      "fastest": 0.000004689,
      "slowest": 0.000030738
    }
  },
  "statusCodeDistribution": {
    "200": 799857
  },
  "errorDistribution": {}
}