{
  "summary": {
    "successRate": 1,
    "total": 10.000377139,
    "slowest": 0.004385348,
    "fastest": 0.000041949,
    "average": 0.0006490700194624059,
    "requestsPerSec": 76878.70060437328,
    "totalData": 9994608,
    "sizePerRequest": 13,
    "sizePerSec": 999423.1078568527
  },
  "responseTimeHistogram": {
    "0.000041949": 1,
    "0.00047628889999999993": 185808,
    "0.0009106287999999999": 465596,
    "0.0013449686999999996": 101333,
    "0.0017793085999999996": 13502,
    "0.0022136484999999997": 2407,
    "0.0026479883999999993": 94,
    "0.0030823282999999993": 34,
    "0.0035166681999999993": 11,
    "0.003951008099999999": 20,
    "0.004385348": 10
  },
  "latencyPercentiles": {
    "p10": 0.000380664,
    "p25": 0.00048058,
    "p50": 0.000593282,
    "p75": 0.000782836,
    "p90": 0.000980899,
    "p95": 0.001097662,
    "p99": 0.001550937
  },
  "rps": {
    "mean": 76874.12786012178,
    "stddev": 16117.361145182864,
    "max": 99953.38510298167,
    "percentiles": {
      "p10": 55469.47776802655,
      "p25": 59110.68721224886,
      "p50": 79110.35443243792,
      "p75": 91870.39386695393,
      "p90": 96312.24128586758,
      "p95": 97607.53530172666,
      "p99": 98840.61360814057
    }
  },
  "details": {
    "DNSDialup": {
      "average": 0.0008273490399999998,
      "fastest": 0.000183094,
      "slowest": 0.001290371
    },
    "DNSLookup": {
      "average": 0.00000760922,
      "fastest": 0.000004038,
      "slowest": 0.000033774
    }
  },
  "statusCodeDistribution": {
    "200": 768816
  },
  "errorDistribution": {}
}