{
  "summary": {
    "successRate": 1,
    "total": 10.000638447,
    "slowest": 0.004320529,
    "fastest": 0.000047271,
    "average": 0.0006600518831821932,
    "requestsPerSec": 75575.27491924536,
    "totalData": 9825413,
    "sizePerRequest": 13,
    "sizePerSec": 982478.5739501897
  },
  "responseTimeHistogram": {
    "0.000047271": 1,
    "0.00047459680000000004": 215873,
    "0.0009019226000000001": 413485,
    "0.0013292484000000002": 109244,
    "0.0017565742000000002": 14411,
    "0.0021839000000000003": 2571,
    "0.0026112258000000007": 120,
    "0.0030385516000000007": 57,
    "0.0034658774000000006": 20,
    "0.0038932032000000005": 12,
    "0.004320529": 7
  },
  "latencyPercentiles": {
    "p10": 0.000390626,
    "p25": 0.000459147,
    "p50": 0.000601724,
    "p75": 0.000827906,
    "p90": 0.000968697,
    "p95": 0.001097303,
    "p99": 0.001547941
  },
  "rps": {
    "mean": 75568.12413518225,
    "stddev": 12814.857511753453,
    "max": 98755.91632242278,
    "percentiles": {
      "p10": 56862.45033436022,
      "p25": 64472.860779961775,
      "p50": 77740.09056470527,
      "p75": 86444.62098847632,
      "p90": 91119.98261218713,
      "p95": 93101.8806579815,
      "p99": 95939.43837974273
    }
  },
  "details": {
    "DNSDialup": {
      "average": 0.0007508667800000002,
      "fastest": 0.000072369,
      "slowest": 0.001409657
    },
    "DNSLookup": {
      "average": 0.000007123580000000001,
      "fastest": 0.000003226,
      "slowest": 0.000029725
    }
  },
  "statusCodeDistribution": {
    "200": 755801
  },
  "errorDistribution": {}
}