{
  "summary": {
    "successRate": 1,
    "total": 10.000712438,
    "slowest": 0.005936107,
    "fastest": 0.000038172,
    "average": 0.0006226967815149963,
    "requestsPerSec": 80128.39134891241,
    "totalData": 10417433,
    "sizePerRequest": 13,
    "sizePerSec": 1041669.0875358613
  },
  "responseTimeHistogram": {
    "0.000038172": 1,
    "0.0006279655": 497217,
    "0.001217759": 283726,
    "0.0018075524999999998": 19192,
    "0.002397346": 1140,
    "0.0029871395": 38,
    "0.0035769329999999996": 11,
    "0.0041667265000000005": 15,
    "0.00475652": 0,
    "0.0053463135": 0,
    "0.005936107": 1
  },
  "latencyPercentiles": {
    "p10": 0.000375595,
    "p25": 0.00046231,
    "p50": 0.000572734,
    "p75": 0.000732994,
    "p90": 0.000942088,
    "p95": 0.001054354,
    "p99": 0.001480884
  },
  "rps": {
    "mean": 80137.75045264045,
    "stddev": 15017.445543098851,
    "max": 100010.31293469436,
    "percentiles": {
      "p10": 57260.409310642586,
      "p25": 65221.39914105754,
      "p50": 84240.07425320536,
      "p75": 93866.51381167323,
      "p90": 96773.9062321868,
      "p95": 97897.45989466114,
      "p99": 99227.2240093285
    }
  },
  "details": {
    "DNSDialup": {
      "average": 0.00098747458,
      "fastest": 0.000101332,
      "slowest": 0.002215841
    },
    "DNSLookup": {
      "average": 0.0000320568,
      "fastest": 0.000003527,
      "slowest": 0.001199641
    }
  },
  "statusCodeDistribution": {
    "200": 801341
  },
  "errorDistribution": {}
}