{
  "summary": {
    "successRate": 1,
    "total": 10.000176786,
    "slowest": 0.004266367,
    "fastest": 0.000032523,
    "average": 0.000599136653287807,
    "requestsPerSec": 83279.1277416123,
    "totalData": 10826478,
    "sizePerRequest": 13,
    "sizePerSec": 1082628.6606409599
  },
  "responseTimeHistogram": {
    "0.000032523": 1,
    "0.00045590740000000005": 213815,
    "0.0008792918000000001": 526041,
    "0.0013026762": 80209,
    "0.0017260606000000002": 11389,
    "0.0021494450000000003": 1193,
    "0.0025728294": 66,
    "0.0029962138000000004": 60,
    "0.0034195982000000003": 19,
    "0.0038429826": 11,
    "0.004266367": 2
  },
  "latencyPercentiles": {
    "p10": 0.000368561,
    "p25": 0.00045298,
    "p50": 0.000557002,
    "p75": 0.000686916,
    "p90": 0.00089748,
    "p95": 0.001019589,
    "p99": 0.001397871
  },
  "rps": {
    "mean": 83276.41576666721,
    "stddev": 14179.91660479282,
    "max": 103162.87354475254,
    "percentiles": {
      "p10": 61376.94213465761,
      "p25": 72900.20412057704,
      "p50": 85852.25826960329,
      "p75": 95931.88775949142,
      "p90": 99373.5264722369,
      "p95": 100608.45110989315,
      "p99": 101933.04669374043
    }
  },
  "details": {
    "DNSDialup": {
      "average": 0.0008837545000000001,
      "fastest": 0.000090027,
      "slowest": 0.001768421
    },
    "DNSLookup": {
      "average": 0.00000916572,
      "fastest": 0.000003446,
      "slowest": 0.000096842
    }
  },
  "statusCodeDistribution": {
    "200": 832806
  },
  "errorDistribution": {}
}