{
  "summary": {
    "successRate": 1,
    "total": 10.001535869,
    "slowest": 0.00389499,
    "fastest": 0.000057988,
    "average": 0.0006652793881994178,
    "requestsPerSec": 74979.58411811202,
    "totalData": 9748843,
    "sizePerRequest": 13,
    "sizePerSec": 974734.5935354562
  },
  "responseTimeHistogram": {
    "0.000057988": 1,
    "0.00044168820000000004": 112139,
    "0.0008253884000000001": 484917,
    "0.0012090886": 123154,
    "0.0015927888": 24042,
    "0.001976489": 4802,
    "0.0023601892000000005": 714,
    "0.0027438894000000004": 50,
    "0.0031275896000000003": 46,
    "0.0035112898": 26,
    "0.00389499": 20
  },
  "latencyPercentiles": {
    "p10": 0.00039883,
    "p25": 0.000511782,
    "p50": 0.000607517,
    "p75": 0.000762229,
    "p90": 0.00101709,
    "p95": 0.001172339,
    "p99": 0.001532411
  },
  "rps": {
    "mean": 75003.33548092048,
    "stddev": 11419.212861886348,
    "max": 101159.96762676489,
    "percentiles": {
      "p10": 56714.26363730242,
      "p25": 70402.54835192735,
      "p50": 76355.57158500119,
      "p75": 82739.79784276293,
      "p90": 88431.65556491858,
      "p95": 91255.11013558457,
      "p99": 94300.53782471933
    }
  },
  "details": {
    "DNSDialup": {
      "average": 0.0008580075800000001,
      "fastest": 0.000085058,
      "slowest": 0.001900802
    },
    "DNSLookup": {
      "average": 0.00000812298,
      "fastest": 0.000003747,
      "slowest": 0.000029244
    }
  },
  "statusCodeDistribution": {
    "200": 749911
  },
  "errorDistribution": {}
}