{
  "summary": {
    "successRate": 1,
    "total": 10.000105573,
    "slowest": 0.007953754,
    "fastest": 0.000036968,
    "average": 0.0006655279568970731,
    "requestsPerSec": 74959.30863209098,
    "totalData": 9744813,
    "sizePerRequest": 13,
    "sizePerSec": 974471.0122171827
  },
  "responseTimeHistogram": {
    "0.000036968": 1,
    "0.0008286466": 564709,
    "0.0016203252000000002": 179434,
    "0.0024120038000000005": 5279,
    "0.0032036824000000004": 98,
    "0.003995361": 26,
    "0.004787039600000001": 50,
    "0.005578718200000001": 2,
    "0.006370396800000001": 1,
    "0.0071620754000000005": 0,
    "0.007953754": 1
  },
  "latencyPercentiles": {
    "p10": 0.000393674,
    "p25": 0.00048519,
    "p50": 0.000605504,
    "p75": 0.000825024,
    "p90": 0.00098876,
    "p95": 0.001118982,
    "p99": 0.001547181
  },
  "rps": {
    "mean": 74940.48775463575,
    "stddev": 14910.181804102867,
    "max": 100784.21147636585,
    "percentiles": {
      "p10": 56483.39773675686,
      "p25": 60833.41985643111,
      "p50": 75721.82126605927,
      "p75": 89214.24751533622,
      "p90": 94765.43693254679,
      "p95": 96412.78433520085,
      "p99": 98126.54399113181
    }
  },
  "details": {
    "DNSDialup": {
      "average": 0.00092451676,
      "fastest": 0.000112841,
      "slowest": 0.002089591
    },
    "DNSLookup": {
      "average": 0.00004676506,
      "fastest": 0.000004529,
      "slowest": 0.001973678
    }
  },
  "statusCodeDistribution": {
    "200": 749601
  },
  "errorDistribution": {}
}