{
  "summary": {
    "successRate": 1,
    "total": 10.000392329,
    "slowest": 0.012708767,
    "fastest": 0.000045238,
    "average": 0.0006497365078298408,
    "requestsPerSec": 76799.08694910163,
    "totalData": 9984273,
    "sizePerRequest": 13,
    "sizePerSec": 998388.1303383212
  },
  "responseTimeHistogram": {
    "0.000045238": 1,
    "0.0013115909": 753132,
    "0.0025779438": 14764,
    "0.0038442967": 104,
    "0.0051106496": 19,
    "0.0063770025": 0,
    "0.0076433554": 0,
    "0.0089097083": 0,
    "0.0101760612": 0,
    "0.0114424141": 0,
    "0.012708767": 1
  },
  "latencyPercentiles": {
    "p10": 0.000413427,
    "p25": 0.000510902,
    "p50": 0.000586823,
    "p75": 0.000749546,
    "p90": 0.000973517,
    "p95": 0.001122444,
    "p99": 0.001476648
  },
  "rps": {
    "mean": 76795.92092251353,
    "stddev": 13845.804240122243,
    "max": 100137.24103994001,
    "percentiles": {
      "p10": 57246.77634094528,
      "p25": 63271.58547180405,
      "p50": 79712.24380065012,
      "p75": 87626.78750894165,
      "p90": 95413.58689477293,
      "p95": 97038.35926341676,
      "p99": 99294.3854966634
    }
  },
  "details": {
    "DNSDialup": {
      "average": 0.00102646176,
      "fastest": 0.000127748,
      "slowest": 0.001849211
    },
    "DNSLookup": {
      "average": 0.00001256174,
      "fastest": 0.000003676,
      "slowest": 0.000263427
    }
  },
  "statusCodeDistribution": {
    "200": 768021
  },
  "errorDistribution": {}
}