{
  "summary": {
    "successRate": 1,
    "total": 10.00040248,
    "slowest": 0.00566405,
    "fastest": 0.000032611,
    "average": 0.0006233337333448434,
    "requestsPerSec": 80048.47820884905,
    "totalData": 10406721,
    "sizePerRequest": 13,
    "sizePerSec": 1040630.2167150377
  },
  "responseTimeHistogram": {
    "0.000032611": 1,
    "0.0005957549": 444468,
    "0.0011588988": 330827,
    "0.0017220427": 22647,
    "0.0022851866": 2470,
    "0.0028483305": 80,
    "0.0034114744": 14,
    "0.0039746183": 1,
    "0.0045377622": 7,
    "0.0051009061": 1,
    "0.00566405": 1
  },
  "latencyPercentiles": {
    "p10": 0.000374905,
    "p25": 0.000461459,
    "p50": 0.000571209,
    "p75": 0.000736026,
    "p90": 0.000946125,
    "p95": 0.001054976,
    "p99": 0.001486044
  },
  "rps": {
    "mean": 80051.88099033326,
    "stddev": 15378.131656253983,
    "max": 100668.40818003248,
    "percentiles": {
      "p10": 57117.50345315302,
      "p25": 64760.12588726684,
      "p50": 85520.38806051611,
      "p75": 94019.51081577857,
      "p90": 96921.66905562251,
      "p95": 98249.9281672717,
      "p99": 99710.15978454275
    }
  },
  "details": {
    "DNSDialup": {
      "average": 0.0010177786599999997,
      "fastest": 0.000158438,
      "slowest": 0.002296302
    },
    "DNSLookup": {
      "average": 0.000009796459999999999,
      "fastest": 0.000004338,
      "slowest": 0.000038742
    }
  },
  "statusCodeDistribution": {
    "200": 800517
  },
  "errorDistribution": {}
}