{
  "summary": {
    "successRate": 1,
    "total": 10.000601362,
    "slowest": 0.004112373,
    "fastest": 0.000040536,
    "average": 0.0006412791421690969,
    "requestsPerSec": 77773.12301991945,
    "totalData": 10111114,
    "sizePerRequest": 13,
    "sizePerSec": 1011050.5992589529
  },
  "responseTimeHistogram": {
    "0.000040536": 1,
    "0.0004477197": 157513,
    "0.0008549034": 480537,
    "0.0012620871": 118174,
    "0.0016692708": 17159,
    "0.0020764545": 4010,
    "0.0024836382": 275,
    "0.0028908219": 47,
    "0.0032980056": 27,
    "0.0037051893": 22,
    "0.004112373": 13
  },
  "latencyPercentiles": {
    "p10": 0.000380601,
    "p25": 0.00047031,
    "p50": 0.000584944,
    "p75": 0.000757609,
    "p90": 0.000980684,
    "p95": 0.001110109,
    "p99": 0.001537176
  },
  "rps": {
    "mean": 77768.14690510878,
    "stddev": 12064.161726429844,
    "max": 98554.23439518666,
    "percentiles": {
      "p10": 59118.09255524508,
      "p25": 69788.74336606478,
      "p50": 80330.99973279856,
      "p75": 86918.33015351462,
      "p90": 91827.32781275688,
      "p95": 93545.84733057024,
      "p99": 96502.62487139717
    }
  },
  "details": {
    "DNSDialup": {
      "average": 0.0008119357600000001,
      "fastest": 0.000104047,
      "slowest": 0.001409799
    },
    "DNSLookup": {
      "average": 0.000009000620000000001,
      "fastest": 0.000003747,
      "slowest": 0.000030076
    }
  },
  "statusCodeDistribution": {
    "200": 777778
  },
  "errorDistribution": {}
}