{
  "summary": {
    "successRate": 1,
    "total": 10.000380517,
    "slowest": 0.008878537,
    "fastest": 0.000034244,
    "average": 0.0006458861033706824,
    "requestsPerSec": 77251.06046582248,
    "totalData": 10043020,
    "sizePerRequest": 13,
    "sizePerSec": 1004263.7860556921
  },
  "responseTimeHistogram": {
    "0.000034244": 1,
    "0.0009186733000000002": 668326,
    "0.0018031026000000002": 102686,
    "0.0026875319000000007": 1457,
    "0.0035719612000000007": 58,
    "0.004456390500000001": 10,
    "0.005340819800000001": 1,
    "0.006225249100000001": 0,
    "0.007109678400000001": 0,
    "0.007994107700000001": 0,
    "0.008878537": 1
  },
  "latencyPercentiles": {
    "p10": 0.000389544,
    "p25": 0.000480647,
    "p50": 0.000591326,
    "p75": 0.00076991,
    "p90": 0.000968454,
    "p95": 0.001102051,
    "p99": 0.001500818
  },
  "rps": {
    "mean": 77267.51696713384,
    "stddev": 14685.253482996823,
    "max": 99511.30448419,
    "percentiles": {
      "p10": 56585.78971579112,
      "p25": 62780.54744237107,
      "p50": 79543.32115605898,
      "p75": 90603.99920561412,
      "p90": 94896.315482347,
      "p95": 96174.2946426104,
      "p99": 97768.04656040487
    }
  },
  "details": {
    "DNSDialup": {
      "average": 0.0011178210400000002,
      "fastest": 0.000325591,
      "slowest": 0.001698766
    },
    "DNSLookup": {
      "average": 0.00001759906,
      "fastest": 0.000005019,
      "slowest": 0.000151178
    }
  },
  "statusCodeDistribution": {
    "200": 772540
  },
  "errorDistribution": {}
}