{
  "summary": {
    "successRate": 1,
    "total": 10.000439958,
    "slowest": 0.00365434,
    "fastest": 0.000035156,
    "average": 0.0006236824509850052,
    "requestsPerSec": 79999.58035446264,
    "totalData": 10400403,
    "sizePerRequest": 13,
    "sizePerSec": 1039994.5446080144
  },
  "responseTimeHistogram": {
    "0.000035156": 1,
    "0.00039707439999999995": 100338,
    "0.0007589927999999998": 507011,
    "0.0011209112": 162924,
    "0.0014828295999999997": 21901,
    "0.0018447479999999996": 7358,
    "0.0022066664": 421,
    "0.0025685848": 18,
    "0.0029305031999999997": 20,
    "0.0032924215999999996": 24,
    "0.0036543399999999994": 15
  },
  "latencyPercentiles": {
    "p10": 0.000377251,
    "p25": 0.000460661,
    "p50": 0.000571669,
    "p75": 0.000746785,
    "p90": 0.000934956,
    "p95": 0.001053339,
    "p99": 0.001478213
  },
  "rps": {
    "mean": 79990.80271577227,
    "stddev": 15413.162014745645,
    "max": 103061.06368023006,
    "percentiles": {
      "p10": 57902.438505501435,
      "p25": 64216.03474387471,
      "p50": 83336.56808607628,
      "p75": 94531.47898249658,
      "p90": 97947.47514119897,
      "p95": 99268.57473142687,
      "p99": 101146.48692539442
    }
  },
  "details": {
    "DNSDialup": {
      "average": 0.0006754880999999998,
      "fastest": 0.000092202,
      "slowest": 0.001547291
    },
    "DNSLookup": {
      "average": 0.000008350499999999999,
      "fastest": 0.000003336,
      "slowest": 0.000027892
    }
  },
  "statusCodeDistribution": {
    "200": 800031
  },
  "errorDistribution": {}
}