{
  "summary": {
    "successRate": 1,
    "total": 10.000280338,
    "slowest": 0.004565783,
    "fastest": 0.000036706,
    "average": 0.0006362018763489105,
    "requestsPerSec": 78431.40126978309,
    "totalData": 10196368,
    "sizePerRequest": 13,
    "sizePerSec": 1019608.2165071801
  },
  "responseTimeHistogram": {
    "0.000036706": 1,
    "0.0004896137": 229514,
    "0.0009425214": 464564,
    "0.0013954291000000001": 77487,
    "0.0018483368000000002": 11286,
    "0.0023012445": 1373,
    "0.0027541522000000002": 63,
    "0.0032070599000000003": 21,
    "0.0036599676000000003": 18,
    "0.0041128753": 7,
    "0.004565783": 2
  },
  "latencyPercentiles": {
    "p10": 0.000370542,
    "p25": 0.000469373,
    "p50": 0.0005838,
    "p75": 0.000764885,
    "p90": 0.000963219,
    "p95": 0.001069577,
    "p99": 0.001530233
  },
  "rps": {
    "mean": 78439.01551878033,
    "stddev": 16606.94018597476,
    "max": 99626.62023292763,
    "percentiles": {
      "p10": 55717.02155008769,
      "p25": 59758.767414659706,
      "p50": 83721.18608439213,
      "p75": 93904.79853520384,
      "p90": 96926.97433638154,
      "p95": 97996.3205835005,
      "p99": 99079.03534649023
    }
  },
  "details": {
    "DNSDialup": {
      "average": 0.0007857886200000001,
      "fastest": 0.000097345,
      "slowest": 0.001405959
    },
    "DNSLookup": {
      "average": 0.00001246734,
      "fastest": 0.000003357,
      "slowest": 0.000193628
    }
  },
  "statusCodeDistribution": {
    "200": 784336
  },
  "errorDistribution": {}
}