{
  "summary": {
    "successRate": 1,
    "total": 10.000379577,
    "slowest": 0.003290047,
    "fastest": 0.00003656,
    "average": 0.0006454975290806454,
    "requestsPerSec": 77290.76622028304,
    "totalData": 10048181,
    "sizePerRequest": 13,
    "sizePerSec": 1004779.9608636795
  },
  "responseTimeHistogram": {
    "0.00003656": 1,
    "0.00036190869999999995": 74183,
    "0.0006872574": 431877,
    "0.0010126061": 208653,
    "0.0013379547999999998": 41143,
    "0.0016633034999999996": 12471,
    "0.0019886521999999997": 4235,
    "0.0023140009": 235,
    "0.0026393496": 57,
    "0.0029646982999999997": 73,
    "0.0032900469999999995": 9
  },
  "latencyPercentiles": {
    "p10": 0.000365875,
    "p25": 0.000469818,
    "p50": 0.000592076,
    "p75": 0.000792809,
    "p90": 0.000970834,
    "p95": 0.001083744,
    "p99": 0.001548773
  },
  "rps": {
    "mean": 77286.91436952543,
    "stddev": 15790.624530021058,
    "max": 100938.16359700637,
    "percentiles": {
      "p10": 56337.508590968966,
      "p25": 61121.14791717698,
      "p50": 79887.50871660521,
      "p75": 92190.8430792315,
      "p90": 96273.34103119682,
      "p95": 97704.61165767044,
      "p99": 99337.2998014706
    }
  },
  "details": {
    "DNSDialup": {
      "average": 0.0008871893399999997,
      "fastest": 0.000081172,
      "slowest": 0.001998785
    },
    "DNSLookup": {
      "average": 0.000008017580000000003,
      "fastest": 0.000003697,
      "slowest": 0.000029485
    }
  },
  "statusCodeDistribution": {
    "200": 772937
  },
  "errorDistribution": {}
}