{
  "summary": {
    "successRate": 1,
    "total": 10.000393816,
    "slowest": 0.004028398,
    "fastest": 0.000037869,
    "average": 0.0006407077932515186,
    "requestsPerSec": 77869.33338106051,
    "totalData": 10123412,
    "sizePerRequest": 13,
    "sizePerSec": 1012301.3339537866
  },
  "responseTimeHistogram": {
    "0.000037869": 1,
    "0.0004369219": 141147,
    "0.0008359748": 478922,
    "0.0012350277": 137077,
    "0.0016340806": 16998,
    "0.0020331334999999996": 4372,
    "0.0024321864": 106,
    "0.0028312393": 56,
    "0.0032302921999999997": 18,
    "0.0036293450999999996": 14,
    "0.004028398": 13
  },
  "latencyPercentiles": {
    "p10": 0.000381467,
    "p25": 0.000471085,
    "p50": 0.000586079,
    "p75": 0.000777778,
    "p90": 0.000958196,
    "p95": 0.001077767,
    "p99": 0.001517171
  },
  "rps": {
    "mean": 77865.3876875874,
    "stddev": 15634.094341948208,
    "max": 101028.43950572515,
    "percentiles": {
      "p10": 56732.71208178326,
      "p25": 61926.44140806879,
      "p50": 79510.94865761968,
      "p75": 92878.60796029794,
      "p90": 96716.81976655818,
      "p95": 97960.01768889451,
      "p99": 99717.5570279756
    }
  },
  "details": {
    "DNSDialup": {
      "average": 0.0009997970199999997,
      "fastest": 0.000144631,
      "slowest": 0.001572394
    },
    "DNSLookup": {
      "average": 0.000008716439999999998,
      "fastest": 0.000004238,
      "slowest": 0.000024797
    }
  },
  "statusCodeDistribution": {
    "200": 778724
  },
  "errorDistribution": {}
}