{
  "summary": {
    "successRate": 1,
    "total": 10.002853143,
    "slowest": 0.004267856,
    "fastest": 0.000037453,
    "average": 0.000620665103998414,
    "requestsPerSec": 80359.07240750741,
    "totalData": 10449660,
    "sizePerRequest": 13,
    "sizePerSec": 1044667.9412975963
  },
  "responseTimeHistogram": {
    "0.000037453": 1,
    "0.00046049330000000007": 204248,
    "0.0008835336000000001": 488045,
    "0.0013065739000000002": 95921,
    "0.0017296142000000003": 13280,
    "0.0021526545": 2159,
    "0.0025756948": 87,
    "0.0029987351000000002": 41,
    "0.0034217754000000003": 12,
    "0.0038448157000000004": 16,
    "0.004267856": 10
  },
  "latencyPercentiles": {
    "p10": 0.000368133,
    "p25": 0.000458571,
    "p50": 0.000569349,
    "p75": 0.000727325,
    "p90": 0.000950689,
    "p95": 0.001072474,
    "p99": 0.001472754
  },
  "rps": {
    "mean": 80375.87001213724,
    "stddev": 12279.790335413234,
    "max": 100720.53226095717,
    "percentiles": {
      "p10": 60806.068445632016,
      "p25": 73316.89954534499,
      "p50": 83051.7412347864,
      "p75": 89751.70866695631,
      "p90": 94134.58504655029,
      "p95": 96188.32974320279,
      "p99": 98988.6624918452
    }
  },
  "details": {
    "DNSDialup": {
      "average": 0.0007508497800000001,
      "fastest": 0.000071628,
      "slowest": 0.001276571
    },
    "DNSLookup": {
      "average": 0.000009741179999999998,
      "fastest": 0.000003567,
      "slowest": 0.000113193
    }
  },
  "statusCodeDistribution": {
    "200": 803820
  },
  "errorDistribution": {}
}