{
  "summary": {
    "successRate": 1,
    "total": 10.000636618,
    "slowest": 0.00513381,
    "fastest": 0.000035354,
    "average": 0.0006275069550751558,
    "requestsPerSec": 79489.9395273678,
    "totalData": 10334350,
    "sizePerRequest": 13,
    "sizePerSec": 1033369.2138557814
  },
  "responseTimeHistogram": {
    "0.000035354": 1,
    "0.0005451996000000001": 344960,
    "0.0010550452000000002": 405765,
    "0.0015648908000000003": 38532,
    "0.0020747364000000003": 5452,
    "0.0025845820000000006": 168,
    "0.0030944276000000005": 34,
    "0.0036042732000000004": 26,
    "0.0041141188": 1,
    "0.0046239644000000005": 0,
    "0.005133810000000001": 11
  },
  "latencyPercentiles": {
    "p10": 0.000374798,
    "p25": 0.000462843,
    "p50": 0.000576173,
    "p75": 0.000737866,
    "p90": 0.000954189,
    "p95": 0.001075886,
    "p99": 0.001495197
  },
  "rps": {
    "mean": 79490.50582620475,
    "stddev": 12885.82329166146,
    "max": 100600.74444551009,
    "percentiles": {
      "p10": 60225.13797258884,
      "p25": 69717.2689675232,
      "p50": 82532.68294244443,
      "p75": 89839.70016350147,
      "p90": 94357.14268560958,
      "p95": 96105.18968024738,
      "p99": 98606.04455054273
    }
  },
  "details": {
    "DNSDialup": {
      "average": 0.0007092351200000003,
      "fastest": 0.000089226,
      "slowest": 0.00154694
    },
    "DNSLookup": {
      "average": 0.000007385139999999998,
      "fastest": 0.000003997,
      "slowest": 0.000028303
    }
  },
  "statusCodeDistribution": {
    "200": 794950
  },
  "errorDistribution": {}
}