{
  "summary": {
    "successRate": 1,
    "total": 10.000503066,
    "slowest": 0.005023341,
    "fastest": 0.000038145,
    "average": 0.0006661139433500002,
    "requestsPerSec": 74891.23247672428,
    "totalData": 9736350,
    "sizePerRequest": 13,
    "sizePerSec": 973586.0221974157
  },
  "responseTimeHistogram": {
    "0.000038145": 1,
    "0.0005366645999999999": 268815,
    "0.0010351842": 416516,
    "0.0015337038": 53651,
    "0.0020322234": 9427,
    "0.002530743": 427,
    "0.0030292626": 62,
    "0.0035277821999999998": 19,
    "0.0040263018": 9,
    "0.0045248214": 10,
    "0.005023341": 13
  },
  "latencyPercentiles": {
    "p10": 0.000373155,
    "p25": 0.000480114,
    "p50": 0.000608222,
    "p75": 0.000823151,
    "p90": 0.001013437,
    "p95": 0.001123622,
    "p99": 0.001611181
  },
  "rps": {
    "mean": 74873.2115841671,
    "stddev": 16353.239852428615,
    "max": 98411.70115126693,
    "percentiles": {
      "p10": 53398.49287772073,
      "p25": 56972.92195796782,
      "p50": 78516.18467568682,
      "p75": 90227.90749178622,
      "p90": 93586.41832125017,
      "p95": 95369.23756133649,
      "p99": 97072.6607475469
    }
  },
  "details": {
    "DNSDialup": {
      "average": 0.0010504561600000002,
      "fastest": 0.000109039,
      "slowest": 0.00184803
    },
    "DNSLookup": {
      "average": 0.0000155293,
      "fastest": 0.000003977,
      "slowest": 0.000347757
    }
  },
  "statusCodeDistribution": {
    "200": 748950
  },
  "errorDistribution": {}
}