{
  "summary": {
    "successRate": 1,
    "total": 10.000405158,
    "slowest": 0.004301101,
    "fastest": 0.000036899,
    "average": 0.0006393911363434775,
    "requestsPerSec": 78028.43861538675,
    "totalData": 10144108,
    "sizePerRequest": 13,
    "sizePerSec": 1014369.7020000278
  },
  "responseTimeHistogram": {
    "0.000036899": 1,
    "0.00046331920000000003": 187790,
    "0.0008897394": 470655,
    "0.0013161596000000001": 104267,
    "0.0017425798": 14829,
    "0.002169": 2608,
    "0.0025954202000000003": 89,
    "0.0030218404": 69,
    "0.0034482606": 6,
    "0.0038746808": 1,
    "0.004301101": 1
  },
  "latencyPercentiles": {
    "p10": 0.0003747,
    "p25": 0.000467805,
    "p50": 0.000583972,
    "p75": 0.000777408,
    "p90": 0.000959523,
    "p95": 0.001082143,
    "p99": 0.001533767
  },
  "rps": {
    "mean": 78031.39625588311,
    "stddev": 16016.069280139189,
    "max": 101041.03276341017,
    "percentiles": {
      "p10": 56100.942495833384,
      "p25": 61679.764271160675,
      "p50": 81539.86483991797,
      "p75": 92869.9310580867,
      "p90": 96822.17227745644,
      "p95": 98110.44876278847,
      "p99": 99821.16208635995
    }
  },
  "details": {
    "DNSDialup": {
      "average": 0.0008146803600000001,
      "fastest": 0.000081553,
      "slowest": 0.001700958
    },
    "DNSLookup": {
      "average": 0.000008996500000000001,
      "fastest": 0.000004198,
      "slowest": 0.000030267
    }
  },
  "statusCodeDistribution": {
    "200": 780316
  },
  "errorDistribution": {}
}