{
  "summary": {
    "successRate": 1,
    "total": 10.000245309,
    "slowest": 0.007270923,
    "fastest": 0.000032891,
    "average": 0.0006263553900328938,
    "requestsPerSec": 79670.04562207784,
    "totalData": 10357360,
    "sizePerRequest": 13,
    "sizePerSec": 1035710.5930870121
  },
  "responseTimeHistogram": {
    "0.000032891": 1,
    "0.0007566942": 634338,
    "0.0014804974": 155983,
    "0.0022043006000000004": 5911,
    "0.0029281038000000003": 161,
    "0.0036519070000000002": 85,
    "0.004375710200000001": 184,
    "0.0050995134": 50,
    "0.0058233166000000005": 5,
    "0.006547119800000001": 1,
    "0.007270923": 1
  },
  "latencyPercentiles": {
    "p10": 0.000395443,
    "p25": 0.000487827,
    "p50": 0.000582019,
    "p75": 0.000697656,
    "p90": 0.000930134,
    "p95": 0.001088969,
    "p99": 0.001429886
  },
  "rps": {
    "mean": 79662.31345677622,
    "stddev": 13765.929917219752,
    "max": 101170.58600240685,
    "percentiles": {
      "p10": 59327.74165199565,
      "p25": 70629.62912942,
      "p50": 79015.35268302102,
      "p75": 92124.5419779863,
      "p90": 96905.82115670328,
      "p95": 98333.05405407662,
      "p99": 99637.40388141667
    }
  },
  "details": {
    "DNSDialup": {
      "average": 0.0009049465,
      "fastest": 0.000088806,
      "slowest": 0.001291455
    },
    "DNSLookup": {
      "average": 0.0000222627,
      "fastest": 0.000003577,
      "slowest": 0.000740152
    }
  },
  "statusCodeDistribution": {
    "200": 796720
  },
  "errorDistribution": {}
}