{
  "summary": {
    "successRate": 1,
    "total": 10.000313152,
    "slowest": 0.004359196,
    "fastest": 0.000037702,
    "average": 0.0006416095943575109,
    "requestsPerSec": 77760.86490296338,
    "totalData": 10109229,
    "sizePerRequest": 13,
    "sizePerSec": 1010891.243738524
  },
  "responseTimeHistogram": {
    "0.000037702": 1,
    "0.0004698514": 191027,
    "0.0009020008000000001": 471564,
    "0.0013341502": 99117,
    "0.0017662996": 13569,
    "0.0021984490000000003": 2150,
    "0.0026305984": 98,
    "0.0030627478000000005": 53,
    "0.0034948972000000003": 32,
    "0.0039270466": 9,
    "0.004359196": 13
  },
  "latencyPercentiles": {
    "p10": 0.000383411,
    "p25": 0.000471848,
    "p50": 0.00058705,
    "p75": 0.000769463,
    "p90": 0.00096744,
    "p95": 0.001087557,
    "p99": 0.001519562
  },
  "rps": {
    "mean": 77768.95729228815,
    "stddev": 15076.913332357728,
    "max": 98961.6828169076,
    "percentiles": {
      "p10": 56608.864948251525,
      "p25": 62043.20688927763,
      "p50": 81610.30976827216,
      "p75": 91289.14361725027,
      "p90": 95063.65462313584,
      "p95": 96225.39388144601,
      "p99": 97834.13432946117
    }
  },
  "details": {
    "DNSDialup": {
      "average": 0.0010445338800000007,
      "fastest": 0.000105659,
      "slowest": 0.001853854
    },
    "DNSLookup": {
      "average": 0.00000834294,
      "fastest": 0.000003927,
      "slowest": 0.000031679
    }
  },
  "statusCodeDistribution": {
    "200": 777633
  },
  "errorDistribution": {}
}