{
  "summary": {
    "successRate": 1,
    "total": 10.000151896,
    "slowest": 0.003958904,
    "fastest": 0.00004421,
    "average": 0.0006386313034331696,
    "requestsPerSec": 78122.11335634696,
    "totalData": 10156029,
    "sizePerRequest": 13,
    "sizePerSec": 1015587.4736325105
  },
  "responseTimeHistogram": {
    "0.00004421": 1,
    "0.0004356794": 167713,
    "0.0008271488": 451481,
    "0.0012186182000000002": 138351,
    "0.0016100876": 17863,
    "0.0020015569999999997": 5410,
    "0.0023930264": 269,
    "0.0027844958": 69,
    "0.0031759652": 43,
    "0.0035674345999999997": 22,
    "0.003958904": 11
  },
  "latencyPercentiles": {
    "p10": 0.000348684,
    "p25": 0.000459282,
    "p50": 0.000598503,
    "p75": 0.000769915,
    "p90": 0.000969049,
    "p95": 0.001078383,
    "p99": 0.001536212
  },
  "rps": {
    "mean": 78117.54555866063,
    "stddev": 15991.626592579769,
    "max": 98783.14028792022,
    "percentiles": {
      "p10": 54441.79496599526,
      "p25": 61610.054039530456,
      "p50": 84330.3842374399,
      "p75": 92090.22078931467,
      "p90": 95116.82616654916,
      "p95": 96412.350422094,
      "p99": 97761.76845004749
    }
  },
  "details": {
    "DNSDialup": {
      "average": 0.00092844556,
      "fastest": 0.000116902,
      "slowest": 0.002006232
    },
    "DNSLookup": {
      "average": 0.000010630280000000003,
      "fastest": 0.000004157,
      "slowest": 0.000061796
    }
  },
  "statusCodeDistribution": {
    "200": 781233
  },
  "errorDistribution": {}
}