{
  "summary": {
    "successRate": 1,
    "total": 10.000388862,
    "slowest": 0.00893146,
    "fastest": 0.000032781,
    "average": 0.0006559698389345192,
    "requestsPerSec": 76054.94251229448,
    "totalData": 9887527,
    "sizePerRequest": 13,
    "sizePerSec": 988714.2526598283
  },
  "responseTimeHistogram": {
    "0.000032781": 1,
    "0.0009226489": 648287,
    "0.0018125168": 110473,
    "0.0027023847": 1777,
    "0.0035922526": 38,
    "0.0044821205": 1,
    "0.0053719884": 1,
    "0.0062618563": 0,
    "0.0071517242": 0,
    "0.008041592100000002": 0,
    "0.00893146": 1
  },
  "latencyPercentiles": {
    "p10": 0.000387591,
    "p25": 0.000477509,
    "p50": 0.000598694,
    "p75": 0.000810119,
    "p90": 0.000981365,
    "p95": 0.001095169,
    "p99": 0.001552169
  },
  "rps": {
    "mean": 76068.74021540562,
    "stddev": 15485.688991538089,
    "max": 99729.22612126755,
    "percentiles": {
      "p10": 55847.40886538609,
      "p25": 59942.513325431515,
      "p50": 78585.55621533476,
      "p75": 91306.95759017831,
      "p90": 95260.39267220322,
      "p95": 96560.98647664838,
      "p99": 97876.64834655225
    }
  },
  "details": {
    "DNSDialup": {
      "average": 0.0009807531400000003,
      "fastest": 0.000118392,
      "slowest": 0.001922301
    },
    "DNSLookup": {
      "average": 0.000009182440000000001,
      "fastest": 0.000004167,
      "slowest": 0.000038712
    }
  },
  "statusCodeDistribution": {
    "200": 760579
  },
  "errorDistribution": {}
}