{
  "summary": {
    "successRate": 1,
    "total": 10.002124413,
    "slowest": 0.006857342,
    "fastest": 0.000032892,
    "average": 0.0006516031785708152,
    "requestsPerSec": 76549.43773793268,
    "totalData": 9953541,
    "sizePerRequest": 13,
    "sizePerSec": 995142.6905931248
  },
  "responseTimeHistogram": {
    "0.000032892": 1,
    "0.000715337": 564260,
    "0.0013977820000000002": 189875,
    "0.002080227": 11114,
    "0.0027626720000000003": 317,
    "0.0034451170000000006": 42,
    "0.0041275619999999996": 43,
    "0.004810007": 1,
    "0.005492452": 2,
    "0.006174897": 1,
    "0.006857342000000001": 1
  },
  "latencyPercentiles": {
    "p10": 0.000408954,
    "p25": 0.000505783,
    "p50": 0.00059472,
    "p75": 0.000730483,
    "p90": 0.00099861,
    "p95": 0.001150433,
    "p99": 0.001499239
  },
  "rps": {
    "mean": 76543.25479734247,
    "stddev": 11784.757448335007,
    "max": 98017.71180052737,
    "percentiles": {
      "p10": 57776.837416080365,
      "p25": 71090.27042538712,
      "p50": 77753.67235805123,
      "p75": 84906.121731378,
      "p90": 91347.0802851739,
      "p95": 93531.46230977889,
      "p99": 95795.57265131181
    }
  },
  "details": {
    "DNSDialup": {
      "average": 0.0007128328400000004,
      "fastest": 0.000095117,
      "slowest": 0.001439561
    },
    "DNSLookup": {
      "average": 0.000008473180000000002,
      "fastest": 0.000004078,
      "slowest": 0.000030687
    }
  },
  "statusCodeDistribution": {
    "200": 765657
  },
  "errorDistribution": {}
}