{
  "summary": {
    "successRate": 1,
    "total": 10.001203943,
    "slowest": 0.005948919,
    "fastest": 0.00003926,
    "average": 0.0006788676888579221,
    "requestsPerSec": 73476.55384173381,
    "totalData": 9553102,
    "sizePerRequest": 13,
    "sizePerSec": 955195.1999425396
  },
  "responseTimeHistogram": {
    "0.00003926": 1,
    "0.0006302259": 412341,
    "0.0012211918": 293310,
    "0.0018121577": 26972,
    "0.0024031236000000003": 2046,
    "0.0029940895000000003": 121,
    "0.0035850554000000003": 31,
    "0.0041760213": 26,
    "0.0047669872": 5,
    "0.005357953100000001": 0,
    "0.005948919": 1
  },
  "latencyPercentiles": {
    "p10": 0.000414534,
    "p25": 0.000515502,
    "p50": 0.000607103,
    "p75": 0.000800207,
    "p90": 0.001044784,
    "p95": 0.001178255,
    "p99": 0.001558929
  },
  "rps": {
    "mean": 73465.02187027264,
    "stddev": 12746.524219480798,
    "max": 97378.96460241039,
    "percentiles": {
      "p10": 56001.38323416713,
      "p25": 61439.640856282065,
      "p50": 77009.1450612992,
      "p75": 83249.4501734037,
      "p90": 89618.67653219233,
      "p95": 92036.06893541435,
      "p99": 94954.13335142222
    }
  },
  "details": {
    "DNSDialup": {
      "average": 0.0007991784799999999,
      "fastest": 0.000100669,
      "slowest": 0.001139944
    },
    "DNSLookup": {
      "average": 0.00001068254,
      "fastest": 0.000003306,
      "slowest": 0.000196347
    }
  },
  "statusCodeDistribution": {
    "200": 734854
  },
  "errorDistribution": {}
}