{
  "summary": {
    "successRate": 1,
    "total": 10.000418984,
    "slowest": 0.005532059,
    "fastest": 0.000032901,
    "average": 0.0006291907160128376,
    "requestsPerSec": 79303.07732794489,
    "totalData": 10309832,
    "sizePerRequest": 13,
    "sizePerSec": 1030940.0052632835
  },
  "responseTimeHistogram": {
    "0.000032901": 1,
    "0.0005828167999999999": 406957,
    "0.0011327325999999998": 357017,
    "0.0016826483999999998": 25871,
    "0.0022325642": 3085,
    "0.00278248": 111,
    "0.0033323957999999996": 11,
    "0.0038823115999999996": 1,
    "0.0044322274": 1,
    "0.0049821432": 8,
    "0.005532059": 1
  },
  "latencyPercentiles": {
    "p10": 0.000377221,
    "p25": 0.000465265,
    "p50": 0.000577016,
    "p75": 0.000746953,
    "p90": 0.000951158,
    "p95": 0.001068519,
    "p99": 0.00149533
  },
  "rps": {
    "mean": 79286.39195759628,
    "stddev": 15768.513038141251,
    "max": 99720.34250933994,
    "percentiles": {
      "p10": 57039.56834856072,
      "p25": 63059.4966350748,
      "p50": 83266.37162482203,
      "p75": 94024.06075714884,
      "p90": 97015.55159292527,
      "p95": 98131.97696258956,
      "p99": 99038.44672501757
    }
  },
  "details": {
    "DNSDialup": {
      "average": 0.0010047774000000002,
      "fastest": 0.000132482,
      "slowest": 0.002215011
    },
    "DNSLookup": {
      "average": 0.00000966512,
      "fastest": 0.000004248,
      "slowest": 0.000037179
    }
  },
  "statusCodeDistribution": {
    "200": 793064
  },
  "errorDistribution": {}
}