{
  "summary": {
    "successRate": 1,
    "total": 10.000380371,
    "slowest": 0.003540772,
    "fastest": 0.000037553,
    "average": 0.0006565208466530972,
    "requestsPerSec": 75986.90967831787,
    "totalData": 9878674,
    "sizePerRequest": 13,
    "sizePerSec": 987829.8258181324
  },
  "responseTimeHistogram": {
    "0.000037553": 1,
    "0.0003878749": 89403,
    "0.0007381967999999999": 443057,
    "0.0010885187": 184349,
    "0.0014388406": 30866,
    "0.0017891625000000001": 9660,
    "0.0021394844": 2436,
    "0.0024898063": 43,
    "0.0028401282": 31,
    "0.0031904501": 40,
    "0.003540772": 12
  },
  "latencyPercentiles": {
    "p10": 0.000370465,
    "p25": 0.000483177,
    "p50": 0.000605462,
    "p75": 0.000794458,
    "p90": 0.000990456,
    "p95": 0.001113539,
    "p99": 0.001567594
  },
  "rps": {
    "mean": 75984.41308414612,
    "stddev": 15550.075405243775,
    "max": 98520.47208113024,
    "percentiles": {
      "p10": 55161.750801875816,
      "p25": 60103.221532675074,
      "p50": 78112.02144010385,
      "p75": 91126.09851461493,
      "p90": 95288.10338038189,
      "p95": 96386.59590426114,
      "p99": 97491.9345525576
    }
  },
  "details": {
    "DNSDialup": {
      "average": 0.00073674358,
      "fastest": 0.000079929,
      "slowest": 0.001837162
    },
    "DNSLookup": {
      "average": 0.000007925,
      "fastest": 0.000004098,
      "slowest": 0.000031739
    }
  },
  "statusCodeDistribution": {
    "200": 759898
  },
  "errorDistribution": {}
}