{
  "summary": {
    "successRate": 1,
    "total": 10.000352483,
    "slowest": 0.006040088,
    "fastest": 0.000034005,
    "average": 0.0006428184078882864,
    "requestsPerSec": 77621.46397535136,
    "totalData": 10091146,
    "sizePerRequest": 13,
    "sizePerSec": 1009079.0316795676
  },
  "responseTimeHistogram": {
    "0.000034005": 1,
    "0.0006346133": 505331,
    "0.0012352215999999999": 253112,
    "0.0018358298999999998": 17027,
    "0.0024364382": 623,
    "0.0030370465": 78,
    "0.0036376548": 45,
    "0.0042382631": 22,
    "0.0048388714": 2,
    "0.0054394796999999995": 0,
    "0.006040088": 1
  },
  "latencyPercentiles": {
    "p10": 0.000409344,
    "p25": 0.000506605,
    "p50": 0.000582926,
    "p75": 0.000739598,
    "p90": 0.000957766,
    "p95": 0.001115759,
    "p99": 0.001449302
  },
  "rps": {
    "mean": 77624.6014467138,
    "stddev": 13414.884385584572,
    "max": 100353.92016130958,
    "percentiles": {
      "p10": 58184.19835343633,
      "p25": 65202.69287121393,
      "p50": 80254.84616186615,
      "p75": 88618.52441936893,
      "p90": 94532.97310101488,
      "p95": 96602.35709751293,
      "p99": 98924.01875174788
    }
  },
  "details": {
    "DNSDialup": {
      "average": 0.00094760924,
      "fastest": 0.000106568,
      "slowest": 0.001585795
    },
    "DNSLookup": {
      "average": 0.000011893959999999999,
      "fastest": 0.000004158,
      "slowest": 0.000197168
    }
  },
  "statusCodeDistribution": {
    "200": 776242
  },
  "errorDistribution": {}
}