{
  "summary": {
    "successRate": 1,
    "total": 10.000657671,
    "slowest": 0.006885009,
    "fastest": 0.000040637,
    "average": 0.0006759858295039933,
    "requestsPerSec": 73784.5474042924,
    "totalData": 9592622,
    "sizePerRequest": 13,
    "sizePerSec": 959199.1162558012
  },
  "responseTimeHistogram": {
    "0.000040637": 1,
    "0.0007250742000000001": 510683,
    "0.0014095114000000001": 214113,
    "0.0020939486": 12643,
    "0.0027783858000000002": 294,
    "0.0034628230000000003": 88,
    "0.0041472602": 61,
    "0.0048316973999999995": 8,
    "0.0055161346": 1,
    "0.0062005718000000005": 1,
    "0.006885009": 1
  },
  "latencyPercentiles": {
    "p10": 0.000411392,
    "p25": 0.000516352,
    "p50": 0.000610395,
    "p75": 0.000790355,
    "p90": 0.001029081,
    "p95": 0.001173452,
    "p99": 0.001544111
  },
  "rps": {
    "mean": 73764.94036112701,
    "stddev": 12026.40544359794,
    "max": 96966.04357227695,
    "percentiles": {
      "p10": 56738.23021952158,
      "p25": 63212.21723457461,
      "p50": 76412.43230273435,
      "p75": 82517.26261133829,
      "p90": 88752.02023666432,
      "p95": 92074.22102956523,
      "p99": 95752.14057616076
    }
  },
  "details": {
    "DNSDialup": {
      "average": 0.00068547682,
      "fastest": 0.000096541,
      "slowest": 0.001229635
    },
    "DNSLookup": {
      "average": 0.0000073771599999999975,
      "fastest": 0.000003736,
      "slowest": 0.000027952
    }
  },
  "statusCodeDistribution": {
    "200": 737894
  },
  "errorDistribution": {}
}