{
  "summary": {
    "successRate": 1,
    "total": 10.000247291,
    "slowest": 0.006352556,
    "fastest": 0.000032891,
    "average": 0.0006623348570032501,
    "requestsPerSec": 75313.13757388962,
    "totalData": 9790950,
    "sizePerRequest": 13,
    "sizePerSec": 979070.788460565
  },
  "responseTimeHistogram": {
    "0.000032891": 1,
    "0.0006648574999999999": 471475,
    "0.0012968239999999998": 262870,
    "0.0019287904999999996": 17620,
    "0.002560757": 1121,
    "0.0031927235": 40,
    "0.0038246899999999995": 17,
    "0.0044566564999999995": 5,
    "0.005088623": 0,
    "0.0057205895": 0,
    "0.006352556": 1
  },
  "latencyPercentiles": {
    "p10": 0.00039638,
    "p25": 0.000490664,
    "p50": 0.000601693,
    "p75": 0.000790779,
    "p90": 0.001009164,
    "p95": 0.001139316,
    "p99": 0.001558749
  },
  "rps": {
    "mean": 75289.42337658998,
    "stddev": 13912.773020212255,
    "max": 98905.72664157412,
    "percentiles": {
      "p10": 55509.82062913399,
      "p25": 62319.19530565058,
      "p50": 77257.80428917083,
      "p75": 87906.31194695405,
      "p90": 92911.23296805649,
      "p95": 94734.85506618112,
      "p99": 97102.11682613428
    }
  },
  "details": {
    "DNSDialup": {
      "average": 0.0010326822599999999,
      "fastest": 0.000093124,
      "slowest": 0.002246263
    },
    "DNSLookup": {
      "average": 0.00005047302,
      "fastest": 0.000004639,
      "slowest": 0.002144846
    }
  },
  "statusCodeDistribution": {
    "200": 753150
  },
  "errorDistribution": {}
}