{
  "summary": {
    "successRate": 1,
    "total": 10.000666451,
    "slowest": 0.007050382,
    "fastest": 0.000036911,
    "average": 0.0006250830474640081,
    "requestsPerSec": 79823.58014951857,
    "totalData": 10377757,
    "sizePerRequest": 13,
    "sizePerSec": 1037706.5419437414
  },
  "responseTimeHistogram": {
    "0.000036911": 1,
    "0.0007382581": 600939,
    "0.0014396052": 187196,
    "0.0021409523": 9984,
    "0.0028422994": 108,
    "0.0035436465000000003": 31,
    "0.004244993599999999": 26,
    "0.004946340699999999": 3,
    "0.0056476878": 0,
    "0.0063490349": 0,
    "0.007050382": 1
  },
  "latencyPercentiles": {
    "p10": 0.000374217,
    "p25": 0.000463594,
    "p50": 0.000575022,
    "p75": 0.000734639,
    "p90": 0.000946845,
    "p95": 0.001057962,
    "p99": 0.001500773
  },
  "rps": {
    "mean": 79896.2442393402,
    "stddev": 15810.919527460353,
    "max": 152566.12677183573,
    "percentiles": {
      "p10": 56906.25399731491,
      "p25": 63245.97170269157,
      "p50": 84599.02315660215,
      "p75": 93795.62954454291,
      "p90": 96915.15753063725,
      "p95": 97819.58348061057,
      "p99": 99139.15005035592
    }
  },
  "details": {
    "DNSDialup": {
      "average": 0.0008105499599999999,
      "fastest": 0.000221615,
      "slowest": 0.001458053
    },
    "DNSLookup": {
      "average": 0.000011327099999999999,
      "fastest": 0.000004678,
      "slowest": 0.000118691
    }
  },
  "statusCodeDistribution": {
    "200": 798289
  },
  "errorDistribution": {}
}