{
  "summary": {
    "successRate": 1,
    "total": 10.000376107,
    "slowest": 0.003477404,
    "fastest": 0.000035476,
    "average": 0.0006357150489440546,
    "requestsPerSec": 78490.74790802767,
    "totalData": 10204181,
    "sizePerRequest": 13,
    "sizePerSec": 1020379.7228043596
  },
  "responseTimeHistogram": {
    "0.000035476": 1,
    "0.0003796688": 77426,
    "0.0007238616": 489148,
    "0.0010680544": 178285,
    "0.0014122472": 28634,
    "0.00175644": 9073,
    "0.0021006328": 2214,
    "0.0024448256": 54,
    "0.0027890184": 65,
    "0.0031332112": 27,
    "0.003477404": 10
  },
  "latencyPercentiles": {
    "p10": 0.000380963,
    "p25": 0.000469223,
    "p50": 0.000582736,
    "p75": 0.00075975,
    "p90": 0.000960094,
    "p95": 0.001072136,
    "p99": 0.001512866
  },
  "rps": {
    "mean": 78457.37433728436,
    "stddev": 15438.190324758107,
    "max": 98950.53047249133,
    "percentiles": {
      "p10": 56039.88919312435,
      "p25": 62553.19523723224,
      "p50": 83105.8935295335,
      "p75": 92712.89675525897,
      "p90": 95709.37590830779,
      "p95": 96769.34780267392,
      "p99": 98104.51280758996
    }
  },
  "details": {
    "DNSDialup": {
      "average": 0.0007692706000000002,
      "fastest": 0.000095678,
      "slowest": 0.001853528
    },
    "DNSLookup": {
      "average": 0.000007815619999999998,
      "fastest": 0.000004368,
      "slowest": 0.000030607
    }
  },
  "statusCodeDistribution": {
    "200": 784937
  },
  "errorDistribution": {}
}