{
  "summary": {
    "successRate": 1,
    "total": 10.000377627,
    "slowest": 0.011336988,
    "fastest": 0.000031659,
    "average": 0.0006371656321768588,
    "requestsPerSec": 78312.94269183901,
    "totalData": 10181067,
    "sizePerRequest": 13,
    "sizePerSec": 1018068.2549939071
  },
  "responseTimeHistogram": {
    "0.000031659": 1,
    "0.0011621919": 753468,
    "0.0022927247999999997": 29429,
    "0.0034232576999999997": 184,
    "0.0045537906": 67,
    "0.0056843234999999995": 9,
    "0.0068148563999999995": 0,
    "0.0079453893": 0,
    "0.0090759222": 0,
    "0.0102064551": 0,
    "0.011336988": 1
  },
  "latencyPercentiles": {
    "p10": 0.000389447,
    "p25": 0.000496843,
    "p50": 0.000589241,
    "p75": 0.000725328,
    "p90": 0.00095101,
    "p95": 0.00110196,
    "p99": 0.001450654
  },
  "rps": {
    "mean": 78311.72472786695,
    "stddev": 14438.478701603282,
    "max": 100734.61241282799,
    "percentiles": {
      "p10": 56985.32768268916,
      "p25": 66811.54503498333,
      "p50": 78328.22949390946,
      "p75": 91521.12307519963,
      "p90": 96913.53882136801,
      "p95": 98399.06818183803,
      "p99": 99759.83147736071
    }
  },
  "details": {
    "DNSDialup": {
      "average": 0.0009407966600000002,
      "fastest": 0.000165133,
      "slowest": 0.001870146
    },
    "DNSLookup": {
      "average": 0.000007433459999999998,
      "fastest": 0.00000492,
      "slowest": 0.000030406
    }
  },
  "statusCodeDistribution": {
    "200": 783159
  },
  "errorDistribution": {}
}