{
  "summary": {
    "successRate": 1,
    "total": 10.000587717,
    "slowest": 0.004954342,
    "fastest": 0.000032942,
    "average": 0.0006295309358278706,
    "requestsPerSec": 79232.24338636137,
    "totalData": 10300797,
    "sizePerRequest": 13,
    "sizePerSec": 1030019.1640226978
  },
  "responseTimeHistogram": {
    "0.000032942": 1,
    "0.000525082": 303354,
    "0.001017222": 433267,
    "0.001509362": 48487,
    "0.0020015019999999996": 6896,
    "0.002493642": 270,
    "0.002985782": 46,
    "0.0034779219999999996": 23,
    "0.003970062": 0,
    "0.004462202": 0,
    "0.004954342": 25
  },
  "latencyPercentiles": {
    "p10": 0.000377232,
    "p25": 0.000467193,
    "p50": 0.000578127,
    "p75": 0.000736915,
    "p90": 0.000956668,
    "p95": 0.001081529,
    "p99": 0.001490693
  },
  "rps": {
    "mean": 79232.6968788502,
    "stddev": 11946.327048990073,
    "max": 97705.78605455132,
    "percentiles": {
      "p10": 60818.07220537978,
      "p25": 71808.1647389779,
      "p50": 82324.6150599013,
      "p75": 88450.61143986814,
      "p90": 92700.50058270537,
      "p95": 94183.42165847396,
      "p99": 96186.047687214
    }
  },
  "details": {
    "DNSDialup": {
      "average": 0.0006974961600000002,
      "fastest": 0.000086842,
      "slowest": 0.001185746
    },
    "DNSLookup": {
      "average": 0.00000766476,
      "fastest": 0.000003817,
      "slowest": 0.000029806
    }
  },
  "statusCodeDistribution": {
    "200": 792369
  },
  "errorDistribution": {}
}