{
  "summary": {
    "successRate": 1,
    "total": 10.00031179,
    "slowest": 0.005711324,
    "fastest": 0.000032931,
    "average": 0.0006414940924699654,
    "requestsPerSec": 77786.07470797669,
    "totalData": 10112505,
    "sizePerRequest": 13,
    "sizePerSec": 1011218.9712036969
  },
  "responseTimeHistogram": {
    "0.000032931": 1,
    "0.0006007703": 422514,
    "0.0011686096": 325551,
    "0.0017364489": 27565,
    "0.0023042882": 2026,
    "0.0028721275": 123,
    "0.0034399668": 45,
    "0.0040078061": 44,
    "0.0045756454": 15,
    "0.0051434847": 0,
    "0.005711324": 1
  },
  "latencyPercentiles": {
    "p10": 0.000398992,
    "p25": 0.000496143,
    "p50": 0.000590302,
    "p75": 0.000731798,
    "p90": 0.000964424,
    "p95": 0.001109755,
    "p99": 0.001473211
  },
  "rps": {
    "mean": 77772.88781480439,
    "stddev": 14777.557197885717,
    "max": 106821.28476579383,
    "percentiles": {
      "p10": 57342.38113235335,
      "p25": 64067.77088804343,
      "p50": 78425.48043860083,
      "p75": 91136.68251471175,
      "p90": 96742.47534019384,
      "p95": 98606.56719736906,
      "p99": 101569.7840510148
    }
  },
  "details": {
    "DNSDialup": {
      "average": 0.00076650346,
      "fastest": 0.00009669,
      "slowest": 0.001215932
    },
    "DNSLookup": {
      "average": 0.000016206259999999998,
      "fastest": 0.000003467,
      "slowest": 0.000468963
    }
  },
  "statusCodeDistribution": {
    "200": 777885
  },
  "errorDistribution": {}
}