{
  "summary": {
    "successRate": 1,
    "total": 10.000238652,
    "slowest": 0.003636283,
    "fastest": 0.000031368,
    "average": 0.000654372198259218,
    "requestsPerSec": 76239.28053432218,
    "totalData": 9911343,
    "sizePerRequest": 13,
    "sizePerSec": 991110.6469461885
  },
  "responseTimeHistogram": {
    "0.000031368": 1,
    "0.0003918595": 79454,
    "0.0007523510000000001": 466205,
    "0.0011128425": 180487,
    "0.001473334": 26178,
    "0.0018338255": 8762,
    "0.002194317": 1210,
    "0.0025548085": 65,
    "0.0029153": 21,
    "0.0032757915": 21,
    "0.003636283": 7
  },
  "latencyPercentiles": {
    "p10": 0.000387823,
    "p25": 0.000478626,
    "p50": 0.000599222,
    "p75": 0.00079579,
    "p90": 0.000983802,
    "p95": 0.001102717,
    "p99": 0.001541371
  },
  "rps": {
    "mean": 76248.53432200523,
    "stddev": 14964.293764000697,
    "max": 98337.99780234385,
    "percentiles": {
      "p10": 55988.366438748,
      "p25": 61134.85909665922,
      "p50": 78458.99331707992,
      "p75": 90816.16527741986,
      "p90": 94397.81320491788,
      "p95": 95415.83902926938,
      "p99": 97202.05096327444
    }
  },
  "details": {
    "DNSDialup": {
      "average": 0.0009483965399999994,
      "fastest": 0.000092183,
      "slowest": 0.001934057
    },
    "DNSLookup": {
      "average": 0.00000849338,
      "fastest": 0.000004227,
      "slowest": 0.000025528
    }
  },
  "statusCodeDistribution": {
    "200": 762411
  },
  "errorDistribution": {}
}