{
  "summary": {
    "successRate": 1,
    "total": 10.000715773,
    "slowest": 0.004222876,
    "fastest": 0.000036508,
    "average": 0.000633949047598179,
    "requestsPerSec": 78705.36648237168,
    "totalData": 10232430,
    "sizePerRequest": 13,
    "sizePerSec": 1023169.764270832
  },
  "responseTimeHistogram": {
    "0.000036508": 1,
    "0.0004551448": 172203,
    "0.0008737816": 487413,
    "0.0012924184": 110852,
    "0.0017110552": 13749,
    "0.0021296920000000003": 2712,
    "0.0025483288": 105,
    "0.0029669656000000004": 34,
    "0.0033856024000000003": 20,
    "0.0038042392": 12,
    "0.004222876": 9
  },
  "latencyPercentiles": {
    "p10": 0.000382165,
    "p25": 0.00046999,
    "p50": 0.000580305,
    "p75": 0.000754501,
    "p90": 0.000956577,
    "p95": 0.001074328,
    "p99": 0.001495856
  },
  "rps": {
    "mean": 78692.75200239556,
    "stddev": 15168.870069601579,
    "max": 100781.42896577086,
    "percentiles": {
      "p10": 57161.38373469838,
      "p25": 64184.135633352715,
      "p50": 80155.6805899442,
      "p75": 93130.51887104659,
      "p90": 96914.67288146805,
      "p95": 98414.57519858872,
      "p99": 99782.1624366931
    }
  },
  "details": {
    "DNSDialup": {
      "average": 0.00103389116,
      "fastest": 0.000105296,
      "slowest": 0.001779318
    },
    "DNSLookup": {
      "average": 0.00002729420000000001,
      "fastest": 0.000004158,
      "slowest": 0.000691354
    }
  },
  "statusCodeDistribution": {
    "200": 787110
  },
  "errorDistribution": {}
}