{
  "summary": {
    "successRate": 1,
    "total": 10.000360757,
    "slowest": 0.005954836,
    "fastest": 0.000035299,
    "average": 0.00063004371827659,
    "requestsPerSec": 79188.643214264,
    "totalData": 10294895,
    "sizePerRequest": 13,
    "sizePerSec": 1029452.361785432
  },
  "responseTimeHistogram": {
    "0.000035299": 1,
    "0.0006272527": 478693,
    "0.0012192064": 292138,
    "0.0018111601": 19772,
    "0.0024031138": 1243,
    "0.0029950675": 42,
    "0.0035870212": 17,
    "0.0041789749": 8,
    "0.0047709286": 0,
    "0.0053628823": 0,
    "0.005954836": 1
  },
  "latencyPercentiles": {
    "p10": 0.000376655,
    "p25": 0.000463943,
    "p50": 0.000577546,
    "p75": 0.000753017,
    "p90": 0.000954701,
    "p95": 0.001064845,
    "p99": 0.001490629
  },
  "rps": {
    "mean": 79165.28850454294,
    "stddev": 15295.433662325679,
    "max": 101641.9679685732,
    "percentiles": {
      "p10": 57057.182708512315,
      "p25": 63840.966748362596,
      "p50": 81825.70963796055,
      "p75": 93413.09651613858,
      "p90": 96916.54732038426,
      "p95": 98116.73871562634,
      "p99": 99721.52064505768
    }
  },
  "details": {
    "DNSDialup": {
      "average": 0.0008822784199999999,
      "fastest": 0.000091177,
      "slowest": 0.001968904
    },
    "DNSLookup": {
      "average": 0.0000292416,
      "fastest": 0.000003536,
      "slowest": 0.001093198
    }
  },
  "statusCodeDistribution": {
    "200": 791915
  },
  "errorDistribution": {}
}