{
  "summary": {
    "successRate": 1,
    "total": 10.000379585,
    "slowest": 0.004023412,
    "fastest": 0.000037026,
    "average": 0.0006515859462160942,
    "requestsPerSec": 76573.89336986853,
    "totalData": 9954984,
    "sizePerRequest": 13,
    "sizePerSec": 995460.6138082908
  },
  "responseTimeHistogram": {
    "0.000037026": 1,
    "0.0004356646": 100586,
    "0.0008343032": 510871,
    "0.0012329417999999998": 135219,
    "0.0016315803999999998": 15169,
    "0.0020302189999999998": 3643,
    "0.0024288575999999997": 153,
    "0.0028274961999999997": 85,
    "0.0032261347999999997": 16,
    "0.0036247733999999997": 10,
    "0.004023412": 15
  },
  "latencyPercentiles": {
    "p10": 0.000410763,
    "p25": 0.000510425,
    "p50": 0.000589631,
    "p75": 0.000761434,
    "p90": 0.000966406,
    "p95": 0.001123396,
    "p99": 0.001478019
  },
  "rps": {
    "mean": 76573.16834451814,
    "stddev": 13667.660099181368,
    "max": 100613.75391016617,
    "percentiles": {
      "p10": 57195.8041158095,
      "p25": 63914.195493085695,
      "p50": 79434.14838981116,
      "p75": 87346.89820622592,
      "p90": 94878.38852459824,
      "p95": 96623.37319397638,
      "p99": 98482.54724958187
    }
  },
  "details": {
    "DNSDialup": {
      "average": 0.00102287258,
      "fastest": 0.000115185,
      "slowest": 0.001754594
    },
    "DNSLookup": {
      "average": 0.000029630259999999997,
      "fastest": 0.000004329,
      "slowest": 0.001081203
    }
  },
  "statusCodeDistribution": {
    "200": 765768
  },
  "errorDistribution": {}
}