{
  "summary": {
    "successRate": 1,
    "total": 10.000423999,
    "slowest": 0.005620221,
    "fastest": 0.000038622,
    "average": 0.0006719257417785949,
    "requestsPerSec": 74242.05214441328,
    "totalData": 9651876,
    "sizePerRequest": 13,
    "sizePerSec": 965146.6778773726
  },
  "responseTimeHistogram": {
    "0.000038622": 1,
    "0.0005967819": 361942,
    "0.0011549418": 342286,
    "0.0017131017": 34603,
    "0.0022712616": 3281,
    "0.0028294214999999997": 103,
    "0.0033875814": 227,
    "0.0039457413000000005": 6,
    "0.0045039012": 0,
    "0.0050620611": 2,
    "0.005620221": 1
  },
  "latencyPercentiles": {
    "p10": 0.000436957,
    "p25": 0.000540894,
    "p50": 0.000599303,
    "p75": 0.000767228,
    "p90": 0.001014541,
    "p95": 0.001158571,
    "p99": 0.001523336
  },
  "rps": {
    "mean": 74242.22867406414,
    "stddev": 13065.846609042876,
    "max": 97378.39509372928,
    "percentiles": {
      "p10": 55145.947603540466,
      "p25": 62109.87547020175,
      "p50": 78114.14647191876,
      "p75": 81853.61411724986,
      "p90": 91059.71696238426,
      "p95": 93304.05872655264,
      "p99": 95616.47139702617
    }
  },
  "details": {
    "DNSDialup": {
      "average": 0.0009392283999999997,
      "fastest": 0.000136003,
      "slowest": 0.001781129
    },
    "DNSLookup": {
      "average": 0.000028289760000000005,
      "fastest": 0.000003757,
      "slowest": 0.001002561
    }
  },
  "statusCodeDistribution": {
    "200": 742452
  },
  "errorDistribution": {}
}