{
  "summary": {
    "successRate": 1,
    "total": 10.000292202,
    "slowest": 0.004279816,
    "fastest": 0.000034162,
    "average": 0.0006375036344701811,
    "requestsPerSec": 78263.01313910347,
    "totalData": 10174489,
    "sizePerRequest": 13,
    "sizePerSec": 1017419.1708083451
  },
  "responseTimeHistogram": {
    "0.000034162": 1,
    "0.0004587274": 181821,
    "0.0008832928": 476304,
    "0.0013078582": 108326,
    "0.0017324235999999999": 13866,
    "0.0021569889999999998": 2240,
    "0.0025815544": 28,
    "0.0030061197999999996": 27,
    "0.0034306852": 14,
    "0.0038552506": 21,
    "0.004279816": 5
  },
  "latencyPercentiles": {
    "p10": 0.000379683,
    "p25": 0.000466798,
    "p50": 0.000582944,
    "p75": 0.000774801,
    "p90": 0.000956738,
    "p95": 0.001073555,
    "p99": 0.001498105
  },
  "rps": {
    "mean": 78246.12942885354,
    "stddev": 14852.187477551292,
    "max": 99747.2568753208,
    "percentiles": {
      "p10": 57502.15633085819,
      "p25": 63110.810881905854,
      "p50": 80620.30019157972,
      "p75": 92139.73065185655,
      "p90": 95907.55683836502,
      "p95": 96926.25732310541,
      "p99": 98331.46606914513
    }
  },
  "details": {
    "DNSDialup": {
      "average": 0.0006657446600000001,
      "fastest": 0.000090418,
      "slowest": 0.001396885
    },
    "DNSLookup": {
      "average": 0.00001017034,
      "fastest": 0.000003827,
      "slowest": 0.000119963
    }
  },
  "statusCodeDistribution": {
    "200": 782653
  },
  "errorDistribution": {}
}