{
  "summary": {
    "successRate": 1,
    "total": 10.000363741,
    "slowest": 0.003586455,
    "fastest": 0.000039774,
    "average": 0.0006246031810764889,
    "requestsPerSec": 79884.89425886775,
    "totalData": 10385414,
    "sizePerRequest": 13,
    "sizePerSec": 1038503.6253652807
  },
  "responseTimeHistogram": {
    "0.000039774": 1,
    "0.00039444210000000004": 102695,
    "0.0007491102000000001": 509031,
    "0.0011037783": 153954,
    "0.0014584464": 24108,
    "0.0018131145000000002": 7154,
    "0.0021677826": 1666,
    "0.0025224507": 123,
    "0.0028771188": 59,
    "0.0032317869": 64,
    "0.003586455": 23
  },
  "latencyPercentiles": {
    "p10": 0.000369236,
    "p25": 0.000464506,
    "p50": 0.000577389,
    "p75": 0.000728451,
    "p90": 0.0009517,
    "p95": 0.001062364,
    "p99": 0.001495145
  },
  "rps": {
    "mean": 79899.99727347992,
    "stddev": 15712.023790357738,
    "max": 100640.14752000474,
    "percentiles": {
      "p10": 55740.18867603495,
      "p25": 66655.1371294325,
      "p50": 83109.62409446361,
      "p75": 94101.09280399958,
      "p90": 97306.01351163338,
      "p95": 98511.65392864615,
      "p99": 99690.62875059835
    }
  },
  "details": {
    "DNSDialup": {
      "average": 0.00090541096,
      "fastest": 0.000119484,
      "slowest": 0.002018575
    },
    "DNSLookup": {
      "average": 0.000009123299999999998,
      "fastest": 0.000004409,
      "slowest": 0.000029525
    }
  },
  "statusCodeDistribution": {
    "200": 798878
  },
  "errorDistribution": {}
}