{
  "summary": {
    "successRate": 1,
    "total": 10.000413069,
    "slowest": 0.004622815,
    "fastest": 0.000035363,
    "average": 0.0006497736975484479,
    "requestsPerSec": 76784.32827743028,
    "totalData": 9982375,
    "sizePerRequest": 13,
    "sizePerSec": 998196.2676065936
  },
  "responseTimeHistogram": {
    "0.000035363": 1,
    "0.0004941081999999999": 215770,
    "0.0009528533999999998": 465098,
    "0.0014115985999999998": 74881,
    "0.0018703437999999998": 11421,
    "0.002329089": 566,
    "0.0027878341999999995": 92,
    "0.0032465793999999996": 44,
    "0.0037053245999999996": 0,
    "0.0041640698": 0,
    "0.004622815": 2
  },
  "latencyPercentiles": {
    "p10": 0.000390311,
    "p25": 0.000478765,
    "p50": 0.000589785,
    "p75": 0.000791804,
    "p90": 0.000973731,
    "p95": 0.001103195,
    "p99": 0.001522497
  },
  "rps": {
    "mean": 76790.07969980747,
    "stddev": 14414.657604527674,
    "max": 99553.76899062638,
    "percentiles": {
      "p10": 57844.56345168793,
      "p25": 62637.28797752638,
      "p50": 79464.09654395204,
      "p75": 89987.11557247947,
      "p90": 95239.29573342475,
      "p95": 96986.26720640223,
      "p99": 98656.22418216268
    }
  },
  "details": {
    "DNSDialup": {
      "average": 0.00088609424,
      "fastest": 0.000079647,
      "slowest": 0.001973888
    },
    "DNSLookup": {
      "average": 0.000009115260000000001,
      "fastest": 0.000003867,
      "slowest": 0.000041548
    }
  },
  "statusCodeDistribution": {
    "200": 767875
  },
  "errorDistribution": {}
}