{
  "summary": {
    "successRate": 1,
    "total": 10.000852378,
    "slowest": 0.00445347,
    "fastest": 0.000034133,
    "average": 0.0006591455929771877,
    "requestsPerSec": 75695.44788655214,
    "totalData": 9841247,
    "sizePerRequest": 13,
    "sizePerSec": 984040.8225251778
  },
  "responseTimeHistogram": {
    "0.000034133": 1,
    "0.00047606669999999995": 182543,
    "0.0009180003999999999": 446939,
    "0.0013599340999999997": 111253,
    "0.0018018677999999998": 13081,
    "0.0022438015": 3088,
    "0.0026857351999999995": 38,
    "0.0031276688999999996": 47,
    "0.0035696025999999996": 25,
    "0.0040115363": 3,
    "0.00445347": 1
  },
  "latencyPercentiles": {
    "p10": 0.000387711,
    "p25": 0.000480325,
    "p50": 0.000597406,
    "p75": 0.000802036,
    "p90": 0.001009061,
    "p95": 0.001111781,
    "p99": 0.001592021
  },
  "rps": {
    "mean": 75677.5410631218,
    "stddev": 16075.75455124846,
    "max": 97952.95353695573,
    "percentiles": {
      "p10": 53481.5861596883,
      "p25": 59054.956542556734,
      "p50": 78536.61376934304,
      "p75": 91326.41159823138,
      "p90": 94473.29236017649,
      "p95": 95725.66405053191,
      "p99": 97421.76460413489
    }
  },
  "details": {
    "DNSDialup": {
      "average": 0.0009935955,
      "fastest": 0.000136662,
      "slowest": 0.001436742
    },
    "DNSLookup": {
      "average": 0.000009111800000000001,
      "fastest": 0.000004238,
      "slowest": 0.000048871
    }
  },
  "statusCodeDistribution": {
    "200": 757019
  },
  "errorDistribution": {}
}