{
  "summary": {
    "successRate": 1,
    "total": 10.000673313,
    "slowest": 0.004646547,
    "fastest": 0.000037066,
    "average": 0.0006333559469689462,
    "requestsPerSec": 78757.9971216684,
    "totalData": 10239229,
    "sizePerRequest": 13,
    "sizePerSec": 1023853.9625816892
  },
  "responseTimeHistogram": {
    "0.000037066": 1,
    "0.0004980141": 235176,
    "0.0009589622": 470966,
    "0.0014199103": 70806,
    "0.0018808584000000001": 9485,
    "0.0023418065000000003": 1053,
    "0.0028027546": 94,
    "0.0032637027": 22,
    "0.0037246508": 4,
    "0.0041855988999999994": 5,
    "0.004646547": 21
  },
  "latencyPercentiles": {
    "p10": 0.000384142,
    "p25": 0.000476403,
    "p50": 0.000583122,
    "p75": 0.000727502,
    "p90": 0.000965925,
    "p95": 0.001099729,
    "p99": 0.001492945
  },
  "rps": {
    "mean": 78758.65243344993,
    "stddev": 11718.658006370892,
    "max": 97646.12440517572,
    "percentiles": {
      "p10": 60600.87871273998,
      "p25": 72815.85929415515,
      "p50": 81013.52925938497,
      "p75": 87349.94669952989,
      "p90": 91990.20661201069,
      "p95": 93968.70051695056,
      "p99": 96331.92439975432
    }
  },
  "details": {
    "DNSDialup": {
      "average": 0.0007726513000000002,
      "fastest": 0.000094638,
      "slowest": 0.001762516
    },
    "DNSLookup": {
      "average": 0.000007171360000000001,
      "fastest": 0.000003727,
      "slowest": 0.000029274
    }
  },
  "statusCodeDistribution": {
    "200": 787633
  },
  "errorDistribution": {}
}