{
  "summary": {
    "successRate": 1,
    "total": 10.000449044,
    "slowest": 0.005945753,
    "fastest": 0.00003742,
    "average": 0.0006608788942345248,
    "requestsPerSec": 75492.91003617058,
    "totalData": 9814519,
    "sizePerRequest": 13,
    "sizePerSec": 981407.8304702175
  },
  "responseTimeHistogram": {
    "0.00003742": 1,
    "0.0006282533": 465312,
    "0.0012190866": 268608,
    "0.0018099199000000002": 19245,
    "0.0024007532": 1466,
    "0.0029915865": 152,
    "0.0035824198": 67,
    "0.0041732531": 42,
    "0.0047640864": 66,
    "0.0053549197": 3,
    "0.005945753": 1
  },
  "latencyPercentiles": {
    "p10": 0.000422292,
    "p25": 0.00052737,
    "p50": 0.000595053,
    "p75": 0.000762375,
    "p90": 0.000984538,
    "p95": 0.001141094,
    "p99": 0.001492906
  },
  "rps": {
    "mean": 75444.6388214032,
    "stddev": 13705.369990897234,
    "max": 100305.420997469,
    "percentiles": {
      "p10": 56427.17556829492,
      "p25": 62140.93564203641,
      "p50": 78656.52648771105,
      "p75": 85060.83053073997,
      "p90": 94148.16620183164,
      "p95": 96235.57829329518,
      "p99": 98733.81633209641
    }
  },
  "details": {
    "DNSDialup": {
      "average": 0.00108207098,
      "fastest": 0.000196368,
      "slowest": 0.001479226
    },
    "DNSLookup": {
      "average": 0.00000986888,
      "fastest": 0.000004047,
      "slowest": 0.000042019
    }
  },
  "statusCodeDistribution": {
    "200": 754963
  },
  "errorDistribution": {}
}