{
  "summary": {
    "successRate": 1,
    "total": 10.001770923,
    "slowest": 0.005518705,
    "fastest": 0.000033232,
    "average": 0.0006568574596551402,
    "requestsPerSec": 75931.75307120559,
    "totalData": 9872876,
    "sizePerRequest": 13,
    "sizePerSec": 987112.7899256726
  },
  "responseTimeHistogram": {
    "0.000033232": 1,
    "0.0005817792999999999": 349856,
    "0.0011303265999999998": 370626,
    "0.0016788738999999997": 34701,
    "0.0022274211999999995": 3972,
    "0.0027759684999999995": 232,
    "0.003324515799999999": 22,
    "0.003873063099999999": 21,
    "0.0044216103999999996": 19,
    "0.004970157699999999": 1,
    "0.005518705": 1
  },
  "latencyPercentiles": {
    "p10": 0.000385419,
    "p25": 0.000480975,
    "p50": 0.000600708,
    "p75": 0.000784612,
    "p90": 0.00099435,
    "p95": 0.001136886,
    "p99": 0.00155022
  },
  "rps": {
    "mean": 75938.69713520065,
    "stddev": 12562.768085056354,
    "max": 98449.02228503165,
    "percentiles": {
      "p10": 57799.21813785225,
      "p25": 66109.71151662231,
      "p50": 77243.92862220763,
      "p75": 86127.62112809575,
      "p90": 91502.1228492489,
      "p95": 93871.3985857647,
      "p99": 96248.0181362482
    }
  },
  "details": {
    "DNSDialup": {
      "average": 0.0007804723200000002,
      "fastest": 0.00010362,
      "slowest": 0.001302504
    },
    "DNSLookup": {
      "average": 0.000007918619999999999,
      "fastest": 0.000003687,
      "slowest": 0.000032661
    }
  },
  "statusCodeDistribution": {
    "200": 759452
  },
  "errorDistribution": {}
}