{
  "summary": {
    "successRate": 1,
    "total": 10.000348954,
    "slowest": 0.019874696,
    "fastest": 0.00004207,
    "average": 0.0006433431822991344,
    "requestsPerSec": 77550.59384100768,
    "totalData": 10081929,
    "sizePerRequest": 13,
    "sizePerSec": 1008157.7199330999
  },
  "responseTimeHistogram": {
    "0.00004207": 1,
    "0.0020253325999999997": 775297,
    "0.004008595199999999": 208,
    "0.005991857799999999": 26,
    "0.007975120399999999": 0,
    "0.009958383": 0,
    "0.011941645599999998": 0,
    "0.013924908199999997": 0,
    "0.0159081708": 0,
    "0.0178914334": 0,
    "0.019874696": 1
  },
  "latencyPercentiles": {
    "p10": 0.000398689,
    "p25": 0.000490718,
    "p50": 0.000587279,
    "p75": 0.000747785,
    "p90": 0.000971461,
    "p95": 0.001104054,
    "p99": 0.001478037
  },
  "rps": {
    "mean": 77546.50783529125,
    "stddev": 14055.911455430278,
    "max": 100906.88184934009,
    "percentiles": {
      "p10": 56654.541326935774,
      "p25": 64652.44606424693,
      "p50": 79561.85934564505,
      "p75": 90200.1541420364,
      "p90": 94976.12336287447,
      "p95": 96690.5797350953,
      "p99": 99029.07493640792
    }
  },
  "details": {
    "DNSDialup": {
      "average": 0.0007453326599999999,
      "fastest": 0.000085729,
      "slowest": 0.001654052
    },
    "DNSLookup": {
      "average": 0.000008491920000000004,
      "fastest": 0.000005159,
      "slowest": 0.000029665
    }
  },
  "statusCodeDistribution": {
    "200": 775533
  },
  "errorDistribution": {}
}