{
  "summary": {
    "successRate": 1,
    "total": 10.000597359,
    "slowest": 0.003874825,
    "fastest": 0.000037885,
    "average": 0.0006427874500030452,
    "requestsPerSec": 77623.06311646398,
    "totalData": 10091601,
    "sizePerRequest": 13,
    "sizePerSec": 1009099.8205140317
  },
  "responseTimeHistogram": {
    "0.000037885": 1,
    "0.000421579": 107374,
    "0.000805273": 497835,
    "0.0011889670000000002": 146319,
    "0.0015726610000000002": 19115,
    "0.001956355": 5180,
    "0.0023400490000000003": 331,
    "0.0027237430000000003": 57,
    "0.0031074370000000002": 30,
    "0.003491131": 22,
    "0.003874825": 13
  },
  "latencyPercentiles": {
    "p10": 0.000390832,
    "p25": 0.000482433,
    "p50": 0.000588421,
    "p75": 0.000762787,
    "p90": 0.000965292,
    "p95": 0.001095555,
    "p99": 0.001490188
  },
  "rps": {
    "mean": 77633.19140800386,
    "stddev": 15178.202569017103,
    "max": 104082.02064313865,
    "percentiles": {
      "p10": 56480.993343168026,
      "p25": 62943.47402365281,
      "p50": 79282.06333024218,
      "p75": 92034.56947600846,
      "p90": 96223.78881068066,
      "p95": 97318.22770404659,
      "p99": 99328.97426179198
    }
  },
  "details": {
    "DNSDialup": {
      "average": 0.0007529590600000001,
      "fastest": 0.000087313,
      "slowest": 0.001798275
    },
    "DNSLookup": {
      "average": 0.000007015220000000001,
      "fastest": 0.000003236,
      "slowest": 0.000043535
    }
  },
  "statusCodeDistribution": {
    "200": 776277
  },
  "errorDistribution": {}
}