{
  "summary": {
    "successRate": 1,
    "total": 10.000629984,
    "slowest": 0.005302707,
    "fastest": 0.000033002,
    "average": 0.0006352583901471163,
    "requestsPerSec": 78528.25284571592,
    "totalData": 10209316,
    "sizePerRequest": 13,
    "sizePerSec": 1020867.2869943071
  },
  "responseTimeHistogram": {
    "0.000033002": 1,
    "0.0005599725": 324839,
    "0.0010869430000000002": 415183,
    "0.0016139135000000002": 41186,
    "0.002140884": 3788,
    "0.0026678545": 244,
    "0.003194825": 43,
    "0.0037217955": 40,
    "0.004248766": 6,
    "0.0047757365": 0,
    "0.005302707": 2
  },
  "latencyPercentiles": {
    "p10": 0.000398488,
    "p25": 0.000492543,
    "p50": 0.000584455,
    "p75": 0.000709951,
    "p90": 0.000964125,
    "p95": 0.001116153,
    "p99": 0.001469109
  },
  "rps": {
    "mean": 78522.38481364647,
    "stddev": 11140.342175843833,
    "max": 97453.75549152996,
    "percentiles": {
      "p10": 62298.74974822524,
      "p25": 73048.65771089969,
      "p50": 78727.76731366159,
      "p75": 86837.28793143974,
      "p90": 92329.23322775023,
      "p95": 93865.15180186438,
      "p99": 96049.01381174491
    }
  },
  "details": {
    "DNSDialup": {
      "average": 0.0008530511999999999,
      "fastest": 0.000095109,
      "slowest": 0.001859397
    },
    "DNSLookup": {
      "average": 0.000008091559999999996,
      "fastest": 0.000003747,
      "slowest": 0.000029455
    }
  },
  "statusCodeDistribution": {
    "200": 785332
  },
  "errorDistribution": {}
}