{
  "summary": {
    "successRate": 1,
    "total": 10.000463952,
    "slowest": 0.004820861,
    "fastest": 0.000038345,
    "average": 0.0006329560884269884,
    "requestsPerSec": 78837.64231181741,
    "totalData": 10249369,
    "sizePerRequest": 13,
    "sizePerSec": 1024889.3500536263
  },
  "responseTimeHistogram": {
    "0.000038345": 1,
    "0.0005165965999999999": 282433,
    "0.0009948481999999999": 446244,
    "0.0014730997999999997": 50881,
    "0.0019513513999999997": 8272,
    "0.002429603": 304,
    "0.0029078545999999994": 95,
    "0.0033861061999999995": 104,
    "0.0038643577999999995": 11,
    "0.0043426094": 60,
    "0.004820861": 8
  },
  "latencyPercentiles": {
    "p10": 0.00036639,
    "p25": 0.000466118,
    "p50": 0.000580526,
    "p75": 0.00076611,
    "p90": 0.0009559,
    "p95": 0.001064831,
    "p99": 0.001499189
  },
  "rps": {
    "mean": 78829.52226847605,
    "stddev": 16853.628060330302,
    "max": 101359.43717395894,
    "percentiles": {
      "p10": 56486.325794263095,
      "p25": 61155.63940072562,
      "p50": 82410.81229857696,
      "p75": 94766.2036698841,
      "p90": 98203.41747893402,
      "p95": 99131.42466161375,
      "p99": 100168.19195809924
    }
  },
  "details": {
    "DNSDialup": {
      "average": 0.0008726082799999999,
      "fastest": 0.000085969,
      "slowest": 0.001412045
    },
    "DNSLookup": {
      "average": 0.000023945079999999994,
      "fastest": 0.000003366,
      "slowest": 0.00081684
    }
  },
  "statusCodeDistribution": {
    "200": 788413
  },
  "errorDistribution": {}
}