{
  "summary": {
    "successRate": 1,
    "total": 10.000753686,
    "slowest": 0.0050323,
    "fastest": 0.000035025,
    "average": 0.0006456415627816312,
    "requestsPerSec": 77248.47789036928,
    "totalData": 10043059,
    "sizePerRequest": 13,
    "sizePerSec": 1004230.2125748006
  },
  "responseTimeHistogram": {
    "0.000035025": 1,
    "0.0005347525": 299473,
    "0.00103448": 413976,
    "0.0015342075": 51251,
    "0.002033935": 7438,
    "0.0025336625": 308,
    "0.0030333900000000004": 45,
    "0.0035331175000000003": 17,
    "0.004032845": 14,
    "0.0045325725": 17,
    "0.0050323": 3
  },
  "latencyPercentiles": {
    "p10": 0.000384075,
    "p25": 0.000473473,
    "p50": 0.000587143,
    "p75": 0.000767869,
    "p90": 0.000989921,
    "p95": 0.001112409,
    "p99": 0.001538083
  },
  "rps": {
    "mean": 77179.30359958672,
    "stddev": 12889.061607105106,
    "max": 97714.21814959642,
    "percentiles": {
      "p10": 57213.11856231946,
      "p25": 68348.84327600172,
      "p50": 80159.37404835944,
      "p75": 87486.67690667845,
      "p90": 91664.86358858997,
      "p95": 93734.05358166357,
      "p99": 96348.8981084817
    }
  },
  "details": {
    "DNSDialup": {
      "average": 0.0007208593000000001,
      "fastest": 0.000188872,
      "slowest": 0.001095941
    },
    "DNSLookup": {
      "average": 0.000007660779999999998,
      "fastest": 0.000003316,
      "slowest": 0.000027401
    }
  },
  "statusCodeDistribution": {
    "200": 772543
  },
  "errorDistribution": {}
}