{
  "summary": {
    "successRate": 1,
    "total": 10.000246245,
    "slowest": 0.003902023,
    "fastest": 0.000039417,
    "average": 0.0006379018348564676,
    "requestsPerSec": 78203.97426623569,
    "totalData": 10166767,
    "sizePerRequest": 13,
    "sizePerSec": 1016651.6654610639
  },
  "responseTimeHistogram": {
    "0.000039417": 1,
    "0.0004256776": 123454,
    "0.0008119382000000001": 488511,
    "0.0011981988": 146456,
    "0.0015844594": 18141,
    "0.00197072": 5171,
    "0.0023569806": 226,
    "0.0027432412": 57,
    "0.0031295018": 23,
    "0.0035157624": 14,
    "0.003902023": 5
  },
  "latencyPercentiles": {
    "p10": 0.000381299,
    "p25": 0.000474129,
    "p50": 0.000579087,
    "p75": 0.000765042,
    "p90": 0.000964893,
    "p95": 0.001086022,
    "p99": 0.00149527
  },
  "rps": {
    "mean": 78202.67919404253,
    "stddev": 15183.893779129614,
    "max": 100531.48379457899,
    "percentiles": {
      "p10": 56052.14531078453,
      "p25": 62437.40000260157,
      "p50": 81244.87154255835,
      "p75": 91820.19126005884,
      "p90": 95732.82678630228,
      "p95": 97107.86741912944,
      "p99": 98843.68939238552
    }
  },
  "details": {
    "DNSDialup": {
      "average": 0.00097943172,
      "fastest": 0.000206648,
      "slowest": 0.001618599
    },
    "DNSLookup": {
      "average": 0.000008030200000000003,
      "fastest": 0.000003838,
      "slowest": 0.000024846
    }
  },
  "statusCodeDistribution": {
    "200": 782059
  },
  "errorDistribution": {}
}