{
  "summary": {
    "successRate": 1,
    "total": 10.000407477,
    "slowest": 0.004457245,
    "fastest": 0.000041747,
    "average": 0.0006599254012675911,
    "requestsPerSec": 75605.3192571325,
    "totalData": 9829092,
    "sizePerRequest": 13,
    "sizePerSec": 982869.1503427227
  },
  "responseTimeHistogram": {
    "0.000041747": 1,
    "0.00048329680000000003": 188294,
    "0.0009248466": 449225,
    "0.0013663964": 102173,
    "0.0018079462": 13524,
    "0.002249496": 2718,
    "0.0026910458": 72,
    "0.0031325956": 27,
    "0.0035741454": 17,
    "0.0040156952": 19,
    "0.004457245": 14
  },
  "latencyPercentiles": {
    "p10": 0.000385711,
    "p25": 0.000483804,
    "p50": 0.000599033,
    "p75": 0.000801328,
    "p90": 0.001001453,
    "p95": 0.001126266,
    "p99": 0.001593828
  },
  "rps": {
    "mean": 75584.84673559894,
    "stddev": 16123.45376768026,
    "max": 99007.37771830107,
    "percentiles": {
      "p10": 53892.07665925003,
      "p25": 58407.394376128934,
      "p50": 77809.38443263434,
      "p75": 91022.68700375537,
      "p90": 94558.63581006505,
      "p95": 96016.16537429088,
      "p99": 97337.42835723303
    }
  },
  "details": {
    "DNSDialup": {
      "average": 0.0007781837599999999,
      "fastest": 0.000095919,
      "slowest": 0.00118735
    },
    "DNSLookup": {
      "average": 0.000007761580000000002,
      "fastest": 0.000003787,
      "slowest": 0.000030377
    }
  },
  "statusCodeDistribution": {
    "200": 756084
  },
  "errorDistribution": {}
}