{
  "summary": {
    "successRate": 1,
    "total": 10.000246532,
    "slowest": 0.003742627,
    "fastest": 0.000041818,
    "average": 0.0006258490224054034,
    "requestsPerSec": 79710.93487038046,
    "totalData": 10362677,
    "sizePerRequest": 13,
    "sizePerSec": 1036242.1533149459
  },
  "responseTimeHistogram": {
    "0.000041818": 1,
    "0.00041189890000000004": 121242,
    "0.0007819798000000001": 498319,
    "0.0011520607000000001": 150772,
    "0.0015221416": 20245,
    "0.0018922225": 5915,
    "0.0022623034000000004": 416,
    "0.0026323843000000003": 100,
    "0.0030024652000000002": 44,
    "0.0033725461": 43,
    "0.003742627": 32
  },
  "latencyPercentiles": {
    "p10": 0.000371434,
    "p25": 0.000463778,
    "p50": 0.000577601,
    "p75": 0.000746434,
    "p90": 0.000937669,
    "p95": 0.001056788,
    "p99": 0.001473269
  },
  "rps": {
    "mean": 79705.19061314952,
    "stddev": 15239.229185280596,
    "max": 101311.03087731932,
    "percentiles": {
      "p10": 57774.56963703371,
      "p25": 64810.5175230193,
      "p50": 82507.97026992976,
      "p75": 93757.18250560523,
      "p90": 97024.60543994054,
      "p95": 98240.07212541977,
      "p99": 99747.04070440125
    }
  },
  "details": {
    "DNSDialup": {
      "average": 0.0008548120200000001,
      "fastest": 0.000082895,
      "slowest": 0.001855223
    },
    "DNSLookup": {
      "average": 0.000008003259999999997,
      "fastest": 0.000003858,
      "slowest": 0.000034154
    }
  },
  "statusCodeDistribution": {
    "200": 797129
  },
  "errorDistribution": {}
}