{
  "summary": {
    "successRate": 1,
    "total": 10.00040431,
    "slowest": 0.01025776,
    "fastest": 0.000036556,
    "average": 0.0006532369309479707,
    "requestsPerSec": 76384.21170993635,
    "totalData": 9930349,
    "sizePerRequest": 13,
    "sizePerSec": 992994.7522291726
  },
  "responseTimeHistogram": {
    "0.000036556": 1,
    "0.0010586764": 720625,
    "0.0020807968": 43117,
    "0.0031029172000000002": 110,
    "0.0041250376": 19,
    "0.005147158": 0,
    "0.0061692784": 0,
    "0.0071913988": 0,
    "0.0082135192": 0,
    "0.0092356396": 0,
    "0.01025776": 1
  },
  "latencyPercentiles": {
    "p10": 0.000359575,
    "p25": 0.000480719,
    "p50": 0.000608266,
    "p75": 0.000805615,
    "p90": 0.000968209,
    "p95": 0.001084837,
    "p99": 0.001549227
  },
  "rps": {
    "mean": 76394.56303643432,
    "stddev": 16354.954468724236,
    "max": 100411.19388005936,
    "percentiles": {
      "p10": 56230.14498072495,
      "p25": 60131.65931862973,
      "p50": 76005.26729520028,
      "p75": 93349.79277946819,
      "p90": 97407.14968478572,
      "p95": 98636.05303268333,
      "p99": 99738.21227784485
    }
  },
  "details": {
    "DNSDialup": {
      "average": 0.0008336646399999998,
      "fastest": 0.000093949,
      "slowest": 0.001554242
    },
    "DNSLookup": {
      "average": 0.00000701348,
      "fastest": 0.000003126,
      "slowest": 0.000029355
    }
  },
  "statusCodeDistribution": {
    "200": 763873
  },
  "errorDistribution": {}
}