{
  "summary": {
    "successRate": 1,
    "total": 10.000417516,
    "slowest": 0.003823177,
    "fastest": 0.00003717,
    "average": 0.0006649673087854374,
    "requestsPerSec": 75024.36761261318,
    "totalData": 9753575,
    "sizePerRequest": 13,
    "sizePerSec": 975316.7789639713
  },
  "responseTimeHistogram": {
    "0.00003717": 1,
    "0.0004157707": 99063,
    "0.0007943714": 449108,
    "0.0011729721": 170544,
    "0.0015515728": 23237,
    "0.0019301735": 7505,
    "0.0023087742": 686,
    "0.0026873749": 49,
    "0.0030659756": 46,
    "0.0034445763": 5,
    "0.003823177": 31
  },
  "latencyPercentiles": {
    "p10": 0.000389669,
    "p25": 0.000480768,
    "p50": 0.000606394,
    "p75": 0.000819989,
    "p90": 0.000996609,
    "p95": 0.001122976,
    "p99": 0.001577565
  },
  "rps": {
    "mean": 75026.01518440778,
    "stddev": 15456.991274086367,
    "max": 99417.45601306419,
    "percentiles": {
      "p10": 55179.6871331845,
      "p25": 59814.62684404666,
      "p50": 76818.3288532679,
      "p75": 89657.85621461835,
      "p90": 94405.9947806635,
      "p95": 96035.79461358776,
      "p99": 97558.7498791706
    }
  },
  "details": {
    "DNSDialup": {
      "average": 0.0007452288599999998,
      "fastest": 0.000095639,
      "slowest": 0.001570674
    },
    "DNSLookup": {
      "average": 0.000008354260000000001,
      "fastest": 0.000004659,
      "slowest": 0.000030336
    }
  },
  "statusCodeDistribution": {
    "200": 750275
  },
  "errorDistribution": {}
}