{
  "summary": {
    "successRate": 1,
    "total": 10.000399478,
    "slowest": 0.004887709,
    "fastest": 0.000038315,
    "average": 0.0006330123356964956,
    "requestsPerSec": 78818.951356295,
    "totalData": 10246873,
    "sizePerRequest": 13,
    "sizePerSec": 1024646.367631835
  },
  "responseTimeHistogram": {
    "0.000038315": 1,
    "0.0005232544": 289236,
    "0.0010081938": 439694,
    "0.0014931332": 51404,
    "0.0019780726": 7621,
    "0.002463012": 209,
    "0.0029479514000000004": 28,
    "0.0034328908000000003": 8,
    "0.0039178302": 14,
    "0.0044027696": 5,
    "0.004887709": 1
  },
  "latencyPercentiles": {
    "p10": 0.000382017,
    "p25": 0.000471949,
    "p50": 0.000582926,
    "p75": 0.000738978,
    "p90": 0.000959772,
    "p95": 0.0010798,
    "p99": 0.001493265
  },
  "rps": {
    "mean": 78814.68201280889,
    "stddev": 14412.258410518152,
    "max": 98895.14345729715,
    "percentiles": {
      "p10": 57044.43761690324,
      "p25": 64998.798826206825,
      "p50": 82869.30867934738,
      "p75": 91842.87404419336,
      "p90": 94998.71912403569,
      "p95": 96050.60219005877,
      "p99": 97131.92457996454
    }
  },
  "details": {
    "DNSDialup": {
      "average": 0.0008740076999999999,
      "fastest": 0.000103252,
      "slowest": 0.001525518
    },
    "DNSLookup": {
      "average": 0.000024792840000000004,
      "fastest": 0.000003838,
      "slowest": 0.000882718
    }
  },
  "statusCodeDistribution": {
    "200": 788221
  },
  "errorDistribution": {}
}