{
  "summary": {
    "successRate": 1,
    "total": 10.000464321,
    "slowest": 0.005731437,
    "fastest": 0.000033773,
    "average": 0.0006360921198269039,
    "requestsPerSec": 78447.8575012357,
    "totalData": 10198695,
    "sizePerRequest": 13,
    "sizePerSec": 1019822.1475160642
  },
  "responseTimeHistogram": {
    "0.000033773": 1,
    "0.0006035394": 423652,
    "0.0011733058": 335192,
    "0.0017430722": 23409,
    "0.0023128386": 2102,
    "0.002882605": 52,
    "0.0034523714000000002": 74,
    "0.0040221378": 15,
    "0.0045919042": 13,
    "0.0051616706": 0,
    "0.005731437": 5
  },
  "latencyPercentiles": {
    "p10": 0.000385572,
    "p25": 0.000473754,
    "p50": 0.00058532,
    "p75": 0.000755268,
    "p90": 0.000948345,
    "p95": 0.001058453,
    "p99": 0.001495729
  },
  "rps": {
    "mean": 78457.8906977657,
    "stddev": 14430.84127553626,
    "max": 99922.43258611894,
    "percentiles": {
      "p10": 57676.69819190519,
      "p25": 64650.640846975104,
      "p50": 81705.72757150307,
      "p75": 91520.0062733704,
      "p90": 95019.30792336611,
      "p95": 96328.02958411507,
      "p99": 98056.04883751315
    }
  },
  "details": {
    "DNSDialup": {
      "average": 0.00069207842,
      "fastest": 0.000090873,
      "slowest": 0.001261105
    },
    "DNSLookup": {
      "average": 0.000009188540000000001,
      "fastest": 0.000003988,
      "slowest": 0.000031538
    }
  },
  "statusCodeDistribution": {
    "200": 784515
  },
  "errorDistribution": {}
}