{
  "summary": {
    "successRate": 1,
    "total": 10.000394218,
    "slowest": 0.006729626,
    "fastest": 0.000041077,
    "average": 0.0006588221010880653,
    "requestsPerSec": 75735.91435393153,
    "totalData": 9846057,
    "sizePerRequest": 13,
    "sizePerSec": 984566.8866011098
  },
  "responseTimeHistogram": {
    "0.000041077": 1,
    "0.0007099319000000001": 547893,
    "0.0013787868000000002": 197773,
    "0.0020476417000000005": 11202,
    "0.0027164966000000003": 315,
    "0.0033853515": 129,
    "0.0040542064000000004": 19,
    "0.0047230613": 9,
    "0.0053919162": 40,
    "0.0060607711": 7,
    "0.006729626": 1
  },
  "latencyPercentiles": {
    "p10": 0.000426807,
    "p25": 0.000528683,
    "p50": 0.000588553,
    "p75": 0.000751618,
    "p90": 0.000995596,
    "p95": 0.001138324,
    "p99": 0.001492066
  },
  "rps": {
    "mean": 75734.47319871173,
    "stddev": 13302.132060331081,
    "max": 100059.43530457176,
    "percentiles": {
      "p10": 56137.22745250751,
      "p25": 63481.64374201851,
      "p50": 79669.63125772233,
      "p75": 83700.34193697249,
      "p90": 92614.14314817202,
      "p95": 95165.25481522697,
      "p99": 96968.17518529331
    }
  },
  "details": {
    "DNSDialup": {
      "average": 0.0007321429399999999,
      "fastest": 0.000107229,
      "slowest": 0.001739951
    },
    "DNSLookup": {
      "average": 0.000011401000000000001,
      "fastest": 0.000004849,
      "slowest": 0.000035747
    }
  },
  "statusCodeDistribution": {
    "200": 757389
  },
  "errorDistribution": {}
}