{
  "summary": {
    "successRate": 1,
    "total": 10.000393766,
    "slowest": 0.005311147,
    "fastest": 0.000034114,
    "average": 0.0006278349631982378,
    "requestsPerSec": 79473.97058524984,
    "totalData": 10332023,
    "sizePerRequest": 13,
    "sizePerSec": 1033161.617608248
  },
  "responseTimeHistogram": {
    "0.000034114": 1,
    "0.0005618172999999999": 365660,
    "0.0010895205999999998": 394316,
    "0.0016172238999999998": 30294,
    "0.0021449271999999997": 4075,
    "0.0026726304999999994": 153,
    "0.0032003337999999995": 80,
    "0.0037280370999999996": 177,
    "0.004255740399999999": 13,
    "0.004783443699999999": 1,
    "0.005311146999999999": 1
  },
  "latencyPercentiles": {
    "p10": 0.000374185,
    "p25": 0.000466115,
    "p50": 0.000577059,
    "p75": 0.000746165,
    "p90": 0.000944053,
    "p95": 0.00106086,
    "p99": 0.001490418
  },
  "rps": {
    "mean": 79482.47354643201,
    "stddev": 16141.286288299807,
    "max": 101589.57152521025,
    "percentiles": {
      "p10": 57517.57161812339,
      "p25": 62710.24058228912,
      "p50": 81715.84470228775,
      "p75": 94728.93969107424,
      "p90": 98133.48702897062,
      "p95": 99357.39876927262,
      "p99": 100482.9801687489
    }
  },
  "details": {
    "DNSDialup": {
      "average": 0.00086515454,
      "fastest": 0.000098482,
      "slowest": 0.001423116
    },
    "DNSLookup": {
      "average": 0.00000767202,
      "fastest": 0.000003556,
      "slowest": 0.000024746
    }
  },
  "statusCodeDistribution": {
    "200": 794771
  },
  "errorDistribution": {}
}