{
  "summary": {
    "successRate": 1,
    "total": 10.000706192,
    "slowest": 0.00423395,
    "fastest": 0.000037045,
    "average": 0.0006408466686698257,
    "requestsPerSec": 77822.00427231588,
    "totalData": 10117575,
    "sizePerRequest": 13,
    "sizePerSec": 1011686.0555401065
  },
  "responseTimeHistogram": {
    "0.000037045": 1,
    "0.00045673549999999995": 161827,
    "0.0008764259999999999": 491139,
    "0.0012961164999999999": 108007,
    "0.001715807": 14489,
    "0.0021354975": 2574,
    "0.0025551879999999995": 151,
    "0.0029748784999999995": 41,
    "0.0033945689999999996": 16,
    "0.0038142594999999997": 17,
    "0.00423395": 13
  },
  "latencyPercentiles": {
    "p10": 0.000383571,
    "p25": 0.00047808,
    "p50": 0.0005856,
    "p75": 0.000753975,
    "p90": 0.000974256,
    "p95": 0.001105651,
    "p99": 0.001497725
  },
  "rps": {
    "mean": 77813.69910363316,
    "stddev": 11481.015207688977,
    "max": 98336.41397408763,
    "percentiles": {
      "p10": 60451.12431044583,
      "p25": 71313.0259083848,
      "p50": 79522.72759554669,
      "p75": 86555.15895890139,
      "p90": 91498.36073779868,
      "p95": 93016.80593934955,
      "p99": 96089.62279117727
    }
  },
  "details": {
    "DNSDialup": {
      "average": 0.0008069820400000002,
      "fastest": 0.000075851,
      "slowest": 0.001641989
    },
    "DNSLookup": {
      "average": 0.00000851956,
      "fastest": 0.000003566,
      "slowest": 0.000031949
    }
  },
  "statusCodeDistribution": {
    "200": 778275
  },
  "errorDistribution": {}
}