{
  "summary": {
    "successRate": 1,
    "total": 10.000576438,
    "slowest": 0.004789807,
    "fastest": 0.000034485,
    "average": 0.0006312958656126776,
    "requestsPerSec": 79020.7449439826,
    "totalData": 10273289,
    "sizePerRequest": 13,
    "sizePerSec": 1027269.6842717738
  },
  "responseTimeHistogram": {
    "0.000034485": 1,
    "0.0005100172": 275855,
    "0.0009855494": 443509,
    "0.0014610816000000001": 61406,
    "0.0019366138": 8735,
    "0.002412146": 653,
    "0.0028876782000000004": 54,
    "0.0033632104000000003": 23,
    "0.0038387426000000002": 3,
    "0.0043142748": 0,
    "0.004789807": 14
  },
  "latencyPercentiles": {
    "p10": 0.000377507,
    "p25": 0.000466121,
    "p50": 0.00057776,
    "p75": 0.000740067,
    "p90": 0.00096737,
    "p95": 0.001084703,
    "p99": 0.001505141
  },
  "rps": {
    "mean": 79030.32875008548,
    "stddev": 12567.628960767986,
    "max": 99485.90607990578,
    "percentiles": {
      "p10": 58819.280960296746,
      "p25": 70483.50180458711,
      "p50": 82079.33788800034,
      "p75": 88958.96200001113,
      "p90": 92738.53273991363,
      "p95": 94851.28609038859,
      "p99": 97574.18124862616
    }
  },
  "details": {
    "DNSDialup": {
      "average": 0.0008050819999999999,
      "fastest": 0.000103932,
      "slowest": 0.001198349
    },
    "DNSLookup": {
      "average": 0.0000079083,
      "fastest": 0.000003977,
      "slowest": 0.00003699
    }
  },
  "statusCodeDistribution": {
    "200": 790253
  },
  "errorDistribution": {}
}