{
  "summary": {
    "successRate": 1,
    "total": 10.000629507,
    "slowest": 0.004658408,
    "fastest": 0.000037511,
    "average": 0.0006122664639681266,
    "requestsPerSec": 81478.27088581295,
    "totalData": 10592842,
    "sizePerRequest": 13,
    "sizePerSec": 1059217.5215155685
  },
  "responseTimeHistogram": {
    "0.000037511": 1,
    "0.0004996007": 290198,
    "0.0009616904000000002": 456101,
    "0.0014237801000000004": 59152,
    "0.0018858698000000004": 8650,
    "0.0023479595000000003": 656,
    "0.0028100492000000007": 34,
    "0.0032721389000000007": 24,
    "0.0037342286000000007": 4,
    "0.004196318300000001": 0,
    "0.004658408": 14
  },
  "latencyPercentiles": {
    "p10": 0.000368297,
    "p25": 0.000455018,
    "p50": 0.000562738,
    "p75": 0.000713389,
    "p90": 0.000932608,
    "p95": 0.001051838,
    "p99": 0.001459559
  },
  "rps": {
    "mean": 81465.52493262682,
    "stddev": 12600.460383971635,
    "max": 101106.82471067803,
    "percentiles": {
      "p10": 60742.78721931697,
      "p25": 74001.08314323566,
      "p50": 84661.68928156921,
      "p75": 91201.01233123752,
      "p90": 95502.97014237322,
      "p95": 97183.93776704802,
      "p99": 98918.03275737225
    }
  },
  "details": {
    "DNSDialup": {
      "average": 0.0008050859599999998,
      "fastest": 0.000098544,
      "slowest": 0.001526818
    },
    "DNSLookup": {
      "average": 0.000006596919999999999,
      "fastest": 0.000003507,
      "slowest": 0.000029375
    }
  },
  "statusCodeDistribution": {
    "200": 814834
  },
  "errorDistribution": {}
}