{
  "summary": {
    "successRate": 1,
    "total": 10.00030448,
    "slowest": 0.004480313,
    "fastest": 0.000036531,
    "average": 0.0006163276876011163,
    "requestsPerSec": 80962.93484055997,
    "totalData": 10525502,
    "sizePerRequest": 13,
    "sizePerSec": 1052518.1529272797
  },
  "responseTimeHistogram": {
    "0.000036531": 1,
    "0.00048090919999999997": 241120,
    "0.0009252873999999999": 479145,
    "0.0013696656": 77665,
    "0.0018140437999999998": 10525,
    "0.0022584219999999995": 1118,
    "0.0027028001999999996": 38,
    "0.0031471783999999993": 18,
    "0.0035915565999999994": 3,
    "0.0040359348": 10,
    "0.004480313": 11
  },
  "latencyPercentiles": {
    "p10": 0.000372348,
    "p25": 0.000459678,
    "p50": 0.00056879,
    "p75": 0.000714621,
    "p90": 0.000941695,
    "p95": 0.001053768,
    "p99": 0.001463129
  },
  "rps": {
    "mean": 80968.0849974184,
    "stddev": 15777.88333926284,
    "max": 102184.5899810676,
    "percentiles": {
      "p10": 57217.33685306397,
      "p25": 66044.50739353248,
      "p50": 84665.76710541696,
      "p75": 95206.98819293859,
      "p90": 98524.19960602846,
      "p95": 99623.01291599628,
      "p99": 101364.49659330063
    }
  },
  "details": {
    "DNSDialup": {
      "average": 0.00109153856,
      "fastest": 0.000137978,
      "slowest": 0.001838863
    },
    "DNSLookup": {
      "average": 0.000011480819999999998,
      "fastest": 0.000004628,
      "slowest": 0.000113452
    }
  },
  "statusCodeDistribution": {
    "200": 809654
  },
  "errorDistribution": {}
}