{
  "summary": {
    "successRate": 1,
    "total": 10.00246227,
    "slowest": 0.005248402,
    "fastest": 0.000041267,
    "average": 0.000629021479796012,
    "requestsPerSec": 79291.47629766565,
    "totalData": 10310430,
    "sizePerRequest": 13,
    "sizePerSec": 1030789.1918696534
  },
  "responseTimeHistogram": {
    "0.000041267": 1,
    "0.0005619805": 373065,
    "0.001082694": 380359,
    "0.0016034074999999998": 34578,
    "0.002124121": 4924,
    "0.0026448345": 118,
    "0.003165548": 26,
    "0.0036862615": 25,
    "0.004206975": 13,
    "0.0047276885": 0,
    "0.005248402": 1
  },
  "latencyPercentiles": {
    "p10": 0.000374109,
    "p25": 0.000464037,
    "p50": 0.000575365,
    "p75": 0.00074058,
    "p90": 0.000963079,
    "p95": 0.001082795,
    "p99": 0.001504473
  },
  "rps": {
    "mean": 79304.81418470603,
    "stddev": 12538.302805366178,
    "max": 100345.14528086502,
    "percentiles": {
      "p10": 59741.68177137294,
      "p25": 71431.0439316997,
      "p50": 82055.74867565134,
      "p75": 88794.83288151749,
      "p90": 93725.4745839956,
      "p95": 95800.1302961849,
      "p99": 98126.05482985014
    }
  },
  "details": {
    "DNSDialup": {
      "average": 0.00072512854,
      "fastest": 0.000103021,
      "slowest": 0.001590405
    },
    "DNSLookup": {
      "average": 0.00000705894,
      "fastest": 0.000003277,
      "slowest": 0.000031178
    }
  },
  "statusCodeDistribution": {
    "200": 793110
  },
  "errorDistribution": {}
}