{
  "summary": {
    "successRate": 1,
    "total": 10.00037539,
    "slowest": 0.003982264,
    "fastest": 0.000036828,
    "average": 0.0006358049763917841,
    "requestsPerSec": 78478.15400857668,
    "totalData": 10202543,
    "sizePerRequest": 13,
    "sizePerSec": 1020216.0021114968
  },
  "responseTimeHistogram": {
    "0.000036828": 1,
    "0.0004313716": 122433,
    "0.0008259152": 512792,
    "0.0012204588": 128141,
    "0.0016150024": 16454,
    "0.002009546": 4603,
    "0.0024040896": 257,
    "0.0027986332": 53,
    "0.0031931768": 45,
    "0.0035877204": 22,
    "0.003982264": 10
  },
  "latencyPercentiles": {
    "p10": 0.000390287,
    "p25": 0.000480124,
    "p50": 0.000584476,
    "p75": 0.000728728,
    "p90": 0.000967079,
    "p95": 0.001091645,
    "p99": 0.001508281
  },
  "rps": {
    "mean": 78476.58589301366,
    "stddev": 15202.187944430723,
    "max": 99431.27113477382,
    "percentiles": {
      "p10": 55537.57672440948,
      "p25": 66062.2555057493,
      "p50": 79407.72637176809,
      "p75": 92638.03717806733,
      "p90": 96227.49062710885,
      "p95": 97375.97273392748,
      "p99": 98839.1676595828
    }
  },
  "details": {
    "DNSDialup": {
      "average": 0.0010301845,
      "fastest": 0.000138508,
      "slowest": 0.001597242
    },
    "DNSLookup": {
      "average": 0.000009713079999999997,
      "fastest": 0.000004138,
      "slowest": 0.000036438
    }
  },
  "statusCodeDistribution": {
    "200": 784811
  },
  "errorDistribution": {}
}