{
  "summary": {
    "successRate": 1,
    "total": 10.000202938,
    "slowest": 0.007585076,
    "fastest": 0.000049322,
    "average": 0.0006760506784932263,
    "requestsPerSec": 73804.10223431008,
    "totalData": 9594728,
    "sizePerRequest": 13,
    "sizePerSec": 959453.3290460311
  },
  "responseTimeHistogram": {
    "0.000049322": 1,
    "0.0008028973999999999": 563799,
    "0.0015564728": 160415,
    "0.0023100482": 10189,
    "0.0030636236": 2213,
    "0.003817199": 956,
    "0.0045707744": 229,
    "0.0053243498": 154,
    "0.0060779252": 63,
    "0.006831500599999999": 20,
    "0.007585076": 17
  },
  "latencyPercentiles": {
    "p10": 0.00036538,
    "p25": 0.000490368,
    "p50": 0.000622793,
    "p75": 0.000786113,
    "p90": 0.00100512,
    "p95": 0.001183724,
    "p99": 0.001796472
  },
  "rps": {
    "mean": 73779.07223137323,
    "stddev": 16447.97580349959,
    "max": 96531.99749137675,
    "percentiles": {
      "p10": 55617.21352758462,
      "p25": 64326.55400149064,
      "p50": 74933.02298322727,
      "p75": 87163.35283955741,
      "p90": 92312.6006699914,
      "p95": 94013.17124528941,
      "p99": 95612.05668034495
    }
  },
  "details": {
    "DNSDialup": {
      "average": 0.0011484120600000005,
      "fastest": 0.000115948,
      "slowest": 0.001996864
    },
    "DNSLookup": {
      "average": 0.000012976659999999998,
      "fastest": 0.000004528,
      "slowest": 0.00004862
    }
  },
  "statusCodeDistribution": {
    "200": 738056
  },
  "errorDistribution": {}
}