{
  "summary": {
    "successRate": 1,
    "total": 10.000707822,
    "slowest": 0.007227166,
    "fastest": 0.000036773,
    "average": 0.0006844823489291903,
    "requestsPerSec": 72877.54156727727,
    "totalData": 9474751,
    "sizePerRequest": 13,
    "sizePerSec": 947408.0403746045
  },
  "responseTimeHistogram": {
    "0.000036773": 1,
    "0.0007558123": 534265,
    "0.0014748515999999999": 183731,
    "0.0021938909": 10333,
    "0.0029129302": 373,
    "0.0036319695": 54,
    "0.0043510088": 46,
    "0.0050700481": 20,
    "0.0057890874": 1,
    "0.0065081267": 1,
    "0.007227166": 2
  },
  "latencyPercentiles": {
    "p10": 0.000418886,
    "p25": 0.000529547,
    "p50": 0.000627933,
    "p75": 0.000774346,
    "p90": 0.001038494,
    "p95": 0.001205199,
    "p99": 0.001572042
  },
  "rps": {
    "mean": 72873.49209657824,
    "stddev": 11363.78859414156,
    "max": 97443.72299851148,
    "percentiles": {
      "p10": 55357.30588305065,
      "p25": 67741.86447224958,
      "p50": 73911.76675326415,
      "p75": 80889.20461484803,
      "p90": 86552.93577552024,
      "p95": 89350.84945761926,
      "p99": 93324.25819243486
    }
  },
  "details": {
    "DNSDialup": {
      "average": 0.0005633400600000002,
      "fastest": 0.000101309,
      "slowest": 0.000851778
    },
    "DNSLookup": {
      "average": 0.00000752024,
      "fastest": 0.000003527,
      "slowest": 0.000035667
    }
  },
  "statusCodeDistribution": {
    "200": 728827
  },
  "errorDistribution": {}
}