{
  "summary": {
    "successRate": 1,
    "total": 10.000245425,
    "slowest": 0.004276945,
    "fastest": 0.000038259,
    "average": 0.0006561946188501683,
    "requestsPerSec": 76028.33407461098,
    "totalData": 9883926,
    "sizePerRequest": 13,
    "sizePerSec": 988368.3429699427
  },
  "responseTimeHistogram": {
    "0.000038259": 1,
    "0.00046212760000000004": 176629,
    "0.0008859962000000001": 441836,
    "0.0013098648": 122509,
    "0.0017337334": 15402,
    "0.0021576020000000002": 3687,
    "0.0025814706000000004": 149,
    "0.0030053392": 43,
    "0.0034292078000000004": 11,
    "0.0038530764000000006": 28,
    "0.004276945": 7
  },
  "latencyPercentiles": {
    "p10": 0.000368606,
    "p25": 0.000471872,
    "p50": 0.000598601,
    "p75": 0.000814887,
    "p90": 0.0009935,
    "p95": 0.001108732,
    "p99": 0.001590527
  },
  "rps": {
    "mean": 76015.47316421036,
    "stddev": 16672.12336947089,
    "max": 102076.37000353438,
    "percentiles": {
      "p10": 54912.223460942936,
      "p25": 58499.87065809072,
      "p50": 77782.3170261096,
      "p75": 92204.78542836856,
      "p90": 96524.77724877576,
      "p95": 97927.37413553755,
      "p99": 99811.45835541641
    }
  },
  "details": {
    "DNSDialup": {
      "average": 0.0008619084200000002,
      "fastest": 0.000088816,
      "slowest": 0.001224817
    },
    "DNSLookup": {
      "average": 0.0000072457800000000004,
      "fastest": 0.000003907,
      "slowest": 0.000030327
    }
  },
  "statusCodeDistribution": {
    "200": 760302
  },
  "errorDistribution": {}
}