{
  "summary": {
    "successRate": 1,
    "total": 10.000673302,
    "slowest": 0.004890176,
    "fastest": 0.000033833,
    "average": 0.0006299930460809145,
    "requestsPerSec": 79174.86914022583,
    "totalData": 10293426,
    "sizePerRequest": 13,
    "sizePerSec": 1029273.2988229357
  },
  "responseTimeHistogram": {
    "0.000033833": 1,
    "0.0005194673000000001": 295653,
    "0.0010051016000000002": 435220,
    "0.0014907359000000003": 52775,
    "0.0019763702000000004": 7619,
    "0.0024620045000000004": 457,
    "0.0029476388000000005": 39,
    "0.0034332731000000006": 18,
    "0.0039189074": 15,
    "0.0044045417": 1,
    "0.004890176": 4
  },
  "latencyPercentiles": {
    "p10": 0.000377896,
    "p25": 0.00046617,
    "p50": 0.00057697,
    "p75": 0.000739095,
    "p90": 0.000961034,
    "p95": 0.001080256,
    "p99": 0.001498543
  },
  "rps": {
    "mean": 79175.03958677765,
    "stddev": 12368.125933677586,
    "max": 98784.43991629158,
    "percentiles": {
      "p10": 58946.49109752847,
      "p25": 70742.75888743582,
      "p50": 82525.58368299893,
      "p75": 88717.91214646494,
      "p90": 92995.73742813888,
      "p95": 94894.28454343363,
      "p99": 96728.34660784923
    }
  },
  "details": {
    "DNSDialup": {
      "average": 0.0008046389000000002,
      "fastest": 0.000099121,
      "slowest": 0.001154
    },
    "DNSLookup": {
      "average": 0.000008228619999999997,
      "fastest": 0.000003767,
      "slowest": 0.00003215
    }
  },
  "statusCodeDistribution": {
    "200": 791802
  },
  "errorDistribution": {}
}