{
  "summary": {
    "successRate": 1,
    "total": 10.000437633,
    "slowest": 0.004381693,
    "fastest": 0.000037001,
    "average": 0.0006773922663418202,
    "requestsPerSec": 73652.8767070608,
    "totalData": 9575293,
    "sizePerRequest": 13,
    "sizePerSec": 957487.3971917904
  },
  "responseTimeHistogram": {
    "0.000037001": 1,
    "0.0004714702": 166262,
    "0.0009059394000000001": 422913,
    "0.0013404086000000002": 126753,
    "0.0017748778": 16286,
    "0.002209347": 4087,
    "0.0026438162000000003": 162,
    "0.0030782854": 50,
    "0.0035127546": 35,
    "0.0039472238": 11,
    "0.004381693": 1
  },
  "latencyPercentiles": {
    "p10": 0.00039121,
    "p25": 0.000483603,
    "p50": 0.0006094,
    "p75": 0.000848008,
    "p90": 0.001025897,
    "p95": 0.001152094,
    "p99": 0.001643814
  },
  "rps": {
    "mean": 73672.62118381319,
    "stddev": 16312.523343486137,
    "max": 98961.9260483403,
    "percentiles": {
      "p10": 53307.25511742161,
      "p25": 56837.00462558727,
      "p50": 76004.16370635953,
      "p75": 89804.58762817581,
      "p90": 93624.39851825392,
      "p95": 95213.23463961261,
      "p99": 97218.82084284112
    }
  },
  "details": {
    "DNSDialup": {
      "average": 0.00099465756,
      "fastest": 0.000109144,
      "slowest": 0.002214401
    },
    "DNSLookup": {
      "average": 0.00000945888,
      "fastest": 0.000004348,
      "slowest": 0.000032631
    }
  },
  "statusCodeDistribution": {
    "200": 736561
  },
  "errorDistribution": {}
}