{
  "summary": {
    "successRate": 1,
    "total": 10.000143716,
    "slowest": 0.003616283,
    "fastest": 0.000054789,
    "average": 0.000645231006246023,
    "requestsPerSec": 77327.48868026368,
    "totalData": 10052718,
    "sizePerRequest": 13,
    "sizePerSec": 1005257.3528434279
  },
  "responseTimeHistogram": {
    "0.000054789": 1,
    "0.00041093840000000004": 144880,
    "0.0007670878": 430973,
    "0.0011232372": 163724,
    "0.0014793866": 25131,
    "0.001835536": 6627,
    "0.0021916854": 1796,
    "0.0025478348": 53,
    "0.0029039842": 61,
    "0.0032601336000000003": 17,
    "0.003616283": 23
  },
  "latencyPercentiles": {
    "p10": 0.000343751,
    "p25": 0.000461129,
    "p50": 0.000612544,
    "p75": 0.00077291,
    "p90": 0.000977096,
    "p95": 0.001089633,
    "p99": 0.00150741
  },
  "rps": {
    "mean": 77315.04593982575,
    "stddev": 16012.843865714596,
    "max": 98083.01855002869,
    "percentiles": {
      "p10": 54420.565531715794,
      "p25": 60352.47043779943,
      "p50": 80779.11506529225,
      "p75": 92223.73839026187,
      "p90": 95242.17323431442,
      "p95": 96206.48568576203,
      "p99": 97027.50729832202
    }
  },
  "details": {
    "DNSDialup": {
      "average": 0.0010304608999999998,
      "fastest": 0.000167034,
      "slowest": 0.001496761
    },
    "DNSLookup": {
      "average": 0.000009279700000000004,
      "fastest": 0.000004829,
      "slowest": 0.000037089
    }
  },
  "statusCodeDistribution": {
    "200": 773286
  },
  "errorDistribution": {}
}