{
  "summary": {
    "successRate": 1,
    "total": 10.000347357,
    "slowest": 0.00358718,
    "fastest": 0.000037212,
    "average": 0.0006325033427850336,
    "requestsPerSec": 78882.55995906203,
    "totalData": 10255089,
    "sizePerRequest": 13,
    "sizePerSec": 1025473.2794678063
  },
  "responseTimeHistogram": {
    "0.000037212": 1,
    "0.0003922088": 94359,
    "0.0007472056": 489207,
    "0.0011022024": 171390,
    "0.0014571992": 24367,
    "0.001812196": 8124,
    "0.0021671928": 1259,
    "0.0025221896": 60,
    "0.0028771864": 46,
    "0.0032321832": 15,
    "0.00358718": 25
  },
  "latencyPercentiles": {
    "p10": 0.000375707,
    "p25": 0.000464837,
    "p50": 0.000578809,
    "p75": 0.000760335,
    "p90": 0.00095461,
    "p95": 0.001068997,
    "p99": 0.001504583
  },
  "rps": {
    "mean": 78869.31975207523,
    "stddev": 15491.251552343057,
    "max": 100616.02159220094,
    "percentiles": {
      "p10": 56742.074248054945,
      "p25": 62913.432017736515,
      "p50": 82514.19244109966,
      "p75": 92957.1413370114,
      "p90": 96723.81891697303,
      "p95": 98001.11857834265,
      "p99": 99803.94225571057
    }
  },
  "details": {
    "DNSDialup": {
      "average": 0.00081318882,
      "fastest": 0.00007534,
      "slowest": 0.001723707
    },
    "DNSLookup": {
      "average": 0.000009377539999999997,
      "fastest": 0.000004458,
      "slowest": 0.000031008
    }
  },
  "statusCodeDistribution": {
    "200": 788853
  },
  "errorDistribution": {}
}