{
  "summary": {
    "successRate": 1,
    "total": 10.000289917,
    "slowest": 0.009662918,
    "fastest": 0.000037682,
    "average": 0.0006513022376816007,
    "requestsPerSec": 76610.7789232807,
    "totalData": 9959690,
    "sizePerRequest": 13,
    "sizePerSec": 995940.126002649
  },
  "responseTimeHistogram": {
    "0.000037682": 1,
    "0.0010002055999999999": 693478,
    "0.0019627291999999995": 71837,
    "0.002925252799999999": 712,
    "0.003887776399999999": 54,
    "0.004850299999999999": 33,
    "0.005812823599999998": 14,
    "0.0067753471999999985": 0,
    "0.0077378707999999985": 0,
    "0.008700394399999999": 0,
    "0.009662918": 1
  },
  "latencyPercentiles": {
    "p10": 0.000412393,
    "p25": 0.000520295,
    "p50": 0.000594063,
    "p75": 0.000718896,
    "p90": 0.000989644,
    "p95": 0.001144157,
    "p99": 0.001498692
  },
  "rps": {
    "mean": 76608.43686352506,
    "stddev": 13634.68890786854,
    "max": 98491.62530620195,
    "percentiles": {
      "p10": 54963.951972338444,
      "p25": 68763.86428859778,
      "p50": 77861.48471931009,
      "p75": 87885.9172727254,
      "p90": 94000.18800037686,
      "p95": 95643.48909448979,
      "p99": 97344.67146973737
    }
  },
  "details": {
    "DNSDialup": {
      "average": 0.0008903181200000001,
      "fastest": 0.000129585,
      "slowest": 0.001851418
    },
    "DNSLookup": {
      "average": 0.000020371859999999998,
      "fastest": 0.000004087,
      "slowest": 0.000591103
    }
  },
  "statusCodeDistribution": {
    "200": 766130
  },
  "errorDistribution": {}
}