{
  "summary": {
    "successRate": 1,
    "total": 10.000613395,
    "slowest": 0.004763635,
    "fastest": 0.000036235,
    "average": 0.0006116623300452198,
    "requestsPerSec": 81581.39583796999,
    "totalData": 10606232,
    "sizePerRequest": 13,
    "sizePerSec": 1060558.1458936098
  },
  "responseTimeHistogram": {
    "0.000036235": 1,
    "0.0005089749999999999": 292836,
    "0.000981715": 465619,
    "0.001454455": 50039,
    "0.0019271949999999998": 7111,
    "0.0023999349999999997": 192,
    "0.002872675": 29,
    "0.0033454149999999996": 12,
    "0.0038181549999999997": 1,
    "0.004290894999999999": 10,
    "0.004763635": 14
  },
  "latencyPercentiles": {
    "p10": 0.000376122,
    "p25": 0.000460792,
    "p50": 0.000568194,
    "p75": 0.000701288,
    "p90": 0.000925192,
    "p95": 0.001038121,
    "p99": 0.001429868
  },
  "rps": {
    "mean": 81576.26907120766,
    "stddev": 14591.180538007366,
    "max": 101751.15444368555,
    "percentiles": {
      "p10": 58676.09954819514,
      "p25": 69898.35413479248,
      "p50": 84824.46337524425,
      "p75": 94655.86982083408,
      "p90": 97716.70955733031,
      "p95": 98974.10191009974,
      "p99": 100037.67418809986
    }
  },
  "details": {
    "DNSDialup": {
      "average": 0.0007794450000000001,
      "fastest": 0.000101742,
      "slowest": 0.001536399
    },
    "DNSLookup": {
      "average": 0.00000699318,
      "fastest": 0.000003206,
      "slowest": 0.000028423
    }
  },
  "statusCodeDistribution": {
    "200": 815864
  },
  "errorDistribution": {}
}