{
  "summary": {
    "successRate": 1,
    "total": 10.000630146,
    "slowest": 0.008148043,
    "fastest": 0.000032882,
    "average": 0.0006510532881761627,
    "requestsPerSec": 76614.9721381767,
    "totalData": 9960574,
    "sizePerRequest": 13,
    "sizePerSec": 995994.6377962971
  },
  "responseTimeHistogram": {
    "0.000032882": 1,
    "0.0008443981000000001": 625643,
    "0.0016559142000000002": 136668,
    "0.0024674303000000006": 3754,
    "0.0032789464000000006": 73,
    "0.0040904625": 5,
    "0.004901978600000001": 3,
    "0.0057134947": 1,
    "0.006525010800000001": 1,
    "0.007336526900000001": 17,
    "0.008148043": 32
  },
  "latencyPercentiles": {
    "p10": 0.000405532,
    "p25": 0.000501749,
    "p50": 0.000590825,
    "p75": 0.000745354,
    "p90": 0.000988912,
    "p95": 0.001132291,
    "p99": 0.001502594
  },
  "rps": {
    "mean": 76612.60081770844,
    "stddev": 12213.430820998234,
    "max": 98102.44275081958,
    "percentiles": {
      "p10": 57608.71357430381,
      "p25": 68135.31211391372,
      "p50": 78661.63392539296,
      "p75": 85307.15727048286,
      "p90": 91449.38266663828,
      "p95": 93674.27161491105,
      "p99": 96148.17395087474
    }
  },
  "details": {
    "DNSDialup": {
      "average": 0.0006645938200000002,
      "fastest": 0.000094909,
      "slowest": 0.001083458
    },
    "DNSLookup": {
      "average": 0.000008315639999999998,
      "fastest": 0.000003406,
      "slowest": 0.000032661
    }
  },
  "statusCodeDistribution": {
    "200": 766198
  },
  "errorDistribution": {}
}