{
  "summary": {
    "successRate": 1,
    "total": 10.00032052,
    "slowest": 0.004079033,
    "fastest": 0.00003875,
    "average": 0.0006502929116660789,
    "requestsPerSec": 76709.84129616676,
    "totalData": 9972599,
    "sizePerRequest": 13,
    "sizePerSec": 997227.936850168
  },
  "responseTimeHistogram": {
    "0.00003875": 1,
    "0.00044277830000000006": 135997,
    "0.0008468066000000002": 477160,
    "0.0012508349000000002": 132949,
    "0.0016548632000000002": 16476,
    "0.0020588915000000004": 4298,
    "0.0024629198000000008": 114,
    "0.0028669481000000007": 75,
    "0.0032709764000000007": 18,
    "0.0036750047000000006": 16,
    "0.004079033": 19
  },
  "latencyPercentiles": {
    "p10": 0.000387042,
    "p25": 0.000479809,
    "p50": 0.000594894,
    "p75": 0.000778915,
    "p90": 0.000983685,
    "p95": 0.001097345,
    "p99": 0.001533664
  },
  "rps": {
    "mean": 76721.12414972475,
    "stddev": 13379.205763426497,
    "max": 98080.4553975662,
    "percentiles": {
      "p10": 56969.52560905396,
      "p25": 64827.51928193629,
      "p50": 79359.30520878539,
      "p75": 88300.41567420395,
      "p90": 92606.74455722382,
      "p95": 94136.83574383295,
      "p99": 96202.06834446744
    }
  },
  "details": {
    "DNSDialup": {
      "average": 0.0009852368400000001,
      "fastest": 0.000123359,
      "slowest": 0.001510233
    },
    "DNSLookup": {
      "average": 0.000007700419999999998,
      "fastest": 0.000003818,
      "slowest": 0.000032291
    }
  },
  "statusCodeDistribution": {
    "200": 767123
  },
  "errorDistribution": {}
}