{
  "summary": {
    "successRate": 1,
    "total": 10.000456857,
    "slowest": 0.006422504,
    "fastest": 0.000036799,
    "average": 0.0006332845199191111,
    "requestsPerSec": 78790.00042367764,
    "totalData": 10243168,
    "sizePerRequest": 13,
    "sizePerSec": 1024270.0055078095
  },
  "responseTimeHistogram": {
    "0.000036799": 1,
    "0.0006753695": 527574,
    "0.00131394": 244807,
    "0.0019525105000000001": 15340,
    "0.0025910810000000003": 157,
    "0.0032296515000000002": 47,
    "0.0038682220000000006": 9,
    "0.0045067925": 0,
    "0.005145363": 0,
    "0.0057839335": 0,
    "0.006422504": 1
  },
  "latencyPercentiles": {
    "p10": 0.000380544,
    "p25": 0.000467289,
    "p50": 0.000581326,
    "p75": 0.000762414,
    "p90": 0.000945867,
    "p95": 0.001062284,
    "p99": 0.001490712
  },
  "rps": {
    "mean": 78772.40670765251,
    "stddev": 15036.882451319827,
    "max": 101883.3740112541,
    "percentiles": {
      "p10": 57717.834810956556,
      "p25": 63501.016016257076,
      "p50": 82254.5018329145,
      "p75": 92843.28325670063,
      "p90": 96824.35132435834,
      "p95": 97901.48810262264,
      "p99": 99537.4161147168
    }
  },
  "details": {
    "DNSDialup": {
      "average": 0.0007354739799999999,
      "fastest": 0.000094806,
      "slowest": 0.001353126
    },
    "DNSLookup": {
      "average": 0.000007723000000000002,
      "fastest": 0.000003666,
      "slowest": 0.000028984
    }
  },
  "statusCodeDistribution": {
    "200": 787936
  },
  "errorDistribution": {}
}