{
  "summary": {
    "successRate": 1,
    "total": 10.000125261,
    "slowest": 0.004402228,
    "fastest": 0.000043431,
    "average": 0.0006390167956074415,
    "requestsPerSec": 78085.5218929442,
    "totalData": 10151245,
    "sizePerRequest": 13,
    "sizePerSec": 1015111.7846082747
  },
  "responseTimeHistogram": {
    "0.000043431": 1,
    "0.00047931070000000007": 214183,
    "0.0009151904000000001": 456044,
    "0.0013510701000000003": 95290,
    "0.0017869498000000002": 12664,
    "0.0022228295": 2445,
    "0.0026587092000000005": 89,
    "0.0030945889000000004": 68,
    "0.0035304686000000004": 34,
    "0.0039663483": 35,
    "0.004402228": 12
  },
  "latencyPercentiles": {
    "p10": 0.000352811,
    "p25": 0.000465123,
    "p50": 0.000594585,
    "p75": 0.000765834,
    "p90": 0.000975008,
    "p95": 0.001081889,
    "p99": 0.001545747
  },
  "rps": {
    "mean": 78082.19392737432,
    "stddev": 16055.504496623756,
    "max": 99011.12388973097,
    "percentiles": {
      "p10": 54753.726562696094,
      "p25": 60841.85919912988,
      "p50": 84025.82521159113,
      "p75": 92454.94597439257,
      "p90": 95259.51283802779,
      "p95": 96522.45112213035,
      "p99": 97832.41187805407
    }
  },
  "details": {
    "DNSDialup": {
      "average": 0.0009424775199999999,
      "fastest": 0.000098465,
      "slowest": 0.001859177
    },
    "DNSLookup": {
      "average": 0.0000078324,
      "fastest": 0.000003666,
      "slowest": 0.000036959
    }
  },
  "statusCodeDistribution": {
    "200": 780865
  },
  "errorDistribution": {}
}