{
  "summary": {
    "successRate": 1,
    "total": 10.000602452,
    "slowest": 0.004419522,
    "fastest": 0.000037016,
    "average": 0.000646044962907936,
    "requestsPerSec": 77195.1493627876,
    "totalData": 10035974,
    "sizePerRequest": 13,
    "sizePerSec": 1003536.9417162389
  },
  "responseTimeHistogram": {
    "0.000037016": 1,
    "0.00047526660000000006": 192841,
    "0.0009135172": 467905,
    "0.0013517678": 95982,
    "0.0017900184000000001": 12863,
    "0.002228269": 2208,
    "0.0026665196": 124,
    "0.0031047702000000003": 20,
    "0.0035430208000000003": 20,
    "0.003981271400000001": 14,
    "0.004419522": 20
  },
  "latencyPercentiles": {
    "p10": 0.000382234,
    "p25": 0.000475373,
    "p50": 0.000591883,
    "p75": 0.00076545,
    "p90": 0.000981441,
    "p95": 0.001109803,
    "p99": 0.001535502
  },
  "rps": {
    "mean": 77209.11877631374,
    "stddev": 12388.318152447937,
    "max": 97600.44896206111,
    "percentiles": {
      "p10": 57307.99363208469,
      "p25": 69532.77729442564,
      "p50": 79955.88281175932,
      "p75": 87048.31181306602,
      "p90": 91037.49834556818,
      "p95": 92607.40859268961,
      "p99": 95399.32978217084
    }
  },
  "details": {
    "DNSDialup": {
      "average": 0.0007675841999999999,
      "fastest": 0.000080601,
      "slowest": 0.001657709
    },
    "DNSLookup": {
      "average": 0.000007924480000000002,
      "fastest": 0.000003928,
      "slowest": 0.000028964
    }
  },
  "statusCodeDistribution": {
    "200": 771998
  },
  "errorDistribution": {}
}