{
  "summary": {
    "successRate": 1,
    "total": 10.00011363,
    "slowest": 0.014886535,
    "fastest": 0.000993195,
    "average": 0.002929562117527513,
    "requestsPerSec": 17027.30651871603,
    "totalData": 2213575,
    "sizePerRequest": 13,
    "sizePerSec": 221354.98474330836
  },
  "responseTimeHistogram": {
    "0.000993195": 1,
    "0.002382529": 821,
    "0.003771863": 159000,
    "0.005161196999999999": 8727,
    "0.006550531": 385,
    "0.007939864999999999": 167,
    "0.009329199": 1121,
    "0.010718533": 7,
    "0.012107867": 8,
    "0.013497200999999999": 19,
    "0.014886535": 19
  },
  "latencyPercentiles": {
    "p10": 0.002586221,
    "p25": 0.002667653,
    "p50": 0.002766362,
    "p75": 0.002928392,
    "p90": 0.003589542,
    "p95": 0.0038279,
    "p99": 0.005206385
  },
  "rps": {
    "mean": 17041.041181442324,
    "stddev": 2332.297628845899,
    "max": 20868.53225994077,
    "percentiles": {
      "p10": 15156.406080870818,
      "p25": 16244.511107105001,
      "p50": 17518.452185686354,
      "p75": 18404.166703341878,
      "p90": 19126.599679246006,
      "p95": 19524.478371019937,
      "p99": 20021.926603145745
    }
  },
  "details": {
    "DNSDialup": {
      "average": 0.00087928438,
      "fastest": 0.000134161,
      "slowest": 0.001344917
    },
    "DNSLookup": {
      "average": 0.0000068127000000000026,
      "fastest": 0.000003467,
      "slowest": 0.000020188
    }
  },
  "statusCodeDistribution": {
    "200": 170275
  },
  "errorDistribution": {}
}